0,0,0
0,1,5
0,2,14
0,3,47
0,4,5
0,5,3
0,6,3
0,7,3
0,8,4
0,9,4
0,10,9
0,11,10
0,12,10
0,13,10
0,14,10
0,15,9
0,16,10
0,17,13
0,18,3
0,19,20
0,20,12
0,21,12
0,22,6
0,23,3
0,24,3
0,25,4
0,26,3
0,27,18
0,28,37
0,29,37
0,30,37
0,31,18
0,32,12
0,33,6
0,34,7
0,35,16
0,36,2
0,37,12
0,38,12
0,39,8
0,40,12
0,41,7
0,42,12
0,43,3
0,44,8
0,45,21
0,46,13
0,47,8
0,48,7
0,49,13
0,50,12
0,51,10
0,52,19
0,53,13
0,54,13
0,55,13
0,56,13
0,57,11
0,58,12
0,59,8
0,60,7
0,61,17
0,62,13
0,63,17
0,64,12
0,65,7
0,66,7
0,67,13
0,68,9
0,69,14
0,70,11
0,71,10
0,72,18
0,73,10
0,74,10
0,75,18
0,76,16
0,77,16
0,78,17
0,79,17
0,80,17
0,81,16
0,82,11
0,83,17
0,84,9
0,85,12
0,86,9
0,87,12
0,88,13
0,89,32
0,90,7
0,91,7
0,92,32
0,93,18
0,94,16
0,95,19
0,96,10
0,97,11
0,98,7
0,99,3
0,100,15
0,101,16
0,102,4
0,103,10
0,104,11
0,105,11
0,106,11
0,107,11
0,108,12
0,109,12
0,110,10
0,111,5
0,112,5
0,113,11
0,114,11
0,115,11
0,116,11
0,117,10
0,118,10
0,119,9
0,120,9
0,121,9
0,122,5
0,123,7
0,124,4
0,125,7
0,126,8
0,127,10
0,128,7
0,129,8
0,130,10
0,131,8
0,132,5
0,133,5
0,134,9
0,135,11
0,136,11
0,137,6
0,138,12
0,139,6
0,140,7
0,141,7
0,142,7
0,143,17
0,144,2
0,145,18
0,146,9
0,147,11
0,148,42
0,149,11
0,150,6
0,151,3
0,152,5
0,153,4
0,154,6
0,155,12
0,156,12
0,157,14
0,158,13
0,159,20
0,160,5
0,161,7
0,162,7
0,163,5
0,164,7
0,165,7
0,166,10
0,167,11
0,168,5
0,169,5
0,170,5
0,171,12
0,172,9
0,173,11
0,174,10
0,175,7
0,176,8
0,177,5
0,178,12
0,179,11
0,180,46
0,181,8
0,182,33
0,183,33
0,184,5
0,185,5
0,186,6
0,187,6
0,188,6
0,189,19
0,190,19
0,191,8
0,192,12
0,193,11
0,194,12
0,195,11
0,196,12
0,197,11
0,198,12
0,199,12
0,200,11
0,201,11
0,202,17
0,203,4
0,204,7
0,205,45
0,206,8
0,207,8
0,208,8
0,209,4
0,210,9
0,211,9
0,212,9
0,213,3
0,214,3
0,215,14
0,216,14
0,217,14
0,218,3
0,219,3
0,220,43
0,221,15
0,222,6
0,223,5
0,224,5
0,225,9
0,226,9
0,227,13
0,228,14
0,229,14
0,230,14
0,231,9
0,232,12
0,233,13
0,234,4
0,235,6
0,236,7
0,237,12
0,238,11
0,239,11
0,240,6
0,241,6
0,242,10
0,243,7
0,244,4
0,245,5
0,246,9
0,247,7
0,248,7
0,249,11
0,250,2
0,251,2
0,252,4
0,253,4
0,254,11
0,255,9
0,256,7
0,257,7
0,258,6
0,259,9
0,260,9
0,261,5
0,262,14
0,263,13
0,264,17
0,265,17
0,266,18
0,267,18
0,268,18
0,269,7
0,270,9
0,271,9
0,272,19
0,273,9
0,274,9
0,275,7
0,276,19
0,277,8
0,278,8
0,279,8
0,280,9
0,281,12
0,282,12
0,283,11
0,284,12
0,285,4
0,286,6
0,287,5
0,288,6
0,289,5
0,290,5
0,291,5
0,292,5
0,293,5
0,294,4
0,295,4
0,296,4
0,297,4
0,298,4
0,299,14
0,300,12
0,301,12
0,302,12
0,303,11
0,304,9
0,305,11
0,306,6
0,307,14
0,308,32
0,309,14
0,310,14
0,311,3
0,312,3
0,313,6
0,314,3
0,315,10
0,316,10
0,317,4
0,318,4
0,319,2
0,320,5
0,321,5
0,322,11
0,323,5
0,324,6
0,325,6
0,326,4
0,327,13
0,328,7
0,329,12
0,330,13
0,331,15
0,332,14
0,333,10
0,334,8
0,335,23
0,336,5
0,337,4
0,338,11
0,339,10
0,340,5
0,341,8
0,342,12
0,343,6
0,344,9
0,345,8
0,346,9
0,347,17
0,348,7
0,349,5
0,350,12
1,0,0
1,1,0
1,2,8
1,3,43
1,4,4
1,5,6
1,6,6
1,7,6
1,8,6
1,9,6
1,10,6
1,11,10
1,12,10
1,13,10
1,14,10
1,15,9
1,16,10
1,17,11
1,18,4
1,19,19
1,20,9
1,21,8
1,22,4
1,23,6
1,24,6
1,25,7
1,26,6
1,27,14
1,28,32
1,29,32
1,30,33
1,31,14
1,32,8
1,33,6
1,34,6
1,35,12
1,36,6
1,37,8
1,38,8
1,39,9
1,40,7
1,41,7
1,42,7
1,43,6
1,44,10
1,45,16
1,46,9
1,47,6
1,48,5
1,49,8
1,50,8
1,51,9
1,52,15
1,53,8
1,54,8
1,55,8
1,56,9
1,57,9
1,58,10
1,59,7
1,60,9
1,61,13
1,62,12
1,63,13
1,64,8
1,65,5
1,66,5
1,67,11
1,68,5
1,69,12
1,70,9
1,71,9
1,72,14
1,73,8
1,74,9
1,75,14
1,76,12
1,77,12
1,78,13
1,79,13
1,80,13
1,81,12
1,82,10
1,83,14
1,84,6
1,85,10
1,86,7
1,87,11
1,88,11
1,89,26
1,90,10
1,91,9
1,92,25
1,93,13
1,94,11
1,95,14
1,96,8
1,97,9
1,98,6
1,99,5
1,100,10
1,101,12
1,102,5
1,103,8
1,104,9
1,105,9
1,106,9
1,107,10
1,108,10
1,109,9
1,110,8
1,111,3
1,112,7
1,113,9
1,114,9
1,115,9
1,116,10
1,117,9
1,118,9
1,119,9
1,120,9
1,121,9
1,122,4
1,123,3
1,124,4
1,125,9
1,126,9
1,127,8
1,128,9
1,129,9
1,130,11
1,131,9
1,132,8
1,133,8
1,134,9
1,135,10
1,136,9
1,137,8
1,138,11
1,139,8
1,140,9
1,141,6
1,142,6
1,143,13
1,144,6
1,145,13
1,146,9
1,147,9
1,148,37
1,149,9
1,150,4
1,151,5
1,152,5
1,153,4
1,154,6
1,155,10
1,156,10
1,157,13
1,158,11
1,159,18
1,160,7
1,161,4
1,162,9
1,163,7
1,164,7
1,165,7
1,166,10
1,167,10
1,168,4
1,169,4
1,170,4
1,171,8
1,172,4
1,173,9
1,174,8
1,175,9
1,176,9
1,177,4
1,178,10
1,179,7
1,180,42
1,181,10
1,182,26
1,183,26
1,184,3
1,185,3
1,186,2
1,187,2
1,188,2
1,189,17
1,190,17
1,191,5
1,192,11
1,193,8
1,194,8
1,195,8
1,196,8
1,197,8
1,198,8
1,199,8
1,200,8
1,201,8
1,202,16
1,203,6
1,204,9
1,205,41
1,206,3
1,207,3
1,208,3
1,209,5
1,210,6
1,211,6
1,212,6
1,213,4
1,214,5
1,215,9
1,216,9
1,217,9
1,218,7
1,219,8
1,220,39
1,221,13
1,222,9
1,223,4
1,224,4
1,225,7
1,226,7
1,227,9
1,228,13
1,229,12
1,230,13
1,231,5
1,232,8
1,233,9
1,234,6
1,235,6
1,236,4
1,237,12
1,238,11
1,239,11
1,240,6
1,241,6
1,242,11
1,243,8
1,244,6
1,245,6
1,246,7
1,247,7
1,248,7
1,249,10
1,250,6
1,251,6
1,252,6
1,253,6
1,254,9
1,255,7
1,256,7
1,257,7
1,258,7
1,259,6
1,260,6
1,261,8
1,262,12
1,263,12
1,264,13
1,265,13
1,266,13
1,267,13
1,268,13
1,269,8
1,270,7
1,271,7
1,272,17
1,273,7
1,274,6
1,275,5
1,276,18
1,277,6
1,278,6
1,279,6
1,280,7
1,281,11
1,282,11
1,283,10
1,284,11
1,285,4
1,286,6
1,287,5
1,288,5
1,289,5
1,290,6
1,291,5
1,292,5
1,293,5
1,294,4
1,295,4
1,296,4
1,297,3
1,298,4
1,299,10
1,300,10
1,301,10
1,302,10
1,303,9
1,304,11
1,305,9
1,306,2
1,307,12
1,308,25
1,309,12
1,310,12
1,311,4
1,312,4
1,313,6
1,314,6
1,315,7
1,316,8
1,317,5
1,318,5
1,319,7
1,320,5
1,321,5
1,322,10
1,323,4
1,324,8
1,325,4
1,326,5
1,327,9
1,328,7
1,329,8
1,330,8
1,331,13
1,332,9
1,333,9
1,334,9
1,335,19
1,336,6
1,337,7
1,338,8
1,339,6
1,340,4
1,341,4
1,342,10
1,343,4
1,344,7
1,345,6
1,346,7
1,347,14
1,348,3
1,349,4
1,350,8
2,0,0
2,1,8
2,2,0
2,3,47
2,4,12
2,5,12
2,6,12
2,7,12
2,8,10
2,9,10
2,10,9
2,11,13
2,12,12
2,13,12
2,14,12
2,15,12
2,16,12
2,17,13
2,18,11
2,19,26
2,20,9
2,21,12
2,22,11
2,23,13
2,24,12
2,25,13
2,26,13
2,27,17
2,28,41
2,29,41
2,30,41
2,31,22
2,32,12
2,33,8
2,34,8
2,35,12
2,36,13
2,37,8
2,38,8
2,39,11
2,40,8
2,41,9
2,42,7
2,43,11
2,44,13
2,45,11
2,46,9
2,47,8
2,48,7
2,49,8
2,50,11
2,51,10
2,52,15
2,53,8
2,54,8
2,55,8
2,56,12
2,57,12
2,58,12
2,59,11
2,60,14
2,61,15
2,62,13
2,63,7
2,64,8
2,65,7
2,66,7
2,67,12
2,68,6
2,69,13
2,70,11
2,71,10
2,72,14
2,73,10
2,74,10
2,75,14
2,76,15
2,77,15
2,78,13
2,79,13
2,80,13
2,81,12
2,82,17
2,83,14
2,84,8
2,85,11
2,86,9
2,87,12
2,88,12
2,89,27
2,90,14
2,91,13
2,92,27
2,93,16
2,94,12
2,95,15
2,96,10
2,97,11
2,98,13
2,99,12
2,100,13
2,101,12
2,102,11
2,103,16
2,104,9
2,105,9
2,106,9
2,107,11
2,108,11
2,109,9
2,110,10
2,111,11
2,112,14
2,113,17
2,114,17
2,115,17
2,116,12
2,117,9
2,118,9
2,119,11
2,120,11
2,121,11
2,122,11
2,123,10
2,124,12
2,125,11
2,126,11
2,127,10
2,128,11
2,129,11
2,130,13
2,131,11
2,132,11
2,133,11
2,134,11
2,135,11
2,136,10
2,137,10
2,138,14
2,139,10
2,140,11
2,141,13
2,142,14
2,143,16
2,144,13
2,145,16
2,146,11
2,147,9
2,148,40
2,149,16
2,150,11
2,151,12
2,152,10
2,153,10
2,154,10
2,155,10
2,156,10
2,157,13
2,158,19
2,159,25
2,160,10
2,161,6
2,162,13
2,163,14
2,164,9
2,165,9
2,166,13
2,167,9
2,168,11
2,169,11
2,170,12
2,171,10
2,172,12
2,173,11
2,174,10
2,175,12
2,176,12
2,177,11
2,178,18
2,179,10
2,180,39
2,181,12
2,182,27
2,183,27
2,184,10
2,185,10
2,186,9
2,187,9
2,188,9
2,189,20
2,190,20
2,191,8
2,192,12
2,193,8
2,194,8
2,195,8
2,196,8
2,197,8
2,198,8
2,199,8
2,200,8
2,201,8
2,202,19
2,203,10
2,204,11
2,205,43
2,206,10
2,207,10
2,208,10
2,209,12
2,210,9
2,211,9
2,212,8
2,213,11
2,214,11
2,215,1
2,216,1
2,217,1
2,218,14
2,219,14
2,220,41
2,221,14
2,222,12
2,223,11
2,224,11
2,225,9
2,226,9
2,227,18
2,228,20
2,229,13
2,230,14
2,231,9
2,232,12
2,233,12
2,234,14
2,235,10
2,236,11
2,237,12
2,238,11
2,239,11
2,240,10
2,241,10
2,242,11
2,243,15
2,244,8
2,245,8
2,246,9
2,247,9
2,248,9
2,249,16
2,250,13
2,251,13
2,252,9
2,253,10
2,254,10
2,255,8
2,256,9
2,257,9
2,258,9
2,259,8
2,260,8
2,261,14
2,262,19
2,263,18
2,264,15
2,265,21
2,266,22
2,267,22
2,268,22
2,269,10
2,270,9
2,271,9
2,272,21
2,273,8
2,274,8
2,275,7
2,276,21
2,277,8
2,278,8
2,279,8
2,280,9
2,281,10
2,282,10
2,283,11
2,284,10
2,285,9
2,286,8
2,287,8
2,288,7
2,289,8
2,290,9
2,291,9
2,292,9
2,293,8
2,294,9
2,295,9
2,296,9
2,297,10
2,298,10
2,299,12
2,300,9
2,301,9
2,302,9
2,303,10
2,304,13
2,305,10
2,306,9
2,307,13
2,308,27
2,309,13
2,310,13
2,311,11
2,312,11
2,313,9
2,314,11
2,315,9
2,316,10
2,317,12
2,318,12
2,319,14
2,320,9
2,321,8
2,322,10
2,323,11
2,324,11
2,325,11
2,326,12
2,327,17
2,328,9
2,329,8
2,330,8
2,331,13
2,332,1
2,333,11
2,334,11
2,335,21
2,336,8
2,337,10
2,338,11
2,339,5
2,340,11
2,341,12
2,342,11
2,343,11
2,344,9
2,345,8
2,346,9
2,347,14
2,348,10
2,349,11
2,350,8
3,0,0
3,1,43
3,2,47
3,3,0
3,4,41
3,5,41
3,6,41
3,7,41
3,8,42
3,9,42
3,10,41
3,11,45
3,12,45
3,13,45
3,14,45
3,15,45
3,16,45
3,17,46
3,18,40
3,19,41
3,20,41
3,21,36
3,22,40
3,23,42
3,24,41
3,25,42
3,26,43
3,27,37
3,28,62
3,29,62
3,30,62
3,31,44
3,32,43
3,33,41
3,34,41
3,35,44
3,36,41
3,37,40
3,38,40
3,39,44
3,40,40
3,41,42
3,42,40
3,43,41
3,44,46
3,45,49
3,46,38
3,47,41
3,48,40
3,49,40
3,50,43
3,51,42
3,52,47
3,53,41
3,54,41
3,55,41
3,56,35
3,57,44
3,58,44
3,59,43
3,60,44
3,61,38
3,62,46
3,63,45
3,64,40
3,65,39
3,66,40
3,67,45
3,68,38
3,69,45
3,70,43
3,71,42
3,72,46
3,73,42
3,74,42
3,75,46
3,76,33
3,77,33
3,78,45
3,79,45
3,80,46
3,81,45
3,82,43
3,83,46
3,84,41
3,85,44
3,86,42
3,87,44
3,88,45
3,89,28
3,90,45
3,91,45
3,92,35
3,93,37
3,94,44
3,95,46
3,96,42
3,97,44
3,98,41
3,99,40
3,100,35
3,101,44
3,102,40
3,103,42
3,104,41
3,105,41
3,106,41
3,107,43
3,108,43
3,109,41
3,110,42
3,111,39
3,112,43
3,113,43
3,114,43
3,115,43
3,116,44
3,117,41
3,118,41
3,119,44
3,120,44
3,121,44
3,122,40
3,123,39
3,124,40
3,125,44
3,126,43
3,127,42
3,128,43
3,129,43
3,130,44
3,131,43
3,132,43
3,133,43
3,134,44
3,135,43
3,136,42
3,137,42
3,138,45
3,139,42
3,140,43
3,141,41
3,142,42
3,143,36
3,144,41
3,145,37
3,146,44
3,147,40
3,148,27
3,149,43
3,150,40
3,151,40
3,152,40
3,153,40
3,154,42
3,155,42
3,156,42
3,157,45
3,158,43
3,159,40
3,160,42
3,161,38
3,162,44
3,163,42
3,164,41
3,165,42
3,166,44
3,167,41
3,168,40
3,169,40
3,170,40
3,171,37
3,172,38
3,173,42
3,174,42
3,175,44
3,176,44
3,177,40
3,178,43
3,179,36
3,180,27
3,181,45
3,182,28
3,183,27
3,184,39
3,185,39
3,186,38
3,187,38
3,188,38
3,189,47
3,190,47
3,191,40
3,192,44
3,193,40
3,194,40
3,195,40
3,196,40
3,197,40
3,198,40
3,199,40
3,200,40
3,201,40
3,202,46
3,203,42
3,204,44
3,205,8
3,206,40
3,207,39
3,208,39
3,209,41
3,210,40
3,211,40
3,212,41
3,213,39
3,214,40
3,215,41
3,216,41
3,217,41
3,218,42
3,219,42
3,220,9
3,221,46
3,222,44
3,223,40
3,224,40
3,225,41
3,226,41
3,227,37
3,228,41
3,229,45
3,230,45
3,231,40
3,232,36
3,233,36
3,234,42
3,235,42
3,236,40
3,237,44
3,238,43
3,239,43
3,240,42
3,241,41
3,242,43
3,243,43
3,244,41
3,245,41
3,246,42
3,247,42
3,248,42
3,249,43
3,250,41
3,251,41
3,252,42
3,253,42
3,254,42
3,255,41
3,256,42
3,257,42
3,258,42
3,259,41
3,260,41
3,261,43
3,262,44
3,263,44
3,264,36
3,265,42
3,266,43
3,267,43
3,268,43
3,269,43
3,270,42
3,271,42
3,272,48
3,273,41
3,274,41
3,275,40
3,276,47
3,277,41
3,278,41
3,279,41
3,280,42
3,281,42
3,282,42
3,283,44
3,284,42
3,285,40
3,286,40
3,287,41
3,288,40
3,289,41
3,290,41
3,291,41
3,292,41
3,293,41
3,294,40
3,295,40
3,296,40
3,297,38
3,298,40
3,299,35
3,300,42
3,301,42
3,302,42
3,303,43
3,304,45
3,305,42
3,306,38
3,307,45
3,308,28
3,309,45
3,310,45
3,311,40
3,312,39
3,313,42
3,314,41
3,315,42
3,316,43
3,317,41
3,318,41
3,319,42
3,320,42
3,321,42
3,322,43
3,323,40
3,324,44
3,325,40
3,326,41
3,327,37
3,328,42
3,329,41
3,330,41
3,331,46
3,332,41
3,333,44
3,334,44
3,335,39
3,336,41
3,337,42
3,338,43
3,339,38
3,340,40
3,341,38
3,342,43
3,343,40
3,344,42
3,345,41
3,346,42
3,347,46
3,348,39
3,349,40
3,350,40
4,0,0
4,1,4
4,2,12
4,3,41
4,4,0
4,5,7
4,6,7
4,7,7
4,8,8
4,9,8
4,10,9
4,11,10
4,12,10
4,13,10
4,14,10
4,15,10
4,16,10
4,17,9
4,18,5
4,19,17
4,20,10
4,21,11
4,22,3
4,23,3
4,24,3
4,25,4
4,26,2
4,27,17
4,28,34
4,29,34
4,30,34
4,31,15
4,32,11
4,33,8
4,34,9
4,35,15
4,36,6
4,37,9
4,38,9
4,39,9
4,40,9
4,41,7
4,42,9
4,43,6
4,44,8
4,45,19
4,46,11
4,47,9
4,48,8
4,49,11
4,50,11
4,51,7
4,52,18
4,53,10
4,54,10
4,55,10
4,56,12
4,57,8
4,58,9
4,59,6
4,60,6
4,61,15
4,62,10
4,63,15
4,64,10
4,65,8
4,66,8
4,67,10
4,68,8
4,69,10
4,70,8
4,71,7
4,72,17
4,73,7
4,74,7
4,75,17
4,76,15
4,77,15
4,78,16
4,79,16
4,80,16
4,81,13
4,82,8
4,83,14
4,84,9
4,85,9
4,86,10
4,87,9
4,88,10
4,89,27
4,90,7
4,91,6
4,92,26
4,93,16
4,94,15
4,95,18
4,96,10
4,97,11
4,98,4
4,99,5
4,100,13
4,101,15
4,102,5
4,103,7
4,104,7
4,105,8
4,106,8
4,107,8
4,108,8
4,109,9
4,110,7
4,111,1
4,112,5
4,113,8
4,114,8
4,115,8
4,116,8
4,117,7
4,118,7
4,119,9
4,120,9
4,121,9
4,122,2
4,123,3
4,124,4
4,125,7
4,126,9
4,127,11
4,128,8
4,129,9
4,130,11
4,131,9
4,132,5
4,133,5
4,134,9
4,135,9
4,136,8
4,137,7
4,138,10
4,139,7
4,140,7
4,141,5
4,142,5
4,143,16
4,144,6
4,145,16
4,146,9
4,147,9
4,148,38
4,149,8
4,150,2
4,151,6
4,152,6
4,153,6
4,154,8
4,155,9
4,156,9
4,157,11
4,158,10
4,159,17
4,160,8
4,161,7
4,162,6
4,163,5
4,164,7
4,165,7
4,166,10
4,167,8
4,168,3
4,169,3
4,170,3
4,171,11
4,172,5
4,173,10
4,174,10
4,175,7
4,176,7
4,177,2
4,178,9
4,179,10
4,180,37
4,181,8
4,182,28
4,183,28
4,184,4
4,185,4
4,186,3
4,187,3
4,188,3
4,189,15
4,190,15
4,191,8
4,192,9
4,193,11
4,194,10
4,195,11
4,196,10
4,197,11
4,198,11
4,199,11
4,200,11
4,201,11
4,202,14
4,203,8
4,204,7
4,205,43
4,206,4
4,207,4
4,208,4
4,209,4
4,210,8
4,211,9
4,212,9
4,213,6
4,214,6
4,215,12
4,216,12
4,217,12
4,218,4
4,219,4
4,220,41
4,221,12
4,222,6
4,223,2
4,224,2
4,225,9
4,226,10
4,227,10
4,228,11
4,229,10
4,230,11
4,231,8
4,232,11
4,233,11
4,234,4
4,235,7
4,236,3
4,237,10
4,238,9
4,239,9
4,240,7
4,241,7
4,242,9
4,243,6
4,244,7
4,245,8
4,246,10
4,247,10
4,248,10
4,249,8
4,250,6
4,251,6
4,252,8
4,253,8
4,254,7
4,255,9
4,256,10
4,257,10
4,258,10
4,259,9
4,260,9
4,261,5
4,262,11
4,263,10
4,264,16
4,265,14
4,266,14
4,267,14
4,268,14
4,269,10
4,270,10
4,271,9
4,272,16
4,273,9
4,274,9
4,275,8
4,276,17
4,277,9
4,278,9
4,279,9
4,280,10
4,281,9
4,282,9
4,283,11
4,284,9
4,285,6
4,286,7
4,287,7
4,288,8
4,289,7
4,290,7
4,291,7
4,292,7
4,293,7
4,294,6
4,295,6
4,296,6
4,297,5
4,298,6
4,299,13
4,300,8
4,301,8
4,302,8
4,303,10
4,304,9
4,305,10
4,306,4
4,307,10
4,308,27
4,309,10
4,310,11
4,311,6
4,312,5
4,313,7
4,314,6
4,315,10
4,316,11
4,317,3
4,318,3
4,319,5
4,320,7
4,321,7
4,322,8
4,323,1
4,324,6
4,325,2
4,326,2
4,327,10
4,328,10
4,329,11
4,330,11
4,331,12
4,332,12
4,333,8
4,334,8
4,335,22
4,336,9
4,337,7
4,338,11
4,339,9
4,340,2
4,341,5
4,342,8
4,343,2
4,344,9
4,345,9
4,346,9
4,347,14
4,348,4
4,349,2
4,350,11
5,0,0
5,1,6
5,2,12
5,3,41
5,4,7
5,5,0
5,6,1
5,7,1
5,8,1
5,9,1
5,10,8
5,11,11
5,12,11
5,13,11
5,14,10
5,15,10
5,16,11
5,17,13
5,18,3
5,19,21
5,20,10
5,21,11
5,22,7
5,23,5
5,24,5
5,25,6
5,26,5
5,27,17
5,28,36
5,29,36
5,30,37
5,31,18
5,32,10
5,33,5
5,34,6
5,35,15
5,36,5
5,37,10
5,38,10
5,39,9
5,40,11
5,41,7
5,42,11
5,43,3
5,44,10
5,45,19
5,46,11
5,47,7
5,48,6
5,49,11
5,50,10
5,51,13
5,52,18
5,53,11
5,54,11
5,55,11
5,56,12
5,57,12
5,58,13
5,59,10
5,60,8
5,61,16
5,62,15
5,63,16
5,64,11
5,65,6
5,66,6
5,67,14
5,68,8
5,69,14
5,70,13
5,71,12
5,72,17
5,73,11
5,74,12
5,75,17
5,76,15
5,77,15
5,78,16
5,79,16
5,80,16
5,81,15
5,82,13
5,83,17
5,84,7
5,85,14
5,86,8
5,87,14
5,88,15
5,89,26
5,90,9
5,91,8
5,92,26
5,93,16
5,94,15
5,95,18
5,96,9
5,97,10
5,98,8
5,99,4
5,100,13
5,101,16
5,102,3
5,103,12
5,104,11
5,105,11
5,106,11
5,107,13
5,108,13
5,109,11
5,110,11
5,111,6
5,112,6
5,113,13
5,114,13
5,115,13
5,116,13
5,117,11
5,118,11
5,119,10
5,120,10
5,121,10
5,122,7
5,123,7
5,124,4
5,125,9
5,126,9
5,127,9
5,128,9
5,129,10
5,130,12
5,131,10
5,132,7
5,133,7
5,134,10
5,135,12
5,136,12
5,137,9
5,138,13
5,139,9
5,140,9
5,141,8
5,142,9
5,143,16
5,144,5
5,145,17
5,146,10
5,147,10
5,148,39
5,149,13
5,150,7
5,151,4
5,152,2
5,153,3
5,154,5
5,155,11
5,156,11
5,157,13
5,158,15
5,159,21
5,160,2
5,161,6
5,162,8
5,163,6
5,164,7
5,165,7
5,166,11
5,167,11
5,168,5
5,169,5
5,170,5
5,171,11
5,172,8
5,173,10
5,174,8
5,175,8
5,176,9
5,177,7
5,178,14
5,179,10
5,180,37
5,181,9
5,182,27
5,183,27
5,184,5
5,185,5
5,186,5
5,187,5
5,188,5
5,189,20
5,190,20
5,191,7
5,192,14
5,193,10
5,194,11
5,195,10
5,196,11
5,197,10
5,198,11
5,199,11
5,200,10
5,201,10
5,202,19
5,203,1
5,204,9
5,205,42
5,206,7
5,207,7
5,208,7
5,209,4
5,210,8
5,211,8
5,212,7
5,213,3
5,214,2
5,215,13
5,216,13
5,217,13
5,218,6
5,219,6
5,220,41
5,221,14
5,222,8
5,223,7
5,224,7
5,225,8
5,226,8
5,227,13
5,228,15
5,229,15
5,230,14
5,231,8
5,232,11
5,233,11
5,234,6
5,235,4
5,236,7
5,237,14
5,238,13
5,239,13
5,240,5
5,241,4
5,242,11
5,243,8
5,244,4
5,245,5
5,246,8
5,247,7
5,248,7
5,249,13
5,250,5
5,251,5
5,252,1
5,253,1
5,254,13
5,255,7
5,256,8
5,257,8
5,258,7
5,259,7
5,260,7
5,261,7
5,262,16
5,263,15
5,264,16
5,265,17
5,266,18
5,267,18
5,268,18
5,269,8
5,270,8
5,271,8
5,272,21
5,273,8
5,274,7
5,275,5
5,276,21
5,277,7
5,278,7
5,279,7
5,280,8
5,281,11
5,282,11
5,283,10
5,284,11
5,285,3
5,286,5
5,287,4
5,288,5
5,289,4
5,290,4
5,291,4
5,292,4
5,293,4
5,294,3
5,295,3
5,296,3
5,297,3
5,298,3
5,299,13
5,300,12
5,301,12
5,302,11
5,303,10
5,304,10
5,305,10
5,306,5
5,307,14
5,308,27
5,309,14
5,310,13
5,311,3
5,312,3
5,313,5
5,314,3
5,315,8
5,316,9
5,317,5
5,318,5
5,319,6
5,320,4
5,321,4
5,322,13
5,323,6
5,324,7
5,325,7
5,326,5
5,327,13
5,328,7
5,329,11
5,330,11
5,331,14
5,332,13
5,333,12
5,334,10
5,335,22
5,336,6
5,337,4
5,338,9
5,339,9
5,340,7
5,341,8
5,342,13
5,343,7
5,344,7
5,345,7
5,346,7
5,347,17
5,348,7
5,349,7
5,350,11
6,0,0
6,1,6
6,2,12
6,3,41
6,4,7
6,5,1
6,6,0
6,7,1
6,8,1
6,9,1
6,10,8
6,11,11
6,12,11
6,13,11
6,14,11
6,15,10
6,16,11
6,17,13
6,18,3
6,19,21
6,20,10
6,21,11
6,22,7
6,23,5
6,24,5
6,25,5
6,26,5
6,27,17
6,28,36
6,29,36
6,30,37
6,31,18
6,32,10
6,33,5
6,34,6
6,35,15
6,36,5
6,37,10
6,38,10
6,39,9
6,40,11
6,41,7
6,42,11
6,43,3
6,44,10
6,45,19
6,46,12
6,47,7
6,48,6
6,49,11
6,50,10
6,51,13
6,52,18
6,53,11
6,54,11
6,55,11
6,56,12
6,57,12
6,58,13
6,59,10
6,60,8
6,61,16
6,62,15
6,63,16
6,64,11
6,65,6
6,66,6
6,67,14
6,68,8
6,69,14
6,70,13
6,71,12
6,72,17
6,73,11
6,74,12
6,75,17
6,76,15
6,77,15
6,78,16
6,79,16
6,80,16
6,81,15
6,82,13
6,83,17
6,84,7
6,85,14
6,86,8
6,87,14
6,88,15
6,89,26
6,90,9
6,91,8
6,92,26
6,93,16
6,94,15
6,95,17
6,96,9
6,97,10
6,98,8
6,99,4
6,100,13
6,101,15
6,102,3
6,103,11
6,104,11
6,105,11
6,106,11
6,107,13
6,108,13
6,109,11
6,110,11
6,111,6
6,112,6
6,113,13
6,114,13
6,115,13
6,116,13
6,117,11
6,118,11
6,119,10
6,120,10
6,121,10
6,122,7
6,123,7
6,124,4
6,125,9
6,126,9
6,127,9
6,128,9
6,129,10
6,130,12
6,131,10
6,132,7
6,133,7
6,134,10
6,135,12
6,136,13
6,137,8
6,138,13
6,139,8
6,140,9
6,141,8
6,142,9
6,143,16
6,144,5
6,145,16
6,146,10
6,147,10
6,148,38
6,149,12
6,150,7
6,151,4
6,152,2
6,153,3
6,154,5
6,155,11
6,156,11
6,157,13
6,158,15
6,159,21
6,160,2
6,161,6
6,162,8
6,163,6
6,164,7
6,165,7
6,166,11
6,167,11
6,168,5
6,169,5
6,170,5
6,171,11
6,172,8
6,173,10
6,174,8
6,175,8
6,176,9
6,177,7
6,178,13
6,179,10
6,180,41
6,181,9
6,182,27
6,183,27
6,184,4
6,185,4
6,186,5
6,187,5
6,188,5
6,189,20
6,190,20
6,191,7
6,192,14
6,193,10
6,194,11
6,195,10
6,196,11
6,197,10
6,198,11
6,199,11
6,200,10
6,201,10
6,202,19
6,203,1
6,204,9
6,205,41
6,206,7
6,207,7
6,208,7
6,209,4
6,210,8
6,211,8
6,212,7
6,213,3
6,214,2
6,215,13
6,216,13
6,217,13
6,218,6
6,219,6
6,220,39
6,221,14
6,222,8
6,223,7
6,224,7
6,225,8
6,226,8
6,227,13
6,228,15
6,229,15
6,230,14
6,231,7
6,232,11
6,233,11
6,234,5
6,235,4
6,236,7
6,237,13
6,238,13
6,239,13
6,240,4
6,241,4
6,242,11
6,243,8
6,244,4
6,245,5
6,246,8
6,247,7
6,248,7
6,249,13
6,250,4
6,251,4
6,252,1
6,253,1
6,254,12
6,255,7
6,256,8
6,257,8
6,258,7
6,259,7
6,260,7
6,261,7
6,262,15
6,263,15
6,264,16
6,265,17
6,266,17
6,267,17
6,268,17
6,269,7
6,270,8
6,271,8
6,272,21
6,273,8
6,274,8
6,275,5
6,276,21
6,277,7
6,278,7
6,279,7
6,280,8
6,281,11
6,282,11
6,283,10
6,284,11
6,285,3
6,286,5
6,287,4
6,288,5
6,289,4
6,290,4
6,291,4
6,292,4
6,293,4
6,294,3
6,295,3
6,296,3
6,297,3
6,298,3
6,299,13
6,300,12
6,301,12
6,302,12
6,303,10
6,304,10
6,305,10
6,306,5
6,307,14
6,308,28
6,309,14
6,310,13
6,311,3
6,312,3
6,313,5
6,314,3
6,315,8
6,316,9
6,317,4
6,318,4
6,319,5
6,320,4
6,321,4
6,322,13
6,323,6
6,324,7
6,325,7
6,326,5
6,327,13
6,328,7
6,329,11
6,330,11
6,331,14
6,332,12
6,333,11
6,334,10
6,335,22
6,336,6
6,337,4
6,338,9
6,339,9
6,340,6
6,341,8
6,342,13
6,343,7
6,344,7
6,345,7
6,346,7
6,347,16
6,348,7
6,349,6
6,350,11
7,0,0
7,1,6
7,2,12
7,3,41
7,4,7
7,5,1
7,6,1
7,7,0
7,8,1
7,9,1
7,10,8
7,11,11
7,12,11
7,13,10
7,14,10
7,15,10
7,16,11
7,17,13
7,18,3
7,19,21
7,20,10
7,21,11
7,22,7
7,23,5
7,24,5
7,25,5
7,26,5
7,27,17
7,28,37
7,29,37
7,30,37
7,31,18
7,32,10
7,33,5
7,34,6
7,35,15
7,36,5
7,37,10
7,38,10
7,39,8
7,40,10
7,41,7
7,42,10
7,43,3
7,44,9
7,45,19
7,46,11
7,47,6
7,48,6
7,49,11
7,50,10
7,51,12
7,52,18
7,53,11
7,54,11
7,55,11
7,56,12
7,57,12
7,58,13
7,59,10
7,60,8
7,61,16
7,62,15
7,63,15
7,64,10
7,65,6
7,66,6
7,67,14
7,68,8
7,69,14
7,70,12
7,71,12
7,72,17
7,73,11
7,74,11
7,75,17
7,76,15
7,77,15
7,78,16
7,79,16
7,80,16
7,81,14
7,82,12
7,83,16
7,84,7
7,85,13
7,86,7
7,87,13
7,88,14
7,89,27
7,90,8
7,91,8
7,92,26
7,93,16
7,94,15
7,95,17
7,96,8
7,97,9
7,98,8
7,99,3
7,100,13
7,101,15
7,102,3
7,103,11
7,104,11
7,105,11
7,106,11
7,107,12
7,108,13
7,109,10
7,110,11
7,111,6
7,112,6
7,113,12
7,114,12
7,115,12
7,116,13
7,117,11
7,118,11
7,119,10
7,120,10
7,121,10
7,122,6
7,123,7
7,124,3
7,125,8
7,126,8
7,127,8
7,128,9
7,129,9
7,130,12
7,131,9
7,132,7
7,133,7
7,134,10
7,135,11
7,136,12
7,137,8
7,138,13
7,139,8
7,140,9
7,141,8
7,142,8
7,143,16
7,144,4
7,145,16
7,146,10
7,147,10
7,148,37
7,149,12
7,150,6
7,151,4
7,152,2
7,153,3
7,154,4
7,155,10
7,156,10
7,157,13
7,158,15
7,159,21
7,160,2
7,161,6
7,162,8
7,163,6
7,164,7
7,165,7
7,166,11
7,167,11
7,168,5
7,169,5
7,170,5
7,171,11
7,172,8
7,173,10
7,174,8
7,175,8
7,176,8
7,177,6
7,178,13
7,179,10
7,180,37
7,181,9
7,182,28
7,183,28
7,184,4
7,185,4
7,186,5
7,187,5
7,188,5
7,189,20
7,190,20
7,191,7
7,192,13
7,193,9
7,194,10
7,195,10
7,196,10
7,197,10
7,198,11
7,199,10
7,200,10
7,201,10
7,202,19
7,203,1
7,204,9
7,205,41
7,206,7
7,207,7
7,208,7
7,209,4
7,210,7
7,211,7
7,212,7
7,213,3
7,214,2
7,215,12
7,216,12
7,217,12
7,218,5
7,219,5
7,220,40
7,221,14
7,222,8
7,223,6
7,224,6
7,225,7
7,226,7
7,227,13
7,228,15
7,229,15
7,230,14
7,231,7
7,232,11
7,233,11
7,234,5
7,235,4
7,236,7
7,237,13
7,238,12
7,239,13
7,240,4
7,241,4
7,242,10
7,243,8
7,244,4
7,245,4
7,246,7
7,247,7
7,248,7
7,249,13
7,250,5
7,251,5
7,252,1
7,253,1
7,254,12
7,255,7
7,256,7
7,257,7
7,258,7
7,259,7
7,260,7
7,261,6
7,262,16
7,263,15
7,264,16
7,265,17
7,266,17
7,267,17
7,268,17
7,269,7
7,270,7
7,271,7
7,272,20
7,273,7
7,274,7
7,275,5
7,276,21
7,277,7
7,278,7
7,279,7
7,280,7
7,281,10
7,282,11
7,283,10
7,284,10
7,285,3
7,286,4
7,287,4
7,288,5
7,289,4
7,290,4
7,291,3
7,292,3
7,293,3
7,294,3
7,295,3
7,296,3
7,297,3
7,298,3
7,299,13
7,300,11
7,301,11
7,302,11
7,303,10
7,304,10
7,305,10
7,306,5
7,307,14
7,308,28
7,309,13
7,310,13
7,311,3
7,312,3
7,313,4
7,314,3
7,315,8
7,316,8
7,317,4
7,318,4
7,319,5
7,320,4
7,321,4
7,322,12
7,323,6
7,324,7
7,325,7
7,326,5
7,327,13
7,328,7
7,329,10
7,330,10
7,331,14
7,332,12
7,333,11
7,334,9
7,335,22
7,336,6
7,337,4
7,338,9
7,339,9
7,340,6
7,341,8
7,342,13
7,343,7
7,344,7
7,345,6
7,346,7
7,347,16
7,348,7
7,349,6
7,350,10
8,0,4
8,1,6
8,2,10
8,3,42
8,4,8
8,5,1
8,6,1
8,7,1
8,8,0
8,9,2
8,10,5
8,11,8
8,12,8
8,13,8
8,14,7
8,15,7
8,16,7
8,17,10
8,18,4
8,19,21
8,20,7
8,21,11
8,22,7
8,23,5
8,24,5
8,25,6
8,26,5
8,27,16
8,28,35
8,29,35
8,30,35
8,31,17
8,32,7
8,33,2
8,34,3
8,35,13
8,36,5
8,37,7
8,38,7
8,39,5
8,40,7
8,41,4
8,42,8
8,43,3
8,44,8
8,45,17
8,46,11
8,47,4
8,48,3
8,49,8
8,50,7
8,51,9
8,52,16
8,53,8
8,54,8
8,55,8
8,56,11
8,57,10
8,58,10
8,59,9
8,60,8
8,61,16
8,62,12
8,63,14
8,64,7
8,65,3
8,66,3
8,67,11
8,68,8
8,69,11
8,70,10
8,71,9
8,72,15
8,73,9
8,74,9
8,75,15
8,76,14
8,77,14
8,78,14
8,79,14
8,80,14
8,81,11
8,82,13
8,83,13
8,84,4
8,85,11
8,86,4
8,87,11
8,88,12
8,89,28
8,90,8
8,91,8
8,92,25
8,93,15
8,94,13
8,95,15
8,96,6
8,97,7
8,98,8
8,99,4
8,100,12
8,101,13
8,102,4
8,103,11
8,104,8
8,105,8
8,106,8
8,107,10
8,108,10
8,109,8
8,110,9
8,111,6
8,112,6
8,113,13
8,114,13
8,115,13
8,116,11
8,117,8
8,118,8
8,119,8
8,120,8
8,121,8
8,122,7
8,123,6
8,124,4
8,125,7
8,126,5
8,127,5
8,128,6
8,129,7
8,130,9
8,131,7
8,132,5
8,133,5
8,134,8
8,135,8
8,136,9
8,137,5
8,138,10
8,139,5
8,140,6
8,141,8
8,142,9
8,143,15
8,144,5
8,145,16
8,146,7
8,147,7
8,148,37
8,149,12
8,150,6
8,151,4
8,152,2
8,153,1
8,154,2
8,155,8
8,156,8
8,157,10
8,158,15
8,159,21
8,160,2
8,161,4
8,162,8
8,163,6
8,164,4
8,165,4
8,166,9
8,167,8
8,168,5
8,169,5
8,170,5
8,171,10
8,172,7
8,173,7
8,174,5
8,175,8
8,176,8
8,177,7
8,178,13
8,179,9
8,180,36
8,181,8
8,182,28
8,183,28
8,184,4
8,185,4
8,186,5
8,187,4
8,188,4
8,189,19
8,190,19
8,191,4
8,192,11
8,193,7
8,194,8
8,195,7
8,196,8
8,197,7
8,198,8
8,199,8
8,200,7
8,201,7
8,202,18
8,203,2
8,204,6
8,205,41
8,206,6
8,207,6
8,208,6
8,209,4
8,210,5
8,211,5
8,212,4
8,213,3
8,214,2
8,215,9
8,216,9
8,217,9
8,218,6
8,219,6
8,220,39
8,221,11
8,222,8
8,223,7
8,224,7
8,225,5
8,226,5
8,227,12
8,228,15
8,229,12
8,230,11
8,231,4
8,232,11
8,233,11
8,234,5
8,235,2
8,236,7
8,237,11
8,238,10
8,239,10
8,240,2
8,241,2
8,242,8
8,243,8
8,244,2
8,245,3
8,246,5
8,247,4
8,248,4
8,249,13
8,250,5
8,251,5
8,252,2
8,253,2
8,254,10
8,255,4
8,256,5
8,257,5
8,258,4
8,259,4
8,260,4
8,261,7
8,262,16
8,263,15
8,264,15
8,265,15
8,266,16
8,267,16
8,268,16
8,269,4
8,270,5
8,271,5
8,272,20
8,273,4
8,274,4
8,275,2
8,276,20
8,277,4
8,278,4
8,279,4
8,280,5
8,281,8
8,282,8
8,283,7
8,284,8
8,285,1
8,286,2
8,287,1
8,288,2
8,289,1
8,290,2
8,291,1
8,292,1
8,293,1
8,294,1
8,295,1
8,296,1
8,297,2
8,298,2
8,299,12
8,300,8
8,301,8
8,302,8
8,303,7
8,304,9
8,305,7
8,306,4
8,307,11
8,308,28
8,309,11
8,310,10
8,311,3
8,312,3
8,313,2
8,314,3
8,315,5
8,316,5
8,317,5
8,318,5
8,319,5
8,320,1
8,321,1
8,322,10
8,323,5
8,324,6
8,325,7
8,326,5
8,327,12
8,328,4
8,329,7
8,330,8
8,331,11
8,332,9
8,333,10
8,334,6
8,335,21
8,336,3
8,337,2
8,338,6
8,339,8
8,340,7
8,341,6
8,342,10
8,343,6
8,344,4
8,345,4
8,346,4
8,347,13
8,348,6
8,349,7
8,350,7
9,0,4
9,1,6
9,2,10
9,3,42
9,4,8
9,5,1
9,6,1
9,7,1
9,8,2
9,9,0
9,10,5
9,11,8
9,12,8
9,13,8
9,14,8
9,15,8
9,16,8
9,17,10
9,18,3
9,19,20
9,20,7
9,21,11
9,22,7
9,23,5
9,24,5
9,25,5
9,26,5
9,27,16
9,28,35
9,29,35
9,30,35
9,31,16
9,32,7
9,33,2
9,34,3
9,35,13
9,36,5
9,37,7
9,38,7
9,39,5
9,40,7
9,41,4
9,42,7
9,43,3
9,44,8
9,45,18
9,46,11
9,47,4
9,48,3
9,49,8
9,50,7
9,51,10
9,52,16
9,53,8
9,54,8
9,55,8
9,56,11
9,57,10
9,58,11
9,59,9
9,60,8
9,61,15
9,62,12
9,63,14
9,64,7
9,65,3
9,66,3
9,67,12
9,68,8
9,69,11
9,70,10
9,71,10
9,72,15
9,73,9
9,74,9
9,75,15
9,76,14
9,77,14
9,78,14
9,79,14
9,80,14
9,81,12
9,82,12
9,83,13
9,84,4
9,85,11
9,86,5
9,87,11
9,88,12
9,89,29
9,90,8
9,91,8
9,92,25
9,93,15
9,94,13
9,95,16
9,96,6
9,97,7
9,98,8
9,99,3
9,100,12
9,101,13
9,102,3
9,103,11
9,104,8
9,105,8
9,106,8
9,107,10
9,108,10
9,109,7
9,110,9
9,111,6
9,112,6
9,113,12
9,114,12
9,115,12
9,116,11
9,117,8
9,118,8
9,119,8
9,120,8
9,121,8
9,122,6
9,123,6
9,124,4
9,125,7
9,126,5
9,127,6
9,128,6
9,129,7
9,130,9
9,131,7
9,132,6
9,133,6
9,134,8
9,135,8
9,136,10
9,137,5
9,138,11
9,139,5
9,140,6
9,141,8
9,142,9
9,143,15
9,144,5
9,145,15
9,146,7
9,147,7
9,148,38
9,149,12
9,150,6
9,151,4
9,152,2
9,153,1
9,154,2
9,155,8
9,156,8
9,157,10
9,158,15
9,159,20
9,160,2
9,161,4
9,162,8
9,163,6
9,164,4
9,165,4
9,166,9
9,167,8
9,168,5
9,169,5
9,170,5
9,171,10
9,172,7
9,173,7
9,174,5
9,175,8
9,176,8
9,177,7
9,178,13
9,179,9
9,180,37
9,181,8
9,182,32
9,183,32
9,184,4
9,185,4
9,186,4
9,187,4
9,188,4
9,189,19
9,190,19
9,191,4
9,192,11
9,193,7
9,194,8
9,195,7
9,196,8
9,197,7
9,198,8
9,199,8
9,200,7
9,201,7
9,202,18
9,203,2
9,204,6
9,205,41
9,206,6
9,207,6
9,208,6
9,209,4
9,210,5
9,211,5
9,212,4
9,213,3
9,214,2
9,215,10
9,216,10
9,217,10
9,218,6
9,219,5
9,220,40
9,221,11
9,222,8
9,223,6
9,224,6
9,225,5
9,226,5
9,227,12
9,228,15
9,229,12
9,230,11
9,231,5
9,232,10
9,233,11
9,234,5
9,235,2
9,236,6
9,237,11
9,238,10
9,239,10
9,240,2
9,241,2
9,242,8
9,243,8
9,244,2
9,245,3
9,246,5
9,247,4
9,248,4
9,249,12
9,250,5
9,251,5
9,252,2
9,253,2
9,254,10
9,255,4
9,256,5
9,257,5
9,258,4
9,259,4
9,260,4
9,261,7
9,262,15
9,263,15
9,264,15
9,265,15
9,266,16
9,267,16
9,268,16
9,269,4
9,270,5
9,271,5
9,272,20
9,273,5
9,274,4
9,275,2
9,276,21
9,277,4
9,278,4
9,279,4
9,280,5
9,281,8
9,282,8
9,283,7
9,284,8
9,285,1
9,286,2
9,287,1
9,288,2
9,289,1
9,290,2
9,291,1
9,292,1
9,293,1
9,294,1
9,295,1
9,296,1
9,297,2
9,298,2
9,299,12
9,300,8
9,301,8
9,302,8
9,303,7
9,304,9
9,305,7
9,306,3
9,307,11
9,308,30
9,309,11
9,310,10
9,311,3
9,312,3
9,313,2
9,314,3
9,315,5
9,316,5
9,317,5
9,318,4
9,319,5
9,320,1
9,321,1
9,322,10
9,323,5
9,324,6
9,325,7
9,326,5
9,327,12
9,328,4
9,329,8
9,330,8
9,331,11
9,332,9
9,333,10
9,334,6
9,335,21
9,336,3
9,337,2
9,338,6
9,339,8
9,340,6
9,341,6
9,342,10
9,343,6
9,344,4
9,345,4
9,346,5
9,347,13
9,348,6
9,349,6
9,350,8
10,0,9
10,1,6
10,2,9
10,3,41
10,4,9
10,5,8
10,6,8
10,7,8
10,8,5
10,9,5
10,10,0
10,11,7
10,12,7
10,13,7
10,14,7
10,15,7
10,16,7
10,17,9
10,18,6
10,19,21
10,20,5
10,21,11
10,22,8
10,23,7
10,24,7
10,25,8
10,26,8
10,27,16
10,28,35
10,29,35
10,30,35
10,31,16
10,32,5
10,33,2
10,34,2
10,35,12
10,36,8
10,37,5
10,38,5
10,39,5
10,40,6
10,41,3
10,42,6
10,43,5
10,44,7
10,45,17
10,46,11
10,47,1
10,48,1
10,49,6
10,50,5
10,51,7
10,52,14
10,53,6
10,54,6
10,55,6
10,56,11
10,57,9
10,58,10
10,59,8
10,60,8
10,61,15
10,62,11
10,63,13
10,64,6
10,65,1
10,66,1
10,67,10
10,68,6
10,69,9
10,70,9
10,71,8
10,72,13
10,73,8
10,74,7
10,75,13
10,76,14
10,77,14
10,78,12
10,79,12
10,80,12
10,81,10
10,82,13
10,83,12
10,84,1
10,85,9
10,86,2
10,87,10
10,88,10
10,89,33
10,90,7
10,91,7
10,92,25
10,93,15
10,94,11
10,95,14
10,96,4
10,97,5
10,98,9
10,99,6
10,100,12
10,101,12
10,102,6
10,103,12
10,104,6
10,105,6
10,106,6
10,107,9
10,108,9
10,109,6
10,110,8
10,111,7
10,112,7
10,113,13
10,114,13
10,115,13
10,116,10
10,117,6
10,118,6
10,119,6
10,120,6
10,121,7
10,122,7
10,123,7
10,124,6
10,125,6
10,126,5
10,127,4
10,128,6
10,129,6
10,130,8
10,131,6
10,132,5
10,133,5
10,134,7
10,135,9
10,136,8
10,137,4
10,138,9
10,139,4
10,140,5
10,141,9
10,142,10
10,143,15
10,144,7
10,145,15
10,146,6
10,147,4
10,148,39
10,149,13
10,150,8
10,151,7
10,152,4
10,153,4
10,154,4
10,155,6
10,156,6
10,157,8
10,158,15
10,159,21
10,160,4
10,161,2
10,162,8
10,163,7
10,164,3
10,165,3
10,166,7
10,167,7
10,168,7
10,169,7
10,170,8
10,171,10
10,172,7
10,173,6
10,174,2
10,175,7
10,176,7
10,177,7
10,178,14
10,179,9
10,180,36
10,181,7
10,182,33
10,183,31
10,184,7
10,185,7
10,186,6
10,187,6
10,188,6
10,189,18
10,190,18
10,191,2
10,192,9
10,193,5
10,194,6
10,195,5
10,196,6
10,197,5
10,198,6
10,199,6
10,200,5
10,201,5
10,202,17
10,203,4
10,204,5
10,205,41
10,206,7
10,207,7
10,208,7
10,209,7
10,210,2
10,211,3
10,212,3
10,213,6
10,214,5
10,215,7
10,216,7
10,217,7
10,218,8
10,219,8
10,220,39
10,221,9
10,222,6
10,223,7
10,224,7
10,225,3
10,226,3
10,227,11
10,228,15
10,229,10
10,230,10
10,231,3
10,232,11
10,233,11
10,234,8
10,235,4
10,236,7
10,237,9
10,238,8
10,239,8
10,240,4
10,241,4
10,242,7
10,243,9
10,244,2
10,245,3
10,246,2
10,247,3
10,248,3
10,249,13
10,250,7
10,251,7
10,252,3
10,253,3
10,254,8
10,255,2
10,256,3
10,257,3
10,258,3
10,259,3
10,260,3
10,261,7
10,262,16
10,263,15
10,264,15
10,265,15
10,266,16
10,267,16
10,268,16
10,269,4
10,270,3
10,271,3
10,272,18
10,273,3
10,274,3
10,275,2
10,276,19
10,277,1
10,278,1
10,279,1
10,280,3
10,281,7
10,282,7
10,283,6
10,284,7
10,285,4
10,286,2
10,287,2
10,288,1
10,289,3
10,290,4
10,291,3
10,292,3
10,293,3
10,294,3
10,295,3
10,296,3
10,297,5
10,298,4
10,299,12
10,300,7
10,301,7
10,302,7
10,303,6
10,304,8
10,305,6
10,306,6
10,307,9
10,308,33
10,309,9
10,310,9
10,311,6
10,312,6
10,313,3
10,314,5
10,315,3
10,316,4
10,317,7
10,318,7
10,319,8
10,320,3
10,321,3
10,322,8
10,323,8
10,324,6
10,325,8
10,326,8
10,327,12
10,328,3
10,329,6
10,330,6
10,331,9
10,332,7
10,333,9
10,334,6
10,335,21
10,336,2
10,337,4
10,338,5
10,339,8
10,340,7
10,341,7
10,342,9
10,343,7
10,344,2
10,345,1
10,346,2
10,347,12
10,348,7
10,349,7
10,350,6
11,0,10
11,1,10
11,2,13
11,3,45
11,4,10
11,5,11
11,6,11
11,7,11
11,8,8
11,9,8
11,10,7
11,11,0
11,12,2
11,13,1
11,14,2
11,15,1
11,16,2
11,17,3
11,18,8
11,19,19
11,20,7
11,21,15
11,22,8
11,23,6
11,24,6
11,25,8
11,26,6
11,27,20
11,28,37
11,29,37
11,30,37
11,31,18
11,32,10
11,33,8
11,34,8
11,35,13
11,36,8
11,37,6
11,38,6
11,39,6
11,40,6
11,41,4
11,42,5
11,43,8
11,44,2
11,45,17
11,46,15
11,47,8
11,48,7
11,49,9
11,50,11
11,51,3
11,52,17
11,53,7
11,54,7
11,55,7
11,56,16
11,57,4
11,58,3
11,59,5
11,60,5
11,61,20
11,62,7
11,63,14
11,64,8
11,65,7
11,66,7
11,67,6
11,68,11
11,69,7
11,70,4
11,71,4
11,72,15
11,73,3
11,74,4
11,75,16
11,76,19
11,77,19
11,78,15
11,79,15
11,80,15
11,81,9
11,82,11
11,83,10
11,84,8
11,85,5
11,86,7
11,87,5
11,88,6
11,89,31
11,90,5
11,91,5
11,92,29
11,93,20
11,94,13
11,95,16
11,96,7
11,97,6
11,98,7
11,99,7
11,100,17
11,101,14
11,102,8
11,103,10
11,104,4
11,105,4
11,106,4
11,107,5
11,108,5
11,109,6
11,110,3
11,111,9
11,112,5
11,113,11
11,114,11
11,115,11
11,116,3
11,117,4
11,118,4
11,119,1
11,120,1
11,121,2
11,122,7
11,123,8
11,124,7
11,125,2
11,126,5
11,127,7
11,128,2
11,129,1
11,130,2
11,131,1
11,132,4
11,133,4
11,134,1
11,135,3
11,136,3
11,137,6
11,138,3
11,139,3
11,140,2
11,141,7
11,142,7
11,143,20
11,144,7
11,145,20
11,146,1
11,147,6
11,148,38
11,149,11
11,150,8
11,151,7
11,152,9
11,153,8
11,154,10
11,155,5
11,156,5
11,157,8
11,158,13
11,159,19
11,160,9
11,161,7
11,162,4
11,163,5
11,164,4
11,165,3
11,166,2
11,167,4
11,168,8
11,169,8
11,170,8
11,171,15
11,172,10
11,173,6
11,174,8
11,175,3
11,176,3
11,177,7
11,178,12
11,179,14
11,180,35
11,181,3
11,182,31
11,183,31
11,184,8
11,185,8
11,186,9
11,187,9
11,188,9
11,189,14
11,190,14
11,191,8
11,192,5
11,193,9
11,194,9
11,195,9
11,196,9
11,197,9
11,198,9
11,199,9
11,200,9
11,201,9
11,202,13
11,203,9
11,204,2
11,205,42
11,206,9
11,207,9
11,208,9
11,209,7
11,210,7
11,211,7
11,212,6
11,213,7
11,214,8
11,215,12
11,216,12
11,217,12
11,218,6
11,219,6
11,220,40
11,221,8
11,222,3
11,223,7
11,224,7
11,225,6
11,226,6
11,227,14
11,228,13
11,229,7
11,230,7
11,231,8
11,232,15
11,233,16
11,234,7
11,235,10
11,236,8
11,237,3
11,238,3
11,239,3
11,240,10
11,241,10
11,242,2
11,243,7
11,244,8
11,245,8
11,246,7
11,247,5
11,248,5
11,249,11
11,250,7
11,251,7
11,252,9
11,253,9
11,254,3
11,255,8
11,256,6
11,257,6
11,258,6
11,259,5
11,260,5
11,261,5
11,262,14
11,263,13
11,264,19
11,265,17
11,266,18
11,267,18
11,268,18
11,269,5
11,270,5
11,271,5
11,272,14
11,273,5
11,274,5
11,275,8
11,276,15
11,277,7
11,278,7
11,279,7
11,280,7
11,281,5
11,282,6
11,283,6
11,284,5
11,285,8
11,286,8
11,287,8
11,288,7
11,289,9
11,290,10
11,291,9
11,292,9
11,293,9
11,294,9
11,295,9
11,296,8
11,297,8
11,298,9
11,299,17
11,300,5
11,301,5
11,302,5
11,303,6
11,304,3
11,305,6
11,306,9
11,307,7
11,308,31
11,309,7
11,310,7
11,311,7
11,312,7
11,313,10
11,314,8
11,315,7
11,316,8
11,317,8
11,318,8
11,319,7
11,320,10
11,321,9
11,322,4
11,323,8
11,324,4
11,325,7
11,326,7
11,327,14
11,328,6
11,329,8
11,330,8
11,331,8
11,332,12
11,333,4
11,334,3
11,335,26
11,336,7
11,337,9
11,338,9
11,339,14
11,340,7
11,341,9
11,342,5
11,343,9
11,344,9
11,345,8
11,346,9
11,347,10
11,348,9
11,349,7
11,350,8
12,0,0
12,1,0
12,2,0
12,3,0
12,4,0
12,5,0
12,6,0
12,7,0
12,8,0
12,9,0
12,10,0
12,11,0
12,12,0
12,13,1
12,14,2
12,15,1
12,16,2
12,17,3
12,18,8
12,19,19
12,20,8
12,21,16
12,22,7
12,23,6
12,24,6
12,25,7
12,26,6
12,27,21
12,28,37
12,29,37
12,30,37
12,31,19
12,32,11
12,33,8
12,34,8
12,35,14
12,36,8
12,37,7
12,38,7
12,39,5
12,40,6
12,41,4
12,42,6
12,43,8
12,44,2
12,45,18
12,46,16
12,47,8
12,48,7
12,49,9
12,50,11
12,51,3
12,52,17
12,53,7
12,54,7
12,55,7
12,56,16
12,57,4
12,58,3
12,59,4
12,60,4
12,61,20
12,62,7
12,63,14
12,64,8
12,65,7
12,66,7
12,67,6
12,68,11
12,69,8
12,70,5
12,71,4
12,72,16
12,73,4
12,74,4
12,75,16
12,76,19
12,77,19
12,78,15
12,79,15
12,80,15
12,81,10
12,82,11
12,83,10
12,84,8
12,85,5
12,86,7
12,87,6
12,88,6
12,89,30
12,90,5
12,91,4
12,92,29
12,93,20
12,94,14
12,95,17
12,96,7
12,97,6
12,98,7
12,99,7
12,100,18
12,101,14
12,102,8
12,103,10
12,104,4
12,105,4
12,106,4
12,107,5
12,108,5
12,109,6
12,110,4
12,111,8
12,112,5
12,113,11
12,114,11
12,115,11
12,116,3
12,117,4
12,118,4
12,119,1
12,120,1
12,121,2
12,122,7
12,123,8
12,124,7
12,125,2
12,126,5
12,127,8
12,128,2
12,129,1
12,130,2
12,131,1
12,132,4
12,133,4
12,134,1
12,135,3
12,136,3
12,137,6
12,138,3
12,139,3
12,140,2
12,141,7
12,142,7
12,143,20
12,144,8
12,145,20
12,146,1
12,147,7
12,148,37
12,149,11
12,150,8
12,151,7
12,152,9
12,153,9
12,154,10
12,155,5
12,156,5
12,157,8
12,158,13
12,159,19
12,160,10
12,161,8
12,162,4
12,163,5
12,164,4
12,165,4
12,166,2
12,167,4
12,168,8
12,169,8
12,170,8
12,171,15
12,172,10
12,173,6
12,174,8
12,175,3
12,176,3
12,177,7
12,178,11
12,179,14
12,180,35
12,181,3
12,182,30
12,183,30
12,184,9
12,185,9
12,186,9
12,187,9
12,188,9
12,189,14
12,190,14
12,191,8
12,192,5
12,193,9
12,194,9
12,195,9
12,196,9
12,197,9
12,198,9
12,199,9
12,200,9
12,201,9
12,202,13
12,203,9
12,204,2
12,205,41
12,206,9
12,207,9
12,208,9
12,209,8
12,210,8
12,211,8
12,212,6
12,213,7
12,214,8
12,215,12
12,216,12
12,217,12
12,218,7
12,219,7
12,220,40
12,221,8
12,222,3
12,223,7
12,224,7
12,225,6
12,226,6
12,227,14
12,228,13
12,229,7
12,230,8
12,231,8
12,232,15
12,233,15
12,234,7
12,235,10
12,236,8
12,237,3
12,238,3
12,239,3
12,240,10
12,241,10
12,242,2
12,243,7
12,244,8
12,245,8
12,246,7
12,247,5
12,248,5
12,249,11
12,250,8
12,251,8
12,252,9
12,253,9
12,254,3
12,255,8
12,256,6
12,257,6
12,258,6
12,259,6
12,260,5
12,261,5
12,262,14
12,263,13
12,264,19
12,265,17
12,266,18
12,267,18
12,268,18
12,269,6
12,270,5
12,271,5
12,272,14
12,273,5
12,274,5
12,275,8
12,276,15
12,277,7
12,278,7
12,279,7
12,280,7
12,281,5
12,282,5
12,283,6
12,284,5
12,285,8
12,286,8
12,287,8
12,288,7
12,289,9
12,290,10
12,291,9
12,292,9
12,293,9
12,294,9
12,295,9
12,296,9
12,297,8
12,298,9
12,299,16
12,300,5
12,301,5
12,302,5
12,303,6
12,304,3
12,305,6
12,306,9
12,307,7
12,308,30
12,309,7
12,310,7
12,311,7
12,312,7
12,313,10
12,314,8
12,315,7
12,316,8
12,317,8
12,318,8
12,319,8
12,320,10
12,321,9
12,322,4
12,323,8
12,324,4
12,325,7
12,326,7
12,327,13
12,328,7
12,329,8
12,330,8
12,331,8
12,332,12
12,333,4
12,334,3
12,335,25
12,336,7
12,337,9
12,338,9
12,339,13
12,340,7
12,341,9
12,342,5
12,343,9
12,344,8
12,345,8
12,346,9
12,347,9
12,348,9
12,349,7
12,350,7
13,0,0
13,1,0
13,2,0
13,3,0
13,4,0
13,5,0
13,6,0
13,7,0
13,8,0
13,9,0
13,10,0
13,11,0
13,12,1
13,13,0
13,14,3
13,15,3
13,16,3
13,17,5
13,18,8
13,19,18
13,20,6
13,21,14
13,22,8
13,23,6
13,24,6
13,25,7
13,26,6
13,27,18
13,28,36
13,29,36
13,30,36
13,31,18
13,32,7
13,33,5
13,34,5
13,35,13
13,36,8
13,37,6
13,38,6
13,39,5
13,40,5
13,41,4
13,42,5
13,43,9
13,44,4
13,45,16
13,46,14
13,47,5
13,48,4
13,49,8
13,50,7
13,51,3
13,52,16
13,53,6
13,54,6
13,55,6
13,56,14
13,57,5
13,58,6
13,59,4
13,60,5
13,61,17
13,62,6
13,63,13
13,64,7
13,65,4
13,66,4
13,67,5
13,68,9
13,69,6
13,70,4
13,71,3
13,72,15
13,73,3
13,74,2
13,75,15
13,76,17
13,77,17
13,78,14
13,79,14
13,80,14
13,81,9
13,82,10
13,83,9
13,84,5
13,85,5
13,86,4
13,87,5
13,88,6
13,89,27
13,90,5
13,91,5
13,92,27
13,93,18
13,94,13
13,95,15
13,96,5
13,97,3
13,98,7
13,99,6
13,100,15
13,101,13
13,102,8
13,103,9
13,104,3
13,105,4
13,106,4
13,107,4
13,108,4
13,109,6
13,110,3
13,111,8
13,112,5
13,113,10
13,114,10
13,115,10
13,116,6
13,117,3
13,118,3
13,119,3
13,120,3
13,121,3
13,122,7
13,123,8
13,124,7
13,125,2
13,126,5
13,127,5
13,128,2
13,129,2
13,130,4
13,131,2
13,132,4
13,133,4
13,134,3
13,135,2
13,136,3
13,137,6
13,138,5
13,139,3
13,140,2
13,141,7
13,142,8
13,143,18
13,144,7
13,145,17
13,146,3
13,147,6
13,148,34
13,149,10
13,150,8
13,151,7
13,152,7
13,153,6
13,154,7
13,155,4
13,156,4
13,157,7
13,158,12
13,159,18
13,160,7
13,161,5
13,162,5
13,163,5
13,164,4
13,165,4
13,166,4
13,167,3
13,168,7
13,169,7
13,170,8
13,171,13
13,172,10
13,173,3
13,174,5
13,175,3
13,176,3
13,177,7
13,178,11
13,179,12
13,180,32
13,181,3
13,182,28
13,183,28
13,184,8
13,185,8
13,186,9
13,187,9
13,188,9
13,189,14
13,190,14
13,191,5
13,192,5
13,193,7
13,194,7
13,195,7
13,196,7
13,197,8
13,198,8
13,199,7
13,200,7
13,201,7
13,202,13
13,203,6
13,204,2
13,205,38
13,206,9
13,207,9
13,208,9
13,209,7
13,210,5
13,211,5
13,212,3
13,213,7
13,214,8
13,215,10
13,216,10
13,217,10
13,218,6
13,219,6
13,220,37
13,221,7
13,222,3
13,223,7
13,224,7
13,225,4
13,226,4
13,227,14
13,228,12
13,229,6
13,230,7
13,231,5
13,232,13
13,233,13
13,234,7
13,235,6
13,236,8
13,237,5
13,238,5
13,239,5
13,240,7
13,241,6
13,242,2
13,243,7
13,244,5
13,245,5
13,246,4
13,247,2
13,248,2
13,249,10
13,250,7
13,251,7
13,252,6
13,253,6
13,254,3
13,255,5
13,256,3
13,257,3
13,258,6
13,259,2
13,260,2
13,261,5
13,262,13
13,263,12
13,264,17
13,265,17
13,266,18
13,267,18
13,268,18
13,269,2
13,270,1
13,271,2
13,272,15
13,273,2
13,274,2
13,275,5
13,276,15
13,277,3
13,278,4
13,279,4
13,280,4
13,281,4
13,282,4
13,283,3
13,284,4
13,285,6
13,286,5
13,287,5
13,288,4
13,289,5
13,290,6
13,291,5
13,292,5
13,293,5
13,294,6
13,295,6
13,296,6
13,297,7
13,298,7
13,299,14
13,300,3
13,301,3
13,302,3
13,303,3
13,304,4
13,305,3
13,306,9
13,307,6
13,308,28
13,309,6
13,310,6
13,311,7
13,312,7
13,313,6
13,314,8
13,315,4
13,316,4
13,317,7
13,318,7
13,319,7
13,320,5
13,321,5
13,322,4
13,323,8
13,324,4
13,325,7
13,326,7
13,327,14
13,328,6
13,329,6
13,330,7
13,331,7
13,332,10
13,333,5
13,334,3
13,335,23
13,336,5
13,337,6
13,338,6
13,339,11
13,340,7
13,341,9
13,342,4
13,343,8
13,344,5
13,345,4
13,346,5
13,347,9
13,348,9
13,349,7
13,350,6
14,0,0
14,1,0
14,2,0
14,3,0
14,4,0
14,5,0
14,6,0
14,7,0
14,8,0
14,9,0
14,10,0
14,11,0
14,12,2
14,13,3
14,14,0
14,15,1
14,16,1
14,17,3
14,18,8
14,19,18
14,20,7
14,21,15
14,22,8
14,23,6
14,24,6
14,25,7
14,26,6
14,27,20
14,28,37
14,29,37
14,30,37
14,31,18
14,32,10
14,33,8
14,34,8
14,35,13
14,36,8
14,37,6
14,38,6
14,39,5
14,40,6
14,41,4
14,42,6
14,43,8
14,44,3
14,45,17
14,46,15
14,47,8
14,48,7
14,49,9
14,50,11
14,51,3
14,52,16
14,53,7
14,54,7
14,55,7
14,56,16
14,57,4
14,58,4
14,59,5
14,60,5
14,61,19
14,62,7
14,63,13
14,64,8
14,65,7
14,66,7
14,67,6
14,68,11
14,69,7
14,70,4
14,71,4
14,72,15
14,73,3
14,74,4
14,75,15
14,76,19
14,77,19
14,78,14
14,79,14
14,80,14
14,81,9
14,82,11
14,83,10
14,84,8
14,85,5
14,86,7
14,87,5
14,88,6
14,89,29
14,90,5
14,91,5
14,92,29
14,93,19
14,94,13
14,95,16
14,96,7
14,97,6
14,98,7
14,99,7
14,100,17
14,101,13
14,102,8
14,103,9
14,104,4
14,105,4
14,106,4
14,107,4
14,108,5
14,109,6
14,110,3
14,111,8
14,112,5
14,113,11
14,114,11
14,115,11
14,116,3
14,117,4
14,118,4
14,119,2
14,120,2
14,121,2
14,122,7
14,123,8
14,124,7
14,125,2
14,126,5
14,127,7
14,128,2
14,129,1
14,130,2
14,131,1
14,132,4
14,133,4
14,134,1
14,135,3
14,136,2
14,137,6
14,138,3
14,139,3
14,140,2
14,141,7
14,142,8
14,143,19
14,144,7
14,145,19
14,146,2
14,147,6
14,148,36
14,149,10
14,150,8
14,151,7
14,152,9
14,153,8
14,154,10
14,155,5
14,156,5
14,157,7
14,158,12
14,159,18
14,160,10
14,161,8
14,162,5
14,163,5
14,164,4
14,165,4
14,166,2
14,167,4
14,168,8
14,169,8
14,170,8
14,171,15
14,172,10
14,173,6
14,174,8
14,175,4
14,176,3
14,177,7
14,178,11
14,179,14
14,180,34
14,181,3
14,182,29
14,183,29
14,184,9
14,185,9
14,186,9
14,187,9
14,188,9
14,189,14
14,190,14
14,191,8
14,192,5
14,193,9
14,194,8
14,195,9
14,196,8
14,197,9
14,198,9
14,199,8
14,200,9
14,201,9
14,202,13
14,203,9
14,204,2
14,205,40
14,206,9
14,207,9
14,208,9
14,209,8
14,210,7
14,211,8
14,212,6
14,213,7
14,214,8
14,215,12
14,216,12
14,217,12
14,218,6
14,219,6
14,220,39
14,221,8
14,222,3
14,223,7
14,224,7
14,225,6
14,226,6
14,227,14
14,228,13
14,229,7
14,230,7
14,231,8
14,232,15
14,233,15
14,234,7
14,235,9
14,236,8
14,237,4
14,238,3
14,239,3
14,240,10
14,241,10
14,242,2
14,243,7
14,244,8
14,245,8
14,246,7
14,247,5
14,248,5
14,249,11
14,250,7
14,251,7
14,252,9
14,253,9
14,254,3
14,255,8
14,256,6
14,257,6
14,258,6
14,259,5
14,260,5
14,261,5
14,262,14
14,263,13
14,264,19
14,265,18
14,266,18
14,267,18
14,268,18
14,269,6
14,270,5
14,271,5
14,272,15
14,273,5
14,274,5
14,275,7
14,276,15
14,277,7
14,278,7
14,279,7
14,280,7
14,281,6
14,282,6
14,283,6
14,284,6
14,285,8
14,286,8
14,287,8
14,288,7
14,289,9
14,290,9
14,291,9
14,292,9
14,293,9
14,294,8
14,295,8
14,296,8
14,297,8
14,298,8
14,299,17
14,300,5
14,301,5
14,302,5
14,303,6
14,304,3
14,305,6
14,306,9
14,307,7
14,308,30
14,309,7
14,310,7
14,311,7
14,312,7
14,313,10
14,314,8
14,315,7
14,316,7
14,317,8
14,318,8
14,319,7
14,320,9
14,321,9
14,322,5
14,323,8
14,324,4
14,325,7
14,326,7
14,327,14
14,328,7
14,329,8
14,330,8
14,331,8
14,332,12
14,333,4
14,334,3
14,335,25
14,336,7
14,337,9
14,338,9
14,339,14
14,340,7
14,341,9
14,342,5
14,343,9
14,344,8
14,345,8
14,346,8
14,347,10
14,348,9
14,349,7
14,350,8
15,0,0
15,1,0
15,2,0
15,3,0
15,4,0
15,5,0
15,6,0
15,7,0
15,8,0
15,9,0
15,10,0
15,11,0
15,12,1
15,13,3
15,14,1
15,15,0
15,16,3
15,17,5
15,18,8
15,19,18
15,20,6
15,21,14
15,22,8
15,23,6
15,24,6
15,25,7
15,26,7
15,27,18
15,28,37
15,29,37
15,30,38
15,31,19
15,32,7
15,33,5
15,34,5
15,35,13
15,36,8
15,37,6
15,38,6
15,39,5
15,40,6
15,41,4
15,42,6
15,43,8
15,44,4
15,45,16
15,46,14
15,47,5
15,48,4
15,49,8
15,50,8
15,51,3
15,52,15
15,53,7
15,54,7
15,55,7
15,56,14
15,57,6
15,58,5
15,59,5
15,60,5
15,61,18
15,62,6
15,63,13
15,64,7
15,65,4
15,66,4
15,67,6
15,68,9
15,69,7
15,70,4
15,71,4
15,72,15
15,73,3
15,74,3
15,75,15
15,76,17
15,77,17
15,78,14
15,79,14
15,80,14
15,81,9
15,82,11
15,83,9
15,84,5
15,85,5
15,86,4
15,87,5
15,88,6
15,89,27
15,90,5
15,91,5
15,92,27
15,93,18
15,94,13
15,95,15
15,96,5
15,97,3
15,98,7
15,99,7
15,100,15
15,101,13
15,102,8
15,103,9
15,104,4
15,105,4
15,106,4
15,107,4
15,108,5
15,109,6
15,110,3
15,111,8
15,112,5
15,113,10
15,114,10
15,115,10
15,116,6
15,117,4
15,118,4
15,119,3
15,120,3
15,121,3
15,122,7
15,123,8
15,124,7
15,125,3
15,126,5
15,127,5
15,128,2
15,129,2
15,130,4
15,131,2
15,132,4
15,133,4
15,134,3
15,135,3
15,136,3
15,137,6
15,138,5
15,139,3
15,140,3
15,141,7
15,142,8
15,143,18
15,144,8
15,145,18
15,146,3
15,147,6
15,148,34
15,149,10
15,150,8
15,151,8
15,152,7
15,153,6
15,154,7
15,155,4
15,156,4
15,157,7
15,158,12
15,159,18
15,160,7
15,161,5
15,162,5
15,163,5
15,164,4
15,165,4
15,166,4
15,167,3
15,168,8
15,169,8
15,170,8
15,171,13
15,172,10
15,173,3
15,174,5
15,175,4
15,176,3
15,177,7
15,178,11
15,179,12
15,180,32
15,181,3
15,182,28
15,183,28
15,184,9
15,185,9
15,186,9
15,187,9
15,188,9
15,189,14
15,190,14
15,191,5
15,192,5
15,193,8
15,194,7
15,195,8
15,196,7
15,197,8
15,198,7
15,199,7
15,200,8
15,201,8
15,202,13
15,203,6
15,204,3
15,205,39
15,206,9
15,207,9
15,208,9
15,209,7
15,210,5
15,211,5
15,212,3
15,213,7
15,214,8
15,215,10
15,216,10
15,217,10
15,218,7
15,219,7
15,220,37
15,221,7
15,222,3
15,223,7
15,224,7
15,225,4
15,226,4
15,227,13
15,228,13
15,229,7
15,230,7
15,231,5
15,232,13
15,233,13
15,234,7
15,235,6
15,236,8
15,237,6
15,238,4
15,239,4
15,240,7
15,241,6
15,242,2
15,243,7
15,244,5
15,245,6
15,246,5
15,247,3
15,248,3
15,249,10
15,250,8
15,251,8
15,252,6
15,253,6
15,254,3
15,255,5
15,256,3
15,257,3
15,258,6
15,259,3
15,260,3
15,261,5
15,262,13
15,263,12
15,264,17
15,265,18
15,266,18
15,267,18
15,268,18
15,269,3
15,270,2
15,271,2
15,272,15
15,273,2
15,274,2
15,275,5
15,276,15
15,277,4
15,278,4
15,279,4
15,280,4
15,281,4
15,282,4
15,283,4
15,284,4
15,285,6
15,286,5
15,287,5
15,288,5
15,289,5
15,290,6
15,291,6
15,292,6
15,293,6
15,294,6
15,295,6
15,296,6
15,297,8
15,298,7
15,299,15
15,300,3
15,301,3
15,302,3
15,303,3
15,304,4
15,305,3
15,306,9
15,307,6
15,308,28
15,309,6
15,310,7
15,311,8
15,312,8
15,313,6
15,314,9
15,315,4
15,316,5
15,317,8
15,318,8
15,319,8
15,320,6
15,321,6
15,322,4
15,323,8
15,324,5
15,325,7
15,326,8
15,327,13
15,328,6
15,329,7
15,330,7
15,331,8
15,332,10
15,333,6
15,334,3
15,335,23
15,336,5
15,337,7
15,338,6
15,339,12
15,340,7
15,341,10
15,342,5
15,343,9
15,344,6
15,345,5
15,346,6
15,347,9
15,348,9
15,349,7
15,350,7
16,0,0
16,1,0
16,2,0
16,3,0
16,4,0
16,5,0
16,6,0
16,7,0
16,8,0
16,9,0
16,10,0
16,11,0
16,12,2
16,13,3
16,14,1
16,15,3
16,16,0
16,17,3
16,18,8
16,19,18
16,20,7
16,21,15
16,22,7
16,23,6
16,24,6
16,25,7
16,26,6
16,27,20
16,28,37
16,29,37
16,30,37
16,31,18
16,32,10
16,33,8
16,34,8
16,35,13
16,36,8
16,37,6
16,38,6
16,39,5
16,40,6
16,41,4
16,42,6
16,43,8
16,44,2
16,45,16
16,46,15
16,47,7
16,48,7
16,49,9
16,50,10
16,51,3
16,52,16
16,53,7
16,54,7
16,55,7
16,56,16
16,57,4
16,58,3
16,59,5
16,60,5
16,61,19
16,62,6
16,63,13
16,64,8
16,65,7
16,66,7
16,67,6
16,68,11
16,69,7
16,70,4
16,71,4
16,72,15
16,73,3
16,74,3
16,75,15
16,76,19
16,77,19
16,78,14
16,79,14
16,80,14
16,81,9
16,82,10
16,83,10
16,84,8
16,85,5
16,86,7
16,87,5
16,88,6
16,89,29
16,90,5
16,91,4
16,92,29
16,93,19
16,94,13
16,95,16
16,96,7
16,97,6
16,98,7
16,99,7
16,100,17
16,101,13
16,102,8
16,103,9
16,104,4
16,105,4
16,106,4
16,107,4
16,108,5
16,109,6
16,110,3
16,111,8
16,112,5
16,113,10
16,114,10
16,115,10
16,116,4
16,117,4
16,118,4
16,119,2
16,120,2
16,121,2
16,122,7
16,123,8
16,124,7
16,125,2
16,126,5
16,127,7
16,128,2
16,129,1
16,130,2
16,131,1
16,132,4
16,133,4
16,134,1
16,135,3
16,136,2
16,137,6
16,138,3
16,139,3
16,140,2
16,141,7
16,142,7
16,143,19
16,144,8
16,145,19
16,146,2
16,147,6
16,148,36
16,149,10
16,150,9
16,151,8
16,152,9
16,153,9
16,154,10
16,155,5
16,156,5
16,157,7
16,158,12
16,159,18
16,160,10
16,161,8
16,162,5
16,163,5
16,164,4
16,165,4
16,166,2
16,167,4
16,168,8
16,169,8
16,170,8
16,171,15
16,172,10
16,173,6
16,174,8
16,175,3
16,176,3
16,177,7
16,178,11
16,179,14
16,180,34
16,181,3
16,182,29
16,183,29
16,184,9
16,185,9
16,186,10
16,187,9
16,188,9
16,189,14
16,190,14
16,191,8
16,192,5
16,193,9
16,194,8
16,195,9
16,196,8
16,197,9
16,198,9
16,199,8
16,200,9
16,201,9
16,202,13
16,203,9
16,204,2
16,205,40
16,206,9
16,207,9
16,208,9
16,209,8
16,210,8
16,211,8
16,212,6
16,213,7
16,214,8
16,215,12
16,216,12
16,217,12
16,218,7
16,219,7
16,220,39
16,221,7
16,222,3
16,223,7
16,224,7
16,225,6
16,226,6
16,227,13
16,228,13
16,229,6
16,230,7
16,231,8
16,232,15
16,233,15
16,234,7
16,235,10
16,236,8
16,237,3
16,238,3
16,239,3
16,240,10
16,241,10
16,242,2
16,243,7
16,244,8
16,245,8
16,246,8
16,247,6
16,248,6
16,249,11
16,250,8
16,251,8
16,252,10
16,253,10
16,254,2
16,255,8
16,256,7
16,257,7
16,258,6
16,259,6
16,260,6
16,261,5
16,262,14
16,263,13
16,264,19
16,265,17
16,266,18
16,267,18
16,268,18
16,269,6
16,270,5
16,271,5
16,272,14
16,273,5
16,274,5
16,275,8
16,276,15
16,277,7
16,278,7
16,279,7
16,280,7
16,281,5
16,282,5
16,283,6
16,284,5
16,285,9
16,286,8
16,287,8
16,288,8
16,289,8
16,290,10
16,291,9
16,292,9
16,293,9
16,294,9
16,295,9
16,296,9
16,297,9
16,298,9
16,299,16
16,300,5
16,301,5
16,302,5
16,303,6
16,304,3
16,305,6
16,306,10
16,307,7
16,308,29
16,309,7
16,310,7
16,311,8
16,312,8
16,313,9
16,314,9
16,315,7
16,316,8
16,317,8
16,318,8
16,319,8
16,320,9
16,321,8
16,322,4
16,323,9
16,324,5
16,325,7
16,326,8
16,327,13
16,328,7
16,329,8
16,330,8
16,331,8
16,332,12
16,333,4
16,334,3
16,335,25
16,336,8
16,337,10
16,338,9
16,339,13
16,340,7
16,341,9
16,342,5
16,343,10
16,344,8
16,345,8
16,346,8
16,347,9
16,348,9
16,349,7
16,350,7
17,0,0
17,1,0
17,2,0
17,3,0
17,4,0
17,5,0
17,6,0
17,7,0
17,8,0
17,9,0
17,10,0
17,11,0
17,12,3
17,13,5
17,14,3
17,15,5
17,16,3
17,17,0
17,18,8
17,19,18
17,20,7
17,21,14
17,22,7
17,23,6
17,24,6
17,25,7
17,26,6
17,27,20
17,28,36
17,29,36
17,30,36
17,31,18
17,32,10
17,33,7
17,34,7
17,35,13
17,36,8
17,37,6
17,38,6
17,39,7
17,40,5
17,41,5
17,42,5
17,43,8
17,44,1
17,45,16
17,46,15
17,47,7
17,48,6
17,49,8
17,50,10
17,51,2
17,52,15
17,53,6
17,54,6
17,55,6
17,56,15
17,57,3
17,58,2
17,59,4
17,60,4
17,61,19
17,62,6
17,63,12
17,64,7
17,65,6
17,66,6
17,67,5
17,68,11
17,69,6
17,70,4
17,71,3
17,72,15
17,73,3
17,74,3
17,75,15
17,76,18
17,77,18
17,78,13
17,79,13
17,80,13
17,81,8
17,82,10
17,83,9
17,84,7
17,85,4
17,86,7
17,87,5
17,88,6
17,89,28
17,90,4
17,91,4
17,92,28
17,93,19
17,94,12
17,95,15
17,96,7
17,97,5
17,98,6
17,99,7
17,100,16
17,101,13
17,102,8
17,103,9
17,104,3
17,105,3
17,106,3
17,107,4
17,108,4
17,109,5
17,110,3
17,111,8
17,112,4
17,113,10
17,114,10
17,115,10
17,116,2
17,117,3
17,118,3
17,119,2
17,120,2
17,121,2
17,122,6
17,123,7
17,124,7
17,125,1
17,126,6
17,127,7
17,128,3
17,129,2
17,130,2
17,131,2
17,132,4
17,133,4
17,134,1
17,135,3
17,136,2
17,137,5
17,138,2
17,139,4
17,140,3
17,141,6
17,142,6
17,143,19
17,144,8
17,145,19
17,146,3
17,147,6
17,148,35
17,149,10
17,150,8
17,151,7
17,152,9
17,153,8
17,154,9
17,155,4
17,156,4
17,157,7
17,158,12
17,159,18
17,160,9
17,161,7
17,162,4
17,163,4
17,164,5
17,165,5
17,166,2
17,167,4
17,168,7
17,169,7
17,170,8
17,171,14
17,172,9
17,173,5
17,174,7
17,175,3
17,176,2
17,177,6
17,178,11
17,179,13
17,180,33
17,181,3
17,182,29
17,183,29
17,184,8
17,185,8
17,186,9
17,187,9
17,188,9
17,189,14
17,190,14
17,191,7
17,192,5
17,193,8
17,194,8
17,195,8
17,196,8
17,197,8
17,198,8
17,199,8
17,200,8
17,201,8
17,202,12
17,203,9
17,204,3
17,205,40
17,206,8
17,207,8
17,208,8
17,209,7
17,210,7
17,211,7
17,212,6
17,213,7
17,214,8
17,215,11
17,216,11
17,217,11
17,218,7
17,219,6
17,220,39
17,221,7
17,222,2
17,223,6
17,224,6
17,225,5
17,226,5
17,227,13
17,228,12
17,229,6
17,230,7
17,231,8
17,232,14
17,233,14
17,234,7
17,235,9
17,236,7
17,237,3
17,238,2
17,239,3
17,240,9
17,241,9
17,242,2
17,243,6
17,244,8
17,245,8
17,246,7
17,247,5
17,248,5
17,249,10
17,250,8
17,251,8
17,252,8
17,253,8
17,254,2
17,255,8
17,256,5
17,257,5
17,258,7
17,259,5
17,260,5
17,261,4
17,262,13
17,263,12
17,264,18
17,265,16
17,266,17
17,267,17
17,268,17
17,269,5
17,270,4
17,271,4
17,272,14
17,273,4
17,274,5
17,275,7
17,276,14
17,277,6
17,278,6
17,279,6
17,280,6
17,281,5
17,282,5
17,283,6
17,284,5
17,285,8
17,286,7
17,287,7
17,288,7
17,289,8
17,290,8
17,291,8
17,292,8
17,293,8
17,294,8
17,295,8
17,296,8
17,297,8
17,298,8
17,299,16
17,300,4
17,301,4
17,302,4
17,303,5
17,304,1
17,305,5
17,306,9
17,307,6
17,308,29
17,309,6
17,310,6
17,311,7
17,312,7
17,313,8
17,314,8
17,315,6
17,316,7
17,317,7
17,318,7
17,319,7
17,320,8
17,321,8
17,322,4
17,323,8
17,324,5
17,325,6
17,326,7
17,327,13
17,328,8
17,329,7
17,330,7
17,331,8
17,332,11
17,333,2
17,334,4
17,335,24
17,336,7
17,337,9
17,338,9
17,339,13
17,340,6
17,341,8
17,342,4
17,343,8
17,344,8
17,345,7
17,346,8
17,347,9
17,348,8
17,349,6
17,350,7
18,0,0
18,1,0
18,2,0
18,3,0
18,4,0
18,5,0
18,6,0
18,7,0
18,8,0
18,9,0
18,10,0
18,11,0
18,12,8
18,13,8
18,14,8
18,15,8
18,16,8
18,17,8
18,18,0
18,19,17
18,20,9
18,21,10
18,22,4
18,23,4
18,24,4
18,25,4
18,26,3
18,27,15
18,28,34
18,29,34
18,30,34
18,31,14
18,32,9
18,33,4
18,34,5
18,35,13
18,36,4
18,37,9
18,38,9
18,39,8
18,40,9
18,41,6
18,42,8
18,43,4
18,44,8
18,45,17
18,46,10
18,47,6
18,48,5
18,49,9
18,50,9
18,51,8
18,52,15
18,53,10
18,54,10
18,55,10
18,56,10
18,57,9
18,58,10
18,59,7
18,60,6
18,61,14
18,62,11
18,63,13
18,64,9
18,65,5
18,66,6
18,67,10
18,68,7
18,69,11
18,70,9
18,71,8
18,72,15
18,73,8
18,74,8
18,75,15
18,76,13
18,77,13
18,78,14
18,79,14
18,80,13
18,81,14
18,82,9
18,83,14
18,84,7
18,85,10
18,86,7
18,87,10
18,88,11
18,89,23
18,90,7
18,91,6
18,92,23
18,93,14
18,94,12
18,95,16
18,96,8
18,97,9
18,98,5
18,99,2
18,100,11
18,101,13
18,102,1
18,103,8
18,104,8
18,105,8
18,106,9
18,107,9
18,108,9
18,109,10
18,110,8
18,111,3
18,112,5
18,113,9
18,114,9
18,115,9
18,116,9
18,117,8
18,118,8
18,119,10
18,120,10
18,121,10
18,122,3
18,123,4
18,124,2
18,125,7
18,126,8
18,127,8
18,128,9
18,129,10
18,130,12
18,131,10
18,132,6
18,133,6
18,134,10
18,135,10
18,136,9
18,137,7
18,138,10
18,139,7
18,140,8
18,141,6
18,142,6
18,143,14
18,144,3
18,145,14
18,146,10
18,147,10
18,148,30
18,149,9
18,150,3
18,151,3
18,152,3
18,153,3
18,154,5
18,155,10
18,156,10
18,157,12
18,158,11
18,159,17
18,160,5
18,161,5
18,162,6
18,163,5
18,164,6
18,165,6
18,166,11
18,167,9
18,168,2
18,169,2
18,170,2
18,171,9
18,172,5
18,173,9
18,174,8
18,175,6
18,176,7
18,177,3
18,178,10
18,179,8
18,180,30
18,181,7
18,182,24
18,183,24
18,184,1
18,185,1
18,186,2
18,187,2
18,188,2
18,189,16
18,190,16
18,191,6
18,192,10
18,193,9
18,194,9
18,195,9
18,196,9
18,197,9
18,198,9
18,199,9
18,200,9
18,201,9
18,202,15
18,203,5
18,204,8
18,205,35
18,206,4
18,207,4
18,208,4
18,209,2
18,210,7
18,211,7
18,212,7
18,213,3
18,214,3
18,215,10
18,216,10
18,217,10
18,218,5
18,219,5
18,220,33
18,221,12
18,222,6
18,223,3
18,224,3
18,225,7
18,226,7
18,227,10
18,228,11
18,229,11
18,230,12
18,231,7
18,232,10
18,233,10
18,234,3
18,235,4
18,236,4
18,237,10
18,238,10
18,239,10
18,240,4
18,241,4
18,242,10
18,243,6
18,244,5
18,245,5
18,246,7
18,247,7
18,248,7
18,249,9
18,250,3
18,251,3
18,252,5
18,253,5
18,254,8
18,255,7
18,256,7
18,257,7
18,258,6
18,259,7
18,260,7
18,261,5
18,262,12
18,263,11
18,264,13
18,265,13
18,266,14
18,267,14
18,268,14
18,269,7
18,270,7
18,271,7
18,272,16
18,273,7
18,274,7
18,275,5
18,276,17
18,277,7
18,278,7
18,279,7
18,280,7
18,281,10
18,282,10
18,283,10
18,284,10
18,285,3
18,286,4
18,287,4
18,288,5
18,289,4
18,290,4
18,291,4
18,292,4
18,293,4
18,294,3
18,295,3
18,296,3
18,297,2
18,298,3
18,299,11
18,300,9
18,301,9
18,302,9
18,303,9
18,304,8
18,305,9
18,306,2
18,307,11
18,308,24
18,309,11
18,310,11
18,311,3
18,312,3
18,313,4
18,314,4
18,315,7
18,316,8
18,317,2
18,318,2
18,319,4
18,320,4
18,321,4
18,322,9
18,323,3
18,324,6
18,325,3
18,326,2
18,327,10
18,328,7
18,329,9
18,330,10
18,331,13
18,332,10
18,333,9
18,334,9
18,335,19
18,336,6
18,337,5
18,338,9
18,339,8
18,340,3
18,341,5
18,342,9
18,343,3
18,344,7
18,345,6
18,346,7
18,347,14
18,348,4
18,349,3
18,350,9
19,0,0
19,1,0
19,2,0
19,3,0
19,4,0
19,5,0
19,6,0
19,7,0
19,8,0
19,9,0
19,10,0
19,11,0
19,12,19
19,13,18
19,14,18
19,15,18
19,16,18
19,17,18
19,18,17
19,19,0
19,20,17
19,21,21
19,22,13
19,23,15
19,24,15
19,25,16
19,26,14
19,27,26
19,28,41
19,29,41
19,30,41
19,31,22
19,32,20
19,33,18
19,34,19
19,35,23
19,36,17
19,37,16
19,38,16
19,39,18
19,40,15
19,41,17
19,42,15
19,43,17
19,44,16
19,45,26
19,46,21
19,47,19
19,48,18
19,49,18
19,50,21
19,51,14
19,52,25
19,53,16
19,54,16
19,55,16
19,56,19
19,57,15
19,58,15
19,59,12
19,60,15
19,61,24
19,62,17
19,63,22
19,64,18
19,65,18
19,66,18
19,67,16
19,68,19
19,69,17
19,70,15
19,71,14
19,72,24
19,73,13
19,74,14
19,75,25
19,76,23
19,77,23
19,78,23
19,79,23
19,80,23
19,81,19
19,82,12
19,83,20
19,84,19
19,85,15
19,86,18
19,87,16
19,88,16
19,89,18
19,90,15
19,91,15
19,92,31
19,93,23
19,94,22
19,95,25
19,96,19
19,97,19
19,98,11
19,99,15
19,100,22
19,101,23
19,102,16
19,103,11
19,104,14
19,105,14
19,106,14
19,107,15
19,108,15
19,109,16
19,110,14
19,111,14
19,112,13
19,113,13
19,114,13
19,115,13
19,116,15
19,117,14
19,118,14
19,119,17
19,120,17
19,121,17
19,122,12
19,123,14
19,124,15
19,125,15
19,126,18
19,127,17
19,128,17
19,129,17
19,130,17
19,131,17
19,132,15
19,133,15
19,134,16
19,135,15
19,136,14
19,137,16
19,138,16
19,139,16
19,140,17
19,141,12
19,142,12
19,143,22
19,144,17
19,145,23
19,146,18
19,147,16
19,148,29
19,149,12
19,150,15
19,151,17
19,152,17
19,153,17
19,154,18
19,155,15
19,156,15
19,157,18
19,158,15
19,159,1
19,160,19
19,161,17
19,162,15
19,163,13
19,164,17
19,165,17
19,166,17
19,167,15
19,168,14
19,169,14
19,170,14
19,171,20
19,172,16
19,173,16
19,174,18
19,175,15
19,176,14
19,177,12
19,178,13
19,179,19
19,180,27
19,181,16
19,182,18
19,183,18
19,184,15
19,185,15
19,186,15
19,187,15
19,188,15
19,189,18
19,190,18
19,191,18
19,192,16
19,193,19
19,194,18
19,195,19
19,196,18
19,197,19
19,198,19
19,199,18
19,200,19
19,201,19
19,202,17
19,203,18
19,204,17
19,205,36
19,206,14
19,207,14
19,208,14
19,209,15
19,210,20
19,211,20
19,212,17
19,213,16
19,214,17
19,215,21
19,216,21
19,217,21
19,218,16
19,219,16
19,220,34
19,221,18
19,222,14
19,223,12
19,224,12
19,225,16
19,226,16
19,227,17
19,228,11
19,229,17
19,230,18
19,231,19
19,232,21
19,233,21
19,234,16
19,235,18
19,236,14
19,237,16
19,238,15
19,239,15
19,240,18
19,241,18
19,242,16
19,243,13
19,244,18
19,245,18
19,246,19
19,247,18
19,248,18
19,249,13
19,250,17
19,251,17
19,252,18
19,253,18
19,254,14
19,255,19
19,256,19
19,257,19
19,258,19
19,259,18
19,260,18
19,261,14
19,262,15
19,263,14
19,264,22
19,265,21
19,266,22
19,267,22
19,268,22
19,269,19
19,270,18
19,271,18
19,272,19
19,273,18
19,274,18
19,275,19
19,276,18
19,277,18
19,278,18
19,279,18
19,280,18
19,281,16
19,282,16
19,283,18
19,284,16
19,285,16
19,286,18
19,287,17
19,288,18
19,289,17
19,290,18
19,291,17
19,292,17
19,293,17
19,294,17
19,295,17
19,296,17
19,297,16
19,298,16
19,299,20
19,300,15
19,301,15
19,302,15
19,303,16
19,304,17
19,305,16
19,306,15
19,307,17
19,308,18
19,309,17
19,310,17
19,311,16
19,312,16
19,313,18
19,314,17
19,315,18
19,316,18
19,317,15
19,318,15
19,319,16
19,320,18
19,321,17
19,322,15
19,323,15
19,324,15
19,325,13
19,326,13
19,327,17
19,328,20
19,329,18
19,330,18
19,331,19
19,332,21
19,333,15
19,334,18
19,335,28
19,336,19
19,337,18
19,338,19
19,339,20
19,340,12
19,341,15
19,342,15
19,343,15
19,344,19
19,345,19
19,346,19
19,347,20
19,348,14
19,349,12
19,350,17
20,0,0
20,1,0
20,2,0
20,3,0
20,4,0
20,5,0
20,6,0
20,7,0
20,8,0
20,9,0
20,10,0
20,11,0
20,12,8
20,13,6
20,14,7
20,15,6
20,16,7
20,17,7
20,18,9
20,19,17
20,20,0
20,21,11
20,22,9
20,23,10
20,24,10
20,25,11
20,26,9
20,27,16
20,28,37
20,29,37
20,30,37
20,31,18
20,32,5
20,33,6
20,34,6
20,35,9
20,36,11
20,37,1
20,38,1
20,39,8
20,40,2
20,41,7
20,42,2
20,43,9
20,44,7
20,45,12
20,46,11
20,47,5
20,48,5
20,49,2
20,50,7
20,51,4
20,52,11
20,53,3
20,54,3
20,55,3
20,56,11
20,57,6
20,58,7
20,59,5
20,60,8
20,61,15
20,62,7
20,63,9
20,64,1
20,65,5
20,66,5
20,67,6
20,68,7
20,69,7
20,70,5
20,71,4
20,72,11
20,73,4
20,74,4
20,75,11
20,76,15
20,77,15
20,78,10
20,79,10
20,80,10
20,81,9
20,82,11
20,83,10
20,84,5
20,85,6
20,86,5
20,87,6
20,88,6
20,89,24
20,90,8
20,91,8
20,92,25
20,93,16
20,94,9
20,95,12
20,96,6
20,97,7
20,98,7
20,99,10
20,100,13
20,101,9
20,102,10
20,103,10
20,104,3
20,105,4
20,106,4
20,107,5
20,108,6
20,109,3
20,110,4
20,111,10
20,112,9
20,113,11
20,114,11
20,115,11
20,116,7
20,117,4
20,118,4
20,119,7
20,120,7
20,121,7
20,122,8
20,123,9
20,124,10
20,125,7
20,126,8
20,127,4
20,128,7
20,129,6
20,130,6
20,131,6
20,132,8
20,133,8
20,134,6
20,135,5
20,136,4
20,137,8
20,138,7
20,139,7
20,140,7
20,141,7
20,142,8
20,143,15
20,144,11
20,145,16
20,146,7
20,147,3
20,148,32
20,149,11
20,150,11
20,151,10
20,152,8
20,153,7
20,154,8
20,155,4
20,156,4
20,157,7
20,158,13
20,159,18
20,160,8
20,161,5
20,162,8
20,163,8
20,164,7
20,165,7
20,166,7
20,167,4
20,168,10
20,169,10
20,170,10
20,171,11
20,172,11
20,173,5
20,174,3
20,175,7
20,176,6
20,177,8
20,178,12
20,179,10
20,180,30
20,181,8
20,182,26
20,183,26
20,184,10
20,185,10
20,186,9
20,187,9
20,188,9
20,189,14
20,190,14
20,191,4
20,192,6
20,193,2
20,194,2
20,195,2
20,196,2
20,197,2
20,198,2
20,199,2
20,200,2
20,201,2
20,202,13
20,203,7
20,204,7
20,205,36
20,206,10
20,207,10
20,208,10
20,209,11
20,210,4
20,211,4
20,212,4
20,213,10
20,214,8
20,215,8
20,216,8
20,217,8
20,218,11
20,219,11
20,220,35
20,221,8
20,222,7
20,223,8
20,224,8
20,225,4
20,226,4
20,227,13
20,228,13
20,229,8
20,230,8
20,231,6
20,232,11
20,233,11
20,234,11
20,235,8
20,236,9
20,237,6
20,238,5
20,239,5
20,240,8
20,241,8
20,242,6
20,243,9
20,244,6
20,245,6
20,246,5
20,247,7
20,248,7
20,249,11
20,250,11
20,251,11
20,252,7
20,253,8
20,254,4
20,255,6
20,256,5
20,257,5
20,258,7
20,259,5
20,260,5
20,261,10
20,262,14
20,263,13
20,264,15
20,265,17
20,266,18
20,267,18
20,268,18
20,269,8
20,270,5
20,271,5
20,272,15
20,273,5
20,274,5
20,275,6
20,276,15
20,277,5
20,278,4
20,279,5
20,280,3
20,281,5
20,282,5
20,283,7
20,284,5
20,285,8
20,286,6
20,287,6
20,288,5
20,289,7
20,290,8
20,291,7
20,292,7
20,293,7
20,294,7
20,295,7
20,296,7
20,297,8
20,298,8
20,299,12
20,300,4
20,301,4
20,302,4
20,303,5
20,304,7
20,305,5
20,306,9
20,307,7
20,308,26
20,309,7
20,310,8
20,311,9
20,312,9
20,313,7
20,314,9
20,315,3
20,316,3
20,317,10
20,318,10
20,319,11
20,320,7
20,321,7
20,322,5
20,323,10
20,324,9
20,325,8
20,326,9
20,327,14
20,328,7
20,329,1
20,330,1
20,331,8
20,332,8
20,333,6
20,334,7
20,335,21
20,336,6
20,337,8
20,338,3
20,339,9
20,340,8
20,341,11
20,342,6
20,343,11
20,344,6
20,345,5
20,346,6
20,347,11
20,348,10
20,349,8
20,350,1
21,0,0
21,1,0
21,2,0
21,3,0
21,4,0
21,5,0
21,6,0
21,7,0
21,8,0
21,9,0
21,10,0
21,11,0
21,12,16
21,13,14
21,14,15
21,15,14
21,16,15
21,17,14
21,18,10
21,19,21
21,20,11
21,21,0
21,22,10
21,23,11
21,24,11
21,25,12
21,26,11
21,27,10
21,28,33
21,29,33
21,30,33
21,31,15
21,32,13
21,33,11
21,34,11
21,35,15
21,36,12
21,37,11
21,38,11
21,39,13
21,40,10
21,41,12
21,42,10
21,43,11
21,44,14
21,45,19
21,46,2
21,47,11
21,48,10
21,49,11
21,50,13
21,51,12
21,52,17
21,53,11
21,54,11
21,55,11
21,56,5
21,57,14
21,58,15
21,59,13
21,60,15
21,61,8
21,62,15
21,63,15
21,64,10
21,65,10
21,66,10
21,67,14
21,68,8
21,69,15
21,70,13
21,71,12
21,72,16
21,73,12
21,74,12
21,75,17
21,76,9
21,77,9
21,78,15
21,79,15
21,80,15
21,81,15
21,82,15
21,83,17
21,84,11
21,85,14
21,86,12
21,87,14
21,88,14
21,89,20
21,90,15
21,91,14
21,92,19
21,93,10
21,94,14
21,95,17
21,96,12
21,97,13
21,98,12
21,99,10
21,100,7
21,101,15
21,102,10
21,103,14
21,104,11
21,105,11
21,106,11
21,107,13
21,108,14
21,109,11
21,110,12
21,111,10
21,112,13
21,113,15
21,114,15
21,115,15
21,116,15
21,117,12
21,118,12
21,119,14
21,120,14
21,121,14
21,122,10
21,123,10
21,124,11
21,125,13
21,126,13
21,127,13
21,128,13
21,129,13
21,130,14
21,131,13
21,132,13
21,133,13
21,134,14
21,135,14
21,136,12
21,137,13
21,138,15
21,139,13
21,140,13
21,141,12
21,142,12
21,143,9
21,144,11
21,145,9
21,146,14
21,147,12
21,148,26
21,149,15
21,150,11
21,151,11
21,152,11
21,153,10
21,154,12
21,155,12
21,156,12
21,157,15
21,158,16
21,159,21
21,160,12
21,161,9
21,162,15
21,163,13
21,164,12
21,165,12
21,166,15
21,167,11
21,168,11
21,169,11
21,170,11
21,171,3
21,172,10
21,173,13
21,174,13
21,175,15
21,176,14
21,177,10
21,178,17
21,179,2
21,180,25
21,181,14
21,182,21
21,183,20
21,184,10
21,185,10
21,186,9
21,187,9
21,188,9
21,189,19
21,190,19
21,191,10
21,192,14
21,193,11
21,194,10
21,195,11
21,196,10
21,197,11
21,198,11
21,199,10
21,200,11
21,201,11
21,202,18
21,203,12
21,204,13
21,205,31
21,206,10
21,207,10
21,208,10
21,209,11
21,210,11
21,211,11
21,212,11
21,213,10
21,214,11
21,215,11
21,216,11
21,217,11
21,218,12
21,219,12
21,220,30
21,221,16
21,222,14
21,223,10
21,224,10
21,225,11
21,226,11
21,227,10
21,228,14
21,229,15
21,230,16
21,231,11
21,232,1
21,233,1
21,234,12
21,235,12
21,236,10
21,237,14
21,238,13
21,239,13
21,240,12
21,241,12
21,242,14
21,243,14
21,244,11
21,245,11
21,246,12
21,247,12
21,248,12
21,249,15
21,250,11
21,251,11
21,252,12
21,253,12
21,254,12
21,255,12
21,256,12
21,257,11
21,258,12
21,259,11
21,260,11
21,261,13
21,262,17
21,263,17
21,264,9
21,265,14
21,266,15
21,267,15
21,268,15
21,269,12
21,270,12
21,271,11
21,272,20
21,273,11
21,274,11
21,275,10
21,276,19
21,277,11
21,278,11
21,279,11
21,280,12
21,281,12
21,282,13
21,283,15
21,284,12
21,285,10
21,286,10
21,287,11
21,288,10
21,289,11
21,290,12
21,291,11
21,292,11
21,293,11
21,294,10
21,295,10
21,296,10
21,297,9
21,298,10
21,299,6
21,300,12
21,301,12
21,302,12
21,303,13
21,304,15
21,305,13
21,306,9
21,307,15
21,308,20
21,309,15
21,310,15
21,311,10
21,312,10
21,313,12
21,314,11
21,315,12
21,316,13
21,317,12
21,318,12
21,319,12
21,320,11
21,321,11
21,322,13
21,323,11
21,324,13
21,325,10
21,326,11
21,327,10
21,328,12
21,329,11
21,330,11
21,331,16
21,332,11
21,333,14
21,334,14
21,335,15
21,336,11
21,337,12
21,338,13
21,339,6
21,340,10
21,341,10
21,342,13
21,343,11
21,344,12
21,345,11
21,346,12
21,347,17
21,348,10
21,349,10
21,350,11
22,0,0
22,1,0
22,2,0
22,3,0
22,4,0
22,5,0
22,6,0
22,7,0
22,8,0
22,9,0
22,10,0
22,11,0
22,12,7
22,13,8
22,14,8
22,15,8
22,16,7
22,17,7
22,18,4
22,19,13
22,20,9
22,21,10
22,22,0
22,23,3
22,24,3
22,25,4
22,26,3
22,27,15
22,28,31
22,29,31
22,30,32
22,31,13
22,32,10
22,33,6
22,34,7
22,35,13
22,36,5
22,37,8
22,38,8
22,39,8
22,40,7
22,41,7
22,42,7
22,43,6
22,44,8
22,45,17
22,46,10
22,47,7
22,48,6
22,49,10
22,50,9
22,51,6
22,52,16
22,53,8
22,54,8
22,55,8
22,56,11
22,57,7
22,58,7
22,59,4
22,60,7
22,61,14
22,62,9
22,63,14
22,64,9
22,65,6
22,66,6
22,67,8
22,68,7
22,69,9
22,70,7
22,71,6
22,72,15
22,73,5
22,74,6
22,75,15
22,76,14
22,77,14
22,78,14
22,79,14
22,80,14
22,81,11
22,82,7
22,83,12
22,84,8
22,85,7
22,86,9
22,87,8
22,88,8
22,89,23
22,90,7
22,91,6
22,92,23
22,93,15
22,94,13
22,95,16
22,96,9
22,97,10
22,98,3
22,99,4
22,100,12
22,101,14
22,102,5
22,103,6
22,104,6
22,105,6
22,106,6
22,107,7
22,108,7
22,109,7
22,110,5
22,111,3
22,112,5
22,113,7
22,114,7
22,115,7
22,116,7
22,117,6
22,118,6
22,119,9
22,120,9
22,121,9
22,122,1
22,123,2
22,124,4
22,125,7
22,126,8
22,127,9
22,128,8
22,129,8
22,130,8
22,131,8
22,132,5
22,133,5
22,134,8
22,135,7
22,136,6
22,137,6
22,138,8
22,139,6
22,140,7
22,141,3
22,142,4
22,143,14
22,144,5
22,145,15
22,146,9
22,147,8
22,148,30
22,149,6
22,150,4
22,151,5
22,152,5
22,153,5
22,154,7
22,155,7
22,156,7
22,157,10
22,158,9
22,159,14
22,160,7
22,161,6
22,162,7
22,163,4
22,164,7
22,165,7
22,166,9
22,167,7
22,168,3
22,169,3
22,170,3
22,171,10
22,172,4
22,173,8
22,174,9
22,175,6
22,176,6
22,177,1
22,178,8
22,179,9
22,180,28
22,181,7
22,182,23
22,183,23
22,184,4
22,185,4
22,186,4
22,187,4
22,188,4
22,189,13
22,190,13
22,191,6
22,192,8
22,193,9
22,194,9
22,195,9
22,196,9
22,197,9
22,198,10
22,199,9
22,200,9
22,201,9
22,202,12
22,203,7
22,204,7
22,205,34
22,206,3
22,207,2
22,208,2
22,209,4
22,210,7
22,211,7
22,212,8
22,213,5
22,214,5
22,215,10
22,216,10
22,217,10
22,218,4
22,219,4
22,220,33
22,221,10
22,222,6
22,223,1
22,224,1
22,225,8
22,226,8
22,227,8
22,228,9
22,229,9
22,230,9
22,231,7
22,232,10
22,233,10
22,234,4
22,235,6
22,236,1
22,237,8
22,238,7
22,239,7
22,240,6
22,241,6
22,242,7
22,243,5
22,244,6
22,245,7
22,246,9
22,247,9
22,248,9
22,249,7
22,250,5
22,251,5
22,252,7
22,253,7
22,254,6
22,255,8
22,256,8
22,257,8
22,258,9
22,259,8
22,260,8
22,261,5
22,262,10
22,263,9
22,264,14
22,265,11
22,266,12
22,267,12
22,268,12
22,269,9
22,270,8
22,271,8
22,272,14
22,273,8
22,274,8
22,275,7
22,276,14
22,277,8
22,278,8
22,279,8
22,280,8
22,281,8
22,282,8
22,283,10
22,284,8
22,285,5
22,286,6
22,287,6
22,288,7
22,289,6
22,290,6
22,291,5
22,292,5
22,293,5
22,294,5
22,295,5
22,296,5
22,297,4
22,298,5
22,299,11
22,300,7
22,301,7
22,302,7
22,303,8
22,304,8
22,305,8
22,306,4
22,307,9
22,308,23
22,309,9
22,310,9
22,311,5
22,312,5
22,313,6
22,314,6
22,315,8
22,316,9
22,317,3
22,318,3
22,319,5
22,320,6
22,321,6
22,322,7
22,323,3
22,324,5
22,325,1
22,326,2
22,327,8
22,328,8
22,329,10
22,330,10
22,331,10
22,332,10
22,333,7
22,334,8
22,335,19
22,336,7
22,337,6
22,338,9
22,339,8
22,340,1
22,341,3
22,342,7
22,343,4
22,344,8
22,345,7
22,346,8
22,347,12
22,348,2
22,349,1
22,350,9
23,0,0
23,1,0
23,2,0
23,3,0
23,4,0
23,5,0
23,6,0
23,7,0
23,8,0
23,9,0
23,10,0
23,11,0
23,12,6
23,13,6
23,14,6
23,15,6
23,16,6
23,17,6
23,18,4
23,19,15
23,20,10
23,21,11
23,22,3
23,23,0
23,24,1
23,25,2
23,26,1
23,27,16
23,28,33
23,29,33
23,30,33
23,31,14
23,32,9
23,33,4
23,34,5
23,35,14
23,36,2
23,37,9
23,38,9
23,39,5
23,40,9
23,41,3
23,42,8
23,43,2
23,44,5
23,45,18
23,46,11
23,47,6
23,48,5
23,49,10
23,50,9
23,51,7
23,52,16
23,53,10
23,54,10
23,55,10
23,56,11
23,57,8
23,58,9
23,59,5
23,60,4
23,61,16
23,62,10
23,63,14
23,64,9
23,65,5
23,66,5
23,67,9
23,68,8
23,69,10
23,70,8
23,71,7
23,72,16
23,73,7
23,74,7
23,75,16
23,76,14
23,77,14
23,78,14
23,79,14
23,80,14
23,81,12
23,82,8
23,83,13
23,84,6
23,85,9
23,86,7
23,87,9
23,88,9
23,89,25
23,90,4
23,91,4
23,92,24
23,93,16
23,94,13
23,95,16
23,96,7
23,97,7
23,98,4
23,99,1
23,100,12
23,101,14
23,102,2
23,103,7
23,104,7
23,105,7
23,106,8
23,107,8
23,108,8
23,109,9
23,110,7
23,111,2
23,112,2
23,113,8
23,114,8
23,115,8
23,116,9
23,117,7
23,118,7
23,119,6
23,120,6
23,121,6
23,122,2
23,123,3
23,124,2
23,125,4
23,126,5
23,127,8
23,128,4
23,129,5
23,130,7
23,131,5
23,132,2
23,133,2
23,134,6
23,135,8
23,136,8
23,137,3
23,138,8
23,139,3
23,140,4
23,141,4
23,142,4
23,143,15
23,144,2
23,145,15
23,146,6
23,147,9
23,148,31
23,149,7
23,150,3
23,151,2
23,152,3
23,153,3
23,154,4
23,155,9
23,156,9
23,157,11
23,158,10
23,159,16
23,160,4
23,161,5
23,162,4
23,163,2
23,164,3
23,165,3
23,166,7
23,167,8
23,168,2
23,169,2
23,170,2
23,171,10
23,172,5
23,173,8
23,174,7
23,175,4
23,176,4
23,177,2
23,178,9
23,179,9
23,180,30
23,181,5
23,182,25
23,183,25
23,184,3
23,185,3
23,186,5
23,187,5
23,188,4
23,189,14
23,190,14
23,191,6
23,192,9
23,193,9
23,194,9
23,195,9
23,196,9
23,197,9
23,198,10
23,199,10
23,200,9
23,201,9
23,202,13
23,203,4
23,204,4
23,205,35
23,206,4
23,207,4
23,208,4
23,209,2
23,210,7
23,211,7
23,212,6
23,213,1
23,214,2
23,215,11
23,216,11
23,217,11
23,218,1
23,219,1
23,220,34
23,221,11
23,222,3
23,223,2
23,224,2
23,225,7
23,226,7
23,227,10
23,228,10
23,229,11
23,230,11
23,231,6
23,232,10
23,233,10
23,234,2
23,235,4
23,236,3
23,237,8
23,238,8
23,239,8
23,240,4
23,241,4
23,242,7
23,243,4
23,244,3
23,245,3
23,246,7
23,247,6
23,248,6
23,249,8
23,250,2
23,251,2
23,252,3
23,253,4
23,254,8
23,255,6
23,256,6
23,257,6
23,258,5
23,259,6
23,260,6
23,261,2
23,262,11
23,263,10
23,264,14
23,265,13
23,266,14
23,267,14
23,268,14
23,269,6
23,270,7
23,271,7
23,272,15
23,273,6
23,274,6
23,275,5
23,276,15
23,277,6
23,278,6
23,279,6
23,280,7
23,281,9
23,282,9
23,283,8
23,284,9
23,285,2
23,286,4
23,287,4
23,288,4
23,289,3
23,290,4
23,291,3
23,292,3
23,293,3
23,294,3
23,295,3
23,296,3
23,297,2
23,298,3
23,299,12
23,300,8
23,301,8
23,302,8
23,303,8
23,304,6
23,305,8
23,306,4
23,307,10
23,308,25
23,309,10
23,310,10
23,311,1
23,312,2
23,313,4
23,314,2
23,315,7
23,316,8
23,317,2
23,318,2
23,319,2
23,320,4
23,321,4
23,322,8
23,323,2
23,324,2
23,325,2
23,326,1
23,327,10
23,328,6
23,329,10
23,330,10
23,331,11
23,332,11
23,333,7
23,334,5
23,335,20
23,336,5
23,337,3
23,338,9
23,339,8
23,340,2
23,341,5
23,342,8
23,343,3
23,344,7
23,345,6
23,346,7
23,347,13
23,348,4
23,349,2
23,350,9
24,0,0
24,1,0
24,2,0
24,3,0
24,4,0
24,5,0
24,6,0
24,7,0
24,8,0
24,9,0
24,10,0
24,11,0
24,12,6
24,13,6
24,14,6
24,15,6
24,16,6
24,17,6
24,18,4
24,19,15
24,20,10
24,21,11
24,22,3
24,23,1
24,24,0
24,25,2
24,26,1
24,27,17
24,28,33
24,29,33
24,30,33
24,31,14
24,32,9
24,33,4
24,34,5
24,35,15
24,36,2
24,37,9
24,38,9
24,39,5
24,40,9
24,41,4
24,42,8
24,43,3
24,44,6
24,45,19
24,46,12
24,47,6
24,48,5
24,49,10
24,50,9
24,51,7
24,52,17
24,53,9
24,54,9
24,55,9
24,56,12
24,57,8
24,58,9
24,59,6
24,60,4
24,61,16
24,62,10
24,63,15
24,64,10
24,65,5
24,66,5
24,67,9
24,68,9
24,69,10
24,70,8
24,71,7
24,72,17
24,73,6
24,74,7
24,75,17
24,76,15
24,77,15
24,78,15
24,79,15
24,80,15
24,81,12
24,82,8
24,83,13
24,84,6
24,85,8
24,86,7
24,87,9
24,88,9
24,89,24
24,90,4
24,91,4
24,92,25
24,93,17
24,94,14
24,95,18
24,96,8
24,97,8
24,98,4
24,99,1
24,100,14
24,101,15
24,102,2
24,103,6
24,104,7
24,105,7
24,106,7
24,107,8
24,108,8
24,109,9
24,110,6
24,111,2
24,112,3
24,113,8
24,114,8
24,115,8
24,116,8
24,117,7
24,118,7
24,119,5
24,120,5
24,121,5
24,122,2
24,123,3
24,124,1
24,125,4
24,126,5
24,127,8
24,128,4
24,129,5
24,130,7
24,131,5
24,132,2
24,133,2
24,134,5
24,135,8
24,136,7
24,137,3
24,138,8
24,139,3
24,140,4
24,141,4
24,142,4
24,143,16
24,144,2
24,145,16
24,146,5
24,147,9
24,148,31
24,149,7
24,150,3
24,151,2
24,152,3
24,153,3
24,154,4
24,155,8
24,156,8
24,157,11
24,158,9
24,159,16
24,160,4
24,161,6
24,162,4
24,163,2
24,164,4
24,165,3
24,166,6
24,167,8
24,168,2
24,169,2
24,170,2
24,171,11
24,172,5
24,173,8
24,174,8
24,175,4
24,176,5
24,177,2
24,178,8
24,179,10
24,180,29
24,181,5
24,182,25
24,183,25
24,184,3
24,185,3
24,186,4
24,187,4
24,188,4
24,189,14
24,190,14
24,191,6
24,192,9
24,193,9
24,194,10
24,195,9
24,196,10
24,197,9
24,198,10
24,199,10
24,200,9
24,201,9
24,202,13
24,203,4
24,204,4
24,205,35
24,206,4
24,207,4
24,208,4
24,209,2
24,210,7
24,211,7
24,212,7
24,213,2
24,214,2
24,215,11
24,216,11
24,217,11
24,218,1
24,219,1
24,220,34
24,221,11
24,222,4
24,223,2
24,224,2
24,225,7
24,226,7
24,227,9
24,228,10
24,229,10
24,230,10
24,231,7
24,232,11
24,233,11
24,234,1
24,235,4
24,236,3
24,237,8
24,238,7
24,239,7
24,240,4
24,241,4
24,242,7
24,243,4
24,244,3
24,245,4
24,246,7
24,247,6
24,248,6
24,249,8
24,250,2
24,251,2
24,252,4
24,253,4
24,254,7
24,255,7
24,256,6
24,257,6
24,258,6
24,259,7
24,260,7
24,261,3
24,262,10
24,263,9
24,264,16
24,265,13
24,266,14
24,267,14
24,268,14
24,269,6
24,270,7
24,271,7
24,272,15
24,273,7
24,274,6
24,275,5
24,276,15
24,277,6
24,278,7
24,279,6
24,280,7
24,281,9
24,282,9
24,283,8
24,284,9
24,285,3
24,286,4
24,287,4
24,288,5
24,289,4
24,290,4
24,291,3
24,292,3
24,293,3
24,294,3
24,295,3
24,296,3
24,297,3
24,298,3
24,299,13
24,300,8
24,301,8
24,302,8
24,303,8
24,304,6
24,305,8
24,306,4
24,307,10
24,308,25
24,309,10
24,310,10
24,311,2
24,312,2
24,313,4
24,314,3
24,315,7
24,316,8
24,317,2
24,318,2
24,319,2
24,320,4
24,321,4
24,322,8
24,323,2
24,324,2
24,325,2
24,326,1
24,327,10
24,328,7
24,329,10
24,330,10
24,331,11
24,332,11
24,333,7
24,334,4
24,335,21
24,336,5
24,337,3
24,338,9
24,339,10
24,340,2
24,341,5
24,342,8
24,343,3
24,344,7
24,345,6
24,346,7
24,347,13
24,348,4
24,349,2
24,350,9
25,0,0
25,1,0
25,2,0
25,3,0
25,4,0
25,5,0
25,6,0
25,7,0
25,8,0
25,9,0
25,10,0
25,11,0
25,12,7
25,13,7
25,14,7
25,15,7
25,16,7
25,17,7
25,18,4
25,19,16
25,20,11
25,21,12
25,22,4
25,23,2
25,24,2
25,25,0
25,26,3
25,27,16
25,28,34
25,29,34
25,30,34
25,31,15
25,32,9
25,33,5
25,34,6
25,35,14
25,36,3
25,37,10
25,38,10
25,39,5
25,40,9
25,41,4
25,42,9
25,43,3
25,44,5
25,45,18
25,46,11
25,47,7
25,48,6
25,49,11
25,50,9
25,51,7
25,52,17
25,53,10
25,54,10
25,55,10
25,56,12
25,57,8
25,58,8
25,59,5
25,60,4
25,61,16
25,62,11
25,63,15
25,64,10
25,65,6
25,66,6
25,67,11
25,68,8
25,69,11
25,70,9
25,71,9
25,72,16
25,73,7
25,74,8
25,75,16
25,76,15
25,77,15
25,78,15
25,79,15
25,80,15
25,81,14
25,82,8
25,83,14
25,84,7
25,85,10
25,86,7
25,87,10
25,88,11
25,89,25
25,90,4
25,91,4
25,92,25
25,93,16
25,94,14
25,95,17
25,96,7
25,97,8
25,98,4
25,99,2
25,100,13
25,101,15
25,102,3
25,103,7
25,104,9
25,105,9
25,106,9
25,107,9
25,108,9
25,109,9
25,110,7
25,111,4
25,112,2
25,113,8
25,114,8
25,115,8
25,116,8
25,117,9
25,118,9
25,119,6
25,120,6
25,121,6
25,122,4
25,123,5
25,124,2
25,125,4
25,126,5
25,127,8
25,128,4
25,129,5
25,130,7
25,131,5
25,132,3
25,133,3
25,134,6
25,135,8
25,136,7
25,137,4
25,138,8
25,139,4
25,140,4
25,141,4
25,142,4
25,143,15
25,144,3
25,145,16
25,146,6
25,147,9
25,148,31
25,149,8
25,150,5
25,151,3
25,152,4
25,153,3
25,154,5
25,155,9
25,156,9
25,157,12
25,158,10
25,159,16
25,160,5
25,161,6
25,162,4
25,163,2
25,164,4
25,165,4
25,166,6
25,167,9
25,168,4
25,169,4
25,170,4
25,171,11
25,172,7
25,173,8
25,174,8
25,175,4
25,176,4
25,177,4
25,178,9
25,179,10
25,180,30
25,181,5
25,182,25
25,183,25
25,184,4
25,185,4
25,186,5
25,187,5
25,188,5
25,189,14
25,190,14
25,191,7
25,192,10
25,193,9
25,194,10
25,195,9
25,196,10
25,197,10
25,198,11
25,199,10
25,200,9
25,201,9
25,202,13
25,203,4
25,204,4
25,205,36
25,206,6
25,207,6
25,208,6
25,209,3
25,210,7
25,211,8
25,212,7
25,213,2
25,214,3
25,215,12
25,216,12
25,217,12
25,218,2
25,219,2
25,220,35
25,221,12
25,222,3
25,223,4
25,224,4
25,225,7
25,226,8
25,227,11
25,228,11
25,229,11
25,230,11
25,231,7
25,232,11
25,233,11
25,234,3
25,235,5
25,236,5
25,237,8
25,238,8
25,239,8
25,240,5
25,241,5
25,242,7
25,243,4
25,244,4
25,245,4
25,246,8
25,247,6
25,248,6
25,249,8
25,250,3
25,251,3
25,252,4
25,253,4
25,254,7
25,255,7
25,256,6
25,257,6
25,258,6
25,259,7
25,260,7
25,261,2
25,262,11
25,263,10
25,264,15
25,265,14
25,266,15
25,267,15
25,268,15
25,269,7
25,270,7
25,271,7
25,272,15
25,273,7
25,274,7
25,275,6
25,276,16
25,277,7
25,278,7
25,279,7
25,280,8
25,281,9
25,282,9
25,283,8
25,284,9
25,285,3
25,286,5
25,287,4
25,288,5
25,289,4
25,290,5
25,291,4
25,292,4
25,293,4
25,294,4
25,295,4
25,296,4
25,297,3
25,298,4
25,299,13
25,300,9
25,301,9
25,302,9
25,303,8
25,304,6
25,305,8
25,306,5
25,307,11
25,308,25
25,309,11
25,310,11
25,311,2
25,312,2
25,313,5
25,314,3
25,315,8
25,316,8
25,317,3
25,318,3
25,319,2
25,320,5
25,321,4
25,322,9
25,323,4
25,324,3
25,325,4
25,326,3
25,327,11
25,328,7
25,329,10
25,330,10
25,331,12
25,332,12
25,333,7
25,334,4
25,335,21
25,336,6
25,337,4
25,338,9
25,339,9
25,340,4
25,341,6
25,342,9
25,343,5
25,344,7
25,345,7
25,346,7
25,347,14
25,348,6
25,349,4
25,350,10
26,0,0
26,1,0
26,2,0
26,3,0
26,4,0
26,5,0
26,6,0
26,7,0
26,8,0
26,9,0
26,10,0
26,11,0
26,12,6
26,13,6
26,14,6
26,15,7
26,16,6
26,17,6
26,18,3
26,19,14
26,20,9
26,21,11
26,22,3
26,23,1
26,24,1
26,25,3
26,26,0
26,27,15
26,28,32
26,29,32
26,30,33
26,31,14
26,32,10
26,33,5
26,34,6
26,35,14
26,36,3
26,37,8
26,38,8
26,39,5
26,40,8
26,41,4
26,42,8
26,43,3
26,44,5
26,45,18
26,46,11
26,47,7
26,48,6
26,49,10
26,50,9
26,51,7
26,52,16
26,53,9
26,54,9
26,55,9
26,56,11
26,57,7
26,58,8
26,59,5
26,60,4
26,61,15
26,62,9
26,63,15
26,64,10
26,65,6
26,66,6
26,67,9
26,68,8
26,69,9
26,70,7
26,71,7
26,72,16
26,73,6
26,74,6
26,75,16
26,76,14
26,77,14
26,78,15
26,79,15
26,80,15
26,81,12
26,82,7
26,83,12
26,84,7
26,85,8
26,86,7
26,87,8
26,88,9
26,89,24
26,90,4
26,91,4
26,92,24
26,93,15
26,94,13
26,95,16
26,96,7
26,97,8
26,98,4
26,99,2
26,100,12
26,101,14
26,102,3
26,103,6
26,104,7
26,105,7
26,106,7
26,107,7
26,108,8
26,109,8
26,110,6
26,111,2
26,112,2
26,113,7
26,114,7
26,115,7
26,116,8
26,117,7
26,118,7
26,119,5
26,120,5
26,121,5
26,122,2
26,123,3
26,124,2
26,125,4
26,126,5
26,127,8
26,128,4
26,129,5
26,130,7
26,131,5
26,132,2
26,133,2
26,134,5
26,135,7
26,136,7
26,137,3
26,138,8
26,139,3
26,140,4
26,141,4
26,142,4
26,143,15
26,144,3
26,145,15
26,146,5
26,147,8
26,148,30
26,149,7
26,150,2
26,151,3
26,152,4
26,153,4
26,154,5
26,155,8
26,156,8
26,157,10
26,158,9
26,159,15
26,160,5
26,161,6
26,162,4
26,163,2
26,164,4
26,165,3
26,166,6
26,167,7
26,168,2
26,169,2
26,170,2
26,171,10
26,172,5
26,173,8
26,174,8
26,175,4
26,176,4
26,177,2
26,178,8
26,179,9
26,180,29
26,181,5
26,182,24
26,183,24
26,184,2
26,185,2
26,186,3
26,187,3
26,188,3
26,189,14
26,190,14
26,191,7
26,192,8
26,193,9
26,194,10
26,195,9
26,196,10
26,197,10
26,198,10
26,199,10
26,200,9
26,201,9
26,202,12
26,203,4
26,204,4
26,205,35
26,206,4
26,207,4
26,208,4
26,209,3
26,210,7
26,211,7
26,212,7
26,213,2
26,214,3
26,215,11
26,216,11
26,217,11
26,218,2
26,219,2
26,220,34
26,221,10
26,222,3
26,223,2
26,224,2
26,225,7
26,226,7
26,227,9
26,228,9
26,229,10
26,230,10
26,231,7
26,232,10
26,233,11
26,234,1
26,235,5
26,236,3
26,237,8
26,238,7
26,239,7
26,240,5
26,241,5
26,242,7
26,243,4
26,244,4
26,245,4
26,246,7
26,247,6
26,248,6
26,249,7
26,250,3
26,251,3
26,252,4
26,253,4
26,254,7
26,255,7
26,256,6
26,257,6
26,258,6
26,259,7
26,260,7
26,261,2
26,262,10
26,263,9
26,264,14
26,265,13
26,266,13
26,267,13
26,268,13
26,269,6
26,270,7
26,271,7
26,272,14
26,273,7
26,274,7
26,275,5
26,276,15
26,277,7
26,278,7
26,279,7
26,280,7
26,281,8
26,282,8
26,283,8
26,284,8
26,285,3
26,286,5
26,287,4
26,288,5
26,289,4
26,290,5
26,291,4
26,292,4
26,293,4
26,294,4
26,295,4
26,296,3
26,297,3
26,298,4
26,299,12
26,300,8
26,301,8
26,302,8
26,303,8
26,304,6
26,305,8
26,306,3
26,307,9
26,308,24
26,309,9
26,310,9
26,311,2
26,312,2
26,313,5
26,314,3
26,315,8
26,316,8
26,317,2
26,318,2
26,319,2
26,320,5
26,321,4
26,322,7
26,323,2
26,324,3
26,325,2
26,326,1
26,327,9
26,328,7
26,329,10
26,330,10
26,331,11
26,332,11
26,333,7
26,334,4
26,335,20
26,336,6
26,337,4
26,338,9
26,339,8
26,340,2
26,341,4
26,342,7
26,343,3
26,344,7
26,345,6
26,346,7
26,347,12
26,348,4
26,349,2
26,350,9
27,0,0
27,1,0
27,2,0
27,3,0
27,4,0
27,5,0
27,6,0
27,7,0
27,8,0
27,9,0
27,10,0
27,11,0
27,12,21
27,13,18
27,14,20
27,15,18
27,16,20
27,17,20
27,18,15
27,19,26
27,20,16
27,21,10
27,22,15
27,23,16
27,24,17
27,25,16
27,26,15
27,27,0
27,28,36
27,29,36
27,30,36
27,31,18
27,32,19
27,33,17
27,34,17
27,35,21
27,36,17
27,37,16
27,38,16
27,39,19
27,40,16
27,41,18
27,42,16
27,43,16
27,44,20
27,45,24
27,46,13
27,47,17
27,48,16
27,49,16
27,50,19
27,51,18
27,52,23
27,53,17
27,54,17
27,55,17
27,56,9
27,57,19
27,58,20
27,59,18
27,60,20
27,61,11
27,62,21
27,63,20
27,64,16
27,65,16
27,66,16
27,67,20
27,68,14
27,69,21
27,70,18
27,71,18
27,72,22
27,73,18
27,74,17
27,75,23
27,76,9
27,77,9
27,78,21
27,79,21
27,80,21
27,81,20
27,82,21
27,83,23
27,84,17
27,85,19
27,86,18
27,87,19
27,88,20
27,89,20
27,90,20
27,91,19
27,92,21
27,93,12
27,94,20
27,95,23
27,96,18
27,97,19
27,98,17
27,99,16
27,100,8
27,101,20
27,102,16
27,103,19
27,104,17
27,105,17
27,106,17
27,107,19
27,108,19
27,109,17
27,110,18
27,111,15
27,112,18
27,113,21
27,114,21
27,115,21
27,116,20
27,117,17
27,118,17
27,119,20
27,120,20
27,121,20
27,122,15
27,123,15
27,124,17
27,125,19
27,126,19
27,127,18
27,128,19
27,129,19
27,130,20
27,131,19
27,132,19
27,133,19
27,134,20
27,135,19
27,136,18
27,137,18
27,138,21
27,139,18
27,140,19
27,141,18
27,142,18
27,143,10
27,144,17
27,145,12
27,146,20
27,147,17
27,148,26
27,149,21
27,150,16
27,151,16
27,152,16
27,153,16
27,154,18
27,155,18
27,156,18
27,157,21
27,158,20
27,159,26
27,160,18
27,161,15
27,162,20
27,163,18
27,164,18
27,165,18
27,166,20
27,167,17
27,168,17
27,169,17
27,170,17
27,171,13
27,172,16
27,173,19
27,174,19
27,175,20
27,176,20
27,177,15
27,178,21
27,179,12
27,180,25
27,181,20
27,182,20
27,183,20
27,184,15
27,185,15
27,186,15
27,187,14
27,188,14
27,189,25
27,190,25
27,191,16
27,192,20
27,193,17
27,194,16
27,195,17
27,196,16
27,197,16
27,198,16
27,199,16
27,200,17
27,201,17
27,202,24
27,203,18
27,204,19
27,205,31
27,206,16
27,207,16
27,208,15
27,209,17
27,210,16
27,211,17
27,212,17
27,213,15
27,214,16
27,215,17
27,216,17
27,217,17
27,218,17
27,219,17
27,220,30
27,221,22
27,222,20
27,223,15
27,224,15
27,225,17
27,226,17
27,227,13
27,228,20
27,229,21
27,230,22
27,231,16
27,232,11
27,233,11
27,234,18
27,235,17
27,236,15
27,237,20
27,238,19
27,239,19
27,240,17
27,241,17
27,242,19
27,243,19
27,244,17
27,245,17
27,246,18
27,247,18
27,248,18
27,249,21
27,250,17
27,251,17
27,252,17
27,253,17
27,254,18
27,255,18
27,256,18
27,257,18
27,258,18
27,259,17
27,260,17
27,261,18
27,262,20
27,263,20
27,264,10
27,265,17
27,266,18
27,267,18
27,268,18
27,269,18
27,270,18
27,271,17
27,272,26
27,273,17
27,274,17
27,275,16
27,276,24
27,277,17
27,278,17
27,279,17
27,280,18
27,281,18
27,282,18
27,283,20
27,284,18
27,285,16
27,286,16
27,287,17
27,288,16
27,289,16
27,290,17
27,291,16
27,292,16
27,293,16
27,294,16
27,295,16
27,296,16
27,297,14
27,298,16
27,299,8
27,300,18
27,301,18
27,302,18
27,303,19
27,304,21
27,305,19
27,306,15
27,307,21
27,308,20
27,309,21
27,310,21
27,311,16
27,312,15
27,313,17
27,314,16
27,315,18
27,316,19
27,317,18
27,318,18
27,319,18
27,320,17
27,321,17
27,322,19
27,323,17
27,324,18
27,325,15
27,326,16
27,327,14
27,328,18
27,329,16
27,330,17
27,331,22
27,332,17
27,333,20
27,334,20
27,335,18
27,336,17
27,337,17
27,338,19
27,339,15
27,340,15
27,341,16
27,342,19
27,343,16
27,344,18
27,345,17
27,346,18
27,347,22
27,348,15
27,349,15
27,350,17
28,0,0
28,1,0
28,2,0
28,3,0
28,4,0
28,5,0
28,6,0
28,7,0
28,8,0
28,9,0
28,10,0
28,11,0
28,12,37
28,13,36
28,14,37
28,15,37
28,16,37
28,17,36
28,18,34
28,19,41
28,20,37
28,21,33
28,22,31
28,23,33
28,24,33
28,25,34
28,26,32
28,27,36
28,28,0
28,29,1
28,30,1
28,31,1
28,32,20
28,33,17
28,34,17
28,35,23
28,36,16
28,37,18
28,38,18
28,39,19
28,40,17
28,41,18
28,42,17
28,43,16
28,44,18
28,45,26
28,46,16
28,47,17
28,48,16
28,49,19
28,50,19
28,51,16
28,52,25
28,53,18
28,54,18
28,55,18
28,56,14
28,57,17
28,58,17
28,59,15
28,60,16
28,61,15
28,62,19
28,63,23
28,64,18
28,65,16
28,66,16
28,67,18
28,68,17
28,69,19
28,70,17
28,71,16
28,72,25
28,73,16
28,74,16
28,75,25
28,76,18
28,77,18
28,78,23
28,79,23
28,80,23
28,81,21
28,82,14
28,83,23
28,84,17
28,85,17
28,86,18
28,87,18
28,88,18
28,89,20
28,90,17
28,91,17
28,92,27
28,93,18
28,94,22
28,95,25
28,96,18
28,97,19
28,98,13
28,99,15
28,100,18
28,101,23
28,102,16
28,103,14
28,104,16
28,105,16
28,106,16
28,107,17
28,108,17
28,109,18
28,110,16
28,111,13
28,112,15
28,113,14
28,114,14
28,115,14
28,116,17
28,117,16
28,118,16
28,119,19
28,120,19
28,121,19
28,122,13
28,123,12
28,124,14
28,125,17
28,126,19
28,127,18
28,128,18
28,129,19
28,130,19
28,131,19
28,132,17
28,133,17
28,134,18
28,135,17
28,136,17
28,137,18
28,138,19
28,139,17
28,140,18
28,141,14
28,142,14
28,143,18
28,144,16
28,145,18
28,146,19
28,147,18
28,148,31
28,149,14
28,150,14
28,151,16
28,152,15
28,153,15
28,154,17
28,155,18
28,156,18
28,157,20
28,158,12
28,159,23
28,160,17
28,161,16
28,162,16
28,163,14
28,164,18
28,165,18
28,166,19
28,167,17
28,168,14
28,169,14
28,170,14
28,171,16
28,172,12
28,173,19
28,174,18
28,175,17
28,176,17
28,177,13
28,178,13
28,179,15
28,180,30
28,181,18
28,182,21
28,183,21
28,184,14
28,185,14
28,186,14
28,187,14
28,188,14
28,189,22
28,190,22
28,191,17
28,192,17
28,193,20
28,194,19
28,195,20
28,196,19
28,197,20
28,198,19
28,199,19
28,200,20
28,201,20
28,202,21
28,203,17
28,204,18
28,205,37
28,206,12
28,207,12
28,208,12
28,209,15
28,210,18
28,211,18
28,212,17
28,213,15
28,214,16
28,215,20
28,216,20
28,217,20
28,218,15
28,219,15
28,220,37
28,221,20
28,222,16
28,223,13
28,224,13
28,225,17
28,226,18
28,227,6
28,228,17
28,229,19
28,230,19
28,231,18
28,232,16
28,233,16
28,234,15
28,235,16
28,236,13
28,237,18
28,238,17
28,239,17
28,240,17
28,241,16
28,242,17
28,243,15
28,244,17
28,245,17
28,246,18
28,247,18
28,248,18
28,249,14
28,250,16
28,251,16
28,252,17
28,253,17
28,254,16
28,255,18
28,256,18
28,257,18
28,258,18
28,259,17
28,260,17
28,261,15
28,262,12
28,263,13
28,264,17
28,265,2
28,266,1
28,267,1
28,268,1
28,269,18
28,270,18
28,271,17
28,272,23
28,273,17
28,274,17
28,275,16
28,276,21
28,277,17
28,278,17
28,279,17
28,280,18
28,281,17
28,282,18
28,283,20
28,284,17
28,285,15
28,286,16
28,287,16
28,288,16
28,289,16
28,290,16
28,291,16
28,292,16
28,293,16
28,294,15
28,295,15
28,296,15
28,297,14
28,298,15
28,299,16
28,300,17
28,301,17
28,302,17
28,303,18
28,304,19
28,305,18
28,306,14
28,307,18
28,308,21
28,309,18
28,310,19
28,311,15
28,312,15
28,313,16
28,314,16
28,315,18
28,316,18
28,317,15
28,318,15
28,319,16
28,320,16
28,321,16
28,322,17
28,323,14
28,324,16
28,325,13
28,326,14
28,327,6
28,328,18
28,329,19
28,330,19
28,331,20
28,332,19
28,333,17
28,334,18
28,335,23
28,336,17
28,337,17
28,338,20
28,339,18
28,340,13
28,341,11
28,342,17
28,343,14
28,344,17
28,345,17
28,346,18
28,347,22
28,348,12
28,349,13
28,350,19
29,0,0
29,1,0
29,2,0
29,3,0
29,4,0
29,5,0
29,6,0
29,7,0
29,8,0
29,9,0
29,10,0
29,11,0
29,12,37
29,13,36
29,14,37
29,15,37
29,16,37
29,17,36
29,18,34
29,19,41
29,20,37
29,21,33
29,22,31
29,23,33
29,24,33
29,25,34
29,26,32
29,27,36
29,28,1
29,29,0
29,30,1
29,31,1
29,32,20
29,33,17
29,34,17
29,35,23
29,36,15
29,37,18
29,38,18
29,39,19
29,40,17
29,41,18
29,42,17
29,43,16
29,44,18
29,45,26
29,46,16
29,47,17
29,48,16
29,49,19
29,50,20
29,51,16
29,52,25
29,53,18
29,54,18
29,55,18
29,56,14
29,57,16
29,58,17
29,59,14
29,60,16
29,61,16
29,62,19
29,63,23
29,64,19
29,65,16
29,66,16
29,67,18
29,68,17
29,69,19
29,70,16
29,71,16
29,72,24
29,73,15
29,74,16
29,75,25
29,76,19
29,77,19
29,78,23
29,79,23
29,80,23
29,81,21
29,82,13
29,83,22
29,84,17
29,85,17
29,86,18
29,87,17
29,88,18
29,89,20
29,90,17
29,91,16
29,92,27
29,93,18
29,94,22
29,95,25
29,96,18
29,97,19
29,98,13
29,99,14
29,100,18
29,101,23
29,102,15
29,103,15
29,104,16
29,105,16
29,106,16
29,107,17
29,108,17
29,109,17
29,110,15
29,111,13
29,112,14
29,113,13
29,114,13
29,115,13
29,116,17
29,117,16
29,118,16
29,119,19
29,120,19
29,121,19
29,122,13
29,123,12
29,124,14
29,125,17
29,126,19
29,127,19
29,128,17
29,129,19
29,130,18
29,131,19
29,132,16
29,133,16
29,134,18
29,135,17
29,136,16
29,137,17
29,138,18
29,139,17
29,140,17
29,141,13
29,142,13
29,143,18
29,144,15
29,145,18
29,146,19
29,147,17
29,148,32
29,149,13
29,150,14
29,151,15
29,152,15
29,153,15
29,154,17
29,155,17
29,156,17
29,157,19
29,158,12
29,159,23
29,160,17
29,161,16
29,162,16
29,163,14
29,164,18
29,165,18
29,166,18
29,167,16
29,168,14
29,169,14
29,170,14
29,171,16
29,172,12
29,173,18
29,174,18
29,175,16
29,176,16
29,177,13
29,178,13
29,179,15
29,180,30
29,181,18
29,182,21
29,183,21
29,184,14
29,185,14
29,186,14
29,187,14
29,188,13
29,189,22
29,190,22
29,191,17
29,192,17
29,193,20
29,194,19
29,195,20
29,196,19
29,197,20
29,198,19
29,199,19
29,200,20
29,201,20
29,202,21
29,203,17
29,204,17
29,205,37
29,206,12
29,207,12
29,208,12
29,209,14
29,210,17
29,211,17
29,212,17
29,213,15
29,214,15
29,215,20
29,216,20
29,217,20
29,218,15
29,219,15
29,220,37
29,221,19
29,222,16
29,223,13
29,224,13
29,225,17
29,226,17
29,227,5
29,228,17
29,229,19
29,230,19
29,231,17
29,232,16
29,233,16
29,234,15
29,235,16
29,236,13
29,237,18
29,238,17
29,239,17
29,240,16
29,241,16
29,242,17
29,243,14
29,244,17
29,245,17
29,246,18
29,247,18
29,248,18
29,249,14
29,250,15
29,251,15
29,252,16
29,253,16
29,254,16
29,255,17
29,256,17
29,257,17
29,258,17
29,259,17
29,260,17
29,261,15
29,262,13
29,263,13
29,264,17
29,265,2
29,266,1
29,267,1
29,268,1
29,269,18
29,270,18
29,271,17
29,272,22
29,273,17
29,274,17
29,275,16
29,276,21
29,277,17
29,278,17
29,279,17
29,280,17
29,281,17
29,282,17
29,283,20
29,284,17
29,285,14
29,286,16
29,287,16
29,288,16
29,289,15
29,290,16
29,291,15
29,292,15
29,293,15
29,294,15
29,295,15
29,296,15
29,297,14
29,298,15
29,299,16
29,300,17
29,301,17
29,302,17
29,303,18
29,304,18
29,305,18
29,306,13
29,307,18
29,308,21
29,309,18
29,310,19
29,311,15
29,312,14
29,313,16
29,314,16
29,315,18
29,316,18
29,317,14
29,318,14
29,319,16
29,320,16
29,321,15
29,322,16
29,323,14
29,324,16
29,325,13
29,326,14
29,327,6
29,328,17
29,329,19
29,330,19
29,331,20
29,332,19
29,333,16
29,334,18
29,335,23
29,336,17
29,337,16
29,338,20
29,339,18
29,340,13
29,341,11
29,342,17
29,343,14
29,344,17
29,345,17
29,346,18
29,347,22
29,348,12
29,349,13
29,350,19
30,0,0
30,1,0
30,2,0
30,3,0
30,4,0
30,5,0
30,6,0
30,7,0
30,8,0
30,9,0
30,10,0
30,11,0
30,12,37
30,13,36
30,14,37
30,15,38
30,16,37
30,17,36
30,18,34
30,19,41
30,20,37
30,21,33
30,22,32
30,23,33
30,24,33
30,25,34
30,26,33
30,27,36
30,28,1
30,29,1
30,30,0
30,31,1
30,32,20
30,33,16
30,34,16
30,35,23
30,36,15
30,37,17
30,38,17
30,39,18
30,40,17
30,41,17
30,42,17
30,43,15
30,44,18
30,45,26
30,46,16
30,47,16
30,48,16
30,49,19
30,50,19
30,51,15
30,52,25
30,53,18
30,54,18
30,55,18
30,56,14
30,57,16
30,58,17
30,59,14
30,60,15
30,61,15
30,62,18
30,63,23
30,64,18
30,65,15
30,66,16
30,67,17
30,68,16
30,69,18
30,70,16
30,71,16
30,72,24
30,73,15
30,74,15
30,75,24
30,76,18
30,77,18
30,78,23
30,79,23
30,80,23
30,81,21
30,82,13
30,83,22
30,84,17
30,85,17
30,86,18
30,87,17
30,88,18
30,89,20
30,90,16
30,91,16
30,92,26
30,93,17
30,94,22
30,95,25
30,96,18
30,97,19
30,98,13
30,99,14
30,100,17
30,101,22
30,102,15
30,103,15
30,104,16
30,105,16
30,106,16
30,107,16
30,108,17
30,109,17
30,110,15
30,111,13
30,112,14
30,113,13
30,114,13
30,115,13
30,116,17
30,117,16
30,118,16
30,119,18
30,120,18
30,121,18
30,122,12
30,123,12
30,124,13
30,125,16
30,126,18
30,127,18
30,128,17
30,129,18
30,130,18
30,131,18
30,132,16
30,133,16
30,134,18
30,135,17
30,136,16
30,137,17
30,138,18
30,139,17
30,140,17
30,141,13
30,142,13
30,143,18
30,144,15
30,145,18
30,146,18
30,147,17
30,148,31
30,149,13
30,150,13
30,151,15
30,152,15
30,153,15
30,154,16
30,155,17
30,156,17
30,157,19
30,158,12
30,159,23
30,160,17
30,161,16
30,162,15
30,163,14
30,164,17
30,165,17
30,166,18
30,167,16
30,168,14
30,169,14
30,170,14
30,171,15
30,172,12
30,173,18
30,174,18
30,175,16
30,176,16
30,177,12
30,178,13
30,179,14
30,180,30
30,181,17
30,182,21
30,183,21
30,184,14
30,185,14
30,186,13
30,187,13
30,188,13
30,189,22
30,190,22
30,191,17
30,192,17
30,193,19
30,194,18
30,195,19
30,196,18
30,197,20
30,198,18
30,199,18
30,200,19
30,201,19
30,202,21
30,203,16
30,204,17
30,205,37
30,206,12
30,207,12
30,208,12
30,209,14
30,210,17
30,211,17
30,212,17
30,213,15
30,214,15
30,215,19
30,216,19
30,217,19
30,218,15
30,219,15
30,220,36
30,221,19
30,222,16
30,223,12
30,224,12
30,225,17
30,226,17
30,227,5
30,228,17
30,229,18
30,230,19
30,231,17
30,232,16
30,233,16
30,234,15
30,235,16
30,236,13
30,237,18
30,238,17
30,239,17
30,240,16
30,241,16
30,242,17
30,243,14
30,244,17
30,245,17
30,246,17
30,247,18
30,248,18
30,249,14
30,250,15
30,251,15
30,252,16
30,253,16
30,254,16
30,255,17
30,256,17
30,257,17
30,258,17
30,259,17
30,260,17
30,261,15
30,262,12
30,263,13
30,264,17
30,265,2
30,266,1
30,267,1
30,268,1
30,269,18
30,270,17
30,271,17
30,272,22
30,273,17
30,274,17
30,275,16
30,276,21
30,277,17
30,278,17
30,279,17
30,280,17
30,281,17
30,282,17
30,283,20
30,284,17
30,285,14
30,286,16
30,287,15
30,288,16
30,289,15
30,290,16
30,291,15
30,292,15
30,293,15
30,294,15
30,295,15
30,296,15
30,297,14
30,298,15
30,299,15
30,300,17
30,301,17
30,302,17
30,303,18
30,304,18
30,305,18
30,306,13
30,307,18
30,308,21
30,309,18
30,310,19
30,311,15
30,312,14
30,313,16
30,314,15
30,315,17
30,316,18
30,317,14
30,318,14
30,319,15
30,320,16
30,321,15
30,322,16
30,323,14
30,324,16
30,325,13
30,326,14
30,327,6
30,328,17
30,329,19
30,330,19
30,331,20
30,332,19
30,333,16
30,334,18
30,335,23
30,336,16
30,337,16
30,338,19
30,339,17
30,340,12
30,341,11
30,342,17
30,343,13
30,344,17
30,345,16
30,346,17
30,347,22
30,348,12
30,349,12
30,350,19
31,0,0
31,1,0
31,2,0
31,3,0
31,4,0
31,5,0
31,6,0
31,7,0
31,8,0
31,9,0
31,10,0
31,11,0
31,12,19
31,13,18
31,14,18
31,15,19
31,16,18
31,17,18
31,18,14
31,19,22
31,20,18
31,21,15
31,22,13
31,23,14
31,24,14
31,25,15
31,26,14
31,27,18
31,28,1
31,29,1
31,30,1
31,31,0
31,32,20
31,33,16
31,34,16
31,35,22
31,36,15
31,37,17
31,38,17
31,39,18
31,40,17
31,41,17
31,42,17
31,43,15
31,44,17
31,45,26
31,46,16
31,47,16
31,48,15
31,49,18
31,50,19
31,51,15
31,52,24
31,53,18
31,54,18
31,55,18
31,56,14
31,57,16
31,58,17
31,59,14
31,60,15
31,61,15
31,62,18
31,63,23
31,64,18
31,65,15
31,66,15
31,67,17
31,68,16
31,69,18
31,70,16
31,71,15
31,72,24
31,73,15
31,74,15
31,75,24
31,76,18
31,77,18
31,78,23
31,79,23
31,80,23
31,81,20
31,82,13
31,83,22
31,84,17
31,85,17
31,86,17
31,87,17
31,88,18
31,89,20
31,90,16
31,91,16
31,92,26
31,93,17
31,94,22
31,95,25
31,96,18
31,97,19
31,98,12
31,99,14
31,100,17
31,101,22
31,102,15
31,103,14
31,104,15
31,105,16
31,106,16
31,107,16
31,108,16
31,109,17
31,110,15
31,111,13
31,112,14
31,113,13
31,114,13
31,115,13
31,116,17
31,117,16
31,118,16
31,119,18
31,120,18
31,121,18
31,122,12
31,123,12
31,124,13
31,125,16
31,126,18
31,127,18
31,128,17
31,129,18
31,130,18
31,131,18
31,132,15
31,133,15
31,134,18
31,135,17
31,136,16
31,137,16
31,138,18
31,139,16
31,140,17
31,141,13
31,142,13
31,143,17
31,144,15
31,145,18
31,146,18
31,147,17
31,148,30
31,149,13
31,150,13
31,151,15
31,152,15
31,153,15
31,154,16
31,155,17
31,156,17
31,157,19
31,158,12
31,159,23
31,160,17
31,161,16
31,162,15
31,163,14
31,164,17
31,165,17
31,166,18
31,167,16
31,168,13
31,169,13
31,170,14
31,171,15
31,172,12
31,173,18
31,174,18
31,175,16
31,176,16
31,177,12
31,178,13
31,179,14
31,180,29
31,181,17
31,182,21
31,183,21
31,184,14
31,185,14
31,186,13
31,187,13
31,188,13
31,189,22
31,190,22
31,191,17
31,192,17
31,193,19
31,194,18
31,195,19
31,196,18
31,197,19
31,198,18
31,199,18
31,200,19
31,201,19
31,202,21
31,203,16
31,204,17
31,205,38
31,206,12
31,207,12
31,208,12
31,209,14
31,210,17
31,211,17
31,212,16
31,213,14
31,214,15
31,215,19
31,216,19
31,217,19
31,218,15
31,219,15
31,220,37
31,221,19
31,222,15
31,223,12
31,224,12
31,225,17
31,226,17
31,227,5
31,228,17
31,229,18
31,230,19
31,231,17
31,232,16
31,233,16
31,234,15
31,235,16
31,236,12
31,237,18
31,238,17
31,239,17
31,240,16
31,241,16
31,242,17
31,243,14
31,244,17
31,245,17
31,246,17
31,247,17
31,248,17
31,249,13
31,250,15
31,251,15
31,252,16
31,253,16
31,254,16
31,255,17
31,256,17
31,257,17
31,258,17
31,259,17
31,260,17
31,261,15
31,262,12
31,263,12
31,264,17
31,265,1
31,266,1
31,267,1
31,268,1
31,269,18
31,270,17
31,271,17
31,272,22
31,273,17
31,274,16
31,275,16
31,276,21
31,277,17
31,278,17
31,279,17
31,280,17
31,281,17
31,282,17
31,283,20
31,284,17
31,285,14
31,286,16
31,287,15
31,288,16
31,289,15
31,290,16
31,291,15
31,292,15
31,293,15
31,294,15
31,295,15
31,296,14
31,297,14
31,298,14
31,299,15
31,300,16
31,301,16
31,302,16
31,303,18
31,304,18
31,305,18
31,306,13
31,307,18
31,308,23
31,309,18
31,310,18
31,311,14
31,312,14
31,313,16
31,314,15
31,315,17
31,316,18
31,317,14
31,318,14
31,319,15
31,320,15
31,321,15
31,322,16
31,323,14
31,324,16
31,325,12
31,326,13
31,327,6
31,328,17
31,329,19
31,330,19
31,331,20
31,332,19
31,333,16
31,334,17
31,335,22
31,336,16
31,337,16
31,338,19
31,339,17
31,340,12
31,341,11
31,342,16
31,343,14
31,344,17
31,345,16
31,346,17
31,347,22
31,348,12
31,349,12
31,350,18
32,0,0
32,1,0
32,2,0
32,3,0
32,4,0
32,5,0
32,6,0
32,7,0
32,8,0
32,9,0
32,10,0
32,11,0
32,12,11
32,13,7
32,14,10
32,15,7
32,16,10
32,17,10
32,18,9
32,19,20
32,20,5
32,21,13
32,22,10
32,23,9
32,24,9
32,25,9
32,26,10
32,27,19
32,28,20
32,29,20
32,30,20
32,31,20
32,32,0
32,33,4
32,34,4
32,35,10
32,36,8
32,37,2
32,38,2
32,39,6
32,40,3
32,41,5
32,42,3
32,43,7
32,44,8
32,45,14
32,46,12
32,47,3
32,48,3
32,49,4
32,50,6
32,51,5
32,52,13
32,53,4
32,54,4
32,55,4
32,56,12
32,57,7
32,58,8
32,59,6
32,60,9
32,61,16
32,62,8
32,63,10
32,64,3
32,65,3
32,66,3
32,67,7
32,68,7
32,69,8
32,70,6
32,71,5
32,72,12
32,73,5
32,74,5
32,75,12
32,76,15
32,77,15
32,78,11
32,79,11
32,80,11
32,81,10
32,82,12
32,83,11
32,84,3
32,85,7
32,86,4
32,87,7
32,88,8
32,89,25
32,90,9
32,91,8
32,92,25
32,93,16
32,94,10
32,95,13
32,96,5
32,97,6
32,98,8
32,99,7
32,100,13
32,101,11
32,102,7
32,103,10
32,104,4
32,105,4
32,106,4
32,107,6
32,108,6
32,109,4
32,110,5
32,111,7
32,112,8
32,113,12
32,114,12
32,115,12
32,116,7
32,117,5
32,118,5
32,119,6
32,120,6
32,121,6
32,122,7
32,123,8
32,124,7
32,125,6
32,126,6
32,127,4
32,128,6
32,129,6
32,130,8
32,131,6
32,132,7
32,133,7
32,134,6
32,135,6
32,136,5
32,137,6
32,138,9
32,139,6
32,140,6
32,141,8
32,142,9
32,143,16
32,144,8
32,145,16
32,146,6
32,147,2
32,148,32
32,149,11
32,150,8
32,151,8
32,152,6
32,153,5
32,154,6
32,155,5
32,156,5
32,157,8
32,158,13
32,159,20
32,160,6
32,161,3
32,162,8
32,163,8
32,164,5
32,165,5
32,166,7
32,167,5
32,168,8
32,169,8
32,170,8
32,171,11
32,172,9
32,173,6
32,174,3
32,175,7
32,176,7
32,177,7
32,178,12
32,179,10
32,180,30
32,181,7
32,182,26
32,183,26
32,184,7
32,185,7
32,186,7
32,187,7
32,188,7
32,189,15
32,190,15
32,191,2
32,192,7
32,193,4
32,194,3
32,195,4
32,196,3
32,197,4
32,198,3
32,199,3
32,200,4
32,201,4
32,202,14
32,203,6
32,204,6
32,205,36
32,206,8
32,207,8
32,208,8
32,209,8
32,210,2
32,211,2
32,212,4
32,213,7
32,214,6
32,215,8
32,216,8
32,217,8
32,218,9
32,219,9
32,220,35
32,221,9
32,222,6
32,223,7
32,224,7
32,225,5
32,226,4
32,227,13
32,228,14
32,229,8
32,230,9
32,231,5
32,232,11
32,233,12
32,234,9
32,235,6
32,236,7
32,237,7
32,238,6
32,239,6
32,240,6
32,241,6
32,242,6
32,243,10
32,244,4
32,245,5
32,246,3
32,247,5
32,248,5
32,249,11
32,250,8
32,251,8
32,252,5
32,253,6
32,254,5
32,255,4
32,256,5
32,257,4
32,258,5
32,259,4
32,260,4
32,261,8
32,262,15
32,263,13
32,264,15
32,265,17
32,266,17
32,267,17
32,268,17
32,269,6
32,270,4
32,271,4
32,272,15
32,273,4
32,274,4
32,275,4
32,276,16
32,277,3
32,278,3
32,279,4
32,280,4
32,281,5
32,282,6
32,283,7
32,284,5
32,285,5
32,286,4
32,287,4
32,288,4
32,289,5
32,290,6
32,291,5
32,292,5
32,293,5
32,294,5
32,295,5
32,296,5
32,297,6
32,298,6
32,299,13
32,300,5
32,301,5
32,302,5
32,303,6
32,304,8
32,305,6
32,306,7
32,307,8
32,308,26
32,309,8
32,310,8
32,311,7
32,312,7
32,313,5
32,314,7
32,315,3
32,316,3
32,317,8
32,318,8
32,319,9
32,320,5
32,321,5
32,322,6
32,323,8
32,324,7
32,325,7
32,326,9
32,327,13
32,328,5
32,329,3
32,330,3
32,331,9
32,332,8
32,333,7
32,334,7
32,335,21
32,336,4
32,337,6
32,338,2
32,339,9
32,340,7
32,341,8
32,342,6
32,343,8
32,344,4
32,345,3
32,346,4
32,347,11
32,348,8
32,349,7
32,350,2
33,0,0
33,1,0
33,2,0
33,3,0
33,4,0
33,5,0
33,6,0
33,7,0
33,8,0
33,9,0
33,10,0
33,11,0
33,12,8
33,13,5
33,14,8
33,15,5
33,16,8
33,17,7
33,18,4
33,19,18
33,20,6
33,21,11
33,22,6
33,23,4
33,24,4
33,25,5
33,26,5
33,27,17
33,28,17
33,29,17
33,30,16
33,31,16
33,32,4
33,33,0
33,34,2
33,35,13
33,36,6
33,37,7
33,38,7
33,39,4
33,40,7
33,41,3
33,42,7
33,43,4
33,44,6
33,45,17
33,46,12
33,47,4
33,48,3
33,49,8
33,50,7
33,51,7
33,52,15
33,53,8
33,54,8
33,55,8
33,56,12
33,57,8
33,58,8
33,59,7
33,60,6
33,61,16
33,62,10
33,63,13
33,64,7
33,65,3
33,66,3
33,67,10
33,68,8
33,69,11
33,70,8
33,71,8
33,72,15
33,73,7
33,74,7
33,75,15
33,76,16
33,77,16
33,78,13
33,79,13
33,80,13
33,81,12
33,82,12
33,83,14
33,84,4
33,85,9
33,86,5
33,87,9
33,88,10
33,89,25
33,90,6
33,91,6
33,92,25
33,93,16
33,94,12
33,95,15
33,96,5
33,97,6
33,98,8
33,99,5
33,100,14
33,101,13
33,102,5
33,103,11
33,104,7
33,105,8
33,106,8
33,107,8
33,108,9
33,109,7
33,110,7
33,111,6
33,112,6
33,113,12
33,114,12
33,115,12
33,116,8
33,117,8
33,118,8
33,119,5
33,120,5
33,121,5
33,122,6
33,123,7
33,124,5
33,125,5
33,126,4
33,127,6
33,128,4
33,129,5
33,130,7
33,131,5
33,132,4
33,133,4
33,134,5
33,135,7
33,136,7
33,137,3
33,138,8
33,139,3
33,140,4
33,141,8
33,142,8
33,143,16
33,144,6
33,145,16
33,146,5
33,147,6
33,148,31
33,149,12
33,150,7
33,151,6
33,152,3
33,153,3
33,154,4
33,155,7
33,156,7
33,157,10
33,158,14
33,159,20
33,160,4
33,161,4
33,162,6
33,163,6
33,164,3
33,165,3
33,166,6
33,167,8
33,168,6
33,169,6
33,170,6
33,171,11
33,172,8
33,173,6
33,174,5
33,175,7
33,176,6
33,177,6
33,178,13
33,179,10
33,180,30
33,181,6
33,182,26
33,183,26
33,184,5
33,185,5
33,186,5
33,187,5
33,188,5
33,189,16
33,190,16
33,191,4
33,192,9
33,193,7
33,194,8
33,195,7
33,196,8
33,197,7
33,198,8
33,199,8
33,200,7
33,201,7
33,202,15
33,203,3
33,204,4
33,205,36
33,206,7
33,207,7
33,208,7
33,209,6
33,210,4
33,211,4
33,212,4
33,213,4
33,214,4
33,215,9
33,216,9
33,217,9
33,218,7
33,219,7
33,220,35
33,221,11
33,222,7
33,223,6
33,224,6
33,225,5
33,226,5
33,227,12
33,228,14
33,229,10
33,230,11
33,231,5
33,232,12
33,233,12
33,234,6
33,235,3
33,236,6
33,237,8
33,238,7
33,239,7
33,240,3
33,241,3
33,242,6
33,243,7
33,244,1
33,245,2
33,246,5
33,247,3
33,248,3
33,249,12
33,250,6
33,251,6
33,252,3
33,253,3
33,254,7
33,255,4
33,256,3
33,257,3
33,258,3
33,259,4
33,260,4
33,261,6
33,262,15
33,263,14
33,264,16
33,265,16
33,266,17
33,267,17
33,268,17
33,269,4
33,270,5
33,271,4
33,272,17
33,273,4
33,274,4
33,275,3
33,276,18
33,277,4
33,278,4
33,279,4
33,280,5
33,281,8
33,282,8
33,283,7
33,284,8
33,285,3
33,286,2
33,287,2
33,288,2
33,289,2
33,290,3
33,291,2
33,292,2
33,293,2
33,294,2
33,295,2
33,296,3
33,297,3
33,298,3
33,299,13
33,300,8
33,301,8
33,302,8
33,303,7
33,304,7
33,305,6
33,306,5
33,307,10
33,308,26
33,309,10
33,310,11
33,311,4
33,312,4
33,313,3
33,314,4
33,315,5
33,316,5
33,317,6
33,318,6
33,319,6
33,320,2
33,321,2
33,322,8
33,323,7
33,324,5
33,325,7
33,326,7
33,327,12
33,328,3
33,329,7
33,330,7
33,331,11
33,332,9
33,333,8
33,334,4
33,335,21
33,336,2
33,337,3
33,338,7
33,339,10
33,340,6
33,341,8
33,342,8
33,343,7
33,344,4
33,345,4
33,346,5
33,347,14
33,348,7
33,349,6
33,350,7
34,0,0
34,1,0
34,2,0
34,3,0
34,4,0
34,5,0
34,6,0
34,7,0
34,8,0
34,9,0
34,10,0
34,11,0
34,12,8
34,13,5
34,14,8
34,15,5
34,16,8
34,17,7
34,18,5
34,19,19
34,20,6
34,21,11
34,22,7
34,23,5
34,24,5
34,25,6
34,26,6
34,27,17
34,28,17
34,29,17
34,30,16
34,31,16
34,32,4
34,33,2
34,34,0
34,35,13
34,36,6
34,37,7
34,38,6
34,39,4
34,40,7
34,41,3
34,42,7
34,43,4
34,44,6
34,45,16
34,46,12
34,47,3
34,48,3
34,49,8
34,50,7
34,51,7
34,52,15
34,53,8
34,54,8
34,55,8
34,56,12
34,57,8
34,58,7
34,59,7
34,60,6
34,61,16
34,62,10
34,63,13
34,64,7
34,65,3
34,66,3
34,67,9
34,68,8
34,69,10
34,70,8
34,71,7
34,72,15
34,73,7
34,74,7
34,75,15
34,76,16
34,77,16
34,78,13
34,79,13
34,80,13
34,81,12
34,82,12
34,83,13
34,84,4
34,85,9
34,86,4
34,87,9
34,88,10
34,89,26
34,90,6
34,91,6
34,92,25
34,93,16
34,94,12
34,95,15
34,96,4
34,97,5
34,98,7
34,99,5
34,100,14
34,101,13
34,102,5
34,103,11
34,104,7
34,105,7
34,106,7
34,107,8
34,108,8
34,109,7
34,110,7
34,111,6
34,112,6
34,113,12
34,114,12
34,115,12
34,116,7
34,117,8
34,118,8
34,119,5
34,120,5
34,121,5
34,122,7
34,123,8
34,124,5
34,125,5
34,126,4
34,127,5
34,128,4
34,129,5
34,130,6
34,131,5
34,132,4
34,133,4
34,134,5
34,135,6
34,136,7
34,137,3
34,138,7
34,139,3
34,140,4
34,141,8
34,142,8
34,143,16
34,144,6
34,145,17
34,146,5
34,147,6
34,148,31
34,149,12
34,150,7
34,151,6
34,152,3
34,153,3
34,154,4
34,155,6
34,156,6
34,157,10
34,158,14
34,159,20
34,160,3
34,161,4
34,162,6
34,163,6
34,164,3
34,165,3
34,166,6
34,167,6
34,168,6
34,169,6
34,170,7
34,171,12
34,172,8
34,173,5
34,174,5
34,175,6
34,176,6
34,177,7
34,178,13
34,179,11
34,180,31
34,181,6
34,182,26
34,183,26
34,184,5
34,185,5
34,186,6
34,187,6
34,188,6
34,189,16
34,190,16
34,191,4
34,192,9
34,193,6
34,194,7
34,195,6
34,196,7
34,197,7
34,198,7
34,199,7
34,200,6
34,201,6
34,202,15
34,203,3
34,204,4
34,205,36
34,206,8
34,207,8
34,208,8
34,209,6
34,210,4
34,211,4
34,212,4
34,213,4
34,214,4
34,215,9
34,216,9
34,217,9
34,218,6
34,219,6
34,220,35
34,221,11
34,222,5
34,223,7
34,224,7
34,225,5
34,226,5
34,227,13
34,228,15
34,229,10
34,230,10
34,231,4
34,232,12
34,233,12
34,234,6
34,235,3
34,236,7
34,237,8
34,238,7
34,239,7
34,240,3
34,241,3
34,242,6
34,243,8
34,244,1
34,245,1
34,246,5
34,247,3
34,248,3
34,249,12
34,250,6
34,251,6
34,252,3
34,253,3
34,254,7
34,255,4
34,256,3
34,257,3
34,258,3
34,259,4
34,260,4
34,261,6
34,262,15
34,263,14
34,264,16
34,265,17
34,266,17
34,267,17
34,268,17
34,269,3
34,270,3
34,271,3
34,272,17
34,273,3
34,274,4
34,275,3
34,276,16
34,277,4
34,278,4
34,279,4
34,280,5
34,281,6
34,282,6
34,283,6
34,284,6
34,285,3
34,286,2
34,287,2
34,288,2
34,289,2
34,290,3
34,291,2
34,292,2
34,293,2
34,294,3
34,295,3
34,296,3
34,297,4
34,298,4
34,299,13
34,300,7
34,301,7
34,302,7
34,303,5
34,304,7
34,305,5
34,306,5
34,307,10
34,308,26
34,309,10
34,310,10
34,311,4
34,312,4
34,313,3
34,314,4
34,315,5
34,316,5
34,317,6
34,318,6
34,319,7
34,320,2
34,321,2
34,322,8
34,323,7
34,324,4
34,325,7
34,326,7
34,327,12
34,328,3
34,329,7
34,330,7
34,331,11
34,332,8
34,333,8
34,334,4
34,335,22
34,336,2
34,337,3
34,338,6
34,339,10
34,340,7
34,341,8
34,342,8
34,343,7
34,344,4
34,345,4
34,346,4
34,347,13
34,348,8
34,349,7
34,350,7
35,0,0
35,1,0
35,2,0
35,3,0
35,4,0
35,5,0
35,6,0
35,7,0
35,8,0
35,9,0
35,10,0
35,11,0
35,12,14
35,13,13
35,14,13
35,15,13
35,16,13
35,17,13
35,18,13
35,19,23
35,20,9
35,21,15
35,22,13
35,23,14
35,24,15
35,25,14
35,26,14
35,27,21
35,28,23
35,29,23
35,30,23
35,31,22
35,32,10
35,33,13
35,34,13
35,35,0
35,36,16
35,37,10
35,38,10
35,39,14
35,40,9
35,41,13
35,42,9
35,43,15
35,44,15
35,45,16
35,46,15
35,47,12
35,48,11
35,49,10
35,50,15
35,51,12
35,52,5
35,53,10
35,54,10
35,55,10
35,56,16
35,57,13
35,58,14
35,59,12
35,60,15
35,61,19
35,62,11
35,63,15
35,64,10
35,65,11
35,66,11
35,67,11
35,68,11
35,69,10
35,70,10
35,71,11
35,72,8
35,73,11
35,74,12
35,75,8
35,76,19
35,77,19
35,78,4
35,79,4
35,80,4
35,81,6
35,82,17
35,83,8
35,84,12
35,85,11
35,86,13
35,87,11
35,88,10
35,89,29
35,90,15
35,91,15
35,92,28
35,93,20
35,94,3
35,95,6
35,96,14
35,97,15
35,98,14
35,99,15
35,100,17
35,101,1
35,102,15
35,103,16
35,104,10
35,105,11
35,106,11
35,107,12
35,108,11
35,109,10
35,110,12
35,111,14
35,112,16
35,113,17
35,114,17
35,115,17
35,116,15
35,117,11
35,118,11
35,119,15
35,120,15
35,121,15
35,122,14
35,123,14
35,124,14
35,125,15
35,126,14
35,127,12
35,128,15
35,129,15
35,130,15
35,131,15
35,132,14
35,133,14
35,134,14
35,135,13
35,136,12
35,137,14
35,138,16
35,139,14
35,140,14
35,141,14
35,142,15
35,143,20
35,144,16
35,145,20
35,146,16
35,147,11
35,148,35
35,149,17
35,150,15
35,151,16
35,152,14
35,153,14
35,154,14
35,155,11
35,156,11
35,157,9
35,158,19
35,159,25
35,160,14
35,161,11
35,162,15
35,163,15
35,164,13
35,165,13
35,166,15
35,167,11
35,168,15
35,169,15
35,170,15
35,171,15
35,172,15
35,173,12
35,174,12
35,175,14
35,176,13
35,177,14
35,178,18
35,179,14
35,180,34
35,181,15
35,182,29
35,183,29
35,184,14
35,185,14
35,186,13
35,187,13
35,188,13
35,189,19
35,190,19
35,191,12
35,192,11
35,193,10
35,194,10
35,195,10
35,196,10
35,197,10
35,198,10
35,199,10
35,200,10
35,201,10
35,202,18
35,203,14
35,204,14
35,205,39
35,206,14
35,207,14
35,208,14
35,209,15
35,210,12
35,211,13
35,212,12
35,213,14
35,214,15
35,215,12
35,216,12
35,217,12
35,218,17
35,219,17
35,220,38
35,221,8
35,222,15
35,223,14
35,224,14
35,225,11
35,226,11
35,227,19
35,228,20
35,229,10
35,230,10
35,231,13
35,232,15
35,233,15
35,234,16
35,235,14
35,236,14
35,237,14
35,238,13
35,239,13
35,240,14
35,241,14
35,242,13
35,243,16
35,244,12
35,245,13
35,246,13
35,247,13
35,248,13
35,249,17
35,250,16
35,251,16
35,252,14
35,253,14
35,254,12
35,255,13
35,256,13
35,257,13
35,258,13
35,259,13
35,260,13
35,261,17
35,262,20
35,263,19
35,264,20
35,265,23
35,266,24
35,267,24
35,268,24
35,269,14
35,270,13
35,271,13
35,272,19
35,273,13
35,274,12
35,275,12
35,276,20
35,277,12
35,278,13
35,279,12
35,280,12
35,281,12
35,282,12
35,283,14
35,284,11
35,285,13
35,286,12
35,287,12
35,288,12
35,289,13
35,290,14
35,291,13
35,292,13
35,293,13
35,294,13
35,295,13
35,296,13
35,297,13
35,298,14
35,299,17
35,300,11
35,301,11
35,302,11
35,303,12
35,304,15
35,305,12
35,306,13
35,307,10
35,308,29
35,309,9
35,310,9
35,311,14
35,312,14
35,313,13
35,314,15
35,315,12
35,316,12
35,317,15
35,318,15
35,319,16
35,320,13
35,321,13
35,322,12
35,323,15
35,324,15
35,325,14
35,326,15
35,327,20
35,328,13
35,329,10
35,330,10
35,331,9
35,332,12
35,333,13
35,334,15
35,335,25
35,336,12
35,337,14
35,338,12
35,339,13
35,340,14
35,341,15
35,342,11
35,343,15
35,344,13
35,345,12
35,346,13
35,347,8
35,348,14
35,349,14
35,350,10
36,0,0
36,1,0
36,2,0
36,3,0
36,4,0
36,5,0
36,6,0
36,7,0
36,8,0
36,9,0
36,10,0
36,11,0
36,12,8
36,13,8
36,14,8
36,15,8
36,16,8
36,17,8
36,18,4
36,19,17
36,20,11
36,21,12
36,22,5
36,23,2
36,24,2
36,25,3
36,26,3
36,27,17
36,28,16
36,29,15
36,30,15
36,31,15
36,32,8
36,33,6
36,34,6
36,35,16
36,36,0
36,37,8
36,38,8
36,39,6
36,40,9
36,41,5
36,42,9
36,43,2
36,44,7
36,45,17
36,46,10
36,47,5
36,48,4
36,49,9
36,50,8
36,51,9
36,52,16
36,53,9
36,54,9
36,55,9
36,56,11
36,57,10
36,58,10
36,59,7
36,60,6
36,61,14
36,62,12
36,63,14
36,64,9
36,65,4
36,66,4
36,67,11
36,68,7
36,69,13
36,70,10
36,71,10
36,72,16
36,73,9
36,74,9
36,75,16
36,76,14
36,77,14
36,78,14
36,79,14
36,80,14
36,81,14
36,82,10
36,83,15
36,84,5
36,85,11
36,86,6
36,87,11
36,88,12
36,89,24
36,90,6
36,91,6
36,92,24
36,93,15
36,94,13
36,95,16
36,96,7
36,97,8
36,98,6
36,99,2
36,100,12
36,101,14
36,102,2
36,103,9
36,104,9
36,105,9
36,106,9
36,107,10
36,108,11
36,109,9
36,110,9
36,111,4
36,112,4
36,113,10
36,114,10
36,115,10
36,116,10
36,117,9
36,118,10
36,119,7
36,120,7
36,121,7
36,122,4
36,123,5
36,124,2
36,125,6
36,126,6
36,127,7
36,128,6
36,129,7
36,130,9
36,131,7
36,132,5
36,133,5
36,134,7
36,135,9
36,136,9
36,137,5
36,138,10
36,139,5
36,140,6
36,141,6
36,142,6
36,143,15
36,144,3
36,145,15
36,146,7
36,147,8
36,148,30
36,149,9
36,150,5
36,151,1
36,152,3
36,153,2
36,154,4
36,155,9
36,156,9
36,157,12
36,158,11
36,159,18
36,160,3
36,161,5
36,162,6
36,163,4
36,164,5
36,165,5
36,166,8
36,167,9
36,168,3
36,169,3
36,170,3
36,171,10
36,172,6
36,173,8
36,174,7
36,175,6
36,176,6
36,177,4
36,178,11
36,179,9
36,180,29
36,181,7
36,182,25
36,183,25
36,184,3
36,185,3
36,186,4
36,187,4
36,188,4
36,189,16
36,190,16
36,191,5
36,192,11
36,193,8
36,194,9
36,195,8
36,196,9
36,197,8
36,198,9
36,199,9
36,200,8
36,201,8
36,202,15
36,203,3
36,204,6
36,205,34
36,206,5
36,207,5
36,208,5
36,209,3
36,210,6
36,211,6
36,212,5
36,213,1
36,214,2
36,215,10
36,216,10
36,217,10
36,218,4
36,219,4
36,220,33
36,221,13
36,222,5
36,223,4
36,224,4
36,225,6
36,226,6
36,227,11
36,228,12
36,229,12
36,230,13
36,231,6
36,232,10
36,233,10
36,234,3
36,235,3
36,236,5
36,237,10
36,238,9
36,239,9
36,240,3
36,241,3
36,242,8
36,243,6
36,244,2
36,245,3
36,246,6
36,247,6
36,248,6
36,249,10
36,250,3
36,251,3
36,252,3
36,253,3
36,254,9
36,255,6
36,256,6
36,257,6
36,258,5
36,259,6
36,260,6
36,261,5
36,262,12
36,263,12
36,264,15
36,265,14
36,266,15
36,267,15
36,268,15
36,269,6
36,270,6
36,271,6
36,272,17
36,273,6
36,274,5
36,275,4
36,276,17
36,277,5
36,278,6
36,279,5
36,280,6
36,281,9
36,282,9
36,283,8
36,284,9
36,285,2
36,286,3
36,287,3
36,288,4
36,289,3
36,290,3
36,291,3
36,292,3
36,293,3
36,294,2
36,295,2
36,296,2
36,297,2
36,298,2
36,299,12
36,300,9
36,301,9
36,302,9
36,303,8
36,304,8
36,305,8
36,306,4
36,307,12
36,308,24
36,309,12
36,310,12
36,311,1
36,312,2
36,313,4
36,314,2
36,315,6
36,316,7
36,317,3
36,318,3
36,319,3
36,320,3
36,321,3
36,322,10
36,323,4
36,324,5
36,325,5
36,326,4
36,327,11
36,328,5
36,329,9
36,330,9
36,331,13
36,332,10
36,333,9
36,334,6
36,335,20
36,336,4
36,337,2
36,338,8
36,339,8
36,340,4
36,341,6
36,342,10
36,343,5
36,344,6
36,345,5
36,346,6
36,347,15
36,348,5
36,349,4
36,350,9
37,0,0
37,1,0
37,2,0
37,3,0
37,4,0
37,5,0
37,6,0
37,7,0
37,8,0
37,9,0
37,10,0
37,11,0
37,12,7
37,13,6
37,14,6
37,15,6
37,16,6
37,17,6
37,18,9
37,19,16
37,20,1
37,21,11
37,22,8
37,23,9
37,24,9
37,25,10
37,26,8
37,27,16
37,28,18
37,29,18
37,30,17
37,31,17
37,32,2
37,33,7
37,34,7
37,35,10
37,36,8
37,37,0
37,38,1
37,39,7
37,40,1
37,41,6
37,42,1
37,43,8
37,44,6
37,45,12
37,46,11
37,47,4
37,48,4
37,49,3
37,50,7
37,51,3
37,52,11
37,53,2
37,54,2
37,55,2
37,56,11
37,57,5
37,58,6
37,59,4
37,60,7
37,61,15
37,62,6
37,63,9
37,64,2
37,65,4
37,66,4
37,67,5
37,68,7
37,69,7
37,70,4
37,71,4
37,72,11
37,73,3
37,74,3
37,75,11
37,76,15
37,77,15
37,78,9
37,79,9
37,80,9
37,81,8
37,82,10
37,83,9
37,84,5
37,85,5
37,86,5
37,87,5
37,88,6
37,89,24
37,90,7
37,91,7
37,92,24
37,93,15
37,94,8
37,95,11
37,96,5
37,97,6
37,98,7
37,99,9
37,100,13
37,101,9
37,102,9
37,103,8
37,104,2
37,105,3
37,106,3
37,107,4
37,108,5
37,109,2
37,110,3
37,111,9
37,112,8
37,113,10
37,114,10
37,115,10
37,116,6
37,117,3
37,118,3
37,119,6
37,120,6
37,121,7
37,122,7
37,123,8
37,124,9
37,125,6
37,126,7
37,127,4
37,128,6
37,129,6
37,130,6
37,131,6
37,132,8
37,133,8
37,134,6
37,135,4
37,136,3
37,137,7
37,138,7
37,139,7
37,140,7
37,141,7
37,142,7
37,143,15
37,144,10
37,145,16
37,146,7
37,147,2
37,148,30
37,149,9
37,150,9
37,151,9
37,152,7
37,153,7
37,154,7
37,155,3
37,156,3
37,157,6
37,158,11
37,159,17
37,160,7
37,161,4
37,162,7
37,163,8
37,164,6
37,165,6
37,166,6
37,167,3
37,168,9
37,169,9
37,170,9
37,171,10
37,172,10
37,173,4
37,174,3
37,175,6
37,176,6
37,177,7
37,178,11
37,179,9
37,180,29
37,181,7
37,182,25
37,183,25
37,184,9
37,185,9
37,186,8
37,187,8
37,188,8
37,189,13
37,190,13
37,191,3
37,192,5
37,193,3
37,194,2
37,195,3
37,196,2
37,197,3
37,198,3
37,199,2
37,200,3
37,201,3
37,202,12
37,203,7
37,204,7
37,205,35
37,206,9
37,207,9
37,208,9
37,209,10
37,210,3
37,211,3
37,212,4
37,213,8
37,214,8
37,215,7
37,216,7
37,217,7
37,218,10
37,219,10
37,220,34
37,221,7
37,222,7
37,223,7
37,224,7
37,225,3
37,226,3
37,227,13
37,228,12
37,229,6
37,230,7
37,231,6
37,232,11
37,233,11
37,234,10
37,235,7
37,236,8
37,237,5
37,238,5
37,239,5
37,240,7
37,241,7
37,242,5
37,243,8
37,244,6
37,245,6
37,246,4
37,247,7
37,248,7
37,249,10
37,250,10
37,251,10
37,252,7
37,253,7
37,254,3
37,255,5
37,256,5
37,257,5
37,258,6
37,259,4
37,260,4
37,261,9
37,262,12
37,263,11
37,264,15
37,265,16
37,266,17
37,267,17
37,268,17
37,269,7
37,270,5
37,271,4
37,272,13
37,273,4
37,274,4
37,275,5
37,276,14
37,277,4
37,278,4
37,279,4
37,280,3
37,281,4
37,282,4
37,283,6
37,284,4
37,285,7
37,286,5
37,287,6
37,288,5
37,289,6
37,290,7
37,291,6
37,292,6
37,293,6
37,294,6
37,295,6
37,296,6
37,297,7
37,298,8
37,299,12
37,300,3
37,301,3
37,302,3
37,303,4
37,304,6
37,305,4
37,306,8
37,307,6
37,308,25
37,309,6
37,310,7
37,311,8
37,312,8
37,313,7
37,314,8
37,315,2
37,316,3
37,317,9
37,318,9
37,319,11
37,320,6
37,321,6
37,322,4
37,323,9
37,324,9
37,325,7
37,326,8
37,327,13
37,328,6
37,329,2
37,330,2
37,331,7
37,332,7
37,333,5
37,334,7
37,335,20
37,336,5
37,337,7
37,338,3
37,339,9
37,340,7
37,341,10
37,342,5
37,343,10
37,344,5
37,345,4
37,346,5
37,347,9
37,348,9
37,349,7
37,350,1
38,0,0
38,1,0
38,2,0
38,3,0
38,4,0
38,5,0
38,6,0
38,7,0
38,8,0
38,9,0
38,10,0
38,11,0
38,12,7
38,13,6
38,14,6
38,15,6
38,16,6
38,17,6
38,18,9
38,19,16
38,20,1
38,21,11
38,22,8
38,23,9
38,24,9
38,25,10
38,26,8
38,27,16
38,28,18
38,29,18
38,30,17
38,31,17
38,32,2
38,33,7
38,34,6
38,35,10
38,36,8
38,37,1
38,38,0
38,39,7
38,40,1
38,41,6
38,42,1
38,43,8
38,44,6
38,45,12
38,46,11
38,47,4
38,48,4
38,49,3
38,50,7
38,51,3
38,52,11
38,53,2
38,54,2
38,55,2
38,56,11
38,57,5
38,58,6
38,59,4
38,60,7
38,61,15
38,62,6
38,63,8
38,64,2
38,65,4
38,66,4
38,67,5
38,68,7
38,69,7
38,70,4
38,71,4
38,72,11
38,73,3
38,74,3
38,75,11
38,76,15
38,77,15
38,78,9
38,79,9
38,80,9
38,81,8
38,82,10
38,83,9
38,84,5
38,85,5
38,86,5
38,87,5
38,88,6
38,89,24
38,90,7
38,91,7
38,92,24
38,93,15
38,94,8
38,95,11
38,96,5
38,97,6
38,98,6
38,99,9
38,100,13
38,101,9
38,102,9
38,103,8
38,104,2
38,105,3
38,106,3
38,107,4
38,108,5
38,109,2
38,110,3
38,111,9
38,112,8
38,113,10
38,114,10
38,115,10
38,116,6
38,117,3
38,118,3
38,119,6
38,120,6
38,121,6
38,122,7
38,123,8
38,124,9
38,125,6
38,126,7
38,127,4
38,128,6
38,129,6
38,130,6
38,131,6
38,132,7
38,133,7
38,134,6
38,135,4
38,136,3
38,137,7
38,138,7
38,139,7
38,140,7
38,141,7
38,142,7
38,143,15
38,144,10
38,145,16
38,146,7
38,147,2
38,148,30
38,149,9
38,150,9
38,151,10
38,152,7
38,153,7
38,154,7
38,155,3
38,156,3
38,157,6
38,158,11
38,159,17
38,160,7
38,161,4
38,162,7
38,163,7
38,164,6
38,165,6
38,166,6
38,167,3
38,168,8
38,169,8
38,170,9
38,171,10
38,172,10
38,173,4
38,174,3
38,175,6
38,176,6
38,177,7
38,178,10
38,179,9
38,180,29
38,181,7
38,182,25
38,183,25
38,184,9
38,185,9
38,186,8
38,187,8
38,188,8
38,189,13
38,190,13
38,191,3
38,192,5
38,193,3
38,194,2
38,195,3
38,196,2
38,197,3
38,198,3
38,199,2
38,200,3
38,201,3
38,202,11
38,203,7
38,204,7
38,205,35
38,206,9
38,207,9
38,208,9
38,209,10
38,210,3
38,211,3
38,212,4
38,213,8
38,214,8
38,215,7
38,216,7
38,217,7
38,218,10
38,219,10
38,220,34
38,221,7
38,222,7
38,223,7
38,224,7
38,225,3
38,226,3
38,227,12
38,228,12
38,229,6
38,230,7
38,231,6
38,232,11
38,233,11
38,234,10
38,235,7
38,236,8
38,237,5
38,238,4
38,239,4
38,240,7
38,241,7
38,242,5
38,243,8
38,244,6
38,245,6
38,246,4
38,247,7
38,248,7
38,249,10
38,250,10
38,251,10
38,252,7
38,253,7
38,254,3
38,255,5
38,256,5
38,257,5
38,258,6
38,259,4
38,260,4
38,261,9
38,262,12
38,263,11
38,264,14
38,265,16
38,266,17
38,267,17
38,268,17
38,269,7
38,270,5
38,271,4
38,272,13
38,273,4
38,274,4
38,275,5
38,276,13
38,277,4
38,278,4
38,279,4
38,280,3
38,281,4
38,282,4
38,283,6
38,284,4
38,285,7
38,286,5
38,287,6
38,288,5
38,289,6
38,290,7
38,291,6
38,292,6
38,293,6
38,294,6
38,295,6
38,296,6
38,297,7
38,298,7
38,299,12
38,300,3
38,301,3
38,302,3
38,303,4
38,304,6
38,305,4
38,306,8
38,307,6
38,308,25
38,309,6
38,310,7
38,311,8
38,312,8
38,313,7
38,314,8
38,315,2
38,316,3
38,317,9
38,318,9
38,319,11
38,320,6
38,321,6
38,322,4
38,323,9
38,324,9
38,325,7
38,326,8
38,327,12
38,328,6
38,329,2
38,330,2
38,331,7
38,332,7
38,333,5
38,334,7
38,335,20
38,336,5
38,337,7
38,338,3
38,339,9
38,340,7
38,341,10
38,342,5
38,343,10
38,344,5
38,345,4
38,346,5
38,347,9
38,348,9
38,349,7
38,350,1
39,0,0
39,1,0
39,2,0
39,3,0
39,4,0
39,5,0
39,6,0
39,7,0
39,8,0
39,9,0
39,10,0
39,11,0
39,12,5
39,13,5
39,14,5
39,15,5
39,16,5
39,17,7
39,18,8
39,19,18
39,20,8
39,21,13
39,22,8
39,23,5
39,24,5
39,25,5
39,26,5
39,27,19
39,28,19
39,29,19
39,30,18
39,31,18
39,32,6
39,33,4
39,34,4
39,35,14
39,36,6
39,37,7
39,38,7
39,39,0
39,40,5
39,41,3
39,42,5
39,43,7
39,44,3
39,45,15
39,46,14
39,47,7
39,48,6
39,49,8
39,50,9
39,51,3
39,52,14
39,53,6
39,54,6
39,55,6
39,56,15
39,57,5
39,58,4
39,59,3
39,60,4
39,61,19
39,62,6
39,63,12
39,64,7
39,65,6
39,66,6
39,67,5
39,68,10
39,69,6
39,70,4
39,71,3
39,72,14
39,73,3
39,74,3
39,75,14
39,76,18
39,77,18
39,78,13
39,79,13
39,80,13
39,81,9
39,82,9
39,83,9
39,84,7
39,85,4
39,86,6
39,87,5
39,88,6
39,89,28
39,90,4
39,91,4
39,92,28
39,93,18
39,94,12
39,95,15
39,96,6
39,97,5
39,98,6
39,99,6
39,100,16
39,101,13
39,102,7
39,103,8
39,104,3
39,105,3
39,106,4
39,107,4
39,108,4
39,109,5
39,110,3
39,111,7
39,112,4
39,113,9
39,114,9
39,115,9
39,116,4
39,117,3
39,118,3
39,119,2
39,120,2
39,121,2
39,122,6
39,123,7
39,124,6
39,125,2
39,126,4
39,127,7
39,128,2
39,129,2
39,130,3
39,131,2
39,132,4
39,133,4
39,134,2
39,135,3
39,136,4
39,137,4
39,138,4
39,139,2
39,140,2
39,141,6
39,142,6
39,143,19
39,144,7
39,145,19
39,146,2
39,147,5
39,148,33
39,149,9
39,150,7
39,151,7
39,152,8
39,153,8
39,154,9
39,155,4
39,156,4
39,157,7
39,158,11
39,159,17
39,160,9
39,161,7
39,162,4
39,163,4
39,164,3
39,165,3
39,166,3
39,167,3
39,168,6
39,169,7
39,170,7
39,171,13
39,172,9
39,173,4
39,174,7
39,175,3
39,176,2
39,177,6
39,178,10
39,179,13
39,180,33
39,181,3
39,182,29
39,183,29
39,184,8
39,185,8
39,186,8
39,187,8
39,188,8
39,189,12
39,190,12
39,191,7
39,192,5
39,193,9
39,194,8
39,195,8
39,196,8
39,197,8
39,198,8
39,199,8
39,200,8
39,201,8
39,202,11
39,203,8
39,204,2
39,205,38
39,206,8
39,207,8
39,208,8
39,209,7
39,210,7
39,211,7
39,212,5
39,213,6
39,214,7
39,215,11
39,216,11
39,217,11
39,218,6
39,219,6
39,220,38
39,221,7
39,222,2
39,223,6
39,224,6
39,225,6
39,226,6
39,227,13
39,228,11
39,229,6
39,230,6
39,231,7
39,232,14
39,233,14
39,234,6
39,235,9
39,236,7
39,237,5
39,238,4
39,239,4
39,240,9
39,241,9
39,242,2
39,243,6
39,244,7
39,245,7
39,246,6
39,247,5
39,248,5
39,249,9
39,250,7
39,251,7
39,252,8
39,253,8
39,254,4
39,255,7
39,256,5
39,257,5
39,258,5
39,259,5
39,260,5
39,261,4
39,262,12
39,263,11
39,264,18
39,265,16
39,266,17
39,267,17
39,268,17
39,269,5
39,270,4
39,271,4
39,272,13
39,273,4
39,274,4
39,275,7
39,276,13
39,277,6
39,278,6
39,279,6
39,280,6
39,281,4
39,282,4
39,283,6
39,284,4
39,285,7
39,286,7
39,287,7
39,288,6
39,289,7
39,290,8
39,291,8
39,292,8
39,293,8
39,294,8
39,295,7
39,296,7
39,297,7
39,298,8
39,299,15
39,300,3
39,301,3
39,302,3
39,303,4
39,304,3
39,305,4
39,306,8
39,307,6
39,308,29
39,309,6
39,310,6
39,311,6
39,312,6
39,313,8
39,314,7
39,315,6
39,316,7
39,317,6
39,318,6
39,319,6
39,320,8
39,321,8
39,322,4
39,323,7
39,324,4
39,325,6
39,326,6
39,327,13
39,328,5
39,329,7
39,330,7
39,331,7
39,332,11
39,333,5
39,334,2
39,335,23
39,336,6
39,337,7
39,338,8
39,339,12
39,340,6
39,341,8
39,342,4
39,343,7
39,344,7
39,345,7
39,346,7
39,347,9
39,348,8
39,349,6
39,350,7
40,0,0
40,1,0
40,2,0
40,3,0
40,4,0
40,5,0
40,6,0
40,7,0
40,8,0
40,9,0
40,10,0
40,11,0
40,12,6
40,13,5
40,14,6
40,15,6
40,16,6
40,17,5
40,18,9
40,19,15
40,20,2
40,21,10
40,22,7
40,23,9
40,24,9
40,25,9
40,26,8
40,27,16
40,28,17
40,29,17
40,30,17
40,31,17
40,32,3
40,33,7
40,34,7
40,35,9
40,36,9
40,37,1
40,38,1
40,39,5
40,40,0
40,41,6
40,42,1
40,43,8
40,44,5
40,45,11
40,46,10
40,47,5
40,48,5
40,49,3
40,50,7
40,51,3
40,52,10
40,53,1
40,54,1
40,55,1
40,56,11
40,57,5
40,58,6
40,59,4
40,60,7
40,61,14
40,62,6
40,63,8
40,64,2
40,65,5
40,66,5
40,67,5
40,68,6
40,69,6
40,70,4
40,71,3
40,72,10
40,73,3
40,74,3
40,75,10
40,76,14
40,77,14
40,78,9
40,79,9
40,80,9
40,81,8
40,82,9
40,83,9
40,84,6
40,85,4
40,86,5
40,87,5
40,88,5
40,89,23
40,90,7
40,91,7
40,92,24
40,93,14
40,94,8
40,95,11
40,96,5
40,97,6
40,98,6
40,99,10
40,100,12
40,101,8
40,102,10
40,103,8
40,104,2
40,105,2
40,106,2
40,107,4
40,108,4
40,109,2
40,110,3
40,111,8
40,112,7
40,113,9
40,114,9
40,115,9
40,116,5
40,117,2
40,118,3
40,119,6
40,120,6
40,121,6
40,122,7
40,123,8
40,124,9
40,125,6
40,126,8
40,127,3
40,128,6
40,129,5
40,130,5
40,131,5
40,132,8
40,133,8
40,134,5
40,135,4
40,136,3
40,137,7
40,138,6
40,139,7
40,140,7
40,141,6
40,142,6
40,143,14
40,144,10
40,145,14
40,146,6
40,147,2
40,148,29
40,149,9
40,150,9
40,151,10
40,152,7
40,153,7
40,154,8
40,155,3
40,156,3
40,157,6
40,158,11
40,159,17
40,160,8
40,161,5
40,162,7
40,163,7
40,164,6
40,165,6
40,166,5
40,167,2
40,168,8
40,169,8
40,170,8
40,171,9
40,172,10
40,173,4
40,174,3
40,175,6
40,176,5
40,177,7
40,178,10
40,179,9
40,180,29
40,181,7
40,182,24
40,183,24
40,184,9
40,185,9
40,186,8
40,187,8
40,188,8
40,189,12
40,190,12
40,191,4
40,192,5
40,193,3
40,194,3
40,195,3
40,196,3
40,197,3
40,198,3
40,199,3
40,200,3
40,201,3
40,202,11
40,203,7
40,204,7
40,205,34
40,206,9
40,207,9
40,208,9
40,209,9
40,210,3
40,211,3
40,212,4
40,213,9
40,214,8
40,215,7
40,216,7
40,217,7
40,218,9
40,219,9
40,220,33
40,221,7
40,222,7
40,223,7
40,224,7
40,225,2
40,226,2
40,227,12
40,228,11
40,229,6
40,230,6
40,231,6
40,232,10
40,233,10
40,234,10
40,235,7
40,236,8
40,237,5
40,238,4
40,239,4
40,240,7
40,241,7
40,242,4
40,243,8
40,244,6
40,245,6
40,246,5
40,247,6
40,248,6
40,249,9
40,250,10
40,251,10
40,252,7
40,253,7
40,254,3
40,255,6
40,256,5
40,257,5
40,258,6
40,259,4
40,260,4
40,261,8
40,262,12
40,263,11
40,264,14
40,265,16
40,266,16
40,267,16
40,268,16
40,269,6
40,270,5
40,271,5
40,272,13
40,273,5
40,274,4
40,275,5
40,276,13
40,277,5
40,278,4
40,279,5
40,280,3
40,281,3
40,282,3
40,283,5
40,284,3
40,285,7
40,286,5
40,287,6
40,288,5
40,289,6
40,290,7
40,291,6
40,292,6
40,293,6
40,294,7
40,295,7
40,296,7
40,297,8
40,298,8
40,299,11
40,300,3
40,301,3
40,302,3
40,303,4
40,304,6
40,305,4
40,306,8
40,307,6
40,308,24
40,309,6
40,310,6
40,311,10
40,312,9
40,313,7
40,314,9
40,315,3
40,316,3
40,317,9
40,318,9
40,319,10
40,320,7
40,321,6
40,322,4
40,323,9
40,324,9
40,325,7
40,326,8
40,327,12
40,328,7
40,329,2
40,330,2
40,331,7
40,332,7
40,333,5
40,334,7
40,335,20
40,336,6
40,337,8
40,338,3
40,339,8
40,340,7
40,341,9
40,342,4
40,343,10
40,344,6
40,345,6
40,346,6
40,347,9
40,348,9
40,349,7
40,350,2
41,0,0
41,1,0
41,2,0
41,3,0
41,4,0
41,5,0
41,6,0
41,7,0
41,8,0
41,9,0
41,10,0
41,11,0
41,12,4
41,13,4
41,14,4
41,15,4
41,16,4
41,17,5
41,18,6
41,19,17
41,20,7
41,21,12
41,22,7
41,23,3
41,24,4
41,25,4
41,26,4
41,27,18
41,28,18
41,29,18
41,30,17
41,31,17
41,32,5
41,33,3
41,34,3
41,35,13
41,36,5
41,37,6
41,38,6
41,39,3
41,40,6
41,41,0
41,42,8
41,43,5
41,44,4
41,45,18
41,46,14
41,47,5
41,48,4
41,49,8
41,50,7
41,51,5
41,52,15
41,53,9
41,54,9
41,55,9
41,56,14
41,57,6
41,58,5
41,59,4
41,60,4
41,61,18
41,62,8
41,63,14
41,64,7
41,65,4
41,66,4
41,67,8
41,68,8
41,69,8
41,70,6
41,71,6
41,72,15
41,73,5
41,74,4
41,75,15
41,76,17
41,77,17
41,78,14
41,79,14
41,80,14
41,81,11
41,82,10
41,83,11
41,84,5
41,85,7
41,86,5
41,87,7
41,88,8
41,89,27
41,90,4
41,91,3
41,92,27
41,93,18
41,94,13
41,95,15
41,96,4
41,97,5
41,98,5
41,99,4
41,100,15
41,101,13
41,102,5
41,103,9
41,104,6
41,105,6
41,106,6
41,107,6
41,108,7
41,109,8
41,110,5
41,111,5
41,112,4
41,113,10
41,114,10
41,115,10
41,116,5
41,117,6
41,118,6
41,119,3
41,120,3
41,121,3
41,122,5
41,123,6
41,124,4
41,125,3
41,126,2
41,127,5
41,128,2
41,129,3
41,130,4
41,131,3
41,132,2
41,133,2
41,134,3
41,135,4
41,136,4
41,137,1
41,138,5
41,139,1
41,140,2
41,141,5
41,142,6
41,143,18
41,144,5
41,145,18
41,146,3
41,147,6
41,148,33
41,149,9
41,150,5
41,151,5
41,152,6
41,153,6
41,154,6
41,155,5
41,156,5
41,157,9
41,158,11
41,159,17
41,160,7
41,161,5
41,162,4
41,163,4
41,164,1
41,165,1
41,166,4
41,167,5
41,168,5
41,169,5
41,170,5
41,171,13
41,172,8
41,173,5
41,174,5
41,175,3
41,176,3
41,177,5
41,178,11
41,179,12
41,180,32
41,181,4
41,182,28
41,183,28
41,184,6
41,185,6
41,186,7
41,187,7
41,188,7
41,189,13
41,190,13
41,191,5
41,192,7
41,193,7
41,194,7
41,195,7
41,196,7
41,197,7
41,198,8
41,199,8
41,200,7
41,201,7
41,202,12
41,203,7
41,204,2
41,205,38
41,206,7
41,207,7
41,208,7
41,209,5
41,210,5
41,211,5
41,212,4
41,213,4
41,214,5
41,215,9
41,216,9
41,217,9
41,218,4
41,219,4
41,220,37
41,221,9
41,222,3
41,223,5
41,224,5
41,225,4
41,226,4
41,227,12
41,228,12
41,229,8
41,230,9
41,231,5
41,232,14
41,233,14
41,234,4
41,235,6
41,236,6
41,237,5
41,238,5
41,239,5
41,240,6
41,241,6
41,242,3
41,243,5
41,244,5
41,245,5
41,246,5
41,247,3
41,248,3
41,249,10
41,250,5
41,251,5
41,252,6
41,253,6
41,254,4
41,255,5
41,256,3
41,257,3
41,258,2
41,259,3
41,260,3
41,261,4
41,262,12
41,263,11
41,264,17
41,265,16
41,266,17
41,267,17
41,268,17
41,269,3
41,270,3
41,271,3
41,272,14
41,273,3
41,274,3
41,275,4
41,276,14
41,277,4
41,278,4
41,279,4
41,280,5
41,281,5
41,282,6
41,283,5
41,284,5
41,285,5
41,286,4
41,287,4
41,288,4
41,289,5
41,290,6
41,291,5
41,292,5
41,293,5
41,294,6
41,295,6
41,296,6
41,297,5
41,298,6
41,299,15
41,300,5
41,301,5
41,302,4
41,303,6
41,304,5
41,305,5
41,306,7
41,307,8
41,308,28
41,309,8
41,310,8
41,311,5
41,312,5
41,313,5
41,314,5
41,315,5
41,316,5
41,317,5
41,318,5
41,319,5
41,320,5
41,321,5
41,322,6
41,323,5
41,324,2
41,325,5
41,326,4
41,327,12
41,328,3
41,329,7
41,330,7
41,331,10
41,332,9
41,333,6
41,334,2
41,335,23
41,336,4
41,337,6
41,338,6
41,339,11
41,340,5
41,341,8
41,342,7
41,343,6
41,344,5
41,345,5
41,346,5
41,347,11
41,348,7
41,349,5
41,350,7
42,0,0
42,1,0
42,2,0
42,3,0
42,4,0
42,5,0
42,6,0
42,7,0
42,8,0
42,9,0
42,10,0
42,11,0
42,12,6
42,13,5
42,14,6
42,15,6
42,16,6
42,17,5
42,18,8
42,19,15
42,20,2
42,21,10
42,22,7
42,23,8
42,24,8
42,25,9
42,26,8
42,27,16
42,28,17
42,29,17
42,30,17
42,31,17
42,32,3
42,33,7
42,34,7
42,35,9
42,36,9
42,37,1
42,38,1
42,39,5
42,40,1
42,41,8
42,42,0
42,43,8
42,44,5
42,45,11
42,46,10
42,47,5
42,48,5
42,49,3
42,50,7
42,51,3
42,52,10
42,53,1
42,54,1
42,55,1
42,56,11
42,57,5
42,58,6
42,59,4
42,60,7
42,61,15
42,62,6
42,63,8
42,64,2
42,65,5
42,66,5
42,67,5
42,68,6
42,69,6
42,70,4
42,71,3
42,72,10
42,73,3
42,74,2
42,75,10
42,76,14
42,77,14
42,78,9
42,79,9
42,80,9
42,81,8
42,82,9
42,83,9
42,84,6
42,85,4
42,86,5
42,87,4
42,88,5
42,89,23
42,90,7
42,91,6
42,92,24
42,93,15
42,94,8
42,95,11
42,96,5
42,97,6
42,98,6
42,99,9
42,100,12
42,101,8
42,102,10
42,103,8
42,104,2
42,105,2
42,106,2
42,107,4
42,108,4
42,109,2
42,110,3
42,111,8
42,112,7
42,113,9
42,114,9
42,115,9
42,116,5
42,117,2
42,118,2
42,119,6
42,120,6
42,121,6
42,122,7
42,123,8
42,124,9
42,125,6
42,126,7
42,127,3
42,128,6
42,129,5
42,130,5
42,131,5
42,132,8
42,133,8
42,134,5
42,135,4
42,136,3
42,137,7
42,138,6
42,139,7
42,140,7
42,141,6
42,142,6
42,143,14
42,144,10
42,145,15
42,146,6
42,147,2
42,148,29
42,149,9
42,150,9
42,151,10
42,152,7
42,153,7
42,154,7
42,155,3
42,156,3
42,157,6
42,158,11
42,159,17
42,160,7
42,161,5
42,162,7
42,163,7
42,164,6
42,165,6
42,166,5
42,167,2
42,168,8
42,169,8
42,170,9
42,171,9
42,172,10
42,173,4
42,174,3
42,175,6
42,176,5
42,177,7
42,178,10
42,179,9
42,180,28
42,181,7
42,182,24
42,183,24
42,184,9
42,185,9
42,186,8
42,187,8
42,188,8
42,189,12
42,190,12
42,191,4
42,192,5
42,193,3
42,194,3
42,195,3
42,196,3
42,197,3
42,198,3
42,199,3
42,200,3
42,201,3
42,202,11
42,203,7
42,204,6
42,205,34
42,206,9
42,207,9
42,208,9
42,209,9
42,210,3
42,211,4
42,212,4
42,213,10
42,214,8
42,215,7
42,216,7
42,217,7
42,218,9
42,219,9
42,220,33
42,221,7
42,222,7
42,223,7
42,224,7
42,225,2
42,226,2
42,227,12
42,228,11
42,229,6
42,230,6
42,231,6
42,232,10
42,233,10
42,234,9
42,235,7
42,236,8
42,237,5
42,238,4
42,239,4
42,240,7
42,241,7
42,242,4
42,243,8
42,244,6
42,245,6
42,246,5
42,247,6
42,248,6
42,249,9
42,250,10
42,251,10
42,252,7
42,253,7
42,254,3
42,255,6
42,256,5
42,257,5
42,258,6
42,259,4
42,260,4
42,261,8
42,262,12
42,263,11
42,264,15
42,265,16
42,266,16
42,267,16
42,268,16
42,269,6
42,270,5
42,271,5
42,272,13
42,273,5
42,274,4
42,275,5
42,276,13
42,277,4
42,278,4
42,279,5
42,280,3
42,281,3
42,282,3
42,283,5
42,284,3
42,285,7
42,286,5
42,287,6
42,288,5
42,289,6
42,290,7
42,291,6
42,292,6
42,293,6
42,294,7
42,295,7
42,296,7
42,297,8
42,298,8
42,299,11
42,300,3
42,301,3
42,302,3
42,303,4
42,304,6
42,305,4
42,306,8
42,307,5
42,308,24
42,309,5
42,310,6
42,311,9
42,312,9
42,313,7
42,314,8
42,315,2
42,316,3
42,317,9
42,318,9
42,319,10
42,320,6
42,321,6
42,322,4
42,323,9
42,324,8
42,325,7
42,326,8
42,327,12
42,328,6
42,329,2
42,330,2
42,331,7
42,332,7
42,333,5
42,334,7
42,335,20
42,336,6
42,337,7
42,338,3
42,339,8
42,340,7
42,341,9
42,342,4
42,343,10
42,344,6
42,345,5
42,346,5
42,347,9
42,348,9
42,349,7
42,350,2
43,0,0
43,1,0
43,2,0
43,3,0
43,4,0
43,5,0
43,6,0
43,7,0
43,8,0
43,9,0
43,10,0
43,11,0
43,12,8
43,13,9
43,14,8
43,15,8
43,16,8
43,17,8
43,18,4
43,19,17
43,20,9
43,21,11
43,22,6
43,23,2
43,24,3
43,25,3
43,26,3
43,27,16
43,28,16
43,29,16
43,30,15
43,31,15
43,32,7
43,33,4
43,34,4
43,35,15
43,36,2
43,37,8
43,38,8
43,39,7
43,40,8
43,41,5
43,42,8
43,43,0
43,44,7
43,45,17
43,46,12
43,47,4
43,48,4
43,49,8
43,50,7
43,51,8
43,52,15
43,53,8
43,54,8
43,55,8
43,56,13
43,57,9
43,58,9
43,59,7
43,60,8
43,61,16
43,62,10
43,63,13
43,64,8
43,65,4
43,66,4
43,67,10
43,68,8
43,69,10
43,70,8
43,71,8
43,72,15
43,73,7
43,74,7
43,75,15
43,76,16
43,77,16
43,78,14
43,79,14
43,80,14
43,81,12
43,82,13
43,83,13
43,84,5
43,85,9
43,86,6
43,87,9
43,88,9
43,89,25
43,90,7
43,91,7
43,92,26
43,93,17
43,94,13
43,95,16
43,96,5
43,97,6
43,98,8
43,99,4
43,100,14
43,101,13
43,102,4
43,103,11
43,104,8
43,105,8
43,106,8
43,107,8
43,108,9
43,109,8
43,110,8
43,111,7
43,112,6
43,113,12
43,114,12
43,115,12
43,116,9
43,117,8
43,118,8
43,119,6
43,120,6
43,121,6
43,122,7
43,123,7
43,124,4
43,125,5
43,126,5
43,127,6
43,128,5
43,129,6
43,130,8
43,131,6
43,132,5
43,133,5
43,134,6
43,135,7
43,136,8
43,137,4
43,138,8
43,139,4
43,140,5
43,141,8
43,142,8
43,143,16
43,144,5
43,145,17
43,146,6
43,147,7
43,148,31
43,149,12
43,150,8
43,151,1
43,152,3
43,153,4
43,154,5
43,155,7
43,156,7
43,157,10
43,158,14
43,159,20
43,160,3
43,161,4
43,162,8
43,163,6
43,164,4
43,165,4
43,166,7
43,167,7
43,168,6
43,169,6
43,170,6
43,171,11
43,172,9
43,173,6
43,174,6
43,175,7
43,176,6
43,177,7
43,178,13
43,179,11
43,180,30
43,181,7
43,182,26
43,183,26
43,184,5
43,185,5
43,186,6
43,187,6
43,188,6
43,189,16
43,190,16
43,191,5
43,192,9
43,193,7
43,194,8
43,195,7
43,196,8
43,197,7
43,198,8
43,199,8
43,200,7
43,201,7
43,202,15
43,203,3
43,204,5
43,205,35
43,206,7
43,207,7
43,208,7
43,209,6
43,210,5
43,211,5
43,212,5
43,213,4
43,214,4
43,215,10
43,216,10
43,217,10
43,218,6
43,219,6
43,220,35
43,221,11
43,222,6
43,223,7
43,224,7
43,225,5
43,226,5
43,227,13
43,228,15
43,229,10
43,230,10
43,231,5
43,232,12
43,233,12
43,234,6
43,235,4
43,236,7
43,237,9
43,238,8
43,239,8
43,240,5
43,241,4
43,242,6
43,243,8
43,244,2
43,245,2
43,246,6
43,247,4
43,248,4
43,249,12
43,250,5
43,251,5
43,252,3
43,253,3
43,254,8
43,255,5
43,256,4
43,257,4
43,258,4
43,259,5
43,260,5
43,261,6
43,262,15
43,263,14
43,264,16
43,265,17
43,266,18
43,267,18
43,268,18
43,269,4
43,270,4
43,271,4
43,272,17
43,273,4
43,274,5
43,275,4
43,276,17
43,277,5
43,278,5
43,279,5
43,280,5
43,281,7
43,282,8
43,283,6
43,284,7
43,285,4
43,286,3
43,287,3
43,288,3
43,289,3
43,290,4
43,291,3
43,292,3
43,293,3
43,294,4
43,295,4
43,296,4
43,297,4
43,298,4
43,299,13
43,300,7
43,301,7
43,302,7
43,303,6
43,304,8
43,305,6
43,306,5
43,307,10
43,308,26
43,309,10
43,310,10
43,311,4
43,312,4
43,313,4
43,314,2
43,315,6
43,316,6
43,317,6
43,318,6
43,319,6
43,320,4
43,321,3
43,322,8
43,323,6
43,324,6
43,325,7
43,326,6
43,327,14
43,328,4
43,329,8
43,330,8
43,331,11
43,332,10
43,333,9
43,334,6
43,335,22
43,336,3
43,337,2
43,338,8
43,339,10
43,340,7
43,341,9
43,342,9
43,343,8
43,344,5
43,345,5
43,346,6
43,347,13
43,348,7
43,349,7
43,350,8
44,0,0
44,1,0
44,2,0
44,3,0
44,4,0
44,5,0
44,6,0
44,7,0
44,8,0
44,9,0
44,10,0
44,11,0
44,12,2
44,13,4
44,14,3
44,15,4
44,16,2
44,17,1
44,18,8
44,19,16
44,20,7
44,21,14
44,22,8
44,23,5
44,24,6
44,25,5
44,26,5
44,27,20
44,28,18
44,29,18
44,30,18
44,31,17
44,32,8
44,33,6
44,34,6
44,35,15
44,36,7
44,37,6
44,38,6
44,39,3
44,40,5
44,41,4
44,42,5
44,43,7
44,44,0
44,45,17
44,46,14
44,47,5
44,48,4
44,49,8
44,50,8
44,51,5
44,52,16
44,53,7
44,54,7
44,55,7
44,56,15
44,57,6
44,58,6
44,59,3
44,60,3
44,61,19
44,62,7
44,63,13
44,64,7
44,65,4
44,66,4
44,67,7
44,68,9
44,69,7
44,70,5
44,71,5
44,72,15
44,73,4
44,74,5
44,75,15
44,76,18
44,77,18
44,78,14
44,79,14
44,80,14
44,81,9
44,82,9
44,83,11
44,84,6
44,85,6
44,86,5
44,87,6
44,88,7
44,89,27
44,90,3
44,91,3
44,92,28
44,93,19
44,94,13
44,95,16
44,96,5
44,97,4
44,98,5
44,99,5
44,100,16
44,101,14
44,102,6
44,103,7
44,104,5
44,105,5
44,106,5
44,107,6
44,108,6
44,109,6
44,110,4
44,111,6
44,112,4
44,113,9
44,114,9
44,115,9
44,116,6
44,117,5
44,118,5
44,119,6
44,120,6
44,121,6
44,122,5
44,123,6
44,124,5
44,125,1
44,126,4
44,127,5
44,128,2
44,129,5
44,130,7
44,131,5
44,132,3
44,133,3
44,134,6
44,135,4
44,136,5
44,137,4
44,138,7
44,139,2
44,140,2
44,141,5
44,142,5
44,143,18
44,144,6
44,145,19
44,146,6
44,147,7
44,148,33
44,149,8
44,150,6
44,151,6
44,152,7
44,153,7
44,154,7
44,155,5
44,156,5
44,157,8
44,158,10
44,159,16
44,160,7
44,161,5
44,162,3
44,163,3
44,164,3
44,165,3
44,166,6
44,167,5
44,168,6
44,169,6
44,170,6
44,171,13
44,172,8
44,173,4
44,174,5
44,175,2
44,176,1
44,177,5
44,178,9
44,179,12
44,180,32
44,181,2
44,182,28
44,183,28
44,184,7
44,185,7
44,186,7
44,187,7
44,188,7
44,189,11
44,190,11
44,191,5
44,192,7
44,193,8
44,194,8
44,195,8
44,196,8
44,197,8
44,198,8
44,199,8
44,200,8
44,201,8
44,202,10
44,203,7
44,204,2
44,205,37
44,206,7
44,207,7
44,208,7
44,209,5
44,210,5
44,211,5
44,212,4
44,213,5
44,214,6
44,215,10
44,216,10
44,217,10
44,218,5
44,219,5
44,220,36
44,221,8
44,222,1
44,223,5
44,224,5
44,225,5
44,226,5
44,227,12
44,228,11
44,229,8
44,230,8
44,231,6
44,232,14
44,233,14
44,234,5
44,235,7
44,236,6
44,237,7
44,238,6
44,239,6
44,240,7
44,241,7
44,242,4
44,243,5
44,244,6
44,245,6
44,246,5
44,247,3
44,248,3
44,249,9
44,250,6
44,251,6
44,252,7
44,253,7
44,254,5
44,255,6
44,256,4
44,257,4
44,258,4
44,259,3
44,260,3
44,261,3
44,262,11
44,263,10
44,264,18
44,265,16
44,266,16
44,267,16
44,268,16
44,269,4
44,270,3
44,271,3
44,272,12
44,273,3
44,274,3
44,275,5
44,276,12
44,277,4
44,278,5
44,279,4
44,280,5
44,281,5
44,282,5
44,283,4
44,284,5
44,285,6
44,286,5
44,287,6
44,288,5
44,289,6
44,290,7
44,291,6
44,292,6
44,293,6
44,294,7
44,295,7
44,296,7
44,297,6
44,298,7
44,299,15
44,300,5
44,301,5
44,302,5
44,303,4
44,304,3
44,305,4
44,306,8
44,307,7
44,308,28
44,309,7
44,310,8
44,311,5
44,312,5
44,313,7
44,314,6
44,315,5
44,316,6
44,317,6
44,318,6
44,319,6
44,320,7
44,321,6
44,322,6
44,323,6
44,324,4
44,325,5
44,326,5
44,327,12
44,328,5
44,329,8
44,330,8
44,331,9
44,332,10
44,333,4
44,334,3
44,335,23
44,336,6
44,337,7
44,338,7
44,339,12
44,340,5
44,341,7
44,342,6
44,343,7
44,344,6
44,345,5
44,346,6
44,347,11
44,348,7
44,349,5
44,350,7
45,0,0
45,1,0
45,2,0
45,3,0
45,4,0
45,5,0
45,6,0
45,7,0
45,8,0
45,9,0
45,10,0
45,11,0
45,12,18
45,13,16
45,14,17
45,15,16
45,16,16
45,17,16
45,18,17
45,19,26
45,20,12
45,21,19
45,22,17
45,23,18
45,24,19
45,25,18
45,26,18
45,27,24
45,28,26
45,29,26
45,30,26
45,31,26
45,32,14
45,33,17
45,34,16
45,35,16
45,36,17
45,37,12
45,38,12
45,39,15
45,40,11
45,41,18
45,42,11
45,43,17
45,44,17
45,45,0
45,46,17
45,47,15
45,48,14
45,49,12
45,50,17
45,51,14
45,52,18
45,53,13
45,54,13
45,55,13
45,56,18
45,57,16
45,58,17
45,59,15
45,60,18
45,61,22
45,62,17
45,63,4
45,64,12
45,65,14
45,66,14
45,67,16
45,68,14
45,69,17
45,70,15
45,71,14
45,72,17
45,73,14
45,74,14
45,75,17
45,76,20
45,77,20
45,78,16
45,79,16
45,80,16
45,81,15
45,82,20
45,83,17
45,84,15
45,85,15
45,86,16
45,87,16
45,88,16
45,89,31
45,90,18
45,91,18
45,92,29
45,93,23
45,94,15
45,95,18
45,96,16
45,97,18
45,98,18
45,99,18
45,100,20
45,101,16
45,102,18
45,103,19
45,104,13
45,105,13
45,106,13
45,107,15
45,108,15
45,109,13
45,110,14
45,111,17
45,112,18
45,113,20
45,114,20
45,115,20
45,116,16
45,117,13
45,118,14
45,119,17
45,120,17
45,121,17
45,122,18
45,123,17
45,124,18
45,125,17
45,126,17
45,127,14
45,128,18
45,129,17
45,130,17
45,131,17
45,132,17
45,133,17
45,134,17
45,135,15
45,136,14
45,137,16
45,138,18
45,139,16
45,140,18
45,141,18
45,142,18
45,143,23
45,144,19
45,145,23
45,146,18
45,147,13
45,148,37
45,149,20
45,150,18
45,151,19
45,152,17
45,153,16
45,154,17
45,155,14
45,156,14
45,157,17
45,158,22
45,159,28
45,160,17
45,161,13
45,162,18
45,163,19
45,164,16
45,165,16
45,166,17
45,167,13
45,168,18
45,169,18
45,170,18
45,171,17
45,172,18
45,173,15
45,174,15
45,175,17
45,176,16
45,177,18
45,178,21
45,179,17
45,180,36
45,181,18
45,182,32
45,183,32
45,184,17
45,185,17
45,186,16
45,187,16
45,188,16
45,189,23
45,190,23
45,191,15
45,192,16
45,193,13
45,194,12
45,195,13
45,196,12
45,197,12
45,198,12
45,199,12
45,200,13
45,201,13
45,202,22
45,203,16
45,204,18
45,205,42
45,206,17
45,207,17
45,208,17
45,209,19
45,210,15
45,211,15
45,212,15
45,213,17
45,214,17
45,215,9
45,216,9
45,217,9
45,218,20
45,219,20
45,220,41
45,221,17
45,222,17
45,223,17
45,224,17
45,225,13
45,226,13
45,227,23
45,228,23
45,229,17
45,230,17
45,231,16
45,232,18
45,233,18
45,234,19
45,235,16
45,236,17
45,237,16
45,238,15
45,239,15
45,240,17
45,241,16
45,242,15
45,243,20
45,244,15
45,245,15
45,246,16
45,247,17
45,248,17
45,249,20
45,250,19
45,251,19
45,252,16
45,253,16
45,254,14
45,255,16
45,256,16
45,257,16
45,258,16
45,259,15
45,260,15
45,261,19
45,262,23
45,263,22
45,264,23
45,265,26
45,266,27
45,267,27
45,268,27
45,269,17
45,270,16
45,271,16
45,272,24
45,273,15
45,274,15
45,275,14
45,276,24
45,277,15
45,278,16
45,279,15
45,280,15
45,281,14
45,282,14
45,283,16
45,284,14
45,285,16
45,286,15
45,287,15
45,288,14
45,289,15
45,290,16
45,291,15
45,292,15
45,293,15
45,294,16
45,295,16
45,296,16
45,297,16
45,298,18
45,299,19
45,300,14
45,301,14
45,302,14
45,303,15
45,304,17
45,305,15
45,306,17
45,307,17
45,308,32
45,309,16
45,310,17
45,311,18
45,312,17
45,313,16
45,314,18
45,315,14
45,316,15
45,317,19
45,318,19
45,319,19
45,320,15
45,321,15
45,322,15
45,323,18
45,324,18
45,325,18
45,326,19
45,327,23
45,328,16
45,329,13
45,330,13
45,331,18
45,332,9
45,333,16
45,334,18
45,335,25
45,336,15
45,337,17
45,338,15
45,339,13
45,340,18
45,341,18
45,342,15
45,343,18
45,344,16
45,345,15
45,346,16
45,347,17
45,348,17
45,349,18
45,350,13
46,0,0
46,1,0
46,2,0
46,3,0
46,4,0
46,5,0
46,6,0
46,7,0
46,8,0
46,9,0
46,10,0
46,11,0
46,12,16
46,13,14
46,14,15
46,15,14
46,16,15
46,17,15
46,18,10
46,19,21
46,20,11
46,21,2
46,22,10
46,23,11
46,24,12
46,25,11
46,26,11
46,27,13
46,28,16
46,29,16
46,30,16
46,31,16
46,32,12
46,33,12
46,34,12
46,35,15
46,36,10
46,37,11
46,38,11
46,39,14
46,40,10
46,41,14
46,42,10
46,43,12
46,44,14
46,45,17
46,46,0
46,47,12
46,48,11
46,49,12
46,50,14
46,51,13
46,52,18
46,53,12
46,54,12
46,55,12
46,56,8
46,57,15
46,58,16
46,59,14
46,60,16
46,61,12
46,62,17
46,63,14
46,64,12
46,65,11
46,66,11
46,67,16
46,68,10
46,69,16
46,70,14
46,71,14
46,72,18
46,73,13
46,74,13
46,75,18
46,76,12
46,77,12
46,78,17
46,79,17
46,80,17
46,81,16
46,82,16
46,83,18
46,84,12
46,85,15
46,86,13
46,87,15
46,88,16
46,89,21
46,90,15
46,91,15
46,92,22
46,93,13
46,94,16
46,95,18
46,96,13
46,97,14
46,98,13
46,99,11
46,100,9
46,101,16
46,102,12
46,103,15
46,104,13
46,105,13
46,106,13
46,107,15
46,108,15
46,109,13
46,110,14
46,111,11
46,112,14
46,113,16
46,114,16
46,115,16
46,116,16
46,117,13
46,118,13
46,119,15
46,120,15
46,121,15
46,122,10
46,123,11
46,124,12
46,125,14
46,126,14
46,127,14
46,128,14
46,129,14
46,130,16
46,131,14
46,132,14
46,133,14
46,134,15
46,135,14
46,136,14
46,137,13
46,138,17
46,139,13
46,140,14
46,141,13
46,142,13
46,143,12
46,144,13
46,145,13
46,146,15
46,147,13
46,148,27
46,149,16
46,150,11
46,151,12
46,152,12
46,153,11
46,154,13
46,155,14
46,156,14
46,157,17
46,158,17
46,159,23
46,160,13
46,161,11
46,162,16
46,163,14
46,164,13
46,165,13
46,166,16
46,167,13
46,168,12
46,169,12
46,170,12
46,171,1
46,172,11
46,173,14
46,174,14
46,175,15
46,176,15
46,177,11
46,178,18
46,179,2
46,180,26
46,181,15
46,182,22
46,183,22
46,184,11
46,185,11
46,186,10
46,187,10
46,188,10
46,189,21
46,190,21
46,191,11
46,192,16
46,193,12
46,194,12
46,195,12
46,196,12
46,197,12
46,198,12
46,199,12
46,200,12
46,201,12
46,202,19
46,203,13
46,204,14
46,205,32
46,206,11
46,207,11
46,208,11
46,209,12
46,210,12
46,211,12
46,212,12
46,213,11
46,214,12
46,215,10
46,216,10
46,217,10
46,218,13
46,219,13
46,220,31
46,221,17
46,222,15
46,223,11
46,224,10
46,225,13
46,226,13
46,227,11
46,228,16
46,229,17
46,230,17
46,231,12
46,232,4
46,233,4
46,234,13
46,235,12
46,236,11
46,237,16
46,238,15
46,239,15
46,240,13
46,241,13
46,242,15
46,243,15
46,244,12
46,245,12
46,246,13
46,247,13
46,248,13
46,249,16
46,250,13
46,251,13
46,252,13
46,253,13
46,254,14
46,255,13
46,256,13
46,257,13
46,258,13
46,259,12
46,260,12
46,261,14
46,262,17
46,263,17
46,264,12
46,265,15
46,266,16
46,267,16
46,268,16
46,269,14
46,270,13
46,271,13
46,272,21
46,273,13
46,274,12
46,275,12
46,276,20
46,277,12
46,278,13
46,279,12
46,280,13
46,281,14
46,282,14
46,283,15
46,284,14
46,285,11
46,286,12
46,287,12
46,288,11
46,289,12
46,290,12
46,291,12
46,292,12
46,293,12
46,294,11
46,295,11
46,296,11
46,297,10
46,298,11
46,299,9
46,300,14
46,301,14
46,302,13
46,303,14
46,304,16
46,305,14
46,306,10
46,307,17
46,308,22
46,309,17
46,310,17
46,311,11
46,312,11
46,313,13
46,314,12
46,315,14
46,316,14
46,317,12
46,318,12
46,319,13
46,320,12
46,321,12
46,322,14
46,323,12
46,324,15
46,325,11
46,326,12
46,327,11
46,328,13
46,329,13
46,330,13
46,331,18
46,332,10
46,333,15
46,334,15
46,335,17
46,336,12
46,337,13
46,338,15
46,339,6
46,340,11
46,341,11
46,342,15
46,343,12
46,344,13
46,345,12
46,346,13
46,347,18
46,348,11
46,349,11
46,350,12
47,0,0
47,1,0
47,2,0
47,3,0
47,4,0
47,5,0
47,6,0
47,7,0
47,8,0
47,9,0
47,10,0
47,11,0
47,12,8
47,13,5
47,14,8
47,15,5
47,16,7
47,17,7
47,18,6
47,19,19
47,20,5
47,21,11
47,22,7
47,23,6
47,24,6
47,25,7
47,26,7
47,27,17
47,28,17
47,29,17
47,30,16
47,31,16
47,32,3
47,33,4
47,34,3
47,35,12
47,36,5
47,37,4
47,38,4
47,39,7
47,40,5
47,41,5
47,42,5
47,43,4
47,44,5
47,45,15
47,46,12
47,47,0
47,48,2
47,49,5
47,50,5
47,51,7
47,52,14
47,53,6
47,54,6
47,55,6
47,56,12
47,57,8
47,58,7
47,59,6
47,60,6
47,61,16
47,62,9
47,63,12
47,64,5
47,65,2
47,66,2
47,67,9
47,68,6
47,69,9
47,70,7
47,71,7
47,72,13
47,73,6
47,74,6
47,75,13
47,76,15
47,77,15
47,78,12
47,79,12
47,80,12
47,81,10
47,82,12
47,83,12
47,84,2
47,85,8
47,86,2
47,87,8
47,88,9
47,89,25
47,90,7
47,91,6
47,92,25
47,93,16
47,94,11
47,95,13
47,96,3
47,97,4
47,98,8
47,99,7
47,100,13
47,101,12
47,102,7
47,103,11
47,104,5
47,105,6
47,106,6
47,107,7
47,108,8
47,109,6
47,110,6
47,111,7
47,112,7
47,113,12
47,114,12
47,115,12
47,116,8
47,117,6
47,118,6
47,119,5
47,120,5
47,121,5
47,122,7
47,123,8
47,124,7
47,125,4
47,126,5
47,127,3
47,128,4
47,129,4
47,130,6
47,131,4
47,132,6
47,133,6
47,134,5
47,135,7
47,136,6
47,137,5
47,138,7
47,139,5
47,140,5
47,141,8
47,142,8
47,143,16
47,144,8
47,145,17
47,146,5
47,147,4
47,148,30
47,149,12
47,150,8
47,151,8
47,152,5
47,153,5
47,154,5
47,155,5
47,156,5
47,157,8
47,158,14
47,159,21
47,160,5
47,161,3
47,162,6
47,163,7
47,164,4
47,165,4
47,166,6
47,167,6
47,168,8
47,169,8
47,170,8
47,171,11
47,172,9
47,173,5
47,174,2
47,175,5
47,176,5
47,177,7
47,178,13
47,179,10
47,180,29
47,181,5
47,182,25
47,183,25
47,184,7
47,185,8
47,186,6
47,187,6
47,188,6
47,189,15
47,190,15
47,191,2
47,192,8
47,193,5
47,194,5
47,195,5
47,196,5
47,197,5
47,198,5
47,199,5
47,200,5
47,201,5
47,202,14
47,203,5
47,204,4
47,205,35
47,206,8
47,207,8
47,208,8
47,209,8
47,210,2
47,211,2
47,212,2
47,213,7
47,214,6
47,215,8
47,216,8
47,217,8
47,218,8
47,219,8
47,220,34
47,221,9
47,222,5
47,223,7
47,224,7
47,225,3
47,226,3
47,227,13
47,228,15
47,229,9
47,230,9
47,231,4
47,232,11
47,233,11
47,234,9
47,235,5
47,236,7
47,237,7
47,238,7
47,239,7
47,240,5
47,241,5
47,242,6
47,243,8
47,244,4
47,245,4
47,246,1
47,247,5
47,248,5
47,249,12
47,250,8
47,251,8
47,252,5
47,253,5
47,254,6
47,255,4
47,256,3
47,257,3
47,258,4
47,259,2
47,260,2
47,261,6
47,262,15
47,263,14
47,264,16
47,265,16
47,266,17
47,267,17
47,268,17
47,269,5
47,270,3
47,271,2
47,272,15
47,273,2
47,274,2
47,275,3
47,276,16
47,277,1
47,278,1
47,279,1
47,280,2
47,281,6
47,282,6
47,283,5
47,284,6
47,285,5
47,286,3
47,287,4
47,288,3
47,289,4
47,290,5
47,291,4
47,292,4
47,293,4
47,294,4
47,295,4
47,296,4
47,297,6
47,298,5
47,299,12
47,300,6
47,301,6
47,302,6
47,303,5
47,304,6
47,305,5
47,306,7
47,307,9
47,308,25
47,309,9
47,310,8
47,311,7
47,312,7
47,313,5
47,314,6
47,315,2
47,316,3
47,317,8
47,318,8
47,319,9
47,320,4
47,321,4
47,322,7
47,323,8
47,324,7
47,325,7
47,326,9
47,327,13
47,328,5
47,329,4
47,330,5
47,331,9
47,332,7
47,333,7
47,334,5
47,335,21
47,336,4
47,337,5
47,338,4
47,339,9
47,340,7
47,341,8
47,342,8
47,343,8
47,344,4
47,345,3
47,346,4
47,347,12
47,348,8
47,349,7
47,350,4
48,0,0
48,1,0
48,2,0
48,3,0
48,4,0
48,5,0
48,6,0
48,7,0
48,8,0
48,9,0
48,10,0
48,11,0
48,12,7
48,13,4
48,14,7
48,15,4
48,16,7
48,17,6
48,18,5
48,19,18
48,20,5
48,21,10
48,22,6
48,23,5
48,24,5
48,25,6
48,26,6
48,27,16
48,28,16
48,29,16
48,30,16
48,31,15
48,32,3
48,33,3
48,34,3
48,35,11
48,36,4
48,37,4
48,38,4
48,39,6
48,40,5
48,41,4
48,42,5
48,43,4
48,44,4
48,45,14
48,46,11
48,47,2
48,48,0
48,49,6
48,50,5
48,51,7
48,52,13
48,53,6
48,54,6
48,55,6
48,56,12
48,57,8
48,58,8
48,59,7
48,60,7
48,61,15
48,62,10
48,63,11
48,64,5
48,65,1
48,66,1
48,67,9
48,68,6
48,69,10
48,70,8
48,71,7
48,72,12
48,73,7
48,74,7
48,75,12
48,76,15
48,77,15
48,78,12
48,79,12
48,80,12
48,81,10
48,82,12
48,83,12
48,84,1
48,85,9
48,86,3
48,87,9
48,88,9
48,89,24
48,90,7
48,91,7
48,92,25
48,93,16
48,94,10
48,95,13
48,96,4
48,97,5
48,98,8
48,99,6
48,100,13
48,101,11
48,102,6
48,103,11
48,104,6
48,105,6
48,106,6
48,107,8
48,108,8
48,109,6
48,110,7
48,111,7
48,112,7
48,113,12
48,114,12
48,115,12
48,116,8
48,117,7
48,118,7
48,119,5
48,120,5
48,121,5
48,122,7
48,123,7
48,124,6
48,125,5
48,126,4
48,127,4
48,128,4
48,129,5
48,130,6
48,131,5
48,132,5
48,133,5
48,134,5
48,135,7
48,136,7
48,137,4
48,138,8
48,139,4
48,140,4
48,141,9
48,142,9
48,143,15
48,144,7
48,145,16
48,146,5
48,147,4
48,148,30
48,149,12
48,150,7
48,151,7
48,152,4
48,153,4
48,154,4
48,155,6
48,156,6
48,157,9
48,158,14
48,159,20
48,160,4
48,161,2
48,162,7
48,163,7
48,164,3
48,165,3
48,166,6
48,167,6
48,168,7
48,169,7
48,170,7
48,171,11
48,172,7
48,173,5
48,174,3
48,175,6
48,176,5
48,177,7
48,178,13
48,179,10
48,180,29
48,181,5
48,182,25
48,183,25
48,184,6
48,185,6
48,186,6
48,187,6
48,188,6
48,189,15
48,190,15
48,191,2
48,192,9
48,193,4
48,194,5
48,195,5
48,196,5
48,197,5
48,198,6
48,199,6
48,200,5
48,201,5
48,202,14
48,203,4
48,204,5
48,205,35
48,206,8
48,207,8
48,208,8
48,209,7
48,210,3
48,211,3
48,212,3
48,213,6
48,214,5
48,215,7
48,216,7
48,217,7
48,218,7
48,219,7
48,220,34
48,221,10
48,222,5
48,223,7
48,224,7
48,225,3
48,226,3
48,227,11
48,228,15
48,229,10
48,230,10
48,231,3
48,232,11
48,233,11
48,234,8
48,235,4
48,236,7
48,237,8
48,238,7
48,239,7
48,240,4
48,241,4
48,242,6
48,243,8
48,244,3
48,245,3
48,246,2
48,247,4
48,248,4
48,249,12
48,250,7
48,251,7
48,252,4
48,253,4
48,254,7
48,255,2
48,256,3
48,257,3
48,258,3
48,259,3
48,260,3
48,261,7
48,262,15
48,263,14
48,264,15
48,265,15
48,266,16
48,267,16
48,268,16
48,269,4
48,270,3
48,271,3
48,272,16
48,273,3
48,274,2
48,275,2
48,276,16
48,277,1
48,278,2
48,279,1
48,280,3
48,281,6
48,282,6
48,283,5
48,284,6
48,285,4
48,286,2
48,287,3
48,288,2
48,289,3
48,290,4
48,291,3
48,292,3
48,293,3
48,294,3
48,295,3
48,296,3
48,297,5
48,298,4
48,299,12
48,300,6
48,301,6
48,302,6
48,303,5
48,304,6
48,305,5
48,306,6
48,307,10
48,308,25
48,309,10
48,310,9
48,311,6
48,312,5
48,313,3
48,314,5
48,315,3
48,316,4
48,317,7
48,318,7
48,319,8
48,320,3
48,321,3
48,322,8
48,323,8
48,324,5
48,325,7
48,326,8
48,327,11
48,328,3
48,329,5
48,330,5
48,331,9
48,332,7
48,333,8
48,334,5
48,335,21
48,336,2
48,337,4
48,338,5
48,339,9
48,340,7
48,341,7
48,342,8
48,343,8
48,344,2
48,345,1
48,346,2
48,347,12
48,348,7
48,349,7
48,350,5
49,0,0
49,1,0
49,2,0
49,3,0
49,4,0
49,5,0
49,6,0
49,7,0
49,8,0
49,9,0
49,10,0
49,11,0
49,12,9
49,13,8
49,14,9
49,15,8
49,16,9
49,17,8
49,18,9
49,19,18
49,20,2
49,21,11
49,22,10
49,23,10
49,24,10
49,25,11
49,26,10
49,27,16
49,28,19
49,29,19
49,30,19
49,31,18
49,32,4
49,33,8
49,34,8
49,35,10
49,36,9
49,37,3
49,38,3
49,39,8
49,40,3
49,41,8
49,42,3
49,43,8
49,44,8
49,45,12
49,46,12
49,47,5
49,48,6
49,49,0
49,50,9
49,51,6
49,52,12
49,53,4
49,54,4
49,55,4
49,56,11
49,57,7
49,58,8
49,59,7
49,60,9
49,61,15
49,62,9
49,63,9
49,64,1
49,65,6
49,66,6
49,67,8
49,68,7
49,69,9
49,70,6
49,71,6
49,72,11
49,73,6
49,74,5
49,75,11
49,76,14
49,77,14
49,78,10
49,79,10
49,80,10
49,81,9
49,82,12
49,83,12
49,84,7
49,85,7
49,86,7
49,87,8
49,88,8
49,89,24
49,90,9
49,91,9
49,92,24
49,93,15
49,94,9
49,95,11
49,96,7
49,97,8
49,98,8
49,99,10
49,100,13
49,101,9
49,102,10
49,103,11
49,104,5
49,105,5
49,106,5
49,107,6
49,108,7
49,109,4
49,110,5
49,111,10
49,112,10
49,113,12
49,114,12
49,115,12
49,116,8
49,117,5
49,118,5
49,119,8
49,120,8
49,121,8
49,122,9
49,123,10
49,124,10
49,125,8
49,126,9
49,127,5
49,128,8
49,129,7
49,130,7
49,131,7
49,132,10
49,133,10
49,134,7
49,135,6
49,136,5
49,137,8
49,138,8
49,139,8
49,140,8
49,141,9
49,142,9
49,143,15
49,144,11
49,145,16
49,146,8
49,147,4
49,148,30
49,149,11
49,150,11
49,151,11
49,152,9
49,153,8
49,154,9
49,155,5
49,156,5
49,157,9
49,158,14
49,159,19
49,160,9
49,161,6
49,162,9
49,163,10
49,164,8
49,165,8
49,166,8
49,167,5
49,168,11
49,169,11
49,170,11
49,171,11
49,172,11
49,173,6
49,174,4
49,175,8
49,176,8
49,177,9
49,178,13
49,179,10
49,180,29
49,181,9
49,182,25
49,183,25
49,184,10
49,185,10
49,186,9
49,187,9
49,188,9
49,189,15
49,190,15
49,191,5
49,192,7
49,193,2
49,194,1
49,195,2
49,196,1
49,197,2
49,198,1
49,199,1
49,200,2
49,201,2
49,202,14
49,203,8
49,204,8
49,205,35
49,206,10
49,207,10
49,208,10
49,209,11
49,210,5
49,211,5
49,212,5
49,213,10
49,214,9
49,215,8
49,216,8
49,217,8
49,218,12
49,219,12
49,220,34
49,221,10
49,222,8
49,223,9
49,224,9
49,225,5
49,226,5
49,227,15
49,228,14
49,229,9
49,230,9
49,231,7
49,232,11
49,233,11
49,234,11
49,235,8
49,236,10
49,237,7
49,238,6
49,239,6
49,240,9
49,241,8
49,242,6
49,243,10
49,244,7
49,245,7
49,246,6
49,247,8
49,248,8
49,249,12
49,250,11
49,251,11
49,252,8
49,253,8
49,254,5
49,255,7
49,256,6
49,257,6
49,258,8
49,259,6
49,260,6
49,261,10
49,262,14
49,263,14
49,264,15
49,265,19
49,266,19
49,267,19
49,268,19
49,269,9
49,270,6
49,271,6
49,272,15
49,273,6
49,274,6
49,275,7
49,276,16
49,277,6
49,278,5
49,279,6
49,280,4
49,281,6
49,282,6
49,283,8
49,284,6
49,285,8
49,286,7
49,287,7
49,288,6
49,289,7
49,290,8
49,291,7
49,292,7
49,293,7
49,294,8
49,295,8
49,296,8
49,297,9
49,298,9
49,299,12
49,300,5
49,301,5
49,302,5
49,303,6
49,304,8
49,305,6
49,306,9
49,307,9
49,308,26
49,309,8
49,310,9
49,311,10
49,312,10
49,313,8
49,314,10
49,315,4
49,316,4
49,317,11
49,318,11
49,319,12
49,320,8
49,321,7
49,322,6
49,323,11
49,324,10
49,325,9
49,326,10
49,327,15
49,328,8
49,329,1
49,330,1
49,331,9
49,332,8
49,333,7
49,334,8
49,335,21
49,336,7
49,337,9
49,338,4
49,339,9
49,340,9
49,341,11
49,342,7
49,343,11
49,344,7
49,345,6
49,346,7
49,347,12
49,348,10
49,349,9
49,350,2
50,0,0
50,1,0
50,2,0
50,3,0
50,4,0
50,5,0
50,6,0
50,7,0
50,8,0
50,9,0
50,10,0
50,11,0
50,12,11
50,13,7
50,14,11
50,15,8
50,16,10
50,17,10
50,18,9
50,19,21
50,20,7
50,21,13
50,22,9
50,23,9
50,24,9
50,25,9
50,26,9
50,27,19
50,28,19
50,29,20
50,30,19
50,31,19
50,32,6
50,33,7
50,34,7
50,35,15
50,36,8
50,37,7
50,38,7
50,39,9
50,40,7
50,41,7
50,42,7
50,43,7
50,44,8
50,45,17
50,46,14
50,47,5
50,48,5
50,49,9
50,50,0
50,51,5
50,52,12
50,53,4
50,54,4
50,55,4
50,56,11
50,57,7
50,58,8
50,59,6
50,60,9
50,61,15
50,62,9
50,63,9
50,64,1
50,65,6
50,66,6
50,67,8
50,68,7
50,69,9
50,70,6
50,71,6
50,72,11
50,73,5
50,74,5
50,75,11
50,76,15
50,77,15
50,78,10
50,79,10
50,80,10
50,81,10
50,82,12
50,83,12
50,84,6
50,85,7
50,86,6
50,87,7
50,88,8
50,89,24
50,90,9
50,91,9
50,92,25
50,93,16
50,94,9
50,95,11
50,96,7
50,97,8
50,98,8
50,99,10
50,100,13
50,101,9
50,102,10
50,103,11
50,104,5
50,105,5
50,106,5
50,107,6
50,108,7
50,109,4
50,110,5
50,111,10
50,112,10
50,113,12
50,114,12
50,115,12
50,116,8
50,117,5
50,118,5
50,119,8
50,120,8
50,121,8
50,122,9
50,123,10
50,124,10
50,125,8
50,126,9
50,127,5
50,128,8
50,129,7
50,130,7
50,131,7
50,132,9
50,133,9
50,134,7
50,135,6
50,136,5
50,137,8
50,138,8
50,139,8
50,140,8
50,141,9
50,142,9
50,143,15
50,144,11
50,145,16
50,146,8
50,147,4
50,148,31
50,149,11
50,150,11
50,151,11
50,152,9
50,153,8
50,154,9
50,155,5
50,156,5
50,157,9
50,158,13
50,159,19
50,160,9
50,161,6
50,162,9
50,163,10
50,164,8
50,165,8
50,166,8
50,167,5
50,168,11
50,169,11
50,170,11
50,171,11
50,172,11
50,173,6
50,174,4
50,175,8
50,176,7
50,177,9
50,178,13
50,179,10
50,180,30
50,181,9
50,182,26
50,183,26
50,184,10
50,185,10
50,186,9
50,187,9
50,188,9
50,189,15
50,190,15
50,191,5
50,192,7
50,193,2
50,194,1
50,195,2
50,196,1
50,197,2
50,198,1
50,199,1
50,200,2
50,201,2
50,202,14
50,203,8
50,204,8
50,205,35
50,206,10
50,207,10
50,208,10
50,209,11
50,210,5
50,211,5
50,212,5
50,213,10
50,214,9
50,215,8
50,216,8
50,217,8
50,218,12
50,219,12
50,220,35
50,221,9
50,222,8
50,223,9
50,224,9
50,225,5
50,226,5
50,227,15
50,228,14
50,229,9
50,230,9
50,231,7
50,232,12
50,233,12
50,234,11
50,235,8
50,236,10
50,237,7
50,238,6
50,239,6
50,240,9
50,241,8
50,242,6
50,243,10
50,244,7
50,245,7
50,246,6
50,247,8
50,248,8
50,249,12
50,250,11
50,251,11
50,252,8
50,253,8
50,254,5
50,255,7
50,256,6
50,257,6
50,258,8
50,259,6
50,260,6
50,261,10
50,262,14
50,263,14
50,264,16
50,265,19
50,266,19
50,267,19
50,268,19
50,269,8
50,270,6
50,271,6
50,272,15
50,273,6
50,274,6
50,275,7
50,276,16
50,277,6
50,278,5
50,279,6
50,280,4
50,281,6
50,282,6
50,283,8
50,284,6
50,285,8
50,286,7
50,287,7
50,288,6
50,289,7
50,290,8
50,291,7
50,292,7
50,293,7
50,294,8
50,295,8
50,296,8
50,297,9
50,298,9
50,299,12
50,300,5
50,301,5
50,302,5
50,303,6
50,304,8
50,305,6
50,306,9
50,307,8
50,308,26
50,309,8
50,310,9
50,311,10
50,312,9
50,313,8
50,314,9
50,315,4
50,316,4
50,317,11
50,318,11
50,319,12
50,320,8
50,321,8
50,322,6
50,323,11
50,324,9
50,325,9
50,326,10
50,327,15
50,328,8
50,329,1
50,330,1
50,331,9
50,332,8
50,333,7
50,334,8
50,335,21
50,336,7
50,337,9
50,338,4
50,339,9
50,340,9
50,341,11
50,342,7
50,343,11
50,344,7
50,345,6
50,346,7
50,347,12
50,348,10
50,349,9
50,350,2
51,0,0
51,1,0
51,2,0
51,3,0
51,4,0
51,5,0
51,6,0
51,7,0
51,8,0
51,9,0
51,10,0
51,11,0
51,12,3
51,13,3
51,14,3
51,15,3
51,16,3
51,17,2
51,18,8
51,19,14
51,20,4
51,21,12
51,22,6
51,23,7
51,24,7
51,25,7
51,26,7
51,27,18
51,28,16
51,29,16
51,30,15
51,31,15
51,32,5
51,33,7
51,34,7
51,35,12
51,36,9
51,37,3
51,38,3
51,39,3
51,40,3
51,41,5
51,42,3
51,43,8
51,44,5
51,45,14
51,46,13
51,47,7
51,48,7
51,49,6
51,50,5
51,51,0
51,52,13
51,53,4
51,54,4
51,55,4
51,56,13
51,57,3
51,58,4
51,59,2
51,60,5
51,61,17
51,62,4
51,63,10
51,64,6
51,65,6
51,66,6
51,67,3
51,68,8
51,69,4
51,70,2
51,71,1
51,72,12
51,73,1
51,74,1
51,75,12
51,76,16
51,77,16
51,78,12
51,79,12
51,80,12
51,81,7
51,82,8
51,83,7
51,84,7
51,85,3
51,86,6
51,87,3
51,88,4
51,89,26
51,90,5
51,91,5
51,92,26
51,93,17
51,94,11
51,95,13
51,96,7
51,97,5
51,98,5
51,99,7
51,100,15
51,101,11
51,102,8
51,103,7
51,104,1
51,105,1
51,106,1
51,107,2
51,108,2
51,109,3
51,110,1
51,111,7
51,112,6
51,113,8
51,114,8
51,115,8
51,116,4
51,117,1
51,118,1
51,119,3
51,120,3
51,121,3
51,122,5
51,123,6
51,124,8
51,125,3
51,126,6
51,127,5
51,128,3
51,129,2
51,130,2
51,131,2
51,132,5
51,133,5
51,134,2
51,135,2
51,136,1
51,137,6
51,138,3
51,139,4
51,140,3
51,141,5
51,142,5
51,143,17
51,144,8
51,145,18
51,146,3
51,147,3
51,148,32
51,149,8
51,150,8
51,151,8
51,152,9
51,153,8
51,154,9
51,155,3
51,156,3
51,157,5
51,158,10
51,159,16
51,160,9
51,161,7
51,162,5
51,163,6
51,164,4
51,165,4
51,166,3
51,167,2
51,168,7
51,169,7
51,170,7
51,171,12
51,172,8
51,173,4
51,174,5
51,175,4
51,176,4
51,177,5
51,178,9
51,179,11
51,180,31
51,181,5
51,182,28
51,183,27
51,184,8
51,185,8
51,186,8
51,187,8
51,188,8
51,189,11
51,190,11
51,191,6
51,192,3
51,193,7
51,194,6
51,195,7
51,196,6
51,197,6
51,198,6
51,199,6
51,200,6
51,201,7
51,202,10
51,203,8
51,204,3
51,205,37
51,206,7
51,207,7
51,208,7
51,209,8
51,210,6
51,211,6
51,212,5
51,213,8
51,214,9
51,215,9
51,216,9
51,217,9
51,218,7
51,219,7
51,220,36
51,221,5
51,222,4
51,223,5
51,224,5
51,225,4
51,226,4
51,227,11
51,228,10
51,229,4
51,230,4
51,231,7
51,232,13
51,233,13
51,234,7
51,235,8
51,236,6
51,237,1
51,238,2
51,239,2
51,240,9
51,241,8
51,242,2
51,243,6
51,244,7
51,245,7
51,246,6
51,247,5
51,248,5
51,249,8
51,250,8
51,251,8
51,252,8
51,253,8
51,254,1
51,255,7
51,256,5
51,257,5
51,258,6
51,259,5
51,260,5
51,261,6
51,262,11
51,263,10
51,264,17
51,265,15
51,266,15
51,267,15
51,268,15
51,269,5
51,270,4
51,271,4
51,272,12
51,273,4
51,274,4
51,275,6
51,276,12
51,277,6
51,278,6
51,279,6
51,280,5
51,281,3
51,282,3
51,283,5
51,284,3
51,285,8
51,286,6
51,287,7
51,288,6
51,289,7
51,290,8
51,291,7
51,292,7
51,293,7
51,294,8
51,295,8
51,296,8
51,297,8
51,298,10
51,299,14
51,300,2
51,301,2
51,302,2
51,303,3
51,304,3
51,305,3
51,306,8
51,307,4
51,308,27
51,309,4
51,310,4
51,311,8
51,312,8
51,313,8
51,314,9
51,315,5
51,316,5
51,317,7
51,318,7
51,319,8
51,320,8
51,321,7
51,322,2
51,323,7
51,324,5
51,325,5
51,326,6
51,327,11
51,328,7
51,329,5
51,330,5
51,331,6
51,332,9
51,333,3
51,334,4
51,335,23
51,336,7
51,337,9
51,338,6
51,339,11
51,340,5
51,341,8
51,342,2
51,343,8
51,344,7
51,345,7
51,346,7
51,347,7
51,348,7
51,349,5
51,350,5
52,0,0
52,1,0
52,2,0
52,3,0
52,4,0
52,5,0
52,6,0
52,7,0
52,8,0
52,9,0
52,10,0
52,11,0
52,12,17
52,13,16
52,14,16
52,15,15
52,16,16
52,17,15
52,18,15
52,19,25
52,20,11
52,21,17
52,22,16
52,23,16
52,24,17
52,25,17
52,26,16
52,27,23
52,28,25
52,29,25
52,30,25
52,31,24
52,32,13
52,33,15
52,34,15
52,35,5
52,36,16
52,37,11
52,38,11
52,39,14
52,40,10
52,41,15
52,42,10
52,43,15
52,44,16
52,45,18
52,46,18
52,47,14
52,48,13
52,49,12
52,50,12
52,51,13
52,52,0
52,53,12
52,54,12
52,55,12
52,56,17
52,57,15
52,58,15
52,59,13
52,60,17
52,61,21
52,62,16
52,63,15
52,64,11
52,65,13
52,66,13
52,67,15
52,68,12
52,69,14
52,70,13
52,71,13
52,72,11
52,73,12
52,74,12
52,75,12
52,76,20
52,77,20
52,78,10
52,79,10
52,80,10
52,81,11
52,82,19
52,83,13
52,84,14
52,85,14
52,86,15
52,87,15
52,88,15
52,89,30
52,90,17
52,91,16
52,92,30
52,93,21
52,94,9
52,95,12
52,96,15
52,97,16
52,98,16
52,99,16
52,100,18
52,101,9
52,102,16
52,103,18
52,104,12
52,105,12
52,106,12
52,107,14
52,108,14
52,109,12
52,110,13
52,111,15
52,112,17
52,113,19
52,114,19
52,115,19
52,116,15
52,117,12
52,118,12
52,119,14
52,120,15
52,121,15
52,122,15
52,123,16
52,124,17
52,125,16
52,126,16
52,127,13
52,128,15
52,129,14
52,130,14
52,131,14
52,132,16
52,133,16
52,134,14
52,135,14
52,136,13
52,137,15
52,138,15
52,139,15
52,140,15
52,141,16
52,142,16
52,143,21
52,144,17
52,145,22
52,146,15
52,147,12
52,148,36
52,149,19
52,150,16
52,151,17
52,152,15
52,153,15
52,154,16
52,155,13
52,156,13
52,157,13
52,158,21
52,159,27
52,160,16
52,161,12
52,162,17
52,163,17
52,164,14
52,165,14
52,166,15
52,167,12
52,168,16
52,169,16
52,170,17
52,171,16
52,172,17
52,173,14
52,174,13
52,175,15
52,176,15
52,177,15
52,178,20
52,179,15
52,180,34
52,181,16
52,182,31
52,183,31
52,184,16
52,185,16
52,186,15
52,187,15
52,188,15
52,189,23
52,190,23
52,191,14
52,192,15
52,193,12
52,194,11
52,195,11
52,196,11
52,197,11
52,198,11
52,199,11
52,200,11
52,201,12
52,202,21
52,203,15
52,204,15
52,205,40
52,206,16
52,207,16
52,208,16
52,209,17
52,210,14
52,211,14
52,212,14
52,213,16
52,214,16
52,215,13
52,216,13
52,217,13
52,218,18
52,219,18
52,220,39
52,221,13
52,222,16
52,223,15
52,224,15
52,225,12
52,226,12
52,227,21
52,228,22
52,229,15
52,230,14
52,231,14
52,232,17
52,233,17
52,234,18
52,235,15
52,236,15
52,237,15
52,238,14
52,239,14
52,240,15
52,241,15
52,242,14
52,243,18
52,244,14
52,245,14
52,246,15
52,247,15
52,248,15
52,249,19
52,250,18
52,251,18
52,252,15
52,253,15
52,254,13
52,255,14
52,256,14
52,257,14
52,258,15
52,259,14
52,260,14
52,261,18
52,262,22
52,263,21
52,264,21
52,265,25
52,266,25
52,267,25
52,268,25
52,269,15
52,270,14
52,271,14
52,272,23
52,273,14
52,274,14
52,275,13
52,276,24
52,277,14
52,278,14
52,279,14
52,280,14
52,281,13
52,282,13
52,283,15
52,284,13
52,285,15
52,286,13
52,287,14
52,288,13
52,289,14
52,290,15
52,291,14
52,292,14
52,293,14
52,294,14
52,295,14
52,296,15
52,297,15
52,298,16
52,299,18
52,300,13
52,301,13
52,302,13
52,303,14
52,304,15
52,305,14
52,306,15
52,307,14
52,308,31
52,309,14
52,310,14
52,311,16
52,312,16
52,313,15
52,314,17
52,315,13
52,316,13
52,317,17
52,318,17
52,319,18
52,320,15
52,321,14
52,322,14
52,323,17
52,324,16
52,325,15
52,326,16
52,327,21
52,328,15
52,329,11
52,330,12
52,331,14
52,332,13
52,333,15
52,334,16
52,335,28
52,336,14
52,337,16
52,338,14
52,339,15
52,340,15
52,341,16
52,342,14
52,343,16
52,344,15
52,345,14
52,346,15
52,347,13
52,348,16
52,349,15
52,350,12
53,0,0
53,1,0
53,2,0
53,3,0
53,4,0
53,5,0
53,6,0
53,7,0
53,8,0
53,9,0
53,10,0
53,11,0
53,12,7
53,13,6
53,14,7
53,15,7
53,16,7
53,17,6
53,18,10
53,19,16
53,20,3
53,21,11
53,22,8
53,23,10
53,24,9
53,25,10
53,26,9
53,27,17
53,28,18
53,29,18
53,30,18
53,31,18
53,32,4
53,33,8
53,34,8
53,35,10
53,36,9
53,37,2
53,38,2
53,39,6
53,40,1
53,41,9
53,42,1
53,43,8
53,44,7
53,45,13
53,46,12
53,47,6
53,48,6
53,49,4
53,50,4
53,51,4
53,52,12
53,53,0
53,54,0
53,55,0
53,56,15
53,57,7
53,58,8
53,59,6
53,60,10
53,61,18
53,62,9
53,63,13
53,64,4
53,65,5
53,66,5
53,67,8
53,68,10
53,69,9
53,70,6
53,71,6
53,72,14
53,73,6
53,74,5
53,75,14
53,76,18
53,77,18
53,78,14
53,79,14
53,80,14
53,81,11
53,82,12
53,83,13
53,84,7
53,85,8
53,86,6
53,87,8
53,88,9
53,89,28
53,90,9
53,91,9
53,92,28
53,93,19
53,94,12
53,95,15
53,96,7
53,97,8
53,98,9
53,99,10
53,100,16
53,101,13
53,102,11
53,103,11
53,104,5
53,105,5
53,106,5
53,107,7
53,108,7
53,109,5
53,110,6
53,111,11
53,112,10
53,113,12
53,114,12
53,115,12
53,116,8
53,117,5
53,118,5
53,119,8
53,120,8
53,121,8
53,122,9
53,123,10
53,124,11
53,125,7
53,126,9
53,127,4
53,128,7
53,129,7
53,130,9
53,131,7
53,132,9
53,133,9
53,134,8
53,135,7
53,136,6
53,137,9
53,138,10
53,139,8
53,140,7
53,141,9
53,142,9
53,143,19
53,144,12
53,145,19
53,146,8
53,147,2
53,148,37
53,149,12
53,150,12
53,151,11
53,152,8
53,153,8
53,154,8
53,155,6
53,156,6
53,157,9
53,158,14
53,159,20
53,160,8
53,161,6
53,162,9
53,163,10
53,164,8
53,165,8
53,166,9
53,167,5
53,168,11
53,169,11
53,170,11
53,171,14
53,172,11
53,173,6
53,174,3
53,175,8
53,176,8
53,177,9
53,178,13
53,179,13
53,180,35
53,181,8
53,182,29
53,183,29
53,184,11
53,185,11
53,186,11
53,187,10
53,188,10
53,189,16
53,190,16
53,191,5
53,192,8
53,193,5
53,194,4
53,195,5
53,196,4
53,197,4
53,198,4
53,199,4
53,200,5
53,201,5
