0,0,0
0,1,3
0,2,20
0,3,108
0,4,2
0,5,2
0,6,2
0,7,2
0,8,2
0,9,2
0,10,6
0,11,6
0,12,6
0,13,6
0,14,7
0,15,7
0,16,7
0,17,9
0,18,2
0,19,82
0,20,8
0,21,24
0,22,5
0,23,2
0,24,2
0,25,3
0,26,2
0,27,35
0,28,32
0,29,32
0,30,31
0,31,32
0,32,7
0,33,3
0,34,3
0,35,35
0,36,1
0,37,9
0,38,9
0,39,4
0,40,10
0,41,2
0,42,10
0,43,1
0,44,8
0,45,46
0,46,23
0,47,6
0,48,5
0,49,8
0,50,9
0,51,8
0,52,39
0,53,10
0,54,10
0,55,10
0,56,33
0,57,10
0,58,9
0,59,12
0,60,5
0,61,25
0,62,15
0,63,31
0,64,7
0,65,5
0,66,5
0,67,13
0,68,18
0,69,13
0,70,10
0,71,9
0,72,60
0,73,8
0,74,7
0,75,60
0,76,44
0,77,44
0,78,37
0,79,37
0,80,37
0,81,20
0,82,18
0,83,24
0,84,6
0,85,11
0,86,6
0,87,12
0,88,13
0,89,79
0,90,7
0,91,7
0,92,141
0,93,39
0,94,35
0,95,41
0,96,4
0,97,6
0,98,8
0,99,1
0,100,35
0,101,34
0,102,2
0,103,17
0,104,10
0,105,10
0,106,9
0,107,10
0,108,11
0,109,14
0,110,8
0,111,3
0,112,5
0,113,18
0,114,18
0,115,18
0,116,9
0,117,9
0,118,9
0,119,6
0,120,6
0,121,6
0,122,4
0,123,4
0,124,1
0,125,7
0,126,3
0,127,8
0,128,5
0,129,6
0,130,7
0,131,6
0,132,3
0,133,3
0,134,6
0,135,7
0,136,8
0,137,4
0,138,9
0,139,4
0,140,5
0,141,9
0,142,8
0,143,37
0,144,1
0,145,38
0,146,5
0,147,9
0,148,86
0,149,16
0,150,3
0,151,2
0,152,3
0,153,2
0,154,3
0,155,6
0,156,6
0,157,14
0,158,19
0,159,81
0,160,2
0,161,6
0,162,5
0,163,5
0,164,3
0,165,3
0,166,7
0,167,7
0,168,2
0,169,2
0,170,2
0,171,21
0,172,5
0,173,6
0,174,7
0,175,8
0,176,8
0,177,4
0,178,19
0,179,21
0,180,94
0,181,8
0,182,80
0,183,80
0,184,2
0,185,2
0,186,3
0,187,3
0,188,3
0,189,33
0,190,33
0,191,6
0,192,10
0,193,9
0,194,8
0,195,9
0,196,9
0,197,9
0,198,8
0,199,8
0,200,9
0,201,9
0,202,33
0,203,2
0,204,4
0,205,109
0,206,5
0,207,5
0,208,5
0,209,2
0,210,7
0,211,7
0,212,6
0,213,1
0,214,2
0,215,22
0,216,22
0,217,22
0,218,1
0,219,1
0,220,107
0,221,15
0,222,5
0,223,4
0,224,4
0,225,7
0,226,7
0,227,19
0,228,30
0,229,13
0,230,13
0,231,7
0,232,24
0,233,24
0,234,3
0,235,3
0,236,4
0,237,9
0,238,9
0,239,9
0,240,3
0,241,3
0,242,6
0,243,8
0,244,2
0,245,3
0,246,6
0,247,5
0,248,5
0,249,16
0,250,1
0,251,1
0,252,2
0,253,2
0,254,7
0,255,6
0,256,4
0,257,4
0,258,4
0,259,5
0,260,5
0,261,4
0,262,18
0,263,19
0,264,37
0,265,31
0,266,31
0,267,31
0,268,31
0,269,5
0,270,5
0,271,5
0,272,34
0,273,5
0,274,5
0,275,4
0,276,31
0,277,6
0,278,6
0,279,6
0,280,7
0,281,7
0,282,7
0,283,6
0,284,7
0,285,2
0,286,3
0,287,3
0,288,3
0,289,3
0,290,3
0,291,2
0,292,2
0,293,2
0,294,3
0,295,2
0,296,2
0,297,2
0,298,2
0,299,34
0,300,8
0,301,8
0,302,7
0,303,6
0,304,9
0,305,6
0,306,3
0,307,12
0,308,80
0,309,13
0,310,13
0,311,2
0,312,2
0,313,3
0,314,2
0,315,7
0,316,7
0,317,2
0,318,2
0,319,1
0,320,3
0,321,3
0,322,10
0,323,3
0,324,2
0,325,5
0,326,3
0,327,18
0,328,4
0,329,7
0,330,7
0,331,14
0,332,21
0,333,13
0,334,5
0,335,89
0,336,4
0,337,2
0,338,7
0,339,19
0,340,4
0,341,6
0,342,10
0,343,4
0,344,6
0,345,6
0,346,6
0,347,24
0,348,5
0,349,4
0,350,9
1,0,0
1,1,0
1,2,22
1,3,105
1,4,2
1,5,4
1,6,4
1,7,4
1,8,4
1,9,4
1,10,7
1,11,10
1,12,10
1,13,9
1,14,10
1,15,10
1,16,10
1,17,12
1,18,2
1,19,80
1,20,9
1,21,22
1,22,3
1,23,4
1,24,4
1,25,5
1,26,4
1,27,32
1,28,31
1,29,31
1,30,30
1,31,31
1,32,9
1,33,5
1,34,5
1,35,38
1,36,4
1,37,10
1,38,10
1,39,7
1,40,11
1,41,5
1,42,11
1,43,4
1,44,12
1,45,47
1,46,21
1,47,7
1,48,6
1,49,10
1,50,10
1,51,11
1,52,43
1,53,11
1,54,11
1,55,11
1,56,30
1,57,13
1,58,12
1,59,16
1,60,8
1,61,22
1,62,18
1,63,32
1,64,8
1,65,6
1,66,7
1,67,17
1,68,14
1,69,16
1,70,13
1,71,13
1,72,64
1,73,12
1,74,11
1,75,64
1,76,40
1,77,40
1,78,41
1,79,41
1,80,41
1,81,23
1,82,17
1,83,27
1,84,7
1,85,15
1,86,8
1,87,15
1,88,16
1,89,75
1,90,11
1,91,10
1,92,137
1,93,35
1,94,39
1,95,45
1,96,7
1,97,9
1,98,11
1,99,3
1,100,32
1,101,37
1,102,2
1,103,16
1,104,12
1,105,12
1,106,12
1,107,13
1,108,14
1,109,14
1,110,12
1,111,1
1,112,8
1,113,17
1,114,17
1,115,17
1,116,12
1,117,13
1,118,13
1,119,10
1,120,10
1,121,10
1,122,3
1,123,3
1,124,2
1,125,10
1,126,6
1,127,9
1,128,8
1,129,9
1,130,11
1,131,9
1,132,6
1,133,6
1,134,10
1,135,10
1,136,11
1,137,7
1,138,12
1,139,7
1,140,8
1,141,12
1,142,11
1,143,34
1,144,4
1,145,35
1,146,9
1,147,10
1,148,85
1,149,16
1,150,2
1,151,3
1,152,3
1,153,3
1,154,4
1,155,10
1,156,10
1,157,17
1,158,18
1,159,80
1,160,3
1,161,8
1,162,8
1,163,8
1,164,6
1,165,6
1,166,10
1,167,10
1,168,2
1,169,2
1,170,2
1,171,19
1,172,4
1,173,9
1,174,8
1,175,11
1,176,12
1,177,3
1,178,18
1,179,19
1,180,91
1,181,11
1,182,76
1,183,77
1,184,2
1,185,2
1,186,1
1,187,1
1,188,1
1,189,37
1,190,37
1,191,7
1,192,13
1,193,10
1,194,10
1,195,10
1,196,10
1,197,10
1,198,10
1,199,9
1,200,10
1,201,10
1,202,36
1,203,4
1,204,8
1,205,105
1,206,3
1,207,3
1,208,3
1,209,3
1,210,8
1,211,8
1,212,8
1,213,3
1,214,3
1,215,23
1,216,23
1,217,23
1,218,5
1,219,4
1,220,104
1,221,18
1,222,9
1,223,3
1,224,3
1,225,9
1,226,10
1,227,18
1,228,28
1,229,16
1,230,16
1,231,8
1,232,22
1,233,22
1,234,4
1,235,4
1,236,3
1,237,12
1,238,12
1,239,12
1,240,4
1,241,4
1,242,10
1,243,11
1,244,4
1,245,5
1,246,8
1,247,7
1,248,7
1,249,16
1,250,4
1,251,4
1,252,4
1,253,4
1,254,10
1,255,7
1,256,7
1,257,7
1,258,6
1,259,8
1,260,8
1,261,7
1,262,17
1,263,18
1,264,34
1,265,29
1,266,30
1,267,30
1,268,30
1,269,8
1,270,8
1,271,7
1,272,38
1,273,7
1,274,7
1,275,6
1,276,34
1,277,7
1,278,7
1,279,7
1,280,8
1,281,11
1,282,11
1,283,9
1,284,10
1,285,3
1,286,5
1,287,4
1,288,5
1,289,4
1,290,4
1,291,4
1,292,4
1,293,4
1,294,3
1,295,3
1,296,3
1,297,2
1,298,3
1,299,31
1,300,11
1,301,11
1,302,11
1,303,9
1,304,12
1,305,9
1,306,1
1,307,16
1,308,77
1,309,16
1,310,17
1,311,3
1,312,2
1,313,4
1,314,4
1,315,9
1,316,9
1,317,3
1,318,3
1,319,4
1,320,4
1,321,4
1,322,13
1,323,2
1,324,5
1,325,3
1,326,3
1,327,17
1,328,7
1,329,8
1,330,9
1,331,17
1,332,23
1,333,16
1,334,8
1,335,86
1,336,6
1,337,4
1,338,8
1,339,17
1,340,3
1,341,4
1,342,13
1,343,2
1,344,8
1,345,7
1,346,8
1,347,27
1,348,3
1,349,3
1,350,11
2,0,0
2,1,22
2,2,0
2,3,110
2,4,22
2,5,20
2,6,20
2,7,20
2,8,19
2,9,19
2,10,17
2,11,23
2,12,23
2,13,22
2,14,23
2,15,23
2,16,23
2,17,25
2,18,20
2,19,102
2,20,17
2,21,18
2,22,25
2,23,22
2,24,22
2,25,23
2,26,23
2,27,37
2,28,51
2,29,51
2,30,51
2,31,51
2,32,17
2,33,18
2,34,18
2,35,44
2,36,20
2,37,18
2,38,18
2,39,20
2,40,19
2,41,19
2,42,19
2,43,19
2,44,24
2,45,28
2,46,17
2,47,18
2,48,17
2,49,16
2,50,15
2,51,24
2,52,47
2,53,19
2,54,19
2,55,19
2,56,27
2,57,26
2,58,25
2,59,29
2,60,23
2,61,26
2,62,32
2,63,13
2,64,16
2,65,17
2,66,17
2,67,31
2,68,14
2,69,30
2,70,27
2,71,27
2,72,69
2,73,26
2,74,24
2,75,69
2,76,39
2,77,39
2,78,45
2,79,45
2,80,45
2,81,37
2,82,36
2,83,41
2,84,17
2,85,29
2,86,17
2,87,29
2,88,30
2,89,80
2,90,25
2,91,25
2,92,112
2,93,32
2,94,44
2,95,48
2,96,20
2,97,22
2,98,27
2,99,21
2,100,31
2,101,44
2,102,21
2,103,36
2,104,24
2,105,24
2,106,24
2,107,28
2,108,28
2,109,23
2,110,26
2,111,23
2,112,24
2,113,37
2,114,36
2,115,36
2,116,25
2,117,25
2,118,25
2,119,22
2,120,22
2,121,23
2,122,24
2,123,24
2,124,21
2,125,23
2,126,20
2,127,20
2,128,21
2,129,22
2,130,24
2,131,22
2,132,20
2,133,20
2,134,22
2,135,24
2,136,24
2,137,21
2,138,25
2,139,21
2,140,21
2,141,27
2,142,27
2,143,31
2,144,21
2,145,31
2,146,22
2,147,19
2,148,90
2,149,35
2,150,23
2,151,21
2,152,20
2,153,19
2,154,19
2,155,22
2,156,22
2,157,31
2,158,38
2,159,101
2,160,19
2,161,16
2,162,23
2,163,23
2,164,19
2,165,19
2,166,23
2,167,22
2,168,22
2,169,22
2,170,22
2,171,15
2,172,25
2,173,22
2,174,19
2,175,26
2,176,25
2,177,24
2,178,38
2,179,15
2,180,96
2,181,24
2,182,81
2,183,82
2,184,20
2,185,20
2,186,21
2,187,21
2,188,21
2,189,52
2,190,52
2,191,16
2,192,27
2,193,16
2,194,17
2,195,16
2,196,16
2,197,16
2,198,17
2,199,17
2,200,16
2,201,16
2,202,51
2,203,19
2,204,21
2,205,110
2,206,24
2,207,24
2,208,24
2,209,21
2,210,17
2,211,17
2,212,18
2,213,21
2,214,20
2,215,2
2,216,2
2,217,2
2,218,21
2,219,21
2,220,109
2,221,32
2,222,23
2,223,24
2,224,24
2,225,20
2,226,20
2,227,42
2,228,47
2,229,30
2,230,30
2,231,17
2,232,18
2,233,18
2,234,22
2,235,19
2,236,24
2,237,25
2,238,25
2,239,25
2,240,19
2,241,19
2,242,23
2,243,26
2,244,19
2,245,19
2,246,18
2,247,20
2,248,20
2,249,35
2,250,20
2,251,21
2,252,19
2,253,19
2,254,24
2,255,17
2,256,20
2,257,20
2,258,20
2,259,19
2,260,19
2,261,23
2,262,36
2,263,37
2,264,31
2,265,50
2,266,51
2,267,51
2,268,51
2,269,21
2,270,20
2,271,20
2,272,53
2,273,20
2,274,19
2,275,18
2,276,50
2,277,18
2,278,18
2,279,18
2,280,19
2,281,22
2,282,22
2,283,21
2,284,22
2,285,19
2,286,18
2,287,18
2,288,18
2,289,19
2,290,19
2,291,19
2,292,19
2,293,19
2,294,19
2,295,19
2,296,19
2,297,20
2,298,20
2,299,29
2,300,23
2,301,23
2,302,23
2,303,22
2,304,25
2,305,22
2,306,21
2,307,30
2,308,81
2,309,30
2,310,31
2,311,21
2,312,21
2,313,19
2,314,20
2,315,18
2,316,18
2,317,21
2,318,21
2,319,21
2,320,19
2,321,19
2,322,27
2,323,22
2,324,19
2,325,24
2,326,22
2,327,41
2,328,20
2,329,16
2,330,16
2,331,31
2,332,1
2,333,29
2,334,22
2,335,79
2,336,19
2,337,19
2,338,18
2,339,9
2,340,24
2,341,25
2,342,28
2,343,23
2,344,17
2,345,18
2,346,17
2,347,41
2,348,25
2,349,24
2,350,18
3,0,0
3,1,105
3,2,110
3,3,0
3,4,114
3,5,115
3,6,115
3,7,115
3,8,115
3,9,115
3,10,117
3,11,120
3,12,120
3,13,120
3,14,120
3,15,121
3,16,120
3,17,122
3,18,113
3,19,130
3,20,119
3,21,97
3,22,112
3,23,116
3,24,116
3,25,116
3,26,115
3,27,79
3,28,111
3,29,111
3,30,110
3,31,110
3,32,118
3,33,115
3,34,116
3,35,150
3,36,116
3,37,120
3,38,120
3,39,118
3,40,121
3,41,117
3,42,121
3,43,116
3,44,123
3,45,143
3,46,100
3,47,117
3,48,116
3,49,119
3,50,120
3,51,122
3,52,153
3,53,121
3,54,121
3,55,121
3,56,88
3,57,124
3,58,123
3,59,128
3,60,120
3,61,90
3,62,129
3,63,128
3,64,118
3,65,116
3,66,116
3,67,127
3,68,120
3,69,127
3,70,124
3,71,123
3,72,174
3,73,122
3,74,121
3,75,175
3,76,83
3,77,83
3,78,151
3,79,151
3,80,151
3,81,134
3,82,116
3,83,138
3,84,117
3,85,125
3,86,117
3,87,126
3,88,127
3,89,53
3,90,122
3,91,122
3,92,150
3,93,88
3,94,149
3,95,153
3,96,118
3,97,120
3,98,122
3,99,114
3,100,84
3,101,149
3,102,113
3,103,118
3,104,123
3,105,123
3,106,123
3,107,124
3,108,125
3,109,124
3,110,123
3,111,113
3,112,119
3,113,116
3,114,116
3,115,116
3,116,123
3,117,123
3,118,124
3,119,120
3,120,120
3,121,120
3,122,113
3,123,112
3,124,114
3,125,121
3,126,117
3,127,119
3,128,119
3,129,120
3,130,121
3,131,120
3,132,118
3,133,118
3,134,120
3,135,121
3,136,122
3,137,118
3,138,123
3,139,118
3,140,119
3,141,122
3,142,122
3,143,85
3,144,115
3,145,88
3,146,119
3,147,120
3,148,25
3,149,115
3,150,113
3,151,115
3,152,114
3,153,114
3,154,114
3,155,120
3,156,120
3,157,128
3,158,115
3,159,129
3,160,115
3,161,118
3,162,120
3,163,119
3,164,117
3,165,117
3,166,120
3,167,121
3,168,113
3,169,113
3,170,113
3,171,100
3,172,111
3,173,120
3,174,118
3,175,123
3,176,124
3,177,113
3,178,116
3,179,99
3,180,24
3,181,123
3,182,54
3,183,55
3,184,113
3,185,113
3,186,112
3,187,112
3,188,112
3,189,148
3,190,148
3,191,117
3,192,124
3,193,120
3,194,119
3,195,120
3,196,120
3,197,120
3,198,120
3,199,119
3,200,120
3,201,120
3,202,147
3,203,115
3,204,119
3,205,9
3,206,112
3,207,112
3,208,112
3,209,114
3,210,118
3,211,118
3,212,117
3,213,115
3,214,115
3,215,116
3,216,116
3,217,116
3,218,116
3,219,115
3,220,10
3,221,129
3,222,121
3,223,113
3,224,113
3,225,119
3,226,119
3,227,102
3,228,131
3,229,127
3,230,127
3,231,118
3,232,97
3,233,97
3,234,115
3,235,114
3,236,112
3,237,123
3,238,123
3,239,123
3,240,114
3,241,114
3,242,120
3,243,122
3,244,116
3,245,116
3,246,117
3,247,118
3,248,118
3,249,116
3,250,115
3,251,115
3,252,115
3,253,115
3,254,121
3,255,117
3,256,117
3,257,117
3,258,117
3,259,118
3,260,118
3,261,118
3,262,114
3,263,116
3,264,86
3,265,109
3,266,110
3,267,110
3,268,110
3,269,118
3,270,118
3,271,118
3,272,149
3,273,118
3,274,118
3,275,115
3,276,146
3,277,117
3,278,117
3,279,117
3,280,118
3,281,121
3,282,121
3,283,120
3,284,121
3,285,114
3,286,115
3,287,115
3,288,115
3,289,115
3,290,114
3,291,114
3,292,114
3,293,114
3,294,114
3,295,114
3,296,114
3,297,113
3,298,114
3,299,86
3,300,121
3,301,121
3,302,121
3,303,120
3,304,122
3,305,120
3,306,112
3,307,126
3,308,54
3,309,127
3,310,127
3,311,115
3,312,113
3,313,115
3,314,115
3,315,118
3,316,118
3,317,114
3,318,114
3,319,115
3,320,115
3,321,115
3,322,124
3,323,113
3,324,117
3,325,113
3,326,114
3,327,101
3,328,117
3,329,118
3,330,118
3,331,128
3,332,116
3,333,128
3,334,119
3,335,102
3,336,116
3,337,116
3,338,118
3,339,107
3,340,113
3,341,111
3,342,124
3,343,113
3,344,117
3,345,117
3,346,117
3,347,138
3,348,111
3,349,113
3,350,120
4,0,0
4,1,2
4,2,22
4,3,114
4,4,0
4,5,4
4,6,4
4,7,4
4,8,5
4,9,5
4,10,8
4,11,8
4,12,8
4,13,8
4,14,8
4,15,8
4,16,8
4,17,10
4,18,3
4,19,79
4,20,10
4,21,23
4,22,3
4,23,3
4,24,3
4,25,3
4,26,2
4,27,33
4,28,30
4,29,30
4,30,30
4,31,30
4,32,10
4,33,6
4,34,6
4,35,38
4,36,4
4,37,12
4,38,12
4,39,7
4,40,12
4,41,5
4,42,12
4,43,4
4,44,10
4,45,48
4,46,23
4,47,8
4,48,8
4,49,11
4,50,11
4,51,9
4,52,42
4,53,13
4,54,13
4,55,13
4,56,32
4,57,11
4,58,10
4,59,14
4,60,6
4,61,23
4,62,17
4,63,33
4,64,9
4,65,8
4,66,8
4,67,16
4,68,15
4,69,15
4,70,12
4,71,12
4,72,62
4,73,11
4,74,10
4,75,63
4,76,42
4,77,42
4,78,40
4,79,40
4,80,40
4,81,22
4,82,16
4,83,27
4,84,8
4,85,14
4,86,9
4,87,15
4,88,15
4,89,77
4,90,9
4,91,9
4,92,139
4,93,37
4,94,38
4,95,44
4,96,7
4,97,9
4,98,9
4,99,3
4,100,34
4,101,37
4,102,3
4,103,15
4,104,13
4,105,13
4,106,11
4,107,12
4,108,13
4,109,15
4,110,11
4,111,1
4,112,6
4,113,16
4,114,16
4,115,16
4,116,10
4,117,11
4,118,11
4,119,7
4,120,7
4,121,8
4,122,2
4,123,3
4,124,2
4,125,8
4,126,6
4,127,10
4,128,6
4,129,7
4,130,9
4,131,7
4,132,5
4,133,5
4,134,7
4,135,10
4,136,9
4,137,5
4,138,10
4,139,5
4,140,6
4,141,10
4,142,9
4,143,36
4,144,4
4,145,37
4,146,8
4,147,11
4,148,86
4,149,15
4,150,1
4,151,3
4,152,4
4,153,4
4,154,5
4,155,9
4,156,9
4,157,15
4,158,17
4,159,79
4,160,4
4,161,9
4,162,6
4,163,6
4,164,6
4,165,6
4,166,8
4,167,10
4,168,1
4,169,1
4,170,1
4,171,21
4,172,4
4,173,9
4,174,9
4,175,9
4,176,10
4,177,2
4,178,18
4,179,21
4,180,93
4,181,10
4,182,78
4,183,78
4,184,2
4,185,2
4,186,2
4,187,2
4,188,2
4,189,35
4,190,35
4,191,8
4,192,12
4,193,11
4,194,11
4,195,11
4,196,11
4,197,11
4,198,11
4,199,11
4,200,11
4,201,11
4,202,34
4,203,5
4,204,7
4,205,107
4,206,3
4,207,3
4,208,3
4,209,2
4,210,9
4,211,9
4,212,9
4,213,3
4,214,4
4,215,24
4,216,24
4,217,24
4,218,4
4,219,4
4,220,106
4,221,17
4,222,7
4,223,2
4,224,2
4,225,10
4,226,10
4,227,17
4,228,27
4,229,16
4,230,15
4,231,9
4,232,23
4,233,24
4,234,2
4,235,5
4,236,3
4,237,10
4,238,10
4,239,10
4,240,5
4,241,5
4,242,9
4,243,9
4,244,5
4,245,5
4,246,9
4,247,8
4,248,8
4,249,15
4,250,4
4,251,4
4,252,5
4,253,5
4,254,9
4,255,9
4,256,7
4,257,7
4,258,7
4,259,8
4,260,8
4,261,5
4,262,16
4,263,17
4,264,36
4,265,29
4,266,30
4,267,30
4,268,30
4,269,8
4,270,8
4,271,8
4,272,36
4,273,8
4,274,8
4,275,7
4,276,32
4,277,8
4,278,9
4,279,8
4,280,10
4,281,10
4,282,10
4,283,9
4,284,10
4,285,4
4,286,6
4,287,5
4,288,6
4,289,5
4,290,5
4,291,5
4,292,5
4,293,5
4,294,4
4,295,4
4,296,4
4,297,3
4,298,4
4,299,32
4,300,11
4,301,11
4,302,10
4,303,9
4,304,10
4,305,9
4,306,3
4,307,14
4,308,78
4,309,15
4,310,15
4,311,3
4,312,3
4,313,5
4,314,4
4,315,10
4,316,10
4,317,2
4,318,2
4,319,4
4,320,5
4,321,5
4,322,12
4,323,1
4,324,4
4,325,2
4,326,1
4,327,17
4,328,7
4,329,10
4,330,10
4,331,17
4,332,24
4,333,15
4,334,7
4,335,88
4,336,6
4,337,5
4,338,9
4,339,18
4,340,2
4,341,4
4,342,12
4,343,1
4,344,9
4,345,8
4,346,9
4,347,27
4,348,3
4,349,2
4,350,12
5,0,0
5,1,4
5,2,20
5,3,115
5,4,4
5,5,0
5,6,1
5,7,1
5,8,1
5,9,1
5,10,4
5,11,7
5,12,7
5,13,6
5,14,8
5,15,8
5,16,8
5,17,9
5,18,2
5,19,83
5,20,6
5,21,24
5,22,5
5,23,3
5,24,3
5,25,4
5,26,4
5,27,34
5,28,35
5,29,35
5,30,35
5,31,35
5,32,6
5,33,2
5,34,2
5,35,35
5,36,2
5,37,8
5,38,8
5,39,4
5,40,8
5,41,3
5,42,8
5,43,1
5,44,9
5,45,44
5,46,23
5,47,4
5,48,4
5,49,7
5,50,7
5,51,9
5,52,40
5,53,8
5,54,8
5,55,8
5,56,33
5,57,11
5,58,10
5,59,13
5,60,5
5,61,24
5,62,15
5,63,29
5,64,5
5,65,4
5,66,4
5,67,14
5,68,17
5,69,14
5,70,11
5,71,10
5,72,61
5,73,9
5,74,8
5,75,61
5,76,43
5,77,43
5,78,39
5,79,39
5,80,38
5,81,21
5,82,19
5,83,24
5,84,4
5,85,12
5,86,5
5,87,13
5,88,13
5,89,78
5,90,8
5,91,8
5,92,140
5,93,38
5,94,37
5,95,42
5,96,5
5,97,6
5,98,9
5,99,2
5,100,35
5,101,34
5,102,2
5,103,18
5,104,9
5,105,9
5,106,10
5,107,11
5,108,12
5,109,11
5,110,9
5,111,4
5,112,6
5,113,19
5,114,19
5,115,19
5,116,10
5,117,10
5,118,10
5,119,7
5,120,7
5,121,7
5,122,5
5,123,5
5,124,2
5,125,8
5,126,4
5,127,6
5,128,5
5,129,7
5,130,8
5,131,7
5,132,4
5,133,4
5,134,7
5,135,8
5,136,9
5,137,5
5,138,10
5,139,5
5,140,5
5,141,9
5,142,9
5,143,37
5,144,3
5,145,38
5,146,6
5,147,7
5,148,86
5,149,17
5,150,4
5,151,2
5,152,1
5,153,1
5,154,1
5,155,7
5,156,7
5,157,14
5,158,20
5,159,82
5,160,1
5,161,5
5,162,5
5,163,6
5,164,3
5,165,4
5,166,8
5,167,8
5,168,3
5,169,3
5,170,3
5,171,21
5,172,6
5,173,7
5,174,5
5,175,8
5,176,9
5,177,5
5,178,20
5,179,21
5,180,94
5,181,9
5,182,79
5,183,79
5,184,2
5,185,2
5,186,3
5,187,3
5,188,3
5,189,34
5,190,34
5,191,4
5,192,11
5,193,7
5,194,7
5,195,7
5,196,7
5,197,7
5,198,7
5,199,7
5,200,7
5,201,7
5,202,33
5,203,1
5,204,5
5,205,108
5,206,5
5,207,5
5,208,5
5,209,3
5,210,5
5,211,5
5,212,5
5,213,2
5,214,1
5,215,20
5,216,20
5,217,20
5,218,3
5,219,3
5,220,107
5,221,16
5,222,6
5,223,5
5,224,5
5,225,6
5,226,7
5,227,22
5,228,30
5,229,14
5,230,14
5,231,5
5,232,24
5,233,24
5,234,4
5,235,1
5,236,5
5,237,10
5,238,9
5,239,10
5,240,1
5,241,1
5,242,7
5,243,9
5,244,2
5,245,2
5,246,5
5,247,4
5,248,5
5,249,17
5,250,2
5,251,2
5,252,1
5,253,1
5,254,8
5,255,5
5,256,4
5,257,4
5,258,4
5,259,5
5,260,5
5,261,5
5,262,19
5,263,20
5,264,37
5,265,34
5,266,35
5,267,35
5,268,35
5,269,5
5,270,5
5,271,5
5,272,35
5,273,4
5,274,5
5,275,3
5,276,31
5,277,4
5,278,5
5,279,4
5,280,6
5,281,8
5,282,8
5,283,6
5,284,8
5,285,1
5,286,2
5,287,1
5,288,2
5,289,1
5,290,1
5,291,1
5,292,1
5,293,1
5,294,1
5,295,1
5,296,1
5,297,2
5,298,2
5,299,33
5,300,8
5,301,8
5,302,8
5,303,7
5,304,10
5,305,7
5,306,3
5,307,13
5,308,79
5,309,14
5,310,14
5,311,2
5,312,2
5,313,2
5,314,1
5,315,6
5,316,6
5,317,3
5,318,3
5,319,3
5,320,1
5,321,1
5,322,11
5,323,4
5,324,2
5,325,6
5,326,4
5,327,22
5,328,4
5,329,6
5,330,6
5,331,15
5,332,20
5,333,14
5,334,6
5,335,88
5,336,3
5,337,2
5,338,5
5,339,19
5,340,5
5,341,6
5,342,11
5,343,4
5,344,5
5,345,4
5,346,5
5,347,24
5,348,6
5,349,5
5,350,8
6,0,0
6,1,4
6,2,20
6,3,115
6,4,4
6,5,1
6,6,0
6,7,1
6,8,1
6,9,1
6,10,4
6,11,7
6,12,7
6,13,6
6,14,8
6,15,8
6,16,8
6,17,9
6,18,2
6,19,83
6,20,6
6,21,24
6,22,5
6,23,3
6,24,3
6,25,4
6,26,4
6,27,34
6,28,35
6,29,35
6,30,35
6,31,35
6,32,6
6,33,2
6,34,2
6,35,35
6,36,2
6,37,8
6,38,8
6,39,4
6,40,8
6,41,3
6,42,8
6,43,1
6,44,9
6,45,44
6,46,23
6,47,4
6,48,4
6,49,7
6,50,7
6,51,9
6,52,40
6,53,8
6,54,8
6,55,8
6,56,33
6,57,11
6,58,10
6,59,13
6,60,5
6,61,24
6,62,15
6,63,29
6,64,5
6,65,4
6,66,4
6,67,14
6,68,17
6,69,14
6,70,11
6,71,10
6,72,61
6,73,9
6,74,8
6,75,61
6,76,43
6,77,43
6,78,39
6,79,39
6,80,39
6,81,21
6,82,19
6,83,24
6,84,4
6,85,12
6,86,5
6,87,13
6,88,13
6,89,78
6,90,8
6,91,8
6,92,140
6,93,38
6,94,37
6,95,42
6,96,5
6,97,6
6,98,9
6,99,2
6,100,35
6,101,34
6,102,2
6,103,18
6,104,9
6,105,9
6,106,10
6,107,11
6,108,12
6,109,11
6,110,9
6,111,4
6,112,6
6,113,19
6,114,19
6,115,19
6,116,10
6,117,10
6,118,10
6,119,7
6,120,7
6,121,7
6,122,5
6,123,5
6,124,2
6,125,8
6,126,4
6,127,6
6,128,5
6,129,7
6,130,8
6,131,7
6,132,4
6,133,4
6,134,7
6,135,8
6,136,9
6,137,5
6,138,10
6,139,5
6,140,5
6,141,9
6,142,9
6,143,37
6,144,3
6,145,38
6,146,6
6,147,7
6,148,86
6,149,17
6,150,4
6,151,2
6,152,1
6,153,1
6,154,1
6,155,7
6,156,7
6,157,14
6,158,20
6,159,82
6,160,1
6,161,5
6,162,5
6,163,6
6,164,3
6,165,4
6,166,8
6,167,8
6,168,3
6,169,3
6,170,3
6,171,21
6,172,6
6,173,7
6,174,5
6,175,8
6,176,9
6,177,5
6,178,20
6,179,21
6,180,94
6,181,9
6,182,79
6,183,79
6,184,2
6,185,2
6,186,3
6,187,3
6,188,3
6,189,34
6,190,34
6,191,4
6,192,11
6,193,7
6,194,7
6,195,7
6,196,7
6,197,7
6,198,7
6,199,7
6,200,7
6,201,7
6,202,33
6,203,1
6,204,5
6,205,108
6,206,5
6,207,5
6,208,5
6,209,3
6,210,5
6,211,5
6,212,5
6,213,2
6,214,1
6,215,20
6,216,20
6,217,20
6,218,3
6,219,3
6,220,107
6,221,16
6,222,6
6,223,5
6,224,5
6,225,6
6,226,7
6,227,22
6,228,30
6,229,14
6,230,14
6,231,5
6,232,24
6,233,24
6,234,4
6,235,1
6,236,5
6,237,10
6,238,9
6,239,10
6,240,1
6,241,1
6,242,7
6,243,9
6,244,2
6,245,2
6,246,5
6,247,4
6,248,5
6,249,17
6,250,2
6,251,2
6,252,1
6,253,1
6,254,8
6,255,5
6,256,4
6,257,4
6,258,4
6,259,5
6,260,5
6,261,5
6,262,19
6,263,20
6,264,37
6,265,34
6,266,35
6,267,35
6,268,35
6,269,5
6,270,5
6,271,5
6,272,35
6,273,4
6,274,5
6,275,3
6,276,31
6,277,4
6,278,5
6,279,4
6,280,6
6,281,8
6,282,8
6,283,6
6,284,8
6,285,1
6,286,2
6,287,1
6,288,2
6,289,1
6,290,1
6,291,1
6,292,1
6,293,1
6,294,1
6,295,1
6,296,1
6,297,2
6,298,2
6,299,33
6,300,8
6,301,8
6,302,8
6,303,7
6,304,10
6,305,7
6,306,3
6,307,13
6,308,79
6,309,14
6,310,14
6,311,2
6,312,2
6,313,2
6,314,1
6,315,6
6,316,6
6,317,3
6,318,3
6,319,3
6,320,1
6,321,1
6,322,11
6,323,4
6,324,2
6,325,6
6,326,4
6,327,22
6,328,4
6,329,6
6,330,6
6,331,15
6,332,20
6,333,14
6,334,6
6,335,88
6,336,3
6,337,2
6,338,5
6,339,19
6,340,5
6,341,6
6,342,11
6,343,4
6,344,5
6,345,4
6,346,5
6,347,24
6,348,6
6,349,5
6,350,8
7,0,0
7,1,4
7,2,20
7,3,115
7,4,4
7,5,1
7,6,1
7,7,0
7,8,1
7,9,1
7,10,4
7,11,7
7,12,7
7,13,7
7,14,8
7,15,8
7,16,8
7,17,9
7,18,2
7,19,83
7,20,6
7,21,24
7,22,5
7,23,4
7,24,4
7,25,4
7,26,4
7,27,34
7,28,35
7,29,35
7,30,35
7,31,35
7,32,6
7,33,2
7,34,2
7,35,35
7,36,2
7,37,8
7,38,8
7,39,5
7,40,8
7,41,3
7,42,8
7,43,1
7,44,9
7,45,44
7,46,23
7,47,4
7,48,4
7,49,7
7,50,7
7,51,9
7,52,41
7,53,8
7,54,8
7,55,8
7,56,33
7,57,11
7,58,10
7,59,13
7,60,5
7,61,24
7,62,16
7,63,29
7,64,5
7,65,4
7,66,4
7,67,14
7,68,17
7,69,14
7,70,11
7,71,10
7,72,61
7,73,9
7,74,8
7,75,61
7,76,43
7,77,43
7,78,39
7,79,39
7,80,39
7,81,21
7,82,19
7,83,25
7,84,4
7,85,12
7,86,5
7,87,13
7,88,14
7,89,78
7,90,8
7,91,8
7,92,140
7,93,38
7,94,37
7,95,42
7,96,5
7,97,7
7,98,9
7,99,2
7,100,35
7,101,34
7,102,2
7,103,18
7,104,9
7,105,10
7,106,10
7,107,11
7,108,12
7,109,11
7,110,9
7,111,4
7,112,6
7,113,19
7,114,19
7,115,19
7,116,10
7,117,10
7,118,10
7,119,7
7,120,7
7,121,7
7,122,5
7,123,5
7,124,2
7,125,8
7,126,4
7,127,6
7,128,6
7,129,7
7,130,8
7,131,7
7,132,4
7,133,4
7,134,7
7,135,8
7,136,9
7,137,5
7,138,10
7,139,5
7,140,6
7,141,9
7,142,9
7,143,36
7,144,3
7,145,38
7,146,6
7,147,7
7,148,86
7,149,17
7,150,4
7,151,2
7,152,1
7,153,1
7,154,1
7,155,7
7,156,7
7,157,15
7,158,20
7,159,82
7,160,1
7,161,5
7,162,5
7,163,6
7,164,4
7,165,4
7,166,8
7,167,8
7,168,3
7,169,3
7,170,3
7,171,21
7,172,6
7,173,7
7,174,5
7,175,9
7,176,9
7,177,5
7,178,20
7,179,21
7,180,94
7,181,9
7,182,79
7,183,79
7,184,2
7,185,2
7,186,3
7,187,3
7,188,2
7,189,34
7,190,34
7,191,4
7,192,11
7,193,7
7,194,7
7,195,7
7,196,7
7,197,7
7,198,7
7,199,7
7,200,7
7,201,7
7,202,33
7,203,1
7,204,5
7,205,108
7,206,5
7,207,5
7,208,5
7,209,3
7,210,5
7,211,5
7,212,5
7,213,2
7,214,1
7,215,20
7,216,20
7,217,20
7,218,3
7,219,3
7,220,107
7,221,16
7,222,6
7,223,5
7,224,5
7,225,6
7,226,6
7,227,22
7,228,30
7,229,14
7,230,14
7,231,5
7,232,24
7,233,24
7,234,4
7,235,1
7,236,5
7,237,10
7,238,10
7,239,10
7,240,1
7,241,1
7,242,7
7,243,9
7,244,2
7,245,2
7,246,5
7,247,5
7,248,5
7,249,17
7,250,2
7,251,2
7,252,1
7,253,1
7,254,8
7,255,5
7,256,4
7,257,4
7,258,4
7,259,5
7,260,5
7,261,5
7,262,19
7,263,20
7,264,37
7,265,34
7,266,35
7,267,35
7,268,35
7,269,5
7,270,5
7,271,5
7,272,35
7,273,5
7,274,5
7,275,3
7,276,32
7,277,4
7,278,5
7,279,4
7,280,6
7,281,8
7,282,8
7,283,7
7,284,8
7,285,1
7,286,2
7,287,1
7,288,2
7,289,1
7,290,1
7,291,1
7,292,1
7,293,1
7,294,1
7,295,1
7,296,1
7,297,1
7,298,2
7,299,33
7,300,8
7,301,8
7,302,8
7,303,7
7,304,10
7,305,7
7,306,3
7,307,13
7,308,79
7,309,14
7,310,14
7,311,2
7,312,2
7,313,2
7,314,1
7,315,6
7,316,6
7,317,3
7,318,3
7,319,3
7,320,1
7,321,1
7,322,11
7,323,4
7,324,2
7,325,5
7,326,4
7,327,22
7,328,4
7,329,6
7,330,6
7,331,15
7,332,20
7,333,14
7,334,6
7,335,88
7,336,3
7,337,2
7,338,5
7,339,19
7,340,5
7,341,6
7,342,11
7,343,4
7,344,5
7,345,4
7,346,5
7,347,25
7,348,6
7,349,5
7,350,8
8,0,2
8,1,4
8,2,19
8,3,115
8,4,5
8,5,1
8,6,1
8,7,1
8,8,0
8,9,1
8,10,4
8,11,7
8,12,7
8,13,7
8,14,8
8,15,8
8,16,8
8,17,9
8,18,2
8,19,83
8,20,6
8,21,23
8,22,6
8,23,4
8,24,4
8,25,5
8,26,4
8,27,34
8,28,35
8,29,35
8,30,34
8,31,35
8,32,5
8,33,1
8,34,2
8,35,35
8,36,3
8,37,7
8,38,7
8,39,4
8,40,8
8,41,3
8,42,8
8,43,2
8,44,9
8,45,44
8,46,22
8,47,4
8,48,3
8,49,6
8,50,7
8,51,9
8,52,40
8,53,8
8,54,8
8,55,8
8,56,32
8,57,11
8,58,10
8,59,13
8,60,6
8,61,24
8,62,15
8,63,29
8,64,5
8,65,3
8,66,3
8,67,14
8,68,16
8,69,14
8,70,11
8,71,10
8,72,61
8,73,9
8,74,8
8,75,61
8,76,43
8,77,43
8,78,39
8,79,39
8,80,39
8,81,21
8,82,21
8,83,24
8,84,4
8,85,12
8,86,4
8,87,13
8,88,13
8,89,78
8,90,8
8,91,8
8,92,139
8,93,38
8,94,37
8,95,42
8,96,5
8,97,6
8,98,10
8,99,3
8,100,34
8,101,33
8,102,2
8,103,20
8,104,9
8,105,9
8,106,10
8,107,11
8,108,12
8,109,11
8,110,9
8,111,4
8,112,6
8,113,21
8,114,21
8,115,21
8,116,10
8,117,10
8,118,10
8,119,7
8,120,7
8,121,7
8,122,5
8,123,6
8,124,3
8,125,8
8,126,4
8,127,6
8,128,6
8,129,7
8,130,8
8,131,7
8,132,4
8,133,4
8,134,7
8,135,8
8,136,9
8,137,5
8,138,10
8,139,5
8,140,6
8,141,10
8,142,9
8,143,36
8,144,3
8,145,37
8,146,6
8,147,7
8,148,85
8,149,19
8,150,5
8,151,2
8,152,1
8,153,1
8,154,1
8,155,7
8,156,7
8,157,14
8,158,22
8,159,82
8,160,1
8,161,4
8,162,6
8,163,6
8,164,4
8,165,4
8,166,8
8,167,8
8,168,3
8,169,3
8,170,3
8,171,21
8,172,6
8,173,7
8,174,5
8,175,9
8,176,9
8,177,5
8,178,22
8,179,21
8,180,93
8,181,9
8,182,79
8,183,79
8,184,2
8,185,2
8,186,3
8,187,3
8,188,3
8,189,37
8,190,37
8,191,4
8,192,11
8,193,7
8,194,6
8,195,7
8,196,7
8,197,7
8,198,6
8,199,6
8,200,7
8,201,7
8,202,36
8,203,1
8,204,5
8,205,107
8,206,5
8,207,5
8,208,5
8,209,3
8,210,5
8,211,5
8,212,4
8,213,2
8,214,1
8,215,20
8,216,20
8,217,20
8,218,4
8,219,4
8,220,106
8,221,16
8,222,6
8,223,5
8,224,5
8,225,6
8,226,6
8,227,22
8,228,32
8,229,14
8,230,14
8,231,5
8,232,23
8,233,23
8,234,4
8,235,1
8,236,5
8,237,10
8,238,9
8,239,10
8,240,1
8,241,1
8,242,7
8,243,9
8,244,2
8,245,2
8,246,4
8,247,5
8,248,5
8,249,19
8,250,3
8,251,3
8,252,1
8,253,1
8,254,8
8,255,4
8,256,4
8,257,4
8,258,4
8,259,5
8,260,5
8,261,5
8,262,21
8,263,22
8,264,36
8,265,34
8,266,34
8,267,34
8,268,34
8,269,5
8,270,5
8,271,5
8,272,38
8,273,4
8,274,5
8,275,2
8,276,34
8,277,4
8,278,4
8,279,4
8,280,5
8,281,8
8,282,8
8,283,7
8,284,8
8,285,1
8,286,1
8,287,1
8,288,1
8,289,1
8,290,1
8,291,1
8,292,1
8,293,1
8,294,1
8,295,1
8,296,1
8,297,1
8,298,1
8,299,33
8,300,8
8,301,8
8,302,8
8,303,7
8,304,10
8,305,7
8,306,2
8,307,13
8,308,79
8,309,14
8,310,14
8,311,2
8,312,2
8,313,1
8,314,2
8,315,5
8,316,5
8,317,3
8,318,3
8,319,3
8,320,1
8,321,1
8,322,11
8,323,4
8,324,2
8,325,6
8,326,4
8,327,21
8,328,4
8,329,5
8,330,5
8,331,15
8,332,19
8,333,14
8,334,6
8,335,88
8,336,3
8,337,2
8,338,5
8,339,18
8,340,5
8,341,6
8,342,11
8,343,4
8,344,4
8,345,4
8,346,4
8,347,24
8,348,6
8,349,5
8,350,7
9,0,2
9,1,4
9,2,19
9,3,115
9,4,5
9,5,1
9,6,1
9,7,1
9,8,1
9,9,0
9,10,4
9,11,7
9,12,7
9,13,7
9,14,8
9,15,8
9,16,8
9,17,9
9,18,2
9,19,83
9,20,6
9,21,23
9,22,6
9,23,4
9,24,4
9,25,5
9,26,4
9,27,34
9,28,35
9,29,35
9,30,34
9,31,35
9,32,5
9,33,1
9,34,2
9,35,35
9,36,3
9,37,7
9,38,7
9,39,5
9,40,8
9,41,3
9,42,8
9,43,2
9,44,9
9,45,44
9,46,22
9,47,4
9,48,3
9,49,6
9,50,7
9,51,9
9,52,40
9,53,8
9,54,8
9,55,8
9,56,32
9,57,11
9,58,10
9,59,14
9,60,6
9,61,24
9,62,15
9,63,29
9,64,5
9,65,3
9,66,3
9,67,14
9,68,16
9,69,14
9,70,11
9,71,10
9,72,61
9,73,9
9,74,8
9,75,61
9,76,43
9,77,43
9,78,39
9,79,39
9,80,39
9,81,21
9,82,21
9,83,24
9,84,4
9,85,12
9,86,4
9,87,13
9,88,13
9,89,78
9,90,8
9,91,8
9,92,139
9,93,38
9,94,37
9,95,42
9,96,5
9,97,6
9,98,10
9,99,3
9,100,34
9,101,33
9,102,2
9,103,20
9,104,9
9,105,9
9,106,10
9,107,11
9,108,12
9,109,11
9,110,9
9,111,4
9,112,6
9,113,21
9,114,21
9,115,21
9,116,10
9,117,10
9,118,10
9,119,7
9,120,7
9,121,7
9,122,5
9,123,6
9,124,3
9,125,8
9,126,4
9,127,6
9,128,6
9,129,7
9,130,8
9,131,7
9,132,4
9,133,4
9,134,7
9,135,8
9,136,9
9,137,5
9,138,10
9,139,5
9,140,6
9,141,10
9,142,9
9,143,36
9,144,3
9,145,37
9,146,6
9,147,7
9,148,85
9,149,19
9,150,5
9,151,2
9,152,1
9,153,1
9,154,1
9,155,7
9,156,7
9,157,14
9,158,22
9,159,82
9,160,1
9,161,4
9,162,6
9,163,6
9,164,4
9,165,4
9,166,8
9,167,8
9,168,3
9,169,3
9,170,3
9,171,21
9,172,6
9,173,7
9,174,5
9,175,9
9,176,9
9,177,5
9,178,22
9,179,21
9,180,93
9,181,9
9,182,79
9,183,79
9,184,2
9,185,2
9,186,3
9,187,3
9,188,3
9,189,37
9,190,37
9,191,4
9,192,11
9,193,7
9,194,6
9,195,7
9,196,7
9,197,7
9,198,6
9,199,6
9,200,7
9,201,7
9,202,36
9,203,1
9,204,5
9,205,108
9,206,5
9,207,5
9,208,5
9,209,3
9,210,5
9,211,5
9,212,4
9,213,2
9,214,1
9,215,20
9,216,20
9,217,20
9,218,4
9,219,4
9,220,106
9,221,16
9,222,6
9,223,5
9,224,5
9,225,6
9,226,6
9,227,22
9,228,32
9,229,14
9,230,14
9,231,5
9,232,23
9,233,23
9,234,4
9,235,1
9,236,5
9,237,10
9,238,9
9,239,10
9,240,1
9,241,1
9,242,7
9,243,9
9,244,2
9,245,2
9,246,4
9,247,5
9,248,5
9,249,19
9,250,3
9,251,3
9,252,1
9,253,1
9,254,8
9,255,4
9,256,4
9,257,4
9,258,4
9,259,5
9,260,5
9,261,5
9,262,21
9,263,22
9,264,36
9,265,34
9,266,34
9,267,34
9,268,34
9,269,5
9,270,5
9,271,5
9,272,38
9,273,4
9,274,5
9,275,2
9,276,34
9,277,4
9,278,4
9,279,4
9,280,5
9,281,8
9,282,8
9,283,7
9,284,8
9,285,1
9,286,1
9,287,1
9,288,1
9,289,1
9,290,1
9,291,1
9,292,1
9,293,1
9,294,1
9,295,1
9,296,1
9,297,1
9,298,1
9,299,33
9,300,8
9,301,8
9,302,8
9,303,7
9,304,10
9,305,7
9,306,2
9,307,13
9,308,79
9,309,14
9,310,14
9,311,2
9,312,2
9,313,1
9,314,2
9,315,5
9,316,5
9,317,3
9,318,3
9,319,3
9,320,1
9,321,1
9,322,11
9,323,4
9,324,2
9,325,6
9,326,4
9,327,21
9,328,4
9,329,5
9,330,5
9,331,15
9,332,19
9,333,14
9,334,6
9,335,88
9,336,3
9,337,2
9,338,5
9,339,18
9,340,5
9,341,6
9,342,11
9,343,4
9,344,4
9,345,4
9,346,4
9,347,24
9,348,6
9,349,5
9,350,7
10,0,6
10,1,7
10,2,17
10,3,117
10,4,8
10,5,4
10,6,4
10,7,4
10,8,4
10,9,4
10,10,0
10,11,6
10,12,6
10,13,5
10,14,6
10,15,6
10,16,6
10,17,8
10,18,5
10,19,86
10,20,3
10,21,25
10,22,9
10,23,6
10,24,6
10,25,8
10,26,7
10,27,36
10,28,37
10,29,37
10,30,37
10,31,37
10,32,2
10,33,3
10,34,3
10,35,31
10,36,5
10,37,4
10,38,4
10,39,5
10,40,4
10,41,4
10,42,4
10,43,4
10,44,8
10,45,42
10,46,25
10,47,1
10,48,1
10,49,4
10,50,5
10,51,7
10,52,35
10,53,4
10,54,4
10,55,4
10,56,35
10,57,9
10,58,8
10,59,12
10,60,7
10,61,26
10,62,15
10,63,27
10,64,3
10,65,2
10,66,2
10,67,14
10,68,13
10,69,13
10,70,10
10,71,10
10,72,56
10,73,9
10,74,7
10,75,56
10,76,45
10,77,45
10,78,33
10,79,33
10,80,33
10,81,19
10,82,21
10,83,24
10,84,1
10,85,12
10,86,1
10,87,12
10,88,13
10,89,80
10,90,10
10,91,10
10,92,142
10,93,40
10,94,31
10,95,37
10,96,3
10,97,5
10,98,12
10,99,6
10,100,37
10,101,30
10,102,5
10,103,20
10,104,7
10,105,7
10,106,7
10,107,11
10,108,11
10,109,8
10,110,9
10,111,7
10,112,8
10,113,21
10,114,21
10,115,21
10,116,8
10,117,8
10,118,8
10,119,5
10,120,6
10,121,6
10,122,9
10,123,8
10,124,6
10,125,6
10,126,4
10,127,3
10,128,4
10,129,5
10,130,7
10,131,5
10,132,5
10,133,5
10,134,6
10,135,7
10,136,7
10,137,5
10,138,8
10,139,5
10,140,5
10,141,12
10,142,11
10,143,39
10,144,5
10,145,40
10,146,5
10,147,3
10,148,88
10,149,20
10,150,7
10,151,5
10,152,4
10,153,4
10,154,4
10,155,5
10,156,5
10,157,14
10,158,22
10,159,85
10,160,4
10,161,3
10,162,7
10,163,8
10,164,4
10,165,4
10,166,6
10,167,5
10,168,6
10,169,6
10,170,6
10,171,23
10,172,9
10,173,5
10,174,1
10,175,9
10,176,8
10,177,9
10,178,22
10,179,23
10,180,96
10,181,7
10,182,81
10,183,81
10,184,5
10,185,5
10,186,6
10,187,6
10,188,6
10,189,35
10,190,35
10,191,1
10,192,10
10,193,5
10,194,4
10,195,5
10,196,4
10,197,5
10,198,4
10,199,4
10,200,5
10,201,5
10,202,34
10,203,4
10,204,5
10,205,110
10,206,8
10,207,9
10,208,9
10,209,6
10,210,1
10,211,1
10,212,2
10,213,5
10,214,4
10,215,18
10,216,18
10,217,18
10,218,6
10,219,6
10,220,109
10,221,15
10,222,7
10,223,9
10,224,9
10,225,3
10,226,3
10,227,25
10,228,32
10,229,14
10,230,13
10,231,3
10,232,25
10,233,26
10,234,7
10,235,4
10,236,8
10,237,8
10,238,8
10,239,8
10,240,4
10,241,4
10,242,6
10,243,11
10,244,3
10,245,3
10,246,1
10,247,4
10,248,4
10,249,20
10,250,5
10,251,5
10,252,4
10,253,4
10,254,7
10,255,1
10,256,3
10,257,3
10,258,3
10,259,2
10,260,2
10,261,7
10,262,21
10,263,22
10,264,39
10,265,36
10,266,37
10,267,37
10,268,37
10,269,5
10,270,3
10,271,3
10,272,36
10,273,3
10,274,2
10,275,3
10,276,33
10,277,1
10,278,1
10,279,1
10,280,2
10,281,5
10,282,5
10,283,4
10,284,5
10,285,4
10,286,3
10,287,3
10,288,2
10,289,3
10,290,4
10,291,3
10,292,3
10,293,3
10,294,3
10,295,4
10,296,4
10,297,4
10,298,4
10,299,35
10,300,6
10,301,6
10,302,6
10,303,5
10,304,8
10,305,5
10,306,5
10,307,13
10,308,81
10,309,14
10,310,14
10,311,5
10,312,5
10,313,4
10,314,4
10,315,2
10,316,2
10,317,6
10,318,6
10,319,5
10,320,3
10,321,3
10,322,10
10,323,7
10,324,4
10,325,9
10,326,7
10,327,24
10,328,4
10,329,3
10,330,3
10,331,14
10,332,17
10,333,12
10,334,6
10,335,91
10,336,3
10,337,3
10,338,2
10,339,23
10,340,9
10,341,9
10,342,11
10,343,7
10,344,1
10,345,1
10,346,1
10,347,24
10,348,9
10,349,9
10,350,4
11,0,6
11,1,10
11,2,23
11,3,120
11,4,8
11,5,7
11,6,7
11,7,7
11,8,7
11,9,7
11,10,6
11,11,0
11,12,1
11,13,1
11,14,1
11,15,1
11,16,1
11,17,3
11,18,6
11,19,83
11,20,7
11,21,28
11,22,8
11,23,5
11,24,5
11,25,6
11,26,5
11,27,39
11,28,36
11,29,36
11,30,36
11,31,36
11,32,6
11,33,6
11,34,5
11,35,30
11,36,5
11,37,7
11,38,7
11,39,3
11,40,8
11,41,4
11,42,8
11,43,4
11,44,3
11,45,46
11,46,28
11,47,5
11,48,5
11,49,8
11,50,9
11,51,2
11,52,34
11,53,8
11,54,8
11,55,8
11,56,38
11,57,4
11,58,3
11,59,9
11,60,6
11,61,29
11,62,10
11,63,31
11,64,7
11,65,5
11,66,5
11,67,8
11,68,18
11,69,8
11,70,5
11,71,4
11,72,55
11,73,3
11,74,4
11,75,55
11,76,48
11,77,48
11,78,32
11,79,32
11,80,32
11,81,15
11,82,19
11,83,19
11,84,5
11,85,7
11,86,5
11,87,7
11,88,8
11,89,83
11,90,8
11,91,8
11,92,145
11,93,43
11,94,30
11,95,36
11,96,4
11,97,2
11,98,10
11,99,5
11,100,40
11,101,29
11,102,6
11,103,19
11,104,4
11,105,4
11,106,4
11,107,5
11,108,6
11,109,9
11,110,4
11,111,7
11,112,7
11,113,20
11,114,19
11,115,19
11,116,3
11,117,4
11,118,4
11,119,1
11,120,1
11,121,1
11,122,7
11,123,9
11,124,6
11,125,4
11,126,3
11,127,6
11,128,2
11,129,1
11,130,2
11,131,1
11,132,3
11,133,3
11,134,1
11,135,3
11,136,2
11,137,4
11,138,3
11,139,3
11,140,3
11,141,10
11,142,10
11,143,42
11,144,5
11,145,43
11,146,2
11,147,7
11,148,91
11,149,18
11,150,7
11,151,5
11,152,6
11,153,6
11,154,7
11,155,3
11,156,3
11,157,9
11,158,21
11,159,82
11,160,6
11,161,7
11,162,6
11,163,6
11,164,3
11,165,3
11,166,1
11,167,4
11,168,6
11,169,6
11,170,6
11,171,26
11,172,9
11,173,3
11,174,5
11,175,6
11,176,6
11,177,7
11,178,21
11,179,26
11,180,99
11,181,3
11,182,84
11,183,84
11,184,6
11,185,6
11,186,7
11,187,7
11,188,7
11,189,30
11,190,30
11,191,6
11,192,5
11,193,9
11,194,8
11,195,9
11,196,9
11,197,9
11,198,9
11,199,8
11,200,9
11,201,9
11,202,29
11,203,6
11,204,2
11,205,113
11,206,8
11,207,8
11,208,8
11,209,6
11,210,5
11,211,5
11,212,4
11,213,6
11,214,6
11,215,22
11,216,22
11,217,22
11,218,5
11,219,5
11,220,112
11,221,10
11,222,4
11,223,7
11,224,7
11,225,5
11,226,5
11,227,23
11,228,30
11,229,8
11,230,8
11,231,7
11,232,28
11,233,28
11,234,6
11,235,7
11,236,8
11,237,3
11,238,3
11,239,3
11,240,7
11,241,7
11,242,2
11,243,9
11,244,4
11,245,5
11,246,5
11,247,3
11,248,3
11,249,18
11,250,4
11,251,5
11,252,6
11,253,6
11,254,2
11,255,5
11,256,4
11,257,3
11,258,3
11,259,3
11,260,3
11,261,6
11,262,19
11,263,20
11,264,42
11,265,35
11,266,36
11,267,36
11,268,36
11,269,3
11,270,3
11,271,3
11,272,31
11,273,3
11,274,3
11,275,5
11,276,28
11,277,5
11,278,5
11,279,5
11,280,5
11,281,4
11,282,4
11,283,3
11,284,4
11,285,6
11,286,6
11,287,6
11,288,5
11,289,6
11,290,7
11,291,6
11,292,6
11,293,6
11,294,6
11,295,6
11,296,7
11,297,6
11,298,7
11,299,38
11,300,4
11,301,4
11,302,4
11,303,3
11,304,3
11,305,3
11,306,8
11,307,7
11,308,84
11,309,8
11,310,8
11,311,6
11,312,6
11,313,5
11,314,5
11,315,5
11,316,6
11,317,6
11,318,6
11,319,5
11,320,6
11,321,6
11,322,5
11,323,6
11,324,4
11,325,8
11,326,6
11,327,22
11,328,4
11,329,7
11,330,7
11,331,9
11,332,21
11,333,7
11,334,4
11,335,93
11,336,5
11,337,4
11,338,6
11,339,27
11,340,7
11,341,9
11,342,5
11,343,7
11,344,5
11,345,6
11,346,5
11,347,19
11,348,9
11,349,7
11,350,8
12,0,0
12,1,0
12,2,0
12,3,0
12,4,0
12,5,0
12,6,0
12,7,0
12,8,0
12,9,0
12,10,0
12,11,0
12,12,0
12,13,1
12,14,1
12,15,1
12,16,1
12,17,3
12,18,6
12,19,83
12,20,7
12,21,28
12,22,8
12,23,5
12,24,5
12,25,6
12,26,5
12,27,39
12,28,36
12,29,36
12,30,36
12,31,36
12,32,6
12,33,6
12,34,5
12,35,30
12,36,5
12,37,7
12,38,7
12,39,3
12,40,8
12,41,4
12,42,8
12,43,4
12,44,3
12,45,46
12,46,28
12,47,5
12,48,5
12,49,8
12,50,9
12,51,2
12,52,34
12,53,8
12,54,8
12,55,8
12,56,38
12,57,4
12,58,3
12,59,9
12,60,6
12,61,29
12,62,10
12,63,31
12,64,7
12,65,5
12,66,6
12,67,8
12,68,18
12,69,8
12,70,5
12,71,4
12,72,55
12,73,3
12,74,4
12,75,55
12,76,48
12,77,48
12,78,32
12,79,32
12,80,32
12,81,15
12,82,19
12,83,19
12,84,5
12,85,7
12,86,5
12,87,7
12,88,8
12,89,83
12,90,8
12,91,8
12,92,145
12,93,43
12,94,30
12,95,36
12,96,4
12,97,2
12,98,10
12,99,5
12,100,40
12,101,29
12,102,6
12,103,19
12,104,4
12,105,4
12,106,4
12,107,5
12,108,6
12,109,9
12,110,4
12,111,7
12,112,7
12,113,20
12,114,19
12,115,19
12,116,3
12,117,4
12,118,4
12,119,1
12,120,1
12,121,1
12,122,7
12,123,9
12,124,6
12,125,4
12,126,3
12,127,6
12,128,2
12,129,2
12,130,2
12,131,2
12,132,3
12,133,3
12,134,1
12,135,3
12,136,2
12,137,4
12,138,3
12,139,3
12,140,3
12,141,10
12,142,10
12,143,42
12,144,5
12,145,43
12,146,2
12,147,7
12,148,91
12,149,18
12,150,7
12,151,5
12,152,6
12,153,7
12,154,7
12,155,3
12,156,3
12,157,9
12,158,21
12,159,82
12,160,6
12,161,7
12,162,6
12,163,7
12,164,3
12,165,3
12,166,1
12,167,4
12,168,6
12,169,6
12,170,6
12,171,26
12,172,9
12,173,3
12,174,5
12,175,7
12,176,6
12,177,7
12,178,21
12,179,26
12,180,99
12,181,3
12,182,84
12,183,84
12,184,7
12,185,7
12,186,7
12,187,7
12,188,7
12,189,30
12,190,30
12,191,6
12,192,5
12,193,9
12,194,8
12,195,9
12,196,9
12,197,9
12,198,9
12,199,8
12,200,9
12,201,9
12,202,29
12,203,6
12,204,2
12,205,113
12,206,8
12,207,8
12,208,8
12,209,6
12,210,5
12,211,5
12,212,4
12,213,6
12,214,6
12,215,22
12,216,22
12,217,22
12,218,5
12,219,5
12,220,112
12,221,10
12,222,4
12,223,7
12,224,7
12,225,5
12,226,5
12,227,23
12,228,30
12,229,8
12,230,8
12,231,7
12,232,28
12,233,28
12,234,6
12,235,7
12,236,8
12,237,3
12,238,3
12,239,3
12,240,7
12,241,7
12,242,2
12,243,9
12,244,5
12,245,5
12,246,5
12,247,3
12,248,3
12,249,18
12,250,5
12,251,5
12,252,6
12,253,6
12,254,2
12,255,5
12,256,4
12,257,4
12,258,3
12,259,3
12,260,3
12,261,6
12,262,19
12,263,21
12,264,42
12,265,35
12,266,36
12,267,36
12,268,36
12,269,3
12,270,3
12,271,3
12,272,31
12,273,3
12,274,3
12,275,6
12,276,28
12,277,5
12,278,5
12,279,5
12,280,5
12,281,4
12,282,4
12,283,3
12,284,4
12,285,6
12,286,6
12,287,6
12,288,5
12,289,6
12,290,7
12,291,6
12,292,6
12,293,6
12,294,7
12,295,7
12,296,7
12,297,6
12,298,7
12,299,38
12,300,4
12,301,4
12,302,4
12,303,3
12,304,3
12,305,3
12,306,8
12,307,7
12,308,84
12,309,8
12,310,9
12,311,6
12,312,6
12,313,5
12,314,5
12,315,5
12,316,6
12,317,6
12,318,6
12,319,5
12,320,6
12,321,6
12,322,5
12,323,6
12,324,4
12,325,8
12,326,6
12,327,22
12,328,4
12,329,7
12,330,7
12,331,9
12,332,21
12,333,7
12,334,4
12,335,94
12,336,5
12,337,5
12,338,6
12,339,27
12,340,7
12,341,9
12,342,5
12,343,7
12,344,5
12,345,6
12,346,5
12,347,19
12,348,9
12,349,7
12,350,8
13,0,0
13,1,0
13,2,0
13,3,0
13,4,0
13,5,0
13,6,0
13,7,0
13,8,0
13,9,0
13,10,0
13,11,0
13,12,1
13,13,0
13,14,2
13,15,2
13,16,2
13,17,4
13,18,5
13,19,82
13,20,6
13,21,27
13,22,7
13,23,4
13,24,4
13,25,6
13,26,5
13,27,39
13,28,36
13,29,36
13,30,35
13,31,35
13,32,5
13,33,5
13,34,5
13,35,32
13,36,4
13,37,6
13,38,6
13,39,2
13,40,7
13,41,3
13,42,7
13,43,4
13,44,4
13,45,44
13,46,27
13,47,4
13,48,4
13,49,7
13,50,8
13,51,3
13,52,34
13,53,7
13,54,7
13,55,7
13,56,37
13,57,5
13,58,4
13,59,9
13,60,5
13,61,28
13,62,10
13,63,29
13,64,6
13,65,4
13,66,4
13,67,9
13,68,17
13,69,8
13,70,5
13,71,4
13,72,55
13,73,4
13,74,3
13,75,55
13,76,47
13,77,47
13,78,32
13,79,32
13,80,32
13,81,15
13,82,19
13,83,19
13,84,4
13,85,7
13,86,4
13,87,7
13,88,8
13,89,82
13,90,7
13,91,7
13,92,144
13,93,42
13,94,30
13,95,36
13,96,3
13,97,1
13,98,9
13,99,5
13,100,39
13,101,30
13,102,5
13,103,18
13,104,4
13,105,4
13,106,4
13,107,5
13,108,6
13,109,9
13,110,4
13,111,6
13,112,6
13,113,19
13,114,19
13,115,19
13,116,4
13,117,4
13,118,4
13,119,2
13,120,2
13,121,2
13,122,7
13,123,8
13,124,5
13,125,3
13,126,2
13,127,5
13,128,2
13,129,1
13,130,2
13,131,1
13,132,3
13,133,3
13,134,2
13,135,2
13,136,3
13,137,3
13,138,5
13,139,2
13,140,2
13,141,10
13,142,9
13,143,41
13,144,4
13,145,42
13,146,1
13,147,6
13,148,90
13,149,17
13,150,6
13,151,5
13,152,6
13,153,6
13,154,6
13,155,2
13,156,2
13,157,9
13,158,20
13,159,81
13,160,5
13,161,6
13,162,5
13,163,6
13,164,2
13,165,2
13,166,2
13,167,3
13,168,5
13,169,6
13,170,6
13,171,25
13,172,8
13,173,2
13,174,4
13,175,6
13,176,5
13,177,7
13,178,20
13,179,25
13,180,98
13,181,4
13,182,83
13,183,84
13,184,6
13,185,6
13,186,7
13,187,7
13,188,7
13,189,31
13,190,31
13,191,4
13,192,5
13,193,8
13,194,7
13,195,8
13,196,7
13,197,8
13,198,7
13,199,7
13,200,8
13,201,8
13,202,31
13,203,5
13,204,2
13,205,112
13,206,8
13,207,8
13,208,8
13,209,5
13,210,4
13,211,4
13,212,3
13,213,5
13,214,5
13,215,21
13,216,21
13,217,21
13,218,5
13,219,4
13,220,111
13,221,10
13,222,3
13,223,7
13,224,7
13,225,4
13,226,4
13,227,23
13,228,30
13,229,8
13,230,8
13,231,6
13,232,27
13,233,28
13,234,5
13,235,6
13,236,7
13,237,4
13,238,4
13,239,4
13,240,6
13,241,6
13,242,2
13,243,9
13,244,4
13,245,4
13,246,4
13,247,2
13,248,2
13,249,17
13,250,4
13,251,4
13,252,5
13,253,5
13,254,2
13,255,4
13,256,2
13,257,2
13,258,3
13,259,2
13,260,2
13,261,5
13,262,19
13,263,20
13,264,41
13,265,34
13,266,35
13,267,35
13,268,35
13,269,2
13,270,1
13,271,1
13,272,32
13,273,1
13,274,2
13,275,4
13,276,29
13,277,3
13,278,3
13,279,3
13,280,4
13,281,2
13,282,3
13,283,2
13,284,2
13,285,6
13,286,5
13,287,5
13,288,4
13,289,5
13,290,5
13,291,5
13,292,5
13,293,5
13,294,5
13,295,5
13,296,6
13,297,6
13,298,6
13,299,38
13,300,3
13,301,3
13,302,3
13,303,2
13,304,4
13,305,2
13,306,7
13,307,8
13,308,83
13,309,8
13,310,9
13,311,5
13,312,5
13,313,5
13,314,5
13,315,4
13,316,4
13,317,5
13,318,5
13,319,4
13,320,5
13,321,5
13,322,5
13,323,6
13,324,3
13,325,7
13,326,5
13,327,22
13,328,4
13,329,6
13,330,6
13,331,9
13,332,20
13,333,9
13,334,3
13,335,93
13,336,4
13,337,4
13,338,4
13,339,26
13,340,7
13,341,9
13,342,5
13,343,6
13,344,4
13,345,4
13,346,4
13,347,19
13,348,8
13,349,7
13,350,7
14,0,0
14,1,0
14,2,0
14,3,0
14,4,0
14,5,0
14,6,0
14,7,0
14,8,0
14,9,0
14,10,0
14,11,0
14,12,1
14,13,2
14,14,0
14,15,1
14,16,1
14,17,3
14,18,6
14,19,83
14,20,7
14,21,28
14,22,8
14,23,5
14,24,5
14,25,6
14,26,5
14,27,39
14,28,36
14,29,36
14,30,36
14,31,36
14,32,6
14,33,6
14,34,5
14,35,31
14,36,5
14,37,7
14,38,7
14,39,3
14,40,8
14,41,4
14,42,8
14,43,5
14,44,3
14,45,46
14,46,28
14,47,5
14,48,6
14,49,8
14,50,9
14,51,3
14,52,34
14,53,8
14,54,8
14,55,8
14,56,38
14,57,4
14,58,3
14,59,9
14,60,5
14,61,29
14,62,10
14,63,31
14,64,7
14,65,6
14,66,6
14,67,9
14,68,18
14,69,8
14,70,5
14,71,4
14,72,55
14,73,4
14,74,4
14,75,55
14,76,48
14,77,48
14,78,32
14,79,32
14,80,32
14,81,15
14,82,20
14,83,19
14,84,5
14,85,7
14,86,5
14,87,7
14,88,8
14,89,83
14,90,7
14,91,7
14,92,145
14,93,43
14,94,30
14,95,36
14,96,4
14,97,2
14,98,10
14,99,5
14,100,40
14,101,29
14,102,6
14,103,19
14,104,4
14,105,4
14,106,4
14,107,5
14,108,6
14,109,10
14,110,4
14,111,7
14,112,7
14,113,20
14,114,20
14,115,20
14,116,3
14,117,4
14,118,4
14,119,1
14,120,1
14,121,1
14,122,7
14,123,9
14,124,6
14,125,3
14,126,3
14,127,6
14,128,2
14,129,2
14,130,2
14,131,2
14,132,3
14,133,3
14,134,1
14,135,3
14,136,2
14,137,4
14,138,4
14,139,3
14,140,3
14,141,10
14,142,10
14,143,42
14,144,5
14,145,43
14,146,2
14,147,7
14,148,91
14,149,18
14,150,7
14,151,5
14,152,6
14,153,7
14,154,7
14,155,4
14,156,4
14,157,9
14,158,21
14,159,82
14,160,6
14,161,7
14,162,5
14,163,7
14,164,3
14,165,3
14,166,1
14,167,4
14,168,6
14,169,6
14,170,6
14,171,26
14,172,9
14,173,3
14,174,6
14,175,6
14,176,6
14,177,7
14,178,21
14,179,26
14,180,99
14,181,3
14,182,84
14,183,85
14,184,7
14,185,7
14,186,7
14,187,7
14,188,7
14,189,30
14,190,30
14,191,6
14,192,5
14,193,9
14,194,8
14,195,9
14,196,9
14,197,9
14,198,9
14,199,8
14,200,9
14,201,9
14,202,30
14,203,6
14,204,3
14,205,113
14,206,9
14,207,9
14,208,9
14,209,6
14,210,5
14,211,6
14,212,4
14,213,6
14,214,6
14,215,22
14,216,22
14,217,22
14,218,5
14,219,5
14,220,112
14,221,10
14,222,4
14,223,7
14,224,7
14,225,5
14,226,5
14,227,23
14,228,30
14,229,8
14,230,8
14,231,7
14,232,28
14,233,29
14,234,6
14,235,7
14,236,8
14,237,3
14,238,3
14,239,3
14,240,7
14,241,7
14,242,3
14,243,10
14,244,5
14,245,5
14,246,5
14,247,3
14,248,3
14,249,18
14,250,5
14,251,5
14,252,6
14,253,6
14,254,2
14,255,5
14,256,4
14,257,4
14,258,3
14,259,4
14,260,4
14,261,6
14,262,20
14,263,21
14,264,42
14,265,35
14,266,36
14,267,36
14,268,36
14,269,3
14,270,3
14,271,3
14,272,31
14,273,3
14,274,3
14,275,6
14,276,28
14,277,5
14,278,5
14,279,5
14,280,6
14,281,4
14,282,4
14,283,3
14,284,4
14,285,6
14,286,6
14,287,6
14,288,5
14,289,6
14,290,7
14,291,6
14,292,6
14,293,6
14,294,7
14,295,7
14,296,7
14,297,7
14,298,7
14,299,38
14,300,4
14,301,4
14,302,4
14,303,3
14,304,3
14,305,3
14,306,8
14,307,8
14,308,84
14,309,8
14,310,9
14,311,6
14,312,6
14,313,5
14,314,5
14,315,6
14,316,6
14,317,6
14,318,6
14,319,5
14,320,6
14,321,6
14,322,5
14,323,7
14,324,4
14,325,8
14,326,6
14,327,23
14,328,4
14,329,7
14,330,8
14,331,10
14,332,22
14,333,8
14,334,4
14,335,94
14,336,5
14,337,5
14,338,6
14,339,27
14,340,7
14,341,10
14,342,5
14,343,7
14,344,5
14,345,6
14,346,5
14,347,19
14,348,9
14,349,7
14,350,8
15,0,0
15,1,0
15,2,0
15,3,0
15,4,0
15,5,0
15,6,0
15,7,0
15,8,0
15,9,0
15,10,0
15,11,0
15,12,1
15,13,2
15,14,1
15,15,0
15,16,2
15,17,4
15,18,5
15,19,82
15,20,6
15,21,28
15,22,7
15,23,4
15,24,4
15,25,6
15,26,5
15,27,39
15,28,36
15,29,36
15,30,35
15,31,36
15,32,5
15,33,5
15,34,5
15,35,32
15,36,4
15,37,6
15,38,6
15,39,2
15,40,7
15,41,3
15,42,7
15,43,4
15,44,4
15,45,45
15,46,27
15,47,4
15,48,4
15,49,7
15,50,8
15,51,3
15,52,34
15,53,7
15,54,7
15,55,7
15,56,37
15,57,5
15,58,4
15,59,9
15,60,5
15,61,29
15,62,10
15,63,30
15,64,6
15,65,4
15,66,4
15,67,9
15,68,17
15,69,9
15,70,5
15,71,5
15,72,55
15,73,4
15,74,3
15,75,55
15,76,48
15,77,48
15,78,33
15,79,33
15,80,33
15,81,16
15,82,19
15,83,19
15,84,4
15,85,7
15,86,4
15,87,7
15,88,8
15,89,83
15,90,7
15,91,7
15,92,145
15,93,43
15,94,31
15,95,36
15,96,3
15,97,1
15,98,9
15,99,5
15,100,39
15,101,31
15,102,6
15,103,18
15,104,4
15,105,5
15,106,5
15,107,6
15,108,6
15,109,10
15,110,4
15,111,6
15,112,6
15,113,19
15,114,19
15,115,19
15,116,4
15,117,4
15,118,5
15,119,2
15,120,2
15,121,2
15,122,7
15,123,8
15,124,5
15,125,3
15,126,2
15,127,5
15,128,2
15,129,1
15,130,2
15,131,1
15,132,3
15,133,3
15,134,2
15,135,3
15,136,3
15,137,4
15,138,4
15,139,2
15,140,3
15,141,10
15,142,9
15,143,41
15,144,4
15,145,42
15,146,1
15,147,6
15,148,90
15,149,18
15,150,6
15,151,5
15,152,6
15,153,6
15,154,6
15,155,2
15,156,2
15,157,9
15,158,20
15,159,81
15,160,5
15,161,6
15,162,5
15,163,6
15,164,3
15,165,3
15,166,2
15,167,3
15,168,6
15,169,6
15,170,6
15,171,25
15,172,8
15,173,2
15,174,4
15,175,6
15,176,5
15,177,7
15,178,20
15,179,25
15,180,98
15,181,4
15,182,84
15,183,84
15,184,6
15,185,6
15,186,7
15,187,7
15,188,7
15,189,31
15,190,31
15,191,5
15,192,5
15,193,8
15,194,7
15,195,8
15,196,8
15,197,8
15,198,8
15,199,7
15,200,8
15,201,8
15,202,30
15,203,5
15,204,2
15,205,113
15,206,8
15,207,8
15,208,8
15,209,5
15,210,4
15,211,4
15,212,3
15,213,5
15,214,5
15,215,21
15,216,21
15,217,21
15,218,5
15,219,5
15,220,111
15,221,10
15,222,4
15,223,7
15,224,7
15,225,4
15,226,4
15,227,23
15,228,30
15,229,9
15,230,9
15,231,6
15,232,28
15,233,28
15,234,5
15,235,6
15,236,7
15,237,4
15,238,4
15,239,4
15,240,6
15,241,6
15,242,2
15,243,9
15,244,4
15,245,4
15,246,4
15,247,2
15,248,2
15,249,17
15,250,4
15,251,4
15,252,5
15,253,5
15,254,3
15,255,4
15,256,3
15,257,3
15,258,3
15,259,2
15,260,2
15,261,5
15,262,19
15,263,20
15,264,41
15,265,34
15,266,35
15,267,35
15,268,35
15,269,2
15,270,2
15,271,2
15,272,32
15,273,2
15,274,2
15,275,5
15,276,29
15,277,4
15,278,4
15,279,4
15,280,4
15,281,3
15,282,3
15,283,2
15,284,3
15,285,6
15,286,5
15,287,5
15,288,5
15,289,5
15,290,6
15,291,5
15,292,5
15,293,5
15,294,6
15,295,6
15,296,6
15,297,6
15,298,6
15,299,38
15,300,3
15,301,3
15,302,3
15,303,2
15,304,4
15,305,2
15,306,7
15,307,8
15,308,84
15,309,9
15,310,9
15,311,5
15,312,5
15,313,5
15,314,5
15,315,4
15,316,5
15,317,5
15,318,5
15,319,4
15,320,5
15,321,5
15,322,5
15,323,6
15,324,4
15,325,7
15,326,6
15,327,22
15,328,4
15,329,6
15,330,6
15,331,9
15,332,20
15,333,8
15,334,3
15,335,93
15,336,4
15,337,4
15,338,5
15,339,26
15,340,7
15,341,9
15,342,6
15,343,6
15,344,4
15,345,5
15,346,4
15,347,19
15,348,8
15,349,7
15,350,7
16,0,0
16,1,0
16,2,0
16,3,0
16,4,0
16,5,0
16,6,0
16,7,0
16,8,0
16,9,0
16,10,0
16,11,0
16,12,1
16,13,2
16,14,1
16,15,2
16,16,0
16,17,3
16,18,6
16,19,83
16,20,7
16,21,28
16,22,8
16,23,5
16,24,5
16,25,6
16,26,5
16,27,39
16,28,36
16,29,36
16,30,36
16,31,36
16,32,6
16,33,6
16,34,5
16,35,31
16,36,5
16,37,7
16,38,7
16,39,3
16,40,8
16,41,4
16,42,8
16,43,4
16,44,3
16,45,46
16,46,28
16,47,5
16,48,5
16,49,8
16,50,9
16,51,3
16,52,34
16,53,8
16,54,8
16,55,8
16,56,38
16,57,4
16,58,3
16,59,10
16,60,6
16,61,29
16,62,10
16,63,31
16,64,7
16,65,6
16,66,6
16,67,8
16,68,18
16,69,8
16,70,5
16,71,4
16,72,55
16,73,3
16,74,4
16,75,55
16,76,48
16,77,48
16,78,32
16,79,32
16,80,32
16,81,15
16,82,20
16,83,19
16,84,5
16,85,7
16,86,5
16,87,7
16,88,8
16,89,83
16,90,8
16,91,8
16,92,145
16,93,43
16,94,30
16,95,36
16,96,4
16,97,2
16,98,10
16,99,5
16,100,40
16,101,29
16,102,6
16,103,19
16,104,4
16,105,4
16,106,4
16,107,5
16,108,6
16,109,10
16,110,4
16,111,7
16,112,7
16,113,20
16,114,20
16,115,20
16,116,3
16,117,4
16,118,4
16,119,1
16,120,1
16,121,1
16,122,7
16,123,9
16,124,6
16,125,4
16,126,3
16,127,6
16,128,2
16,129,2
16,130,2
16,131,2
16,132,3
16,133,3
16,134,1
16,135,3
16,136,2
16,137,4
16,138,3
16,139,3
16,140,3
16,141,10
16,142,10
16,143,42
16,144,5
16,145,43
16,146,2
16,147,7
16,148,91
16,149,18
16,150,7
16,151,5
16,152,6
16,153,7
16,154,7
16,155,4
16,156,4
16,157,9
16,158,21
16,159,82
16,160,6
16,161,7
16,162,6
16,163,7
16,164,3
16,165,3
16,166,1
16,167,4
16,168,6
16,169,6
16,170,6
16,171,26
16,172,9
16,173,3
16,174,5
16,175,7
16,176,6
16,177,7
16,178,21
16,179,26
16,180,99
16,181,3
16,182,84
16,183,85
16,184,7
16,185,7
16,186,7
16,187,7
16,188,7
16,189,30
16,190,30
16,191,6
16,192,5
16,193,9
16,194,8
16,195,9
16,196,9
16,197,9
16,198,9
16,199,8
16,200,9
16,201,9
16,202,30
16,203,6
16,204,3
16,205,113
16,206,9
16,207,9
16,208,9
16,209,6
16,210,5
16,211,5
16,212,4
16,213,6
16,214,6
16,215,22
16,216,22
16,217,22
16,218,5
16,219,5
16,220,112
16,221,10
16,222,4
16,223,7
16,224,7
16,225,5
16,226,5
16,227,23
16,228,30
16,229,8
16,230,8
16,231,7
16,232,28
16,233,28
16,234,6
16,235,7
16,236,8
16,237,3
16,238,3
16,239,3
16,240,7
16,241,7
16,242,3
16,243,10
16,244,5
16,245,5
16,246,5
16,247,3
16,248,3
16,249,18
16,250,5
16,251,5
16,252,6
16,253,6
16,254,2
16,255,5
16,256,4
16,257,4
16,258,3
16,259,4
16,260,3
16,261,6
16,262,20
16,263,21
16,264,42
16,265,35
16,266,36
16,267,36
16,268,36
16,269,3
16,270,3
16,271,3
16,272,31
16,273,3
16,274,3
16,275,6
16,276,28
16,277,5
16,278,5
16,279,5
16,280,5
16,281,4
16,282,4
16,283,3
16,284,4
16,285,6
16,286,6
16,287,6
16,288,5
16,289,6
16,290,7
16,291,6
16,292,6
16,293,6
16,294,7
16,295,7
16,296,7
16,297,6
16,298,7
16,299,38
16,300,4
16,301,4
16,302,4
16,303,3
16,304,3
16,305,3
16,306,8
16,307,8
16,308,84
16,309,8
16,310,9
16,311,6
16,312,6
16,313,5
16,314,5
16,315,5
16,316,6
16,317,6
16,318,6
16,319,5
16,320,6
16,321,6
16,322,5
16,323,7
16,324,4
16,325,8
16,326,6
16,327,23
16,328,4
16,329,7
16,330,7
16,331,9
16,332,22
16,333,7
16,334,4
16,335,94
16,336,5
16,337,5
16,338,6
16,339,27
16,340,7
16,341,10
16,342,5
16,343,7
16,344,5
16,345,6
16,346,5
16,347,19
16,348,9
16,349,7
16,350,8
17,0,0
17,1,0
17,2,0
17,3,0
17,4,0
17,5,0
17,6,0
17,7,0
17,8,0
17,9,0
17,10,0
17,11,0
17,12,3
17,13,4
17,14,3
17,15,4
17,16,3
17,17,0
17,18,7
17,19,83
17,20,8
17,21,29
17,22,9
17,23,6
17,24,6
17,25,7
17,26,6
17,27,40
17,28,37
17,29,37
17,30,37
17,31,37
17,32,7
17,33,7
17,34,6
17,35,30
17,36,6
17,37,8
17,38,8
17,39,4
17,40,9
17,41,5
17,42,9
17,43,5
17,44,1
17,45,46
17,46,29
17,47,6
17,48,6
17,49,9
17,50,10
17,51,2
17,52,34
17,53,9
17,54,9
17,55,9
17,56,39
17,57,2
17,58,1
17,59,8
17,60,4
17,61,30
17,62,9
17,63,31
17,64,8
17,65,6
17,66,6
17,67,8
17,68,19
17,69,8
17,70,5
17,71,4
17,72,55
17,73,3
17,74,3
17,75,55
17,76,49
17,77,49
17,78,32
17,79,32
17,80,32
17,81,15
17,82,19
17,83,19
17,84,6
17,85,7
17,86,6
17,87,7
17,88,8
17,89,84
17,90,7
17,91,7
17,92,146
17,93,44
17,94,30
17,95,36
17,96,5
17,97,2
17,98,10
17,99,6
17,100,41
17,101,29
17,102,7
17,103,19
17,104,4
17,105,4
17,106,4
17,107,5
17,108,6
17,109,10
17,110,3
17,111,8
17,112,7
17,113,20
17,114,19
17,115,19
17,116,2
17,117,4
17,118,4
17,119,2
17,120,2
17,121,2
17,122,8
17,123,10
17,124,7
17,125,2
17,126,4
17,127,7
17,128,3
17,129,2
17,130,2
17,131,2
17,132,4
17,133,4
17,134,2
17,135,3
17,136,2
17,137,5
17,138,2
17,139,4
17,140,4
17,141,10
17,142,10
17,143,43
17,144,6
17,145,44
17,146,3
17,147,8
17,148,92
17,149,18
17,150,8
17,151,6
17,152,7
17,153,7
17,154,8
17,155,4
17,156,4
17,157,8
17,158,20
17,159,82
17,160,7
17,161,8
17,162,5
17,163,6
17,164,4
17,165,4
17,166,2
17,167,4
17,168,7
17,169,7
17,170,7
17,171,27
17,172,10
17,173,3
17,174,6
17,175,5
17,176,4
17,177,8
17,178,21
17,179,27
17,180,100
17,181,2
17,182,85
17,183,85
17,184,7
17,185,7
17,186,8
17,187,8
17,188,8
17,189,28
17,190,29
17,191,6
17,192,5
17,193,10
17,194,9
17,195,10
17,196,10
17,197,10
17,198,9
17,199,9
17,200,10
17,201,10
17,202,28
17,203,7
17,204,3
17,205,114
17,206,9
17,207,9
17,208,9
17,209,7
17,210,6
17,211,6
17,212,5
17,213,7
17,214,7
17,215,23
17,216,23
17,217,23
17,218,6
17,219,6
17,220,113
17,221,10
17,222,3
17,223,8
17,224,8
17,225,6
17,226,6
17,227,28
17,228,30
17,229,8
17,230,8
17,231,8
17,232,29
17,233,29
17,234,7
17,235,8
17,236,9
17,237,3
17,238,3
17,239,3
17,240,8
17,241,8
17,242,2
17,243,9
17,244,5
17,245,6
17,246,6
17,247,4
17,248,4
17,249,18
17,250,5
17,251,6
17,252,7
17,253,7
17,254,2
17,255,6
17,256,5
17,257,4
17,258,4
17,259,4
17,260,4
17,261,6
17,262,19
17,263,20
17,264,43
17,265,36
17,266,37
17,267,37
17,268,37
17,269,4
17,270,3
17,271,4
17,272,29
17,273,4
17,274,4
17,275,6
17,276,26
17,277,5
17,278,6
17,279,5
17,280,6
17,281,3
17,282,4
17,283,4
17,284,3
17,285,7
17,286,7
17,287,7
17,288,6
17,289,7
17,290,8
17,291,7
17,292,7
17,293,7
17,294,7
17,295,7
17,296,8
17,297,7
17,298,8
17,299,39
17,300,4
17,301,4
17,302,4
17,303,3
17,304,1
17,305,3
17,306,9
17,307,7
17,308,85
17,309,8
17,310,8
17,311,7
17,312,7
17,313,6
17,314,6
17,315,6
17,316,6
17,317,7
17,318,7
17,319,6
17,320,7
17,321,7
17,322,5
17,323,7
17,324,5
17,325,9
17,326,7
17,327,27
17,328,5
17,329,8
17,330,8
17,331,9
17,332,22
17,333,6
17,334,5
17,335,94
17,336,6
17,337,5
17,338,6
17,339,28
17,340,8
17,341,10
17,342,5
17,343,8
17,344,6
17,345,7
17,346,6
17,347,19
17,348,10
17,349,8
17,350,9
18,0,0
18,1,0
18,2,0
18,3,0
18,4,0
18,5,0
18,6,0
18,7,0
18,8,0
18,9,0
18,10,0
18,11,0
18,12,6
18,13,5
18,14,6
18,15,5
18,16,6
18,17,7
18,18,0
18,19,81
18,20,9
18,21,23
18,22,4
18,23,3
18,24,3
18,25,4
18,26,3
18,27,33
18,28,31
18,29,31
18,30,30
18,31,31
18,32,8
18,33,4
18,34,4
18,35,39
18,36,3
18,37,10
18,38,10
18,39,6
18,40,11
18,41,4
18,42,11
18,43,3
18,44,10
18,45,47
18,46,22
18,47,7
18,48,6
18,49,9
18,50,10
18,51,10
18,52,43
18,53,11
18,54,11
18,55,11
18,56,32
18,57,12
18,58,11
18,59,14
18,60,6
18,61,23
18,62,16
18,63,32
18,64,8
18,65,6
18,66,6
18,67,15
18,68,15
18,69,15
18,70,12
18,71,11
18,72,63
18,73,10
18,74,9
18,75,63
18,76,42
18,77,42
18,78,41
18,79,41
18,80,41
18,81,22
18,82,18
18,83,25
18,84,7
18,85,13
18,86,7
18,87,14
18,88,14
18,89,77
18,90,9
18,91,9
18,92,139
18,93,37
18,94,39
18,95,44
18,96,7
18,97,8
18,98,10
18,99,2
18,100,34
18,101,38
18,102,1
18,103,17
18,104,11
18,105,12
18,106,12
18,107,12
18,108,13
18,109,14
18,110,10
18,111,2
18,112,7
18,113,18
18,114,17
18,115,17
18,116,11
18,117,12
18,118,12
18,119,8
18,120,8
18,121,8
18,122,3
18,123,3
18,124,1
18,125,9
18,126,5
18,127,9
18,128,7
18,129,8
18,130,9
18,131,8
18,132,5
18,133,5
18,134,8
18,135,9
18,136,10
18,137,6
18,138,11
18,139,6
18,140,7
18,141,10
18,142,10
18,143,35
18,144,2
18,145,37
18,146,7
18,147,10
18,148,86
18,149,16
18,150,2
18,151,2
18,152,3
18,153,3
18,154,3
18,155,8
18,156,8
18,157,15
18,158,19
18,159,80
18,160,3
18,161,8
18,162,6
18,163,6
18,164,5
18,165,5
18,166,9
18,167,10
18,168,1
18,169,1
18,170,1
18,171,20
18,172,4
18,173,8
18,174,8
18,175,9
18,176,10
18,177,3
18,178,19
18,179,20
18,180,92
18,181,10
18,182,78
18,183,78
18,184,1
18,185,1
18,186,1
18,187,1
18,188,1
18,189,35
18,190,35
18,191,7
18,192,12
18,193,10
18,194,9
18,195,10
18,196,10
18,197,10
18,198,10
18,199,9
18,200,10
18,201,10
18,202,34
18,203,4
18,204,6
18,205,107
18,206,4
18,207,4
18,208,4
18,209,1
18,210,8
18,211,8
18,212,7
18,213,2
18,214,2
18,215,23
18,216,23
18,217,23
18,218,3
18,219,3
18,220,106
18,221,17
18,222,7
18,223,3
18,224,3
18,225,9
18,226,9
18,227,18
18,228,28
18,229,15
18,230,15
18,231,8
18,232,23
18,233,23
18,234,2
18,235,3
18,236,3
18,237,11
18,238,10
18,239,11
18,240,3
18,241,3
18,242,8
18,243,9
18,244,4
18,245,4
18,246,7
18,247,7
18,248,7
18,249,16
18,250,3
18,251,3
18,252,3
18,253,4
18,254,9
18,255,7
18,256,6
18,257,6
18,258,6
18,259,7
18,260,7
18,261,6
18,262,18
18,263,19
18,264,36
18,265,29
18,266,30
18,267,30
18,268,30
18,269,7
18,270,7
18,271,7
18,272,36
18,273,7
18,274,7
18,275,5
18,276,33
18,277,7
18,278,7
18,279,7
18,280,8
18,281,10
18,282,10
18,283,8
18,284,10
18,285,2
18,286,4
18,287,4
18,288,5
18,289,3
18,290,4
18,291,3
18,292,3
18,293,3
18,294,3
18,295,3
18,296,3
18,297,2
18,298,2
18,299,32
18,300,10
18,301,10
18,302,10
18,303,8
18,304,11
18,305,8
18,306,2
18,307,14
18,308,78
18,309,15
18,310,15
18,311,2
18,312,2
18,313,4
18,314,3
18,315,8
18,316,8
18,317,1
18,318,1
18,319,3
18,320,4
18,321,4
18,322,12
18,323,2
18,324,3
18,325,3
18,326,2
18,327,17
18,328,6
18,329,8
18,330,8
18,331,16
18,332,22
18,333,15
18,334,7
18,335,87
18,336,5
18,337,4
18,338,8
18,339,18
18,340,3
18,341,5
18,342,12
18,343,2
18,344,7
18,345,7
18,346,7
18,347,25
18,348,4
18,349,3
18,350,10
19,0,0
19,1,0
19,2,0
19,3,0
19,4,0
19,5,0
19,6,0
19,7,0
19,8,0
19,9,0
19,10,0
19,11,0
19,12,83
19,13,82
19,14,83
19,15,82
19,16,83
19,17,83
19,18,81
19,19,0
19,20,90
19,21,103
19,22,80
19,23,82
19,24,82
19,25,82
19,26,81
19,27,126
19,28,78
19,29,78
19,30,78
19,31,78
19,32,89
19,33,85
19,34,84
19,35,115
19,36,83
19,37,90
19,38,90
19,39,84
19,40,90
19,41,83
19,42,90
19,43,83
19,44,86
19,45,128
19,46,107
19,47,88
19,48,87
19,49,90
19,50,91
19,51,87
19,52,118
19,53,90
19,54,90
19,55,90
19,56,103
19,57,88
19,58,88
19,59,83
19,60,81
19,61,94
19,62,96
19,63,113
19,64,89
19,65,87
19,66,87
19,67,93
19,68,94
19,69,92
19,70,89
19,71,88
19,72,142
19,73,88
19,74,88
19,75,142
19,76,122
19,77,122
19,78,116
19,79,116
19,80,116
19,81,101
19,82,68
19,83,98
19,84,88
19,85,91
19,86,88
19,87,91
19,88,92
19,89,74
19,90,83
19,91,84
19,92,197
19,93,135
19,94,114
19,95,118
19,96,85
19,97,86
19,98,76
19,99,83
19,100,131
19,101,113
19,102,83
19,103,66
19,104,88
19,105,88
19,106,88
19,107,89
19,108,90
19,109,94
19,110,88
19,111,80
19,112,80
19,113,67
19,114,68
19,115,68
19,116,88
19,117,88
19,118,88
19,119,85
19,120,85
19,121,85
19,122,79
19,123,81
19,124,82
19,125,85
19,126,83
19,127,88
19,128,83
19,129,84
19,130,86
19,131,84
19,132,82
19,133,82
19,134,85
19,135,87
19,136,86
19,137,83
19,138,88
19,139,83
19,140,83
19,141,76
19,142,77
19,143,132
19,144,83
19,145,135
19,146,85
19,147,89
19,148,103
19,149,67
19,150,80
19,151,83
19,152,84
19,153,84
19,154,84
19,155,87
19,156,87
19,157,93
19,158,70
19,159,1
19,160,84
19,161,88
19,162,81
19,163,79
19,164,83
19,165,83
19,166,85
19,167,88
19,168,81
19,169,81
19,170,81
19,171,105
19,172,81
19,173,86
19,174,89
19,175,84
19,176,85
19,177,79
19,178,68
19,179,104
19,180,103
19,181,85
19,182,75
19,183,76
19,184,82
19,185,82
19,186,82
19,187,81
19,188,81
19,189,76
19,190,76
19,191,88
19,192,89
19,193,91
19,194,90
19,195,91
19,196,91
19,197,91
19,198,91
19,199,90
19,200,91
19,201,91
19,202,75
19,203,83
19,204,84
19,205,124
19,206,81
19,207,81
19,208,81
19,209,82
19,210,89
19,211,89
19,212,87
19,213,83
19,214,84
19,215,102
19,216,102
19,217,102
19,218,83
19,219,83
19,220,123
19,221,94
19,222,83
19,223,79
19,224,79
19,225,88
19,226,88
19,227,80
19,228,68
19,229,94
19,230,92
19,231,89
19,232,103
19,233,103
19,234,83
19,235,84
19,236,80
19,237,87
19,238,87
19,239,87
19,240,84
19,241,84
19,242,87
19,243,79
19,244,84
19,245,84
19,246,88
19,247,85
19,248,85
19,249,67
19,250,82
19,251,82
19,252,83
19,253,84
19,254,86
19,255,88
19,256,85
19,257,85
19,258,84
19,259,86
19,260,86
19,261,80
19,262,69
19,263,69
19,264,133
19,265,79
19,266,79
19,267,79
19,268,79
19,269,85
19,270,85
19,271,85
19,272,77
19,273,85
19,274,85
19,275,85
19,276,77
19,277,88
19,278,88
19,279,88
19,280,88
19,281,88
19,282,88
19,283,86
19,284,88
19,285,83
19,286,85
19,287,85
19,288,86
19,289,84
19,290,85
19,291,84
19,292,84
19,293,84
19,294,84
19,295,84
19,296,84
19,297,83
19,298,83
19,299,103
19,300,88
19,301,88
19,302,88
19,303,86
19,304,87
19,305,86
19,306,82
19,307,92
19,308,75
19,309,92
19,310,93
19,311,83
19,312,83
19,313,85
19,314,83
19,315,88
19,316,88
19,317,82
19,318,82
19,319,82
19,320,85
19,321,85
19,322,89
19,323,81
19,324,83
19,325,80
19,326,81
19,327,80
19,328,84
19,329,89
19,330,89
19,331,94
19,332,102
19,333,89
19,334,84
19,335,149
19,336,85
19,337,84
19,338,89
19,339,97
19,340,79
19,341,82
19,342,89
19,343,80
19,344,88
19,345,88
19,346,88
19,347,98
19,348,81
19,349,79
19,350,91
20,0,0
20,1,0
20,2,0
20,3,0
20,4,0
20,5,0
20,6,0
20,7,0
20,8,0
20,9,0
20,10,0
20,11,0
20,12,7
20,13,6
20,14,7
20,15,6
20,16,7
20,17,8
20,18,9
20,19,90
20,20,0
20,21,29
20,22,10
20,23,8
20,24,8
20,25,9
20,26,9
20,27,38
20,28,39
20,29,39
20,30,38
20,31,39
20,32,1
20,33,4
20,34,4
20,35,32
20,36,6
20,37,1
20,38,1
20,39,6
20,40,2
20,41,6
20,42,2
20,43,6
20,44,10
20,45,39
20,46,28
20,47,3
20,48,3
20,49,2
20,50,3
20,51,9
20,52,36
20,53,2
20,54,2
20,55,2
20,56,36
20,57,11
20,58,10
20,59,14
20,60,9
20,61,27
20,62,15
20,63,24
20,64,1
20,65,3
20,66,3
20,67,14
20,68,12
20,69,14
20,70,10
20,71,10
20,72,57
20,73,9
20,74,8
20,75,57
20,76,47
20,77,47
20,78,34
20,79,34
20,80,34
20,81,20
20,82,22
20,83,23
20,84,2
20,85,12
20,86,2
20,87,13
20,88,13
20,89,82
20,90,12
20,91,11
20,92,144
20,93,42
20,94,32
20,95,38
20,96,5
20,97,8
20,98,13
20,99,7
20,100,38
20,101,31
20,102,7
20,103,22
20,104,7
20,105,7
20,106,7
20,107,11
20,108,11
20,109,6
20,110,9
20,111,9
20,112,10
20,113,23
20,114,22
20,115,22
20,116,10
20,117,8
20,118,8
20,119,7
20,120,8
20,121,8
20,122,10
20,123,10
20,124,7
20,125,8
20,126,6
20,127,3
20,128,6
20,129,7
20,130,9
20,131,7
20,132,6
20,133,6
20,134,8
20,135,9
20,136,10
20,137,7
20,138,10
20,139,7
20,140,7
20,141,13
20,142,13
20,143,40
20,144,7
20,145,41
20,146,7
20,147,3
20,148,89
20,149,21
20,150,9
20,151,7
20,152,6
20,153,5
20,154,5
20,155,7
20,156,7
20,157,13
20,158,24
20,159,87
20,160,5
20,161,2
20,162,9
20,163,10
20,164,5
20,165,5
20,166,8
20,167,7
20,168,8
20,169,8
20,170,8
20,171,26
20,172,11
20,173,8
20,174,2
20,175,11
20,176,10
20,177,10
20,178,24
20,179,26
20,180,97
20,181,9
20,182,83
20,183,83
20,184,6
20,185,6
20,186,7
20,187,7
20,188,7
20,189,35
20,190,35
20,191,1
20,192,10
20,193,3
20,194,2
20,195,3
20,196,3
20,197,3
20,198,3
20,199,2
20,200,3
20,201,3
20,202,34
20,203,5
20,204,7
20,205,112
20,206,10
20,207,10
20,208,10
20,209,7
20,210,1
20,211,1
20,212,4
20,213,7
20,214,6
20,215,16
20,216,16
20,217,16
20,218,7
20,219,7
20,220,110
20,221,15
20,222,9
20,223,10
20,224,10
20,225,3
20,226,4
20,227,26
20,228,33
20,229,14
20,230,14
20,231,2
20,232,29
20,233,29
20,234,8
20,235,5
20,236,9
20,237,10
20,238,11
20,239,11
20,240,5
20,241,5
20,242,9
20,243,12
20,244,5
20,245,5
20,246,2
20,247,7
20,248,7
20,249,21
20,250,7
20,251,7
20,252,5
20,253,5
20,254,9
20,255,2
20,256,5
20,257,5
20,258,5
20,259,4
20,260,4
20,261,9
20,262,22
20,263,24
20,264,40
20,265,38
20,266,38
20,267,38
20,268,38
20,269,7
20,270,5
20,271,5
20,272,36
20,273,5
20,274,4
20,275,4
20,276,32
20,277,3
20,278,2
20,279,3
20,280,2
20,281,7
20,282,7
20,283,6
20,284,7
20,285,5
20,286,4
20,287,4
20,288,4
20,289,5
20,290,5
20,291,5
20,292,5
20,293,5
20,294,5
20,295,5
20,296,5
20,297,6
20,298,6
20,299,37
20,300,7
20,301,7
20,302,7
20,303,8
20,304,10
20,305,8
20,306,7
20,307,13
20,308,83
20,309,14
20,310,14
20,311,7
20,312,6
20,313,5
20,314,6
20,315,2
20,316,2
20,317,7
20,318,7
20,319,7
20,320,5
20,321,5
20,322,10
20,323,8
20,324,5
20,325,10
20,326,9
20,327,25
20,328,6
20,329,1
20,330,1
20,331,15
20,332,15
20,333,14
20,334,8
20,335,92
20,336,5
20,337,5
20,338,2
20,339,21
20,340,10
20,341,11
20,342,10
20,343,9
20,344,2
20,345,3
20,346,2
20,347,23
20,348,10
20,349,10
20,350,1
21,0,0
21,1,0
21,2,0
21,3,0
21,4,0
21,5,0
21,6,0
21,7,0
21,8,0
21,9,0
21,10,0
21,11,0
21,12,28
21,13,27
21,14,28
21,15,28
21,16,28
21,17,29
21,18,23
21,19,103
21,20,29
21,21,0
21,22,27
21,23,31
21,24,31
21,25,32
21,26,31
21,27,20
21,28,35
21,29,35
21,30,34
21,31,35
21,32,35
21,33,30
21,34,37
21,35,66
21,36,31
21,37,36
21,38,36
21,39,33
21,40,37
21,41,32
21,42,37
21,43,30
21,44,38
21,45,47
21,46,4
21,47,38
21,48,37
21,49,35
21,50,34
21,51,38
21,52,66
21,53,38
21,54,38
21,55,38
21,56,9
21,57,40
21,58,39
21,59,42
21,60,34
21,61,9
21,62,44
21,63,32
21,64,34
21,65,37
21,66,37
21,67,43
21,68,26
21,69,43
21,70,40
21,71,39
21,72,87
21,73,38
21,74,37
21,75,88
21,76,22
21,77,22
21,78,64
21,79,64
21,80,64
21,81,50
21,82,40
21,83,53
21,84,38
21,85,41
21,86,39
21,87,42
21,88,42
21,89,63
21,90,37
21,91,37
21,92,100
21,93,14
21,94,62
21,95,66
21,96,34
21,97,36
21,98,36
21,99,29
21,100,13
21,101,65
21,102,29
21,103,42
21,104,39
21,105,39
21,106,39
21,107,40
21,108,40
21,109,40
21,110,38
21,111,28
21,112,35
21,113,40
21,114,40
21,115,40
21,116,39
21,117,40
21,118,40
21,119,36
21,120,36
21,121,36
21,122,28
21,123,27
21,124,29
21,125,37
21,126,33
21,127,35
21,128,35
21,129,36
21,130,37
21,131,36
21,132,33
21,133,33
21,134,36
21,135,37
21,136,38
21,137,34
21,138,39
21,139,34
21,140,35
21,141,36
21,142,38
21,143,13
21,144,30
21,145,14
21,146,35
21,147,36
21,148,73
21,149,39
21,150,29
21,151,30
21,152,29
21,153,29
21,154,29
21,155,36
21,156,36
21,157,43
21,158,38
21,159,108
21,160,30
21,161,35
21,162,34
21,163,34
21,164,33
21,165,33
21,166,37
21,167,37
21,168,29
21,169,29
21,170,29
21,171,3
21,172,26
21,173,36
21,174,34
21,175,37
21,176,38
21,177,28
21,178,40
21,179,2
21,180,79
21,181,38
21,182,64
21,183,65
21,184,28
21,185,28
21,186,28
21,187,28
21,188,28
21,189,72
21,190,72
21,191,33
21,192,39
21,193,34
21,194,35
21,195,34
21,196,35
21,197,35
21,198,36
21,199,35
21,200,34
21,201,34
21,202,70
21,203,30
21,204,35
21,205,93
21,206,26
21,207,26
21,208,26
21,209,29
21,210,34
21,211,34
21,212,39
21,213,29
21,214,29
21,215,21
21,216,21
21,217,21
21,218,31
21,219,30
21,220,92
21,221,44
21,222,35
21,223,28
21,224,28
21,225,35
21,226,35
21,227,25
21,228,54
21,229,43
21,230,43
21,231,34
21,232,1
21,233,1
21,234,31
21,235,28
21,236,27
21,237,39
21,238,38
21,239,38
21,240,29
21,241,29
21,242,36
21,243,37
21,244,31
21,245,31
21,246,39
21,247,34
21,248,34
21,249,39
21,250,30
21,251,31
21,252,30
21,253,30
21,254,37
21,255,38
21,256,33
21,257,33
21,258,33
21,259,35
21,260,34
21,261,34
21,262,38
21,263,39
21,264,14
21,265,33
21,266,34
21,267,34
21,268,34
21,269,34
21,270,34
21,271,34
21,272,73
21,273,34
21,274,34
21,275,37
21,276,63
21,277,38
21,278,38
21,279,38
21,280,34
21,281,37
21,282,37
21,283,36
21,284,37
21,285,29
21,286,36
21,287,30
21,288,36
21,289,29
21,290,29
21,291,29
21,292,29
21,293,29
21,294,29
21,295,29
21,296,29
21,297,28
21,298,29
21,299,11
21,300,37
21,301,37
21,302,37
21,303,36
21,304,39
21,305,36
21,306,27
21,307,42
21,308,64
21,309,43
21,310,43
21,311,29
21,312,29
21,313,30
21,314,30
21,315,34
21,316,34
21,317,30
21,318,30
21,319,32
21,320,30
21,321,29
21,322,39
21,323,29
21,324,31
21,325,28
21,326,30
21,327,25
21,328,33
21,329,35
21,330,35
21,331,44
21,332,20
21,333,43
21,334,35
21,335,61
21,336,32
21,337,31
21,338,39
21,339,11
21,340,28
21,341,25
21,342,40
21,343,28
21,344,39
21,345,38
21,346,39
21,347,53
21,348,26
21,349,28
21,350,37
22,0,0
22,1,0
22,2,0
22,3,0
22,4,0
22,5,0
22,6,0
22,7,0
22,8,0
22,9,0
22,10,0
22,11,0
22,12,8
22,13,7
22,14,8
22,15,7
22,16,8
22,17,9
22,18,4
22,19,80
22,20,10
22,21,27
22,22,0
22,23,4
22,24,4
22,25,5
22,26,4
22,27,33
22,28,30
22,29,30
22,30,29
22,31,30
22,32,12
22,33,8
22,34,8
22,35,39
22,36,6
22,37,14
22,38,14
22,39,9
22,40,14
22,41,7
22,42,14
22,43,7
22,44,12
22,45,50
22,46,24
22,47,10
22,48,10
22,49,13
22,50,13
22,51,11
22,52,44
22,53,15
22,54,15
22,55,15
22,56,31
22,57,13
22,58,12
22,59,16
22,60,8
22,61,22
22,62,19
22,63,35
22,64,11
22,65,10
22,66,10
22,67,17
22,68,16
22,69,17
22,70,13
22,71,13
22,72,65
22,73,12
22,74,13
22,75,65
22,76,41
22,77,41
22,78,42
22,79,42
22,80,42
22,81,25
22,82,16
22,83,28
22,84,10
22,85,15
22,86,11
22,87,16
22,88,17
22,89,76
22,90,11
22,91,10
22,92,138
22,93,36
22,94,41
22,95,46
22,96,10
22,97,11
22,98,9
22,99,5
22,100,33
22,101,38
22,102,5
22,103,15
22,104,15
22,105,15
22,106,14
22,107,14
22,108,14
22,109,18
22,110,12
22,111,3
22,112,8
22,113,16
22,114,16
22,115,16
22,116,12
22,117,13
22,118,14
22,119,9
22,120,9
22,121,9
22,122,1
22,123,1
22,124,5
22,125,11
22,126,7
22,127,12
22,128,8
22,129,9
22,130,11
22,131,9
22,132,6
22,133,6
22,134,9
22,135,12
22,136,11
22,137,7
22,138,12
22,139,7
22,140,8
22,141,9
22,142,10
22,143,35
22,144,6
22,145,36
22,146,11
22,147,13
22,148,86
22,149,14
22,150,3
22,151,6
22,152,7
22,153,6
22,154,7
22,155,12
22,156,12
22,157,19
22,158,17
22,159,78
22,160,7
22,161,11
22,162,8
22,163,8
22,164,8
22,165,8
22,166,10
22,167,13
22,168,4
22,169,4
22,170,4
22,171,22
22,172,2
22,173,11
22,174,11
22,175,11
22,176,12
22,177,1
22,178,17
22,179,23
22,180,92
22,181,11
22,182,77
22,183,78
22,184,5
22,185,5
22,186,4
22,187,4
22,188,4
22,189,36
22,190,36
22,191,10
22,192,13
22,193,14
22,194,13
22,195,13
22,196,13
22,197,13
22,198,13
22,199,13
22,200,13
22,201,13
22,202,35
22,203,7
22,204,9
22,205,106
22,206,1
22,207,1
22,208,1
22,209,5
22,210,11
22,211,11
22,212,11
22,213,6
22,214,6
22,215,26
22,216,26
22,217,26
22,218,6
22,219,5
22,220,105
22,221,20
22,222,9
22,223,1
22,224,1
22,225,13
22,226,13
22,227,17
22,228,26
22,229,18
22,230,18
22,231,11
22,232,26
22,233,26
22,234,5
22,235,7
22,236,1
22,237,12
22,238,11
22,239,11
22,240,7
22,241,7
22,242,12
22,243,11
22,244,8
22,245,8
22,246,11
22,247,10
22,248,10
22,249,14
22,250,6
22,251,6
22,252,7
22,253,7
22,254,11
22,255,11
22,256,10
22,257,10
22,258,9
22,259,11
22,260,11
22,261,7
22,262,16
22,263,17
22,264,35
22,265,28
22,266,29
22,267,29
22,268,29
22,269,11
22,270,10
22,271,11
22,272,37
22,273,10
22,274,10
22,275,9
22,276,34
22,277,10
22,278,11
22,279,11
22,280,12
22,281,13
22,282,13
22,283,11
22,284,13
22,285,6
22,286,8
22,287,7
22,288,8
22,289,7
22,290,8
22,291,7
22,292,7
22,293,7
22,294,7
22,295,6
22,296,6
22,297,5
22,298,6
22,299,32
22,300,13
22,301,13
22,302,13
22,303,11
22,304,12
22,305,11
22,306,5
22,307,16
22,308,77
22,309,17
22,310,19
22,311,6
22,312,6
22,313,8
22,314,7
22,315,12
22,316,12
22,317,4
22,318,4
22,319,6
22,320,7
22,321,7
22,322,13
22,323,3
22,324,7
22,325,2
22,326,3
22,327,16
22,328,10
22,329,12
22,330,12
22,331,18
22,332,26
22,333,16
22,334,8
22,335,87
22,336,9
22,337,8
22,338,12
22,339,19
22,340,1
22,341,2
22,342,14
22,343,3
22,344,11
22,345,10
22,346,11
22,347,28
22,348,1
22,349,1
22,350,14
23,0,0
23,1,0
23,2,0
23,3,0
23,4,0
23,5,0
23,6,0
23,7,0
23,8,0
23,9,0
23,10,0
23,11,0
23,12,5
23,13,4
23,14,5
23,15,4
23,16,5
23,17,6
23,18,3
23,19,82
23,20,8
23,21,31
23,22,4
23,23,0
23,24,1
23,25,2
23,26,1
23,27,35
23,28,32
23,29,32
23,30,31
23,31,31
23,32,8
23,33,3
23,34,4
23,35,35
23,36,2
23,37,9
23,38,9
23,39,4
23,40,10
23,41,3
23,42,10
23,43,2
23,44,7
23,45,46
23,46,23
23,47,6
23,48,5
23,49,8
23,50,9
23,51,7
23,52,38
23,53,10
23,54,10
23,55,10
23,56,33
23,57,8
23,58,8
23,59,11
23,60,3
23,61,25
23,62,14
23,63,31
23,64,7
23,65,5
23,66,5
23,67,13
23,68,18
23,69,12
23,70,9
23,71,9
23,72,59
23,73,8
23,74,8
23,75,59
23,76,44
23,77,44
23,78,36
23,79,36
23,80,36
23,81,19
23,82,16
23,83,23
23,84,6
23,85,11
23,86,7
23,87,12
23,88,12
23,89,79
23,90,6
23,91,6
23,92,136
23,93,39
23,94,34
23,95,40
23,96,5
23,97,7
23,98,7
23,99,1
23,100,35
23,101,33
23,102,1
23,103,15
23,104,11
23,105,8
23,106,8
23,107,9
23,108,10
23,109,13
23,110,8
23,111,2
23,112,4
23,113,16
23,114,16
23,115,16
23,116,8
23,117,8
23,118,8
23,119,5
23,120,5
23,121,5
23,122,3
23,123,4
23,124,1
23,125,6
23,126,3
23,127,8
23,128,4
23,129,5
23,130,6
23,131,5
23,132,2
23,133,2
23,134,5
23,135,7
23,136,6
23,137,3
23,138,8
23,139,3
23,140,3
23,141,7
23,142,7
23,143,37
23,144,1
23,145,38
23,146,5
23,147,9
23,148,86
23,149,15
23,150,2
23,151,1
23,152,2
23,153,2
23,154,3
23,155,7
23,156,7
23,157,13
23,158,17
23,159,79
23,160,2
23,161,7
23,162,4
23,163,3
23,164,3
23,165,3
23,166,5
23,167,8
23,168,1
23,169,1
23,170,2
23,171,21
23,172,4
23,173,7
23,174,7
23,175,7
23,176,7
23,177,3
23,178,18
23,179,21
23,180,94
23,181,7
23,182,80
23,183,80
23,184,2
23,185,2
23,186,3
23,187,3
23,188,3
23,189,32
23,190,32
23,191,6
23,192,9
23,193,9
23,194,8
23,195,9
23,196,9
23,197,9
23,198,9
23,199,8
23,200,9
23,201,9
23,202,31
23,203,3
23,204,4
23,205,109
23,206,4
23,207,4
23,208,4
23,209,1
23,210,7
23,211,7
23,212,6
23,213,1
23,214,1
23,215,22
23,216,22
23,217,22
23,218,1
23,219,1
23,220,107
23,221,14
23,222,4
23,223,3
23,224,3
23,225,8
23,226,8
23,227,19
23,228,27
23,229,12
23,230,12
23,231,7
23,232,24
23,233,24
23,234,1
23,235,3
23,236,3
23,237,7
23,238,7
23,239,7
23,240,2
23,241,2
23,242,7
23,243,6
23,244,3
23,245,3
23,246,7
23,247,6
23,248,6
23,249,15
23,250,2
23,251,2
23,252,3
23,253,3
23,254,7
23,255,6
23,256,5
23,257,5
23,258,5
23,259,6
23,260,6
23,261,3
23,262,16
23,263,17
23,264,37
23,265,30
23,266,31
23,267,31
23,268,31
23,269,6
23,270,5
23,271,5
23,272,33
23,273,6
23,274,6
23,275,5
23,276,30
23,277,6
23,278,6
23,279,6
23,280,7
23,281,8
23,282,8
23,283,7
23,284,8
23,285,2
23,286,3
23,287,3
23,288,4
23,289,3
23,290,3
23,291,3
23,292,3
23,293,3
23,294,2
23,295,2
23,296,2
23,297,2
23,298,2
23,299,34
23,300,8
23,301,8
23,302,8
23,303,7
23,304,7
23,305,7
23,306,3
23,307,12
23,308,80
23,309,12
23,310,13
23,311,1
23,312,1
23,313,3
23,314,2
23,315,7
23,316,8
23,317,1
23,318,1
23,319,1
23,320,3
23,321,3
23,322,9
23,323,2
23,324,2
23,325,3
23,326,1
23,327,18
23,328,5
23,329,7
23,330,8
23,331,14
23,332,22
23,333,12
23,334,4
23,335,89
23,336,4
23,337,3
23,338,7
23,339,19
23,340,3
23,341,5
23,342,9
23,343,2
23,344,6
23,345,6
23,346,6
23,347,23
23,348,4
23,349,3
23,350,10
24,0,0
24,1,0
24,2,0
24,3,0
24,4,0
24,5,0
24,6,0
24,7,0
24,8,0
24,9,0
24,10,0
24,11,0
24,12,5
24,13,4
24,14,5
24,15,4
24,16,5
24,17,6
24,18,3
24,19,82
24,20,8
24,21,31
24,22,4
24,23,1
24,24,0
24,25,2
24,26,1
24,27,35
24,28,32
24,29,32
24,30,31
24,31,32
24,32,8
24,33,4
24,34,4
24,35,35
24,36,2
24,37,10
24,38,10
24,39,5
24,40,11
24,41,3
24,42,11
24,43,3
24,44,7
24,45,47
24,46,24
24,47,7
24,48,6
24,49,9
24,50,10
24,51,7
24,52,38
24,53,11
24,54,11
24,55,11
24,56,33
24,57,8
24,58,8
24,59,11
24,60,4
24,61,24
24,62,14
24,63,32
24,64,8
24,65,6
24,66,6
24,67,13
24,68,19
24,69,12
24,70,9
24,71,9
24,72,59
24,73,8
24,74,8
24,75,59
24,76,43
24,77,43
24,78,36
24,79,36
24,80,36
24,81,19
24,82,16
24,83,23
24,84,7
24,85,11
24,86,7
24,87,12
24,88,12
24,89,78
24,90,6
24,91,6
24,92,140
24,93,38
24,94,35
24,95,40
24,96,5
24,97,7
24,98,7
24,99,1
24,100,35
24,101,33
24,102,2
24,103,16
24,104,9
24,105,8
24,106,8
24,107,9
24,108,10
24,109,14
24,110,8
24,111,2
24,112,4
24,113,16
24,114,16
24,115,16
24,116,8
24,117,8
24,118,8
24,119,5
24,120,5
24,121,5
24,122,3
24,123,4
24,124,1
24,125,6
24,126,3
24,127,8
24,128,4
24,129,5
24,130,6
24,131,5
24,132,2
24,133,2
24,134,5
24,135,7
24,136,6
24,137,3
24,138,8
24,139,3
24,140,4
24,141,7
24,142,7
24,143,37
24,144,2
24,145,38
24,146,5
24,147,9
24,148,86
24,149,15
24,150,2
24,151,2
24,152,3
24,153,3
24,154,3
24,155,7
24,156,7
24,157,13
24,158,17
24,159,79
24,160,3
24,161,8
24,162,4
24,163,3
24,164,3
24,165,3
24,166,5
24,167,8
24,168,1
24,169,1
24,170,2
24,171,22
24,172,4
24,173,7
24,174,8
24,175,7
24,176,7
24,177,3
24,178,18
24,179,22
24,180,94
24,181,7
24,182,79
24,183,80
24,184,2
24,185,2
24,186,3
24,187,3
24,188,3
24,189,32
24,190,32
24,191,7
24,192,9
24,193,10
24,194,9
24,195,10
24,196,10
24,197,10
24,198,10
24,199,9
24,200,10
24,201,10
24,202,32
24,203,3
24,204,4
24,205,108
24,206,4
24,207,4
24,208,4
24,209,1
24,210,8
24,211,8
24,212,7
24,213,2
24,214,2
24,215,23
24,216,23
24,217,23
24,218,1
24,219,1
24,220,107
24,221,14
24,222,4
24,223,3
24,224,3
24,225,8
24,226,8
24,227,19
24,228,27
24,229,12
24,230,12
24,231,8
24,232,24
24,233,25
24,234,1
24,235,3
24,236,3
24,237,7
24,238,7
24,239,7
24,240,3
24,241,3
24,242,7
24,243,6
24,244,4
24,245,4
24,246,7
24,247,5
24,248,5
24,249,15
24,250,2
24,251,2
24,252,3
24,253,3
24,254,7
24,255,7
24,256,5
24,257,5
24,258,5
24,259,6
24,260,6
24,261,3
24,262,16
24,263,17
24,264,37
24,265,30
24,266,31
24,267,31
24,268,31
24,269,6
24,270,5
24,271,5
24,272,33
24,273,5
24,274,6
24,275,5
24,276,30
24,277,7
24,278,7
24,279,7
24,280,8
24,281,8
24,282,8
24,283,6
24,284,8
24,285,2
24,286,4
24,287,4
24,288,5
24,289,3
24,290,4
24,291,3
24,292,3
24,293,3
24,294,3
24,295,3
24,296,3
24,297,2
24,298,3
24,299,34
24,300,8
24,301,8
24,302,8
24,303,7
24,304,7
24,305,7
24,306,3
24,307,12
24,308,79
24,309,12
24,310,13
24,311,2
24,312,2
24,313,4
24,314,3
24,315,8
24,316,8
24,317,1
24,318,1
24,319,2
24,320,4
24,321,4
24,322,9
24,323,2
24,324,3
24,325,3
24,326,1
24,327,18
24,328,4
24,329,8
24,330,8
24,331,13
24,332,22
24,333,12
24,334,4
24,335,89
24,336,5
24,337,3
24,338,8
24,339,19
24,340,3
24,341,5
24,342,10
24,343,2
24,344,7
24,345,7
24,346,7
24,347,23
24,348,4
24,349,3
24,350,10
25,0,0
25,1,0
25,2,0
25,3,0
25,4,0
25,5,0
25,6,0
25,7,0
25,8,0
25,9,0
25,10,0
25,11,0
25,12,6
25,13,6
25,14,6
25,15,6
25,16,6
25,17,7
25,18,4
25,19,82
25,20,9
25,21,32
25,22,5
25,23,2
25,24,2
25,25,0
25,26,3
25,27,36
25,28,33
25,29,33
25,30,33
25,31,33
25,32,9
25,33,5
25,34,5
25,35,36
25,36,3
25,37,11
25,38,11
25,39,6
25,40,12
25,41,4
25,42,12
25,43,4
25,44,8
25,45,48
25,46,25
25,47,8
25,48,7
25,49,10
25,50,11
25,51,8
25,52,39
25,53,11
25,54,11
25,55,11
25,56,35
25,57,9
25,58,9
25,59,12
25,60,4
25,61,26
25,62,15
25,63,33
25,64,9
25,65,7
25,66,7
25,67,14
25,68,20
25,69,13
25,70,10
25,71,10
25,72,60
25,73,9
25,74,9
25,75,60
25,76,45
25,77,45
25,78,37
25,79,37
25,80,37
25,81,20
25,82,17
25,83,24
25,84,8
25,85,12
25,86,8
25,87,13
25,88,13
25,89,80
25,90,7
25,91,7
25,92,142
25,93,40
25,94,35
25,95,41
25,96,6
25,97,8
25,98,8
25,99,2
25,100,37
25,101,34
25,102,3
25,103,16
25,104,9
25,105,9
25,106,9
25,107,10
25,108,11
25,109,15
25,110,9
25,111,3
25,112,5
25,113,17
25,114,17
25,115,17
25,116,9
25,117,9
25,118,9
25,119,6
25,120,6
25,121,6
25,122,4
25,123,5
25,124,3
25,125,7
25,126,4
25,127,9
25,128,5
25,129,6
25,130,7
25,131,6
25,132,3
25,133,3
25,134,6
25,135,8
25,136,7
25,137,4
25,138,9
25,139,4
25,140,4
25,141,8
25,142,8
25,143,39
25,144,3
25,145,40
25,146,6
25,147,10
25,148,88
25,149,16
25,150,3
25,151,3
25,152,4
25,153,4
25,154,4
25,155,8
25,156,8
25,157,14
25,158,18
25,159,80
25,160,4
25,161,9
25,162,5
25,163,4
25,164,4
25,165,4
25,166,6
25,167,9
25,168,3
25,169,3
25,170,3
25,171,23
25,172,5
25,173,7
25,174,9
25,175,8
25,176,8
25,177,4
25,178,18
25,179,23
25,180,96
25,181,8
25,182,81
25,183,82
25,184,4
25,185,4
25,186,4
25,187,4
25,188,4
25,189,33
25,190,33
25,191,8
25,192,10
25,193,11
25,194,10
25,195,11
25,196,11
25,197,11
25,198,10
25,199,10
25,200,11
25,201,11
25,202,32
25,203,4
25,204,5
25,205,110
25,206,5
25,207,5
25,208,5
25,209,3
25,210,9
25,211,9
25,212,8
25,213,3
25,214,3
25,215,24
25,216,24
25,217,24
25,218,2
25,219,2
25,220,109
25,221,15
25,222,5
25,223,4
25,224,4
25,225,9
25,226,9
25,227,20
25,228,28
25,229,13
25,230,13
25,231,9
25,232,25
25,233,26
25,234,3
25,235,4
25,236,4
25,237,8
25,238,8
25,239,8
25,240,4
25,241,4
25,242,8
25,243,7
25,244,5
25,245,5
25,246,8
25,247,6
25,248,6
25,249,16
25,250,3
25,251,3
25,252,4
25,253,4
25,254,8
25,255,8
25,256,6
25,257,6
25,258,5
25,259,7
25,260,7
25,261,4
25,262,17
25,263,18
25,264,39
25,265,32
25,266,33
25,267,33
25,268,33
25,269,7
25,270,6
25,271,6
25,272,34
25,273,6
25,274,6
25,275,6
25,276,31
25,277,8
25,278,8
25,279,8
25,280,9
25,281,9
25,282,9
25,283,7
25,284,9
25,285,3
25,286,5
25,287,5
25,288,6
25,289,4
25,290,5
25,291,4
25,292,4
25,293,4
25,294,4
25,295,4
25,296,4
25,297,3
25,298,4
25,299,35
25,300,9
25,301,9
25,302,9
25,303,8
25,304,8
25,305,8
25,306,5
25,307,13
25,308,81
25,309,13
25,310,14
25,311,3
25,312,3
25,313,5
25,314,4
25,315,9
25,316,9
25,317,3
25,318,3
25,319,3
25,320,5
25,321,5
25,322,10
25,323,3
25,324,4
25,325,4
25,326,2
25,327,19
25,328,5
25,329,9
25,330,9
25,331,15
25,332,23
25,333,13
25,334,5
25,335,91
25,336,6
25,337,4
25,338,9
25,339,20
25,340,4
25,341,6
25,342,10
25,343,4
25,344,8
25,345,8
25,346,8
25,347,24
25,348,5
25,349,4
25,350,11
26,0,0
26,1,0
26,2,0
26,3,0
26,4,0
26,5,0
26,6,0
26,7,0
26,8,0
26,9,0
26,10,0
26,11,0
26,12,5
26,13,5
26,14,5
26,15,5
26,16,5
26,17,6
26,18,3
26,19,81
26,20,9
26,21,31
26,22,4
26,23,1
26,24,1
26,25,3
26,26,0
26,27,34
26,28,31
26,29,31
26,30,31
26,31,31
26,32,9
26,33,5
26,34,5
26,35,35
26,36,3
26,37,11
26,38,11
26,39,5
26,40,11
26,41,4
26,42,11
26,43,3
26,44,8
26,45,48
26,46,23
26,47,7
26,48,7
26,49,10
26,50,11
26,51,7
26,52,39
26,53,11
26,54,11
26,55,11
26,56,33
26,57,9
26,58,8
26,59,12
26,60,4
26,61,24
26,62,15
26,63,32
26,64,8
26,65,7
26,66,7
26,67,14
26,68,16
26,69,13
26,70,10
26,71,9
26,72,60
26,73,8
26,74,9
26,75,60
26,76,43
26,77,43
26,78,37
26,79,37
26,80,37
26,81,20
26,82,16
26,83,24
26,84,8
26,85,11
26,86,8
26,87,12
26,88,13
26,89,78
26,90,7
26,91,7
26,92,136
26,93,38
26,94,35
26,95,41
26,96,5
26,97,8
26,98,7
26,99,2
26,100,35
26,101,34
26,102,2
26,103,16
26,104,9
26,105,9
26,106,9
26,107,10
26,108,11
26,109,15
26,110,9
26,111,1
26,112,4
26,113,16
26,114,16
26,115,16
26,116,8
26,117,9
26,118,9
26,119,6
26,120,6
26,121,6
26,122,2
26,123,3
26,124,1
26,125,6
26,126,4
26,127,9
26,128,4
26,129,5
26,130,7
26,131,5
26,132,3
26,133,3
26,134,6
26,135,8
26,136,7
26,137,3
26,138,8
26,139,3
26,140,4
26,141,8
26,142,7
26,143,37
26,144,3
26,145,38
26,146,6
26,147,10
26,148,86
26,149,15
26,150,2
26,151,3
26,152,3
26,153,3
26,154,4
26,155,8
26,156,8
26,157,14
26,158,17
26,159,79
26,160,3
26,161,8
26,162,4
26,163,4
26,164,4
26,165,4
26,166,6
26,167,9
26,168,1
26,169,1
26,170,1
26,171,22
26,172,4
26,173,7
26,174,8
26,175,7
26,176,8
26,177,2
26,178,18
26,179,21
26,180,94
26,181,8
26,182,79
26,183,79
26,184,2
26,185,2
26,186,2
26,187,2
26,188,2
26,189,33
26,190,33
26,191,8
26,192,10
26,193,11
26,194,10
26,195,11
26,196,10
26,197,10
26,198,10
26,199,10
26,200,10
26,201,11
26,202,32
26,203,4
26,204,5
26,205,108
26,206,3
26,207,3
26,208,3
26,209,1
26,210,8
26,211,8
26,212,8
26,213,3
26,214,3
26,215,23
26,216,23
26,217,23
26,218,2
26,219,2
26,220,107
26,221,15
26,222,5
26,223,2
26,224,2
26,225,8
26,226,8
26,227,18
26,228,27
26,229,13
26,230,13
26,231,8
26,232,24
26,233,24
26,234,1
26,235,4
26,236,3
26,237,8
26,238,8
26,239,8
26,240,4
26,241,4
26,242,7
26,243,7
26,244,4
26,245,4
26,246,8
26,247,6
26,248,6
26,249,15
26,250,3
26,251,3
26,252,4
26,253,4
26,254,7
26,255,8
26,256,5
26,257,5
26,258,5
26,259,7
26,260,7
26,261,3
26,262,16
26,263,17
26,264,37
26,265,30
26,266,31
26,267,31
26,268,31
26,269,6
26,270,6
26,271,6
26,272,34
26,273,6
26,274,6
26,275,6
26,276,30
26,277,8
26,278,8
26,279,8
26,280,9
26,281,8
26,282,9
26,283,7
26,284,8
26,285,3
26,286,5
26,287,4
26,288,5
26,289,4
26,290,5
26,291,4
26,292,4
26,293,4
26,294,4
26,295,4
26,296,3
26,297,3
26,298,3
26,299,33
26,300,9
26,301,9
26,302,9
26,303,7
26,304,8
26,305,7
26,306,3
26,307,12
26,308,79
26,309,13
26,310,13
26,311,3
26,312,2
26,313,5
26,314,4
26,315,9
26,316,9
26,317,1
26,318,1
26,319,3
26,320,4
26,321,4
26,322,10
26,323,1
26,324,3
26,325,2
26,326,1
26,327,17
26,328,5
26,329,9
26,330,9
26,331,14
26,332,23
26,333,13
26,334,5
26,335,88
26,336,6
26,337,4
26,338,9
26,339,19
26,340,2
26,341,4
26,342,10
26,343,2
26,344,8
26,345,7
26,346,8
26,347,24
26,348,3
26,349,2
26,350,11
27,0,0
27,1,0
27,2,0
27,3,0
27,4,0
27,5,0
27,6,0
27,7,0
27,8,0
27,9,0
27,10,0
27,11,0
27,12,39
27,13,39
27,14,39
27,15,39
27,16,39
27,17,40
27,18,33
27,19,126
27,20,38
27,21,20
27,22,33
27,23,35
27,24,35
27,25,36
27,26,34
27,27,0
27,28,35
27,29,35
27,30,35
27,31,35
27,32,46
27,33,42
27,34,43
27,35,77
27,36,44
27,37,47
27,38,47
27,39,45
27,40,48
27,41,44
27,42,48
27,43,43
27,44,49
27,45,69
27,46,27
27,47,44
27,48,43
27,49,46
27,50,47
27,51,49
27,52,80
27,53,48
27,54,48
27,55,48
27,56,14
27,57,51
27,58,50
27,59,54
27,60,47
27,61,17
27,62,56
27,63,54
27,64,45
27,65,43
27,66,43
27,67,55
27,68,46
27,69,54
27,70,51
27,71,51
27,72,102
27,73,50
27,74,49
27,75,102
27,76,17
27,77,17
27,78,78
27,79,78
27,80,78
27,81,61
27,82,44
27,83,65
27,84,44
27,85,53
27,86,44
27,87,53
27,88,54
27,89,48
27,90,50
27,91,50
27,92,107
27,93,14
27,94,77
27,95,81
27,96,45
27,97,47
27,98,49
27,99,41
27,100,10
27,101,76
27,102,40
27,103,45
27,104,50
27,105,50
27,106,50
27,107,51
27,108,52
27,109,51
27,110,50
27,111,40
27,112,47
27,113,44
27,114,43
27,115,43
27,116,50
27,117,51
27,118,51
27,119,47
27,120,47
27,121,47
27,122,40
27,123,39
27,124,41
27,125,48
27,126,44
27,127,46
27,128,46
27,129,47
27,130,49
27,131,47
27,132,45
27,133,45
27,134,47
27,135,48
27,136,49
27,137,45
27,138,50
27,139,45
27,140,46
27,141,49
27,142,49
27,143,11
27,144,42
27,145,14
27,146,46
27,147,47
27,148,57
27,149,43
27,150,40
27,151,43
27,152,42
27,153,41
27,154,41
27,155,48
27,156,48
27,157,55
27,158,42
27,159,129
27,160,42
27,161,45
27,162,47
27,163,46
27,164,44
27,165,44
27,166,48
27,167,48
27,168,40
27,169,40
27,170,41
27,171,26
27,172,38
27,173,47
27,174,45
27,175,50
27,176,51
27,177,40
27,178,44
27,179,25
27,180,63
27,181,49
27,182,49
27,183,49
27,184,40
27,185,40
27,186,39
27,187,39
27,188,39
27,189,75
27,190,75
27,191,44
27,192,51
27,193,47
27,194,46
27,195,47
27,196,47
27,197,47
27,198,47
27,199,46
27,200,47
27,201,47
27,202,74
27,203,42
27,204,46
27,205,78
27,206,39
27,207,39
27,208,39
27,209,41
27,210,45
27,211,45
27,212,44
27,213,42
27,214,42
27,215,43
27,216,43
27,217,43
27,218,43
27,219,42
27,220,77
27,221,56
27,222,48
27,223,40
27,224,40
27,225,46
27,226,46
27,227,29
27,228,58
27,229,54
27,230,54
27,231,45
27,232,24
27,233,24
27,234,42
27,235,41
27,236,39
27,237,51
27,238,50
27,239,50
27,240,41
27,241,41
27,242,48
27,243,49
27,244,43
27,245,43
27,246,44
27,247,45
27,248,45
27,249,43
27,250,42
27,251,42
27,252,42
27,253,43
27,254,48
27,255,44
27,256,44
27,257,44
27,258,44
27,259,46
27,260,46
27,261,46
27,262,41
27,263,43
27,264,12
27,265,34
27,266,35
27,267,35
27,268,35
27,269,45
27,270,45
27,271,45
27,272,77
27,273,45
27,274,45
27,275,42
27,276,74
27,277,44
27,278,44
27,279,44
27,280,45
27,281,48
27,282,48
27,283,47
27,284,48
27,285,41
27,286,42
27,287,42
27,288,42
27,289,42
27,290,41
27,291,42
27,292,42
27,293,42
27,294,41
27,295,41
27,296,41
27,297,40
27,298,41
27,299,11
27,300,49
27,301,49
27,302,48
27,303,47
27,304,50
27,305,47
27,306,39
27,307,54
27,308,49
27,309,54
27,310,55
27,311,42
27,312,41
27,313,42
27,314,43
27,315,45
27,316,46
27,317,41
27,318,41
27,319,42
27,320,42
27,321,42
27,322,51
27,323,41
27,324,44
27,325,40
27,326,41
27,327,28
27,328,44
27,329,45
27,330,45
27,331,55
27,332,43
27,333,54
27,334,46
27,335,58
27,336,43
27,337,43
27,338,45
27,339,34
27,340,40
27,341,38
27,342,51
27,343,40
27,344,44
27,345,44
27,346,44
27,347,65
27,348,38
27,349,40
27,350,47
28,0,0
28,1,0
28,2,0
28,3,0
28,4,0
28,5,0
28,6,0
28,7,0
28,8,0
28,9,0
28,10,0
28,11,0
28,12,36
28,13,36
28,14,36
28,15,36
28,16,36
28,17,37
28,18,31
28,19,78
28,20,39
28,21,35
28,22,30
28,23,32
28,24,32
28,25,33
28,26,31
28,27,35
28,28,0
28,29,1
28,30,1
28,31,1
28,32,38
28,33,34
28,34,32
28,35,64
28,36,30
28,37,39
28,38,39
28,39,33
28,40,40
28,41,31
28,42,40
28,43,30
28,44,37
28,45,74
28,46,32
28,47,36
28,48,35
28,49,39
28,50,39
28,51,37
28,52,67
28,53,40
28,54,40
28,55,40
28,56,28
28,57,39
28,58,38
28,59,40
28,60,34
28,61,20
28,62,44
28,63,59
28,64,37
28,65,35
28,66,35
28,67,42
28,68,40
28,69,42
28,70,39
28,71,38
28,72,89
28,73,37
28,74,36
28,75,89
28,76,37
28,77,37
28,78,65
28,79,65
28,80,65
28,81,49
28,82,27
28,83,53
28,84,36
28,85,40
28,86,37
28,87,41
28,88,42
28,89,55
28,90,36
28,91,36
28,92,130
28,93,33
28,94,64
28,95,68
28,96,33
28,97,35
28,98,32
28,99,29
28,100,31
28,101,63
28,102,29
28,103,28
28,104,39
28,105,39
28,106,38
28,107,39
28,108,40
28,109,51
28,110,37
28,111,27
28,112,34
28,113,27
28,114,27
28,115,27
28,116,38
28,117,38
28,118,38
28,119,35
28,120,35
28,121,35
28,122,28
28,123,26
28,124,28
28,125,36
28,126,32
28,127,38
28,128,34
28,129,35
28,130,36
28,131,35
28,132,32
28,133,32
28,134,35
28,135,36
28,136,37
28,137,33
28,138,38
28,139,33
28,140,34
28,141,32
28,142,33
28,143,32
28,144,30
28,145,34
28,146,34
28,147,39
28,148,81
28,149,26
28,150,29
28,151,30
28,152,33
28,153,32
28,154,32
28,155,35
28,156,35
28,157,43
28,158,25
28,159,76
28,160,30
28,161,37
28,162,34
28,163,33
28,164,32
28,165,32
28,166,36
28,167,36
28,168,28
28,169,28
28,170,28
28,171,30
28,172,25
28,173,35
28,174,37
28,175,37
28,176,37
28,177,28
28,178,27
28,179,30
28,180,88
28,181,37
28,182,56
28,183,56
28,184,28
28,185,28
28,186,28
28,187,28
28,188,28
28,189,58
28,190,58
28,191,36
28,192,39
28,193,39
28,194,39
28,195,39
28,196,39
28,197,39
28,198,39
28,199,38
28,200,39
28,201,39
28,202,57
28,203,33
28,204,33
28,205,102
28,206,26
28,207,26
28,208,26
28,209,28
28,210,37
28,211,37
28,212,37
28,213,29
28,214,30
28,215,48
28,216,48
28,217,48
28,218,30
28,219,30
28,220,101
28,221,44
28,222,34
28,223,28
28,224,28
28,225,38
28,226,38
28,227,9
28,228,41
28,229,42
28,230,42
28,231,37
28,232,29
28,233,29
28,234,29
28,235,32
28,236,26
28,237,38
28,238,38
28,239,38
28,240,32
28,241,32
28,242,35
28,243,35
28,244,31
28,245,31
28,246,37
28,247,34
28,248,34
28,249,26
28,250,30
28,251,30
28,252,34
28,253,34
28,254,36
28,255,36
28,256,33
28,257,33
28,258,33
28,259,35
28,260,35
28,261,33
28,262,25
28,263,26
28,264,32
28,265,1
28,266,1
28,267,1
28,268,1
28,269,34
28,270,34
28,271,34
28,272,60
28,273,34
28,274,34
28,275,35
28,276,57
28,277,36
28,278,36
28,279,36
28,280,37
28,281,36
28,282,36
28,283,35
28,284,36
28,285,32
28,286,34
28,287,33
28,288,34
28,289,33
28,290,33
28,291,33
28,292,33
28,293,33
28,294,33
28,295,33
28,296,32
28,297,29
28,298,32
28,299,28
28,300,37
28,301,37
28,302,37
28,303,35
28,304,38
28,305,35
28,306,30
28,307,41
28,308,56
28,309,42
28,310,42
28,311,30
28,312,29
28,313,34
28,314,30
28,315,37
28,316,38
28,317,29
28,318,28
28,319,30
28,320,33
28,321,33
28,322,39
28,323,28
28,324,31
28,325,28
28,326,29
28,327,9
28,328,33
28,329,37
28,330,38
28,331,43
28,332,48
28,333,42
28,334,34
28,335,82
28,336,35
28,337,31
28,338,37
28,339,39
28,340,28
28,341,25
28,342,39
28,343,27
28,344,37
28,345,36
28,346,37
28,347,53
28,348,25
28,349,28
28,350,40
29,0,0
29,1,0
29,2,0
29,3,0
29,4,0
29,5,0
29,6,0
29,7,0
29,8,0
29,9,0
29,10,0
29,11,0
29,12,36
29,13,36
29,14,36
29,15,36
29,16,36
29,17,37
29,18,31
29,19,78
29,20,39
29,21,35
29,22,30
29,23,32
29,24,32
29,25,33
29,26,31
29,27,35
29,28,1
29,29,0
29,30,1
29,31,1
29,32,38
29,33,34
29,34,32
29,35,64
29,36,30
29,37,39
29,38,39
29,39,33
29,40,40
29,41,31
29,42,40
29,43,30
29,44,37
29,45,75
29,46,32
29,47,36
29,48,35
29,49,39
29,50,39
29,51,37
29,52,67
29,53,40
29,54,40
29,55,40
29,56,28
29,57,39
29,58,38
29,59,40
29,60,34
29,61,20
29,62,44
29,63,59
29,64,37
29,65,35
29,66,35
29,67,42
29,68,40
29,69,42
29,70,39
29,71,38
29,72,89
29,73,37
29,74,36
29,75,89
29,76,37
29,77,37
29,78,65
29,79,65
29,80,65
29,81,49
29,82,27
29,83,53
29,84,36
29,85,40
29,86,37
29,87,41
29,88,42
29,89,55
29,90,36
29,91,36
29,92,130
29,93,35
29,94,64
29,95,68
29,96,33
29,97,35
29,98,32
29,99,29
29,100,31
29,101,63
29,102,29
29,103,28
29,104,39
29,105,39
29,106,38
29,107,39
29,108,40
29,109,51
29,110,38
29,111,27
29,112,34
29,113,27
29,114,27
29,115,27
29,116,38
29,117,38
29,118,38
29,119,35
29,120,35
29,121,35
29,122,28
29,123,26
29,124,28
29,125,36
29,126,32
29,127,38
29,128,34
29,129,35
29,130,36
29,131,35
29,132,32
29,133,32
29,134,35
29,135,36
29,136,37
29,137,33
29,138,38
29,139,33
29,140,34
29,141,32
29,142,33
29,143,32
29,144,30
29,145,34
29,146,34
29,147,39
29,148,81
29,149,26
29,150,29
29,151,30
29,152,33
29,153,32
29,154,32
29,155,35
29,156,35
29,157,43
29,158,25
29,159,76
29,160,30
29,161,37
29,162,34
29,163,33
29,164,32
29,165,32
29,166,36
29,167,36
29,168,28
29,169,28
29,170,28
29,171,30
29,172,25
29,173,35
29,174,37
29,175,37
29,176,37
29,177,28
29,178,27
29,179,30
29,180,88
29,181,37
29,182,56
29,183,56
29,184,28
29,185,28
29,186,28
29,187,28
29,188,28
29,189,58
29,190,58
29,191,36
29,192,39
29,193,39
29,194,39
29,195,39
29,196,39
29,197,39
29,198,39
29,199,38
29,200,39
29,201,39
29,202,57
29,203,33
29,204,33
29,205,102
29,206,26
29,207,26
29,208,26
29,209,28
29,210,37
29,211,37
29,212,37
29,213,29
29,214,30
29,215,48
29,216,48
29,217,48
29,218,30
29,219,30
29,220,101
29,221,44
29,222,34
29,223,28
29,224,28
29,225,38
29,226,38
29,227,9
29,228,41
29,229,42
29,230,42
29,231,37
29,232,29
29,233,29
29,234,29
29,235,32
29,236,26
29,237,38
29,238,38
29,239,38
29,240,32
29,241,32
29,242,35
29,243,35
29,244,31
29,245,31
29,246,37
29,247,34
29,248,34
29,249,26
29,250,30
29,251,30
29,252,34
29,253,34
29,254,36
29,255,36
29,256,33
29,257,33
29,258,33
29,259,35
29,260,35
29,261,33
29,262,25
29,263,26
29,264,32
29,265,1
29,266,1
29,267,1
29,268,1
29,269,34
29,270,34
29,271,34
29,272,60
29,273,34
29,274,34
29,275,35
29,276,57
29,277,36
29,278,36
29,279,36
29,280,37
29,281,36
29,282,36
29,283,35
29,284,36
29,285,32
29,286,34
29,287,33
29,288,34
29,289,33
29,290,33
29,291,33
29,292,33
29,293,33
29,294,33
29,295,33
29,296,32
29,297,29
29,298,32
29,299,28
29,300,37
29,301,37
29,302,37
29,303,35
29,304,38
29,305,35
29,306,30
29,307,41
29,308,56
29,309,42
29,310,42
29,311,30
29,312,29
29,313,34
29,314,30
29,315,37
29,316,38
29,317,29
29,318,28
29,319,30
29,320,33
29,321,33
29,322,39
29,323,28
29,324,31
29,325,28
29,326,29
29,327,9
29,328,33
29,329,37
29,330,38
29,331,43
29,332,48
29,333,42
29,334,34
29,335,82
29,336,35
29,337,31
29,338,37
29,339,39
29,340,28
29,341,25
29,342,39
29,343,27
29,344,37
29,345,36
29,346,37
29,347,53
29,348,25
29,349,28
29,350,40
30,0,0
30,1,0
30,2,0
30,3,0
30,4,0
30,5,0
30,6,0
30,7,0
30,8,0
30,9,0
30,10,0
30,11,0
30,12,36
30,13,35
30,14,36
30,15,35
30,16,36
30,17,37
30,18,30
30,19,78
30,20,38
30,21,34
30,22,29
30,23,31
30,24,31
30,25,33
30,26,31
30,27,35
30,28,1
30,29,1
30,30,0
30,31,1
30,32,38
30,33,34
30,34,32
30,35,64
30,36,30
30,37,39
30,38,39
30,39,33
30,40,40
30,41,31
30,42,40
30,43,30
30,44,37
30,45,74
30,46,32
30,47,36
30,48,35
30,49,38
30,50,39
30,51,37
30,52,67
30,53,40
30,54,40
30,55,40
30,56,27
30,57,39
30,58,38
30,59,39
30,60,33
30,61,20
30,62,43
30,63,59
30,64,37
30,65,35
30,66,35
30,67,42
30,68,40
30,69,42
30,70,39
30,71,38
30,72,89
30,73,37
30,74,36
30,75,89
30,76,37
30,77,37
30,78,65
30,79,65
30,80,65
30,81,49
30,82,27
30,83,53
30,84,36
30,85,40
30,86,36
30,87,41
30,88,41
30,89,54
30,90,36
30,91,36
30,92,130
30,93,34
30,94,63
30,95,67
30,96,33
30,97,35
30,98,32
30,99,29
30,100,31
30,101,63
30,102,29
30,103,28
30,104,39
30,105,39
30,106,38
30,107,39
30,108,40
30,109,51
30,110,37
30,111,27
30,112,34
30,113,27
30,114,27
30,115,27
30,116,38
30,117,38
30,118,38
30,119,35
30,120,35
30,121,35
30,122,28
30,123,26
30,124,28
30,125,36
30,126,32
30,127,38
30,128,34
30,129,35
30,130,36
30,131,35
30,132,32
30,133,32
30,134,35
30,135,36
30,136,37
30,137,33
30,138,38
30,139,33
30,140,34
30,141,32
30,142,32
30,143,31
30,144,30
30,145,34
30,146,34
30,147,39
30,148,81
30,149,26
30,150,29
30,151,29
30,152,33
30,153,32
30,154,32
30,155,35
30,156,35
30,157,42
30,158,25
30,159,76
30,160,30
30,161,37
30,162,33
30,163,33
30,164,32
30,165,32
30,166,35
30,167,36
30,168,28
30,169,28
30,170,28
30,171,30
30,172,25
30,173,35
30,174,37
30,175,37
30,176,37
30,177,28
30,178,27
30,179,29
30,180,87
30,181,37
30,182,55
30,183,56
30,184,28
30,185,28
30,186,28
30,187,28
30,188,28
30,189,58
30,190,58
30,191,36
30,192,39
30,193,39
30,194,38
30,195,39
30,196,39
30,197,39
30,198,39
30,199,38
30,200,39
30,201,39
30,202,57
30,203,33
30,204,33
30,205,102
30,206,25
30,207,25
30,208,25
30,209,28
30,210,37
30,211,37
30,212,36
30,213,29
30,214,30
30,215,48
30,216,48
30,217,48
30,218,30
30,219,30
30,220,101
30,221,44
30,222,34
30,223,28
30,224,28
30,225,38
30,226,38
30,227,8
30,228,41
30,229,42
30,230,42
30,231,37
30,232,29
30,233,29
30,234,29
30,235,32
30,236,26
30,237,38
30,238,38
30,239,38
30,240,32
30,241,32
30,242,35
30,243,35
30,244,31
30,245,31
30,246,37
30,247,34
30,248,34
30,249,26
30,250,30
30,251,30
30,252,34
30,253,34
30,254,36
30,255,36
30,256,33
30,257,33
30,258,33
30,259,34
30,260,34
30,261,33
30,262,24
30,263,26
30,264,32
30,265,1
30,266,1
30,267,1
30,268,1
30,269,34
30,270,34
30,271,34
30,272,60
30,273,34
30,274,34
30,275,35
30,276,57
30,277,36
30,278,36
30,279,36
30,280,37
30,281,36
30,282,36
30,283,35
30,284,36
30,285,32
30,286,34
30,287,33
30,288,34
30,289,33
30,290,32
30,291,33
30,292,33
30,293,33
30,294,32
30,295,32
30,296,32
30,297,29
30,298,32
30,299,28
30,300,37
30,301,37
30,302,37
30,303,35
30,304,38
30,305,35
30,306,30
30,307,41
30,308,56
30,309,42
30,310,42
30,311,29
30,312,29
30,313,33
30,314,30
30,315,37
30,316,38
30,317,28
30,318,28
30,319,30
30,320,33
30,321,33
30,322,39
30,323,28
30,324,31
30,325,28
30,326,29
30,327,9
30,328,33
30,329,37
30,330,37
30,331,43
30,332,48
30,333,42
30,334,34
30,335,82
30,336,35
30,337,31
30,338,37
30,339,39
30,340,28
30,341,25
30,342,39
30,343,27
30,344,36
30,345,36
30,346,36
30,347,53
30,348,25
30,349,28
30,350,40
31,0,0
31,1,0
31,2,0
31,3,0
31,4,0
31,5,0
31,6,0
31,7,0
31,8,0
31,9,0
31,10,0
31,11,0
31,12,36
31,13,35
31,14,36
31,15,36
31,16,36
31,17,37
31,18,31
31,19,78
31,20,39
31,21,35
31,22,30
31,23,31
31,24,32
31,25,33
31,26,31
31,27,35
31,28,1
31,29,1
31,30,1
31,31,0
31,32,38
31,33,34
31,34,32
31,35,64
31,36,30
31,37,39
31,38,39
31,39,33
31,40,40
31,41,31
31,42,40
31,43,30
31,44,37
31,45,74
31,46,32
31,47,36
31,48,35
31,49,38
31,50,39
31,51,37
31,52,67
31,53,40
31,54,40
31,55,40
31,56,27
31,57,39
31,58,38
31,59,39
31,60,33
31,61,20
31,62,43
31,63,59
31,64,37
31,65,35
31,66,35
31,67,42
31,68,40
31,69,42
31,70,39
31,71,38
31,72,89
31,73,37
31,74,36
31,75,89
31,76,37
31,77,37
31,78,65
31,79,65
31,80,65
31,81,49
31,82,27
31,83,53
31,84,36
31,85,40
31,86,36
31,87,41
31,88,41
31,89,54
31,90,36
31,91,36
31,92,130
31,93,34
31,94,63
31,95,67
31,96,33
31,97,35
31,98,32
31,99,29
31,100,31
31,101,63
31,102,29
31,103,28
31,104,39
31,105,39
31,106,38
31,107,39
31,108,40
31,109,51
31,110,37
31,111,27
31,112,34
31,113,27
31,114,27
31,115,27
31,116,38
31,117,38
31,118,38
31,119,35
31,120,35
31,121,35
31,122,28
31,123,26
31,124,28
31,125,36
31,126,32
31,127,38
31,128,34
31,129,35
31,130,36
31,131,35
31,132,32
31,133,32
31,134,35
31,135,36
31,136,37
31,137,33
31,138,38
31,139,33
31,140,34
31,141,32
31,142,32
31,143,31
31,144,30
31,145,34
31,146,34
31,147,39
31,148,81
31,149,26
31,150,29
31,151,29
31,152,33
31,153,32
31,154,32
31,155,35
31,156,35
31,157,42
31,158,25
31,159,77
31,160,30
31,161,37
31,162,33
31,163,33
31,164,32
31,165,32
31,166,35
31,167,36
31,168,28
31,169,28
31,170,28
31,171,30
31,172,25
31,173,35
31,174,37
31,175,37
31,176,37
31,177,28
31,178,27
31,179,29
31,180,87
31,181,37
31,182,55
31,183,56
31,184,28
31,185,28
31,186,28
31,187,28
31,188,28
31,189,58
31,190,58
31,191,36
31,192,39
31,193,39
31,194,38
31,195,39
31,196,39
31,197,39
31,198,39
31,199,38
31,200,39
31,201,39
31,202,57
31,203,33
31,204,33
31,205,102
31,206,25
31,207,25
31,208,25
31,209,28
31,210,37
31,211,37
31,212,36
31,213,29
31,214,30
31,215,48
31,216,48
31,217,48
31,218,30
31,219,30
31,220,101
31,221,44
31,222,34
31,223,28
31,224,28
31,225,38
31,226,38
31,227,8
31,228,41
31,229,42
31,230,42
31,231,37
31,232,29
31,233,29
31,234,29
31,235,32
31,236,26
31,237,38
31,238,38
31,239,38
31,240,32
31,241,32
31,242,35
31,243,35
31,244,31
31,245,31
31,246,37
31,247,34
31,248,34
31,249,26
31,250,30
31,251,30
31,252,34
31,253,34
31,254,36
31,255,36
31,256,33
31,257,33
31,258,33
31,259,34
31,260,34
31,261,33
31,262,24
31,263,26
31,264,32
31,265,1
31,266,1
31,267,1
31,268,1
31,269,34
31,270,34
31,271,34
31,272,60
31,273,34
31,274,34
31,275,35
31,276,57
31,277,36
31,278,36
31,279,36
31,280,37
31,281,36
31,282,36
31,283,35
31,284,36
31,285,32
31,286,34
31,287,33
31,288,34
31,289,33
31,290,32
31,291,33
31,292,33
31,293,33
31,294,32
31,295,32
31,296,32
31,297,29
31,298,32
31,299,28
31,300,37
31,301,37
31,302,37
31,303,35
31,304,38
31,305,35
31,306,30
31,307,41
31,308,56
31,309,42
31,310,42
31,311,29
31,312,29
31,313,33
31,314,30
31,315,37
31,316,38
31,317,28
31,318,28
31,319,30
31,320,33
31,321,33
31,322,39
31,323,28
31,324,31
31,325,28
31,326,29
31,327,9
31,328,33
31,329,37
31,330,37
31,331,43
31,332,48
31,333,42
31,334,34
31,335,82
31,336,35
31,337,31
31,338,37
31,339,39
31,340,28
31,341,25
31,342,39
31,343,27
31,344,36
31,345,36
31,346,36
31,347,53
31,348,25
31,349,28
31,350,40
32,0,0
32,1,0
32,2,0
32,3,0
32,4,0
32,5,0
32,6,0
32,7,0
32,8,0
32,9,0
32,10,0
32,11,0
32,12,6
32,13,5
32,14,6
32,15,5
32,16,6
32,17,7
32,18,8
32,19,89
32,20,1
32,21,35
32,22,12
32,23,8
32,24,8
32,25,9
32,26,9
32,27,46
32,28,38
32,29,38
32,30,38
32,31,38
32,32,0
32,33,4
32,34,4
32,35,33
32,36,6
32,37,3
32,38,2
32,39,5
32,40,3
32,41,5
32,42,3
32,43,5
32,44,8
32,45,40
32,46,24
32,47,2
32,48,3
32,49,3
32,50,4
32,51,9
32,52,36
32,53,3
32,54,3
32,55,3
32,56,36
32,57,10
32,58,9
32,59,13
32,60,8
32,61,27
32,62,15
32,63,25
32,64,2
32,65,3
32,66,3
32,67,13
32,68,13
32,69,13
32,70,10
32,71,9
32,72,57
32,73,8
32,74,8
32,75,57
32,76,46
32,77,46
32,78,34
32,79,34
32,80,34
32,81,20
32,82,22
32,83,24
32,84,1
32,85,11
32,86,1
32,87,12
32,88,13
32,89,81
32,90,11
32,91,11
32,92,139
32,93,41
32,94,32
32,95,38
32,96,4
32,97,6
32,98,13
32,99,7
32,100,38
32,101,31
32,102,6
32,103,21
32,104,6
32,105,7
32,106,7
32,107,10
32,108,11
32,109,7
32,110,9
32,111,8
32,112,10
32,113,22
32,114,22
32,115,22
32,116,9
32,117,7
32,118,7
32,119,6
32,120,6
32,121,6
32,122,10
32,123,10
32,124,7
32,125,7
32,126,6
32,127,3
32,128,5
32,129,6
32,130,8
32,131,6
32,132,6
32,133,6
32,134,6
32,135,8
32,136,8
32,137,6
32,138,9
32,139,6
32,140,6
32,141,13
32,142,13
32,143,40
32,144,7
32,145,41
32,146,6
32,147,2
32,148,89
32,149,21
32,150,9
32,151,7
32,152,5
32,153,5
32,154,5
32,155,6
32,156,6
32,157,14
32,158,23
32,159,87
32,160,5
32,161,2
32,162,9
32,163,9
32,164,5
32,165,5
32,166,7
32,167,6
32,168,7
32,169,7
32,170,7
32,171,22
32,172,11
32,173,7
32,174,2
32,175,10
32,176,9
32,177,10
32,178,24
32,179,22
32,180,97
32,181,8
32,182,82
32,183,83
32,184,6
32,185,6
32,186,7
32,187,7
32,188,7
32,189,36
32,190,36
32,191,1
32,192,10
32,193,4
32,194,3
32,195,4
32,196,4
32,197,4
32,198,4
32,199,3
32,200,4
32,201,4
32,202,35
32,203,5
32,204,5
32,205,111
32,206,10
32,207,10
32,208,10
32,209,7
32,210,1
32,211,1
32,212,3
32,213,6
32,214,6
32,215,16
32,216,16
32,217,16
32,218,7
32,219,7
32,220,110
32,221,15
32,222,7
32,223,10
32,224,10
32,225,3
32,226,3
32,227,26
32,228,33
32,229,13
32,230,13
32,231,2
32,232,25
32,233,25
32,234,8
32,235,5
32,236,9
32,237,10
32,238,8
32,239,9
32,240,5
32,241,5
32,242,8
32,243,12
32,244,4
32,245,4
32,246,1
32,247,5
32,248,5
32,249,21
32,250,6
32,251,6
32,252,5
32,253,5
32,254,9
32,255,1
32,256,3
32,257,3
32,258,4
32,259,3
32,260,3
32,261,9
32,262,22
32,263,23
32,264,40
32,265,37
32,266,38
32,267,38
32,268,38
32,269,5
32,270,4
32,271,4
32,272,37
32,273,3
32,274,3
32,275,4
32,276,33
32,277,2
32,278,1
32,279,2
32,280,2
32,281,6
32,282,6
32,283,5
32,284,6
32,285,5
32,286,4
32,287,4
32,288,4
32,289,4
32,290,5
32,291,4
32,292,4
32,293,4
32,294,5
32,295,5
32,296,5
32,297,6
32,298,6
32,299,37
32,300,6
32,301,6
32,302,6
32,303,7
32,304,9
32,305,7
32,306,7
32,307,12
32,308,82
32,309,13
32,310,13
32,311,6
32,312,6
32,313,5
32,314,6
32,315,1
32,316,1
32,317,7
32,318,7
32,319,7
32,320,4
32,321,4
32,322,10
32,323,8
32,324,5
32,325,10
32,326,8
32,327,25
32,328,6
32,329,2
32,330,2
32,331,14
32,332,16
32,333,13
32,334,6
32,335,92
32,336,4
32,337,4
32,338,1
32,339,22
32,340,10
32,341,11
32,342,10
32,343,8
32,344,1
32,345,2
32,346,1
32,347,24
32,348,10
32,349,10
32,350,3
33,0,0
33,1,0
33,2,0
33,3,0
33,4,0
33,5,0
33,6,0
33,7,0
33,8,0
33,9,0
33,10,0
33,11,0
33,12,6
33,13,5
33,14,6
33,15,5
33,16,6
33,17,7
33,18,4
33,19,85
33,20,4
33,21,30
33,22,8
33,23,3
33,24,4
33,25,5
33,26,5
33,27,42
33,28,34
33,29,34
33,30,34
33,31,34
33,32,4
33,33,0
33,34,1
33,35,36
33,36,2
33,37,6
33,38,6
33,39,4
33,40,7
33,41,2
33,42,7
33,43,2
33,44,8
33,45,43
33,46,24
33,47,3
33,48,2
33,49,5
33,50,6
33,51,8
33,52,40
33,53,7
33,54,7
33,55,7
33,56,33
33,57,10
33,58,9
33,59,13
33,60,5
33,61,24
33,62,15
33,63,28
33,64,4
33,65,2
33,66,2
33,67,13
33,68,15
33,69,13
33,70,10
33,71,9
33,72,60
33,73,8
33,74,7
33,75,60
33,76,43
33,77,43
33,78,38
33,79,38
33,80,38
33,81,20
33,82,19
33,83,24
33,84,3
33,85,11
33,86,3
33,87,12
33,88,13
33,89,78
33,90,8
33,91,8
33,92,136
33,93,39
33,94,36
33,95,41
33,96,4
33,97,6
33,98,9
33,99,3
33,100,35
33,101,35
33,102,3
33,103,18
33,104,8
33,105,9
33,106,9
33,107,10
33,108,11
33,109,10
33,110,9
33,111,5
33,112,6
33,113,19
33,114,19
33,115,19
33,116,9
33,117,9
33,118,9
33,119,6
33,120,6
33,121,6
33,122,7
33,123,6
33,124,4
33,125,7
33,126,3
33,127,5
33,128,5
33,129,6
33,130,8
33,131,6
33,132,4
33,133,4
33,134,6
33,135,7
33,136,8
33,137,4
33,138,9
33,139,4
33,140,5
33,141,10
33,142,9
33,143,37
33,144,3
33,145,38
33,146,5
33,147,6
33,148,86
33,149,18
33,150,5
33,151,2
33,152,2
33,153,2
33,154,2
33,155,6
33,156,6
33,157,14
33,158,20
33,159,83
33,160,2
33,161,4
33,162,5
33,163,6
33,164,3
33,165,3
33,166,7
33,167,7
33,168,4
33,169,4
33,170,4
33,171,22
33,172,7
33,173,6
33,174,4
33,175,9
33,176,9
33,177,7
33,178,20
33,179,22
33,180,94
33,181,8
33,182,79
33,183,80
33,184,3
33,185,3
33,186,4
33,187,4
33,188,4
33,189,36
33,190,36
33,191,3
33,192,10
33,193,6
33,194,5
33,195,6
33,196,6
33,197,6
33,198,5
33,199,5
33,200,6
33,201,6
33,202,35
33,203,2
33,204,5
33,205,108
33,206,6
33,207,7
33,208,7
33,209,4
33,210,4
33,211,4
33,212,3
33,213,3
33,214,2
33,215,19
33,216,19
33,217,19
33,218,4
33,219,3
33,220,107
33,221,15
33,222,6
33,223,7
33,224,7
33,225,5
33,226,5
33,227,23
33,228,32
33,229,13
33,230,13
33,231,4
33,232,33
33,233,34
33,234,5
33,235,2
33,236,6
33,237,9
33,238,9
33,239,9
33,240,2
33,241,2
33,242,6
33,243,9
33,244,1
33,245,1
33,246,3
33,247,4
33,248,4
33,249,17
33,250,3
33,251,3
33,252,2
33,253,2
33,254,7
33,255,3
33,256,3
33,257,3
33,258,3
33,259,4
33,260,4
33,261,5
33,262,19
33,263,20
33,264,37
33,265,34
33,266,35
33,267,35
33,268,35
33,269,4
33,270,4
33,271,4
33,272,37
33,273,4
33,274,4
33,275,1
33,276,33
33,277,3
33,278,3
33,279,3
33,280,4
33,281,7
33,282,7
33,283,6
33,284,7
33,285,2
33,286,1
33,287,1
33,288,1
33,289,1
33,290,2
33,291,1
33,292,1
33,293,1
33,294,1
33,295,2
33,296,2
33,297,2
33,298,2
33,299,34
33,300,7
33,301,7
33,302,7
33,303,6
33,304,9
33,305,6
33,306,3
33,307,13
33,308,80
33,309,13
33,310,14
33,311,3
33,312,3
33,313,1
33,314,2
33,315,4
33,316,4
33,317,4
33,318,4
33,319,3
33,320,1
33,321,1
33,322,10
33,323,5
33,324,2
33,325,7
33,326,5
33,327,22
33,328,3
33,329,4
33,330,4
33,331,14
33,332,18
33,333,13
33,334,5
33,335,89
33,336,2
33,337,1
33,338,4
33,339,24
33,340,7
33,341,8
33,342,10
33,343,5
33,344,3
33,345,3
33,346,3
33,347,24
33,348,7
33,349,7
33,350,6
34,0,0
34,1,0
34,2,0
34,3,0
34,4,0
34,5,0
34,6,0
34,7,0
34,8,0
34,9,0
34,10,0
34,11,0
34,12,5
34,13,5
34,14,5
34,15,5
34,16,5
34,17,6
34,18,4
34,19,84
34,20,4
34,21,37
34,22,8
34,23,4
34,24,4
34,25,5
34,26,5
34,27,43
34,28,32
34,29,32
34,30,32
34,31,32
34,32,4
34,33,1
34,34,0
34,35,36
34,36,2
34,37,7
34,38,7
34,39,4
34,40,7
34,41,2
34,42,7
34,43,2
34,44,8
34,45,44
34,46,24
34,47,3
34,48,3
34,49,6
34,50,7
34,51,8
34,52,39
34,53,8
34,54,8
34,55,8
34,56,34
34,57,10
34,58,9
34,59,12
34,60,5
34,61,25
34,62,14
34,63,29
34,64,5
34,65,3
34,66,3
34,67,13
34,68,16
34,69,13
34,70,10
34,71,9
34,72,60
34,73,8
34,74,7
34,75,60
34,76,44
34,77,44
34,78,37
34,79,37
34,80,37
34,81,20
34,82,19
34,83,23
34,84,4
34,85,11
34,86,4
34,87,12
34,88,12
34,89,79
34,90,8
34,91,8
34,92,137
34,93,39
34,94,35
34,95,41
34,96,3
34,97,5
34,98,9
34,99,3
34,100,36
34,101,34
34,102,3
34,103,18
34,104,8
34,105,8
34,106,8
34,107,10
34,108,11
34,109,12
34,110,8
34,111,5
34,112,6
34,113,19
34,114,19
34,115,19
34,116,9
34,117,9
34,118,9
34,119,6
34,120,6
34,121,6
34,122,7
34,123,6
34,124,4
34,125,7
34,126,3
34,127,6
34,128,5
34,129,6
34,130,7
34,131,6
34,132,3
34,133,3
34,134,6
34,135,7
34,136,8
34,137,4
34,138,9
34,139,4
34,140,4
34,141,10
34,142,9
34,143,37
34,144,3
34,145,39
34,146,5
34,147,6
34,148,87
34,149,17
34,150,5
34,151,2
34,152,2
34,153,2
34,154,2
34,155,6
34,156,6
34,157,13
34,158,20
34,159,81
34,160,2
34,161,4
34,162,5
34,163,6
34,164,2
34,165,3
34,166,6
34,167,6
34,168,4
34,169,4
34,170,4
34,171,22
34,172,7
34,173,5
34,174,4
34,175,8
34,176,9
34,177,7
34,178,20
34,179,22
34,180,94
34,181,8
34,182,80
34,183,80
34,184,3
34,185,3
34,186,4
34,187,4
34,188,4
34,189,36
34,190,36
34,191,4
34,192,10
34,193,7
34,194,6
34,195,7
34,196,6
34,197,6
34,198,6
34,199,6
34,200,7
34,201,7
34,202,35
34,203,2
34,204,5
34,205,109
34,206,7
34,207,7
34,208,7
34,209,4
34,210,4
34,211,4
34,212,4
34,213,3
34,214,2
34,215,20
34,216,20
34,217,20
34,218,3
34,219,3
34,220,108
34,221,15
34,222,6
34,223,7
34,224,7
34,225,6
34,226,6
34,227,23
34,228,30
34,229,13
34,230,13
34,231,4
34,232,25
34,233,25
34,234,5
34,235,2
34,236,6
34,237,9
34,238,8
34,239,9
34,240,2
34,241,2
34,242,6
34,243,9
34,244,1
34,245,1
34,246,4
34,247,3
34,248,3
34,249,17
34,250,2
34,251,3
34,252,2
34,253,2
34,254,7
34,255,4
34,256,3
34,257,3
34,258,3
34,259,4
34,260,4
34,261,5
34,262,19
34,263,20
34,264,38
34,265,35
34,266,36
34,267,36
34,268,36
34,269,4
34,270,4
34,271,3
34,272,37
34,273,3
34,274,3
34,275,1
34,276,33
34,277,4
34,278,4
34,279,4
34,280,5
34,281,7
34,282,7
34,283,5
34,284,7
34,285,2
34,286,1
34,287,1
34,288,2
34,289,1
34,290,2
34,291,1
34,292,1
34,293,1
34,294,2
34,295,2
34,296,2
34,297,2
34,298,2
34,299,34
34,300,7
34,301,7
34,302,7
34,303,5
34,304,9
34,305,5
34,306,3
34,307,12
34,308,80
34,309,13
34,310,13
34,311,3
34,312,3
34,313,1
34,314,3
34,315,5
34,316,5
34,317,4
34,318,4
34,319,3
34,320,1
34,321,1
34,322,10
34,323,5
34,324,2
34,325,7
34,326,5
34,327,22
34,328,3
34,329,5
34,330,5
34,331,14
34,332,19
34,333,13
34,334,5
34,335,89
34,336,2
34,337,1
34,338,5
34,339,19
34,340,7
34,341,8
34,342,10
34,343,5
34,344,4
34,345,3
34,346,4
34,347,23
34,348,7
34,349,7
34,350,7
35,0,0
35,1,0
35,2,0
35,3,0
35,4,0
35,5,0
35,6,0
35,7,0
35,8,0
35,9,0
35,10,0
35,11,0
35,12,30
35,13,32
35,14,31
35,15,32
35,16,31
35,17,30
35,18,39
35,19,115
35,20,32
35,21,66
35,22,39
35,23,35
35,24,35
35,25,36
35,26,35
35,27,77
35,28,64
35,29,64
35,30,64
35,31,64
35,32,33
35,33,36
35,34,36
35,35,0
35,36,28
35,37,25
35,38,25
35,39,26
35,40,25
35,41,26
35,42,25
35,43,27
35,44,26
35,45,34
35,46,52
35,47,25
35,48,25
35,49,28
35,50,29
35,51,22
35,52,6
35,53,24
35,54,24
35,55,24
35,56,60
35,57,26
35,58,26
35,59,28
35,60,28
35,61,52
35,62,21
35,63,28
35,64,27
35,65,25
35,66,25
35,67,20
35,68,38
35,69,20
35,70,20
35,71,21
35,72,27
35,73,22
35,74,22
35,75,28
35,76,70
35,77,70
35,78,4
35,79,4
35,80,4
35,81,13
35,82,44
35,83,20
35,84,25
35,85,21
35,86,25
35,87,20
35,88,20
35,89,105
35,90,30
35,91,30
35,92,167
35,93,65
35,94,2
35,95,6
35,96,26
35,97,23
35,98,33
35,99,28
35,100,62
35,101,1
35,102,30
35,103,43
35,104,21
35,105,21
35,106,21
35,107,22
35,108,23
35,109,26
35,110,22
35,111,29
35,112,29
35,113,44
35,114,44
35,115,44
35,116,26
35,117,20
35,118,20
35,119,25
35,120,25
35,121,25
35,122,30
35,123,31
35,124,28
35,125,26
35,126,26
35,127,23
35,128,25
35,129,24
35,130,24
35,131,24
35,132,26
35,133,26
35,134,24
35,135,23
35,136,23
35,137,27
35,138,26
35,139,25
35,140,26
35,141,33
35,142,32
35,143,64
35,144,27
35,145,65
35,146,24
35,147,23
35,148,113
35,149,42
35,150,29
35,151,28
35,152,29
35,153,29
35,154,29
35,155,23
35,156,23
35,157,19
35,158,45
35,159,102
35,160,29
35,161,27
35,162,28
35,163,29
35,164,26
35,165,26
35,166,25
35,167,22
35,168,29
35,169,29
35,170,29
35,171,50
35,172,32
35,173,24
35,174,24
35,175,29
35,176,29
35,177,30
35,178,45
35,179,50
35,180,121
35,181,26
35,182,106
35,183,107
35,184,30
35,185,30
35,186,31
35,187,31
35,188,31
35,189,43
35,190,43
35,191,25
35,192,23
35,193,29
35,194,28
35,195,28
35,196,28
35,197,28
35,198,28
35,199,28
35,200,29
35,201,29
35,202,43
35,203,29
35,204,25
35,205,135
35,206,31
35,207,31
35,208,31
35,209,28
35,210,25
35,211,25
35,212,24
35,213,28
35,214,29
35,215,35
35,216,35
35,217,35
35,218,28
35,219,28
35,220,134
35,221,16
35,222,27
35,223,30
35,224,30
35,225,22
35,226,22
35,227,48
35,228,54
35,229,19
35,230,18
35,231,27
35,232,53
35,233,53
35,234,28
35,235,29
35,236,31
35,237,24
35,238,24
35,239,25
35,240,29
35,241,29
35,242,23
35,243,32
35,244,28
35,245,28
35,246,25
35,247,26
35,248,26
35,249,42
35,250,27
35,251,27
35,252,29
35,253,29
35,254,22
35,255,25
35,256,26
35,257,25
35,258,26
35,259,25
35,260,25
35,261,28
35,262,44
35,263,45
35,264,64
35,265,69
35,266,70
35,267,70
35,268,70
35,269,26
35,270,26
35,271,25
35,272,44
35,273,26
35,274,25
35,275,28
35,276,40
35,277,24
35,278,24
35,279,24
35,280,23
35,281,23
35,282,23
35,283,25
35,284,22
35,285,29
35,286,28
35,287,28
35,288,27
35,289,28
35,290,29
35,291,28
35,292,28
35,293,28
35,294,28
35,295,28
35,296,29
35,297,29
35,298,29
35,299,61
35,300,23
35,301,23
35,302,23
35,303,24
35,304,26
35,305,24
35,306,30
35,307,21
35,308,107
35,309,19
35,310,19
35,311,30
35,312,30
35,313,29
35,314,28
35,315,24
35,316,24
35,317,29
35,318,28
35,319,27
35,320,28
35,321,28
35,322,23
35,323,29
35,324,27
35,325,30
35,326,29
35,327,45
35,328,28
35,329,27
35,330,27
35,331,18
35,332,36
35,333,30
35,334,26
35,335,116
35,336,27
35,337,28
35,338,25
35,339,44
35,340,30
35,341,32
35,342,22
35,343,30
35,344,25
35,345,25
35,346,25
35,347,20
35,348,31
35,349,30
35,350,25
36,0,0
36,1,0
36,2,0
36,3,0
36,4,0
36,5,0
36,6,0
36,7,0
36,8,0
36,9,0
36,10,0
36,11,0
36,12,5
36,13,4
36,14,5
36,15,4
36,16,5
36,17,6
36,18,3
36,19,83
36,20,6
36,21,31
36,22,6
36,23,2
36,24,2
36,25,3
36,26,3
36,27,44
36,28,30
36,29,30
36,30,30
36,31,30
36,32,6
36,33,2
36,34,2
36,35,28
36,36,0
36,37,9
36,38,9
36,39,5
36,40,9
36,41,3
36,42,9
36,43,2
36,44,10
36,45,46
36,46,23
36,47,5
36,48,5
36,49,8
36,50,9
36,51,9
36,52,41
36,53,10
36,54,10
36,55,10
36,56,33
36,57,11
36,58,11
36,59,14
36,60,6
36,61,24
36,62,16
36,63,31
36,64,7
36,65,5
36,66,5
36,67,15
36,68,18
36,69,15
36,70,11
36,71,11
36,72,62
36,73,10
36,74,9
36,75,62
36,76,43
36,77,43
36,78,39
36,79,39
36,80,39
36,81,22
36,82,19
36,83,25
36,84,6
36,85,13
36,86,6
36,87,13
36,88,14
36,89,78
36,90,9
36,91,9
36,92,136
36,93,38
36,94,37
36,95,43
36,96,5
36,97,7
36,98,10
36,99,1
36,100,37
36,101,36
36,102,1
36,103,18
36,104,10
36,105,10
36,106,10
36,107,12
36,108,12
36,109,13
36,110,10
36,111,3
36,112,7
36,113,19
36,114,19
36,115,19
36,116,11
36,117,11
36,118,11
36,119,8
36,120,8
36,121,8
36,122,5
36,123,5
36,124,1
36,125,8
36,126,5
36,127,8
36,128,6
36,129,8
36,130,9
36,131,8
36,132,5
36,133,5
36,134,8
36,135,9
36,136,9
36,137,5
36,138,11
36,139,6
36,140,6
36,141,10
36,142,10
36,143,37
36,144,2
36,145,38
36,146,7
36,147,8
36,148,86
36,149,17
36,150,3
36,151,1
36,152,2
36,153,1
36,154,2
36,155,8
36,156,8
36,157,15
36,158,20
36,159,81
36,160,1
36,161,6
36,162,6
36,163,6
36,164,4
36,165,4
36,166,8
36,167,8
36,168,2
36,169,2
36,170,2
36,171,21
36,172,6
36,173,7
36,174,6
36,175,9
36,176,10
36,177,5
36,178,20
36,179,21
36,180,94
36,181,10
36,182,79
36,183,79
36,184,2
36,185,2
36,186,2
36,187,2
36,188,2
36,189,35
36,190,35
36,191,6
36,192,11
36,193,9
36,194,8
36,195,9
36,196,8
36,197,8
36,198,8
36,199,8
36,200,9
36,201,9
36,202,34
36,203,2
36,204,6
36,205,108
36,206,5
36,207,5
36,208,5
36,209,2
36,210,6
36,211,6
36,212,6
36,213,1
36,214,1
36,215,22
36,216,22
36,217,22
36,218,3
36,219,2
36,220,107
36,221,16
36,222,7
36,223,5
36,224,5
36,225,7
36,226,8
36,227,23
36,228,30
36,229,15
36,230,15
36,231,6
36,232,23
36,233,24
36,234,3
36,235,2
36,236,4
36,237,10
36,238,10
36,239,10
36,240,2
36,241,2
36,242,8
36,243,9
36,244,2
36,245,3
36,246,6
36,247,5
36,248,5
36,249,17
36,250,2
36,251,2
36,252,2
36,253,2
36,254,9
36,255,6
36,256,5
36,257,5
36,258,4
36,259,6
36,260,6
36,261,6
36,262,19
36,263,20
36,264,37
36,265,34
36,266,35
36,267,35
36,268,35
36,269,6
36,270,6
36,271,5
36,272,36
36,273,5
36,274,5
36,275,4
36,276,32
36,277,6
36,278,6
36,279,6
36,280,7
36,281,8
36,282,9
36,283,7
36,284,8
36,285,1
36,286,3
36,287,2
36,288,3
36,289,2
36,290,3
36,291,2
36,292,2
36,293,2
36,294,2
36,295,2
36,296,1
36,297,2
36,298,2
36,299,33
36,300,9
36,301,9
36,302,9
36,303,7
36,304,10
36,305,7
36,306,3
36,307,14
36,308,79
36,309,15
36,310,15
36,311,1
36,312,1
36,313,3
36,314,2
36,315,7
36,316,7
36,317,2
36,318,2
36,319,2
36,320,2
36,321,2
36,322,11
36,323,3
36,324,3
36,325,5
36,326,3
36,327,22
36,328,5
36,329,7
36,330,7
36,331,15
36,332,21
36,333,15
36,334,7
36,335,88
36,336,4
36,337,2
36,338,7
36,339,18
36,340,5
36,341,6
36,342,12
36,343,3
36,344,6
36,345,5
36,346,6
36,347,25
36,348,5
36,349,5
36,350,9
37,0,0
37,1,0
37,2,0
37,3,0
37,4,0
37,5,0
37,6,0
37,7,0
37,8,0
37,9,0
37,10,0
37,11,0
37,12,7
37,13,6
37,14,7
37,15,6
37,16,7
37,17,8
37,18,10
37,19,90
37,20,1
37,21,36
37,22,14
37,23,9
37,24,10
37,25,11
37,26,11
37,27,47
37,28,39
37,29,39
37,30,39
37,31,39
37,32,3
37,33,6
37,34,7
37,35,25
37,36,9
37,37,0
37,38,1
37,39,6
37,40,1
37,41,7
37,42,1
37,43,7
37,44,9
37,45,38
37,46,25
37,47,3
37,48,4
37,49,4
37,50,4
37,51,8
37,52,35
37,53,1
37,54,1
37,55,1
37,56,37
37,57,11
37,58,10
37,59,14
37,60,10
37,61,29
37,62,13
37,63,23
37,64,2
37,65,4
37,66,4
37,67,12
37,68,13
37,69,12
37,70,9
37,71,9
37,72,55
37,73,7
37,74,7
37,75,56
37,76,48
37,77,48
37,78,33
37,79,33
37,80,33
37,81,18
37,82,23
37,83,22
37,84,2
37,85,10
37,86,2
37,87,10
37,88,11
37,89,83
37,90,12
37,91,12
37,92,145
37,93,43
37,94,31
37,95,36
37,96,5
37,97,7
37,98,14
37,99,8
37,100,39
37,101,30
37,102,8
37,103,23
37,104,6
37,105,6
37,106,6
37,107,9
37,108,9
37,109,5
37,110,7
37,111,10
37,112,11
37,113,23
37,114,23
37,115,23
37,116,10
37,117,7
37,118,7
37,119,7
37,120,7
37,121,7
37,122,11
37,123,11
37,124,9
37,125,8
37,126,7
37,127,2
37,128,6
37,129,7
37,130,9
37,131,7
37,132,7
37,133,7
37,134,7
37,135,8
37,136,8
37,137,8
37,138,10
37,139,7
37,140,7
37,141,14
37,142,14
37,143,41
37,144,8
37,145,42
37,146,7
37,147,1
37,148,90
37,149,22
37,150,10
37,151,8
37,152,7
37,153,6
37,154,7
37,155,6
37,156,6
37,157,13
37,158,24
37,159,86
37,160,7
37,161,3
37,162,10
37,163,10
37,164,6
37,165,6
37,166,8
37,167,6
37,168,9
37,169,9
37,170,9
37,171,24
37,172,12
37,173,6
37,174,2
37,175,11
37,176,10
37,177,11
37,178,25
37,179,23
37,180,98
37,181,9
37,182,84
37,183,84
37,184,7
37,185,7
37,186,8
37,187,8
37,188,8
37,189,34
37,190,34
37,191,2
37,192,8
37,193,5
37,194,4
37,195,4
37,196,4
37,197,4
37,198,4
37,199,4
37,200,4
37,201,4
37,202,33
37,203,6
37,204,6
37,205,113
37,206,11
37,207,11
37,208,11
37,209,8
37,210,2
37,211,2
37,212,4
37,213,8
37,214,7
37,215,17
37,216,17
37,217,17
37,218,9
37,219,8
37,220,111
37,221,13
37,222,8
37,223,11
37,224,11
37,225,3
37,226,4
37,227,27
37,228,34
37,229,13
37,230,12
37,231,3
37,232,26
37,233,26
37,234,9
37,235,6
37,236,11
37,237,10
37,238,9
37,239,9
37,240,6
37,241,6
37,242,7
37,243,13
37,244,6
37,245,6
37,246,2
37,247,6
37,248,6
37,249,22
37,250,8
37,251,8
37,252,6
37,253,6
37,254,8
37,255,3
37,256,4
37,257,4
37,258,5
37,259,4
37,260,4
37,261,10
37,262,23
37,263,24
37,264,41
37,265,39
37,266,40
37,267,40
37,268,40
37,269,6
37,270,5
37,271,5
37,272,35
37,273,4
37,274,4
37,275,5
37,276,31
37,277,3
37,278,2
37,279,3
37,280,2
37,281,6
37,282,6
37,283,7
37,284,6
37,285,6
37,286,5
37,287,5
37,288,5
37,289,6
37,290,6
37,291,6
37,292,6
37,293,6
37,294,6
37,295,6
37,296,6
37,297,7
37,298,7
37,299,38
37,300,6
37,301,6
37,302,6
37,303,6
37,304,10
37,305,6
37,306,8
37,307,12
37,308,84
37,309,13
37,310,13
37,311,8
37,312,7
37,313,6
37,314,7
37,315,2
37,316,2
37,317,9
37,318,8
37,319,8
37,320,6
37,321,6
37,322,8
37,323,9
37,324,7
37,325,11
37,326,10
37,327,26
37,328,7
37,329,2
37,330,3
37,331,12
37,332,17
37,333,14
37,334,7
37,335,93
37,336,6
37,337,6
37,338,2
37,339,22
37,340,11
37,341,12
37,342,9
37,343,10
37,344,3
37,345,3
37,346,2
37,347,22
37,348,11
37,349,11
37,350,1
38,0,0
38,1,0
38,2,0
38,3,0
38,4,0
38,5,0
38,6,0
38,7,0
38,8,0
38,9,0
38,10,0
38,11,0
38,12,7
38,13,6
38,14,7
38,15,6
38,16,7
38,17,8
38,18,10
38,19,90
38,20,1
38,21,36
38,22,14
38,23,9
38,24,10
38,25,11
38,26,11
38,27,47
38,28,39
38,29,39
38,30,39
38,31,39
38,32,2
38,33,6
38,34,7
38,35,25
38,36,9
38,37,1
38,38,0
38,39,6
38,40,1
38,41,7
38,42,1
38,43,7
38,44,9
38,45,38
38,46,25
38,47,3
38,48,4
38,49,4
38,50,4
38,51,8
38,52,35
38,53,1
38,54,1
38,55,1
38,56,37
38,57,11
38,58,10
38,59,14
38,60,10
38,61,29
38,62,13
38,63,23
38,64,2
38,65,4
38,66,4
38,67,12
38,68,13
38,69,12
38,70,9
38,71,9
38,72,55
38,73,8
38,74,7
38,75,56
38,76,48
38,77,48
38,78,33
38,79,32
38,80,33
38,81,18
38,82,23
38,83,22
38,84,2
38,85,10
38,86,2
38,87,11
38,88,11
38,89,83
38,90,12
38,91,12
38,92,145
38,93,43
38,94,30
38,95,36
38,96,5
38,97,7
38,98,14
38,99,8
38,100,41
38,101,30
38,102,8
38,103,23
38,104,6
38,105,6
38,106,6
38,107,9
38,108,9
38,109,5
38,110,7
38,111,10
38,112,11
38,113,23
38,114,23
38,115,23
38,116,10
38,117,7
38,118,7
38,119,7
38,120,7
38,121,7
38,122,11
38,123,11
38,124,9
38,125,8
38,126,7
38,127,3
38,128,6
38,129,7
38,130,9
38,131,7
38,132,7
38,133,7
38,134,7
38,135,8
38,136,8
38,137,8
38,138,10
38,139,7
38,140,7
38,141,14
38,142,14
38,143,41
38,144,8
38,145,42
38,146,7
38,147,1
38,148,90
38,149,22
38,150,10
38,151,8
38,152,7
38,153,6
38,154,7
38,155,6
38,156,6
38,157,13
38,158,24
38,159,86
38,160,7
38,161,3
38,162,10
38,163,10
38,164,6
38,165,6
38,166,8
38,167,6
38,168,9
38,169,9
38,170,9
38,171,24
38,172,12
38,173,6
38,174,2
38,175,11
38,176,10
38,177,11
38,178,25
38,179,23
38,180,98
38,181,9
38,182,84
38,183,84
38,184,7
38,185,7
38,186,8
38,187,8
38,188,8
38,189,34
38,190,34
38,191,2
38,192,9
38,193,5
38,194,4
38,195,4
38,196,4
38,197,4
38,198,4
38,199,4
38,200,4
38,201,4
38,202,33
38,203,6
38,204,6
38,205,113
38,206,11
38,207,11
38,208,11
38,209,8
38,210,2
38,211,2
38,212,4
38,213,8
38,214,7
38,215,17
38,216,17
38,217,17
38,218,9
38,219,8
38,220,111
38,221,13
38,222,8
38,223,11
38,224,11
38,225,3
38,226,4
38,227,27
38,228,34
38,229,13
38,230,12
38,231,3
38,232,26
38,233,26
38,234,9
38,235,6
38,236,11
38,237,10
38,238,9
38,239,9
38,240,6
38,241,6
38,242,7
38,243,13
38,244,6
38,245,6
38,246,2
38,247,6
38,248,6
38,249,22
38,250,8
38,251,8
38,252,6
38,253,6
38,254,8
38,255,3
38,256,4
38,257,4
38,258,5
38,259,4
38,260,4
38,261,10
38,262,23
38,263,24
38,264,43
38,265,39
38,266,40
38,267,40
38,268,40
38,269,6
38,270,5
38,271,5
38,272,35
38,273,4
38,274,4
38,275,5
38,276,31
38,277,3
38,278,2
38,279,3
38,280,2
38,281,6
38,282,6
38,283,7
38,284,6
38,285,6
38,286,5
38,287,5
38,288,5
38,289,6
38,290,6
38,291,6
38,292,6
38,293,6
38,294,6
38,295,6
38,296,6
38,297,7
38,298,7
38,299,38
38,300,6
38,301,6
38,302,6
38,303,6
38,304,10
38,305,6
38,306,8
38,307,12
38,308,84
38,309,13
38,310,13
38,311,8
38,312,7
38,313,6
38,314,7
38,315,2
38,316,2
38,317,9
38,318,8
38,319,8
38,320,6
38,321,6
38,322,8
38,323,9
38,324,7
38,325,11
38,326,10
38,327,26
38,328,7
38,329,2
38,330,3
38,331,12
38,332,17
38,333,14
38,334,7
38,335,93
38,336,6
38,337,6
38,338,2
38,339,22
38,340,11
38,341,12
38,342,9
38,343,10
38,344,3
38,345,3
38,346,2
38,347,22
38,348,11
38,349,11
38,350,1
39,0,0
39,1,0
39,2,0
39,3,0
39,4,0
39,5,0
39,6,0
39,7,0
39,8,0
39,9,0
39,10,0
39,11,0
39,12,3
39,13,2
39,14,3
39,15,2
39,16,3
39,17,4
39,18,6
39,19,84
39,20,6
39,21,33
39,22,9
39,23,4
39,24,5
39,25,6
39,26,5
39,27,45
39,28,33
39,29,33
39,30,33
39,31,33
39,32,5
39,33,4
39,34,4
39,35,26
39,36,5
39,37,6
39,38,6
39,39,0
39,40,7
39,41,3
39,42,7
39,43,4
39,44,5
39,45,45
39,46,27
39,47,5
39,48,5
39,49,8
39,50,8
39,51,4
39,52,35
39,53,7
39,54,7
39,55,7
39,56,37
39,57,6
39,58,5
39,59,9
39,60,5
39,61,29
39,62,11
39,63,30
39,64,6
39,65,5
39,66,5
39,67,10
39,68,18
39,69,9
39,70,6
39,71,6
39,72,56
39,73,5
39,74,4
39,75,56
39,76,48
39,77,48
39,78,33
39,79,33
39,80,33
39,81,16
39,82,19
39,83,20
39,84,4
39,85,8
39,86,4
39,87,8
39,88,9
39,89,82
39,90,7
39,91,7
39,92,144
39,93,43
39,94,31
39,95,35
39,96,3
39,97,2
39,98,9
39,99,5
39,100,39
39,101,30
39,102,5
39,103,18
39,104,5
39,105,5
39,106,5
39,107,6
39,108,7
39,109,10
39,110,5
39,111,6
39,112,6
39,113,19
39,114,19
39,115,19
39,116,5
39,117,5
39,118,5
39,119,3
39,120,3
39,121,3
39,122,7
39,123,8
39,124,5
39,125,3
39,126,2
39,127,5
39,128,2
39,129,2
39,130,4
39,131,2
39,132,3
39,133,3
39,134,3
39,135,3
39,136,4
39,137,3
39,138,5
39,139,2
39,140,2
39,141,10
39,142,9
39,143,41
39,144,4
39,145,42
39,146,2
39,147,6
39,148,90
39,149,17
39,150,6
39,151,5
39,152,6
39,153,6
39,154,6
39,155,3
39,156,3
39,157,10
39,158,20
39,159,81
39,160,5
39,161,6
39,162,5
39,163,6
39,164,2
39,165,2
39,166,3
39,167,4
39,168,5
39,169,5
39,170,6
39,171,25
39,172,8
39,173,2
39,174,5
39,175,6
39,176,6
39,177,7
39,178,20
39,179,25
39,180,98
39,181,4
39,182,83
39,183,84
39,184,6
39,185,6
39,186,7
39,187,7
39,188,7
39,189,32
39,190,32
39,191,5
39,192,6
39,193,8
39,194,8
39,195,8
39,196,8
39,197,8
39,198,8
39,199,8
39,200,8
39,201,8
39,202,32
39,203,5
39,204,2
39,205,112
39,206,8
39,207,8
39,208,8
39,209,5
39,210,5
39,211,5
39,212,4
39,213,5
39,214,5
39,215,21
39,216,21
39,217,21
39,218,5
39,219,4
39,220,111
39,221,11
39,222,4
39,223,7
39,224,7
39,225,4
39,226,5
39,227,23
39,228,30
39,229,9
39,230,9
39,231,6
39,232,28
39,233,28
39,234,5
39,235,6
39,236,7
39,237,5
39,238,5
39,239,5
39,240,6
39,241,6
39,242,3
39,243,9
39,244,4
39,245,4
39,246,4
39,247,2
39,248,2
39,249,17
39,250,4
39,251,4
39,252,5
39,253,5
39,254,4
39,255,5
39,256,3
39,257,3
39,258,2
39,259,3
39,260,3
39,261,5
39,262,19
39,263,20
39,264,43
39,265,34
39,266,35
39,267,35
39,268,35
39,269,3
39,270,2
39,271,2
39,272,33
39,273,2
39,274,2
39,275,5
39,276,30
39,277,4
39,278,4
39,279,4
39,280,5
39,281,4
39,282,4
39,283,2
39,284,4
39,285,6
39,286,5
39,287,5
39,288,4
39,289,5
39,290,6
39,291,5
39,292,5
39,293,5
39,294,6
39,295,6
39,296,6
39,297,6
39,298,6
39,299,38
39,300,4
39,301,4
39,302,4
39,303,2
39,304,5
39,305,2
39,306,7
39,307,9
39,308,84
39,309,9
39,310,10
39,311,5
39,312,5
39,313,5
39,314,5
39,315,5
39,316,5
39,317,5
39,318,5
39,319,4
39,320,5
39,321,5
39,322,6
39,323,6
39,324,3
39,325,7
39,326,5
39,327,22
39,328,3
39,329,7
39,330,7
39,331,10
39,332,21
39,333,9
39,334,3
39,335,93
39,336,4
39,337,4
39,338,5
39,339,26
39,340,7
39,341,9
39,342,6
39,343,6
39,344,5
39,345,5
39,346,5
39,347,20
39,348,8
39,349,7
39,350,8
40,0,0
40,1,0
40,2,0
40,3,0
40,4,0
40,5,0
40,6,0
40,7,0
40,8,0
40,9,0
40,10,0
40,11,0
40,12,8
40,13,7
40,14,8
40,15,7
40,16,8
40,17,9
40,18,11
40,19,90
40,20,2
40,21,37
40,22,14
40,23,10
40,24,11
40,25,12
40,26,11
40,27,48
40,28,40
40,29,40
40,30,40
40,31,40
40,32,3
40,33,7
40,34,7
40,35,25
40,36,9
40,37,1
40,38,1
40,39,7
40,40,0
40,41,7
40,42,1
40,43,7
40,44,10
40,45,38
40,46,26
40,47,4
40,48,5
40,49,4
40,50,5
40,51,7
40,52,34
40,53,1
40,54,1
40,55,1
40,56,38
40,57,11
40,58,10
40,59,14
40,60,10
40,61,29
40,62,12
40,63,23
40,64,3
40,65,5
40,66,5
40,67,11
40,68,14
40,69,11
40,70,9
40,71,8
40,72,55
40,73,6
40,74,6
40,75,55
40,76,48
40,77,48
40,78,32
40,79,32
40,80,32
40,81,18
40,82,24
40,83,22
40,84,3
40,85,9
40,86,3
40,87,10
40,88,10
40,89,83
40,90,12
40,91,12
40,92,145
40,93,43
40,94,30
40,95,36
40,96,6
40,97,6
40,98,14
40,99,9
40,100,40
40,101,29
40,102,8
40,103,23
40,104,5
40,105,5
40,106,6
40,107,8
40,108,9
40,109,5
40,110,6
40,111,10
40,112,11
40,113,24
40,114,24
40,115,24
40,116,10
40,117,6
40,118,6
40,119,8
40,120,8
40,121,8
40,122,11
40,123,11
40,124,9
40,125,8
40,126,7
40,127,2
40,128,6
40,129,7
40,130,8
40,131,7
40,132,8
40,133,8
40,134,8
40,135,7
40,136,8
40,137,8
40,138,10
40,139,7
40,140,7
40,141,14
40,142,14
40,143,42
40,144,8
40,145,43
40,146,8
40,147,1
40,148,91
40,149,22
40,150,11
40,151,8
40,152,7
40,153,7
40,154,7
40,155,5
40,156,5
40,157,11
40,158,25
40,159,86
40,160,7
40,161,4
40,162,10
40,163,11
40,164,7
40,165,7
40,166,8
40,167,5
40,168,9
40,169,9
40,170,9
40,171,24
40,172,12
40,173,6
40,174,2
40,175,11
40,176,10
40,177,11
40,178,25
40,179,24
40,180,99
40,181,9
40,182,84
40,183,84
40,184,8
40,185,8
40,186,9
40,187,9
40,188,9
40,189,33
40,190,33
40,191,3
40,192,8
40,193,5
40,194,4
40,195,5
40,196,5
40,197,5
40,198,5
40,199,4
40,200,5
40,201,5
40,202,32
40,203,7
40,204,7
40,205,113
40,206,11
40,207,12
40,208,11
40,209,9
40,210,2
40,211,2
40,212,4
40,213,8
40,214,7
40,215,17
40,216,17
40,217,17
40,218,9
40,219,9
40,220,112
40,221,14
40,222,9
40,223,11
40,224,11
40,225,2
40,226,3
40,227,28
40,228,35
40,229,11
40,230,11
40,231,3
40,232,27
40,233,27
40,234,10
40,235,7
40,236,11
40,237,8
40,238,9
40,239,9
40,240,7
40,241,7
40,242,7
40,243,14
40,244,6
40,245,6
40,246,3
40,247,7
40,248,7
40,249,22
40,250,8
40,251,8
40,252,7
40,253,7
40,254,7
40,255,3
40,256,5
40,257,5
40,258,5
40,259,4
40,260,4
40,261,10
40,262,24
40,263,25
40,264,43
40,265,39
40,266,40
40,267,40
40,268,40
40,269,8
40,270,5
40,271,5
40,272,34
40,273,5
40,274,4
40,275,6
40,276,30
40,277,4
40,278,3
40,279,3
40,280,2
40,281,5
40,282,5
40,283,7
40,284,5
40,285,7
40,286,6
40,287,6
40,288,5
40,289,6
40,290,7
40,291,6
40,292,6
40,293,6
40,294,6
40,295,7
40,296,7
40,297,7
40,298,7
40,299,38
40,300,5
40,301,5
40,302,5
40,303,6
40,304,10
40,305,6
40,306,8
40,307,10
40,308,84
40,309,11
40,310,11
40,311,8
40,312,8
40,313,7
40,314,7
40,315,2
40,316,2
40,317,9
40,318,9
40,319,8
40,320,6
40,321,6
40,322,8
40,323,10
40,324,7
40,325,12
40,326,10
40,327,27
40,328,7
40,329,3
40,330,3
40,331,12
40,332,17
40,333,15
40,334,8
40,335,94
40,336,6
40,337,6
40,338,2
40,339,23
40,340,11
40,341,13
40,342,8
40,343,10
40,344,3
40,345,4
40,346,3
40,347,22
40,348,12
40,349,11
40,350,1
41,0,0
41,1,0
41,2,0
41,3,0
41,4,0
41,5,0
41,6,0
41,7,0
41,8,0
41,9,0
41,10,0
41,11,0
41,12,4
41,13,3
41,14,4
41,15,3
41,16,4
41,17,5
41,18,4
41,19,83
41,20,6
41,21,32
41,22,7
41,23,3
41,24,3
41,25,4
41,26,4
41,27,44
41,28,31
41,29,31
41,30,31
41,31,31
41,32,5
41,33,2
41,34,2
41,35,26
41,36,3
41,37,7
41,38,7
41,39,3
41,40,7
41,41,0
41,42,8
41,43,1
41,44,7
41,45,45
41,46,24
41,47,4
41,48,4
41,49,7
41,50,8
41,51,6
41,52,37
41,53,8
41,54,8
41,55,8
41,56,34
41,57,8
41,58,7
41,59,11
41,60,4
41,61,26
41,62,13
41,63,30
41,64,6
41,65,4
41,66,4
41,67,11
41,68,17
41,69,11
41,70,8
41,71,7
41,72,58
41,73,7
41,74,5
41,75,58
41,76,45
41,77,45
41,78,35
41,79,35
41,80,35
41,81,18
41,82,17
41,83,22
41,84,5
41,85,9
41,86,5
41,87,10
41,88,11
41,89,80
41,90,7
41,91,7
41,92,137
41,93,40
41,94,33
41,95,39
41,96,3
41,97,4
41,98,8
41,99,2
41,100,36
41,101,32
41,102,3
41,103,17
41,104,8
41,105,8
41,106,7
41,107,8
41,108,9
41,109,12
41,110,7
41,111,4
41,112,5
41,113,18
41,114,17
41,115,17
41,116,7
41,117,7
41,118,7
41,119,4
41,120,5
41,121,5
41,122,5
41,123,6
41,124,2
41,125,5
41,126,1
41,127,6
41,128,3
41,129,4
41,130,6
41,131,4
41,132,2
41,133,2
41,134,5
41,135,5
41,136,6
41,137,2
41,138,7
41,139,2
41,140,3
41,141,8
41,142,8
41,143,38
41,144,2
41,145,39
41,146,3
41,147,7
41,148,87
41,149,16
41,150,4
41,151,2
41,152,3
41,153,3
41,154,3
41,155,5
41,156,5
41,157,12
41,158,18
41,159,80
41,160,3
41,161,5
41,162,4
41,163,4
41,164,1
41,165,1
41,166,5
41,167,6
41,168,3
41,169,3
41,170,3
41,171,22
41,172,7
41,173,4
41,174,6
41,175,7
41,176,8
41,177,5
41,178,19
41,179,22
41,180,95
41,181,6
41,182,81
41,183,81
41,184,3
41,185,3
41,186,4
41,187,4
41,188,4
41,189,34
41,190,34
41,191,5
41,192,8
41,193,8
41,194,7
41,195,8
41,196,7
41,197,8
41,198,7
41,199,7
41,200,8
41,201,8
41,202,33
41,203,2
41,204,3
41,205,110
41,206,6
41,207,6
41,208,6
41,209,3
41,210,5
41,211,6
41,212,4
41,213,2
41,214,3
41,215,21
41,216,21
41,217,21
41,218,2
41,219,2
41,220,108
41,221,13
41,222,5
41,223,5
41,224,5
41,225,5
41,226,5
41,227,20
41,228,28
41,229,11
41,230,11
41,231,5
41,232,25
41,233,25
41,234,3
41,235,3
41,236,5
41,237,7
41,238,7
41,239,7
41,240,3
41,241,3
41,242,4
41,243,7
41,244,1
41,245,1
41,246,5
41,247,3
41,248,3
41,249,16
41,250,1
41,251,1
41,252,2
41,253,2
41,254,5
41,255,5
41,256,2
41,257,2
41,258,2
41,259,4
41,260,4
41,261,4
41,262,17
41,263,18
41,264,38
41,265,32
41,266,33
41,267,33
41,268,33
41,269,3
41,270,3
41,271,3
41,272,35
41,273,3
41,274,3
41,275,2
41,276,32
41,277,5
41,278,5
41,279,5
41,280,6
41,281,5
41,282,6
41,283,4
41,284,5
41,285,3
41,286,2
41,287,2
41,288,2
41,289,2
41,290,2
41,291,2
41,292,2
41,293,2
41,294,2
41,295,2
41,296,2
41,297,3
41,298,3
41,299,35
41,300,6
41,301,6
41,302,6
41,303,4
41,304,7
41,305,4
41,306,4
41,307,11
41,308,81
41,309,11
41,310,12
41,311,2
41,312,3
41,313,2
41,314,2
41,315,6
41,316,6
41,317,3
41,318,3
41,319,2
41,320,2
41,321,2
41,322,8
41,323,4
41,324,1
41,325,5
41,326,4
41,327,19
41,328,2
41,329,6
41,330,6
41,331,12
41,332,20
41,333,11
41,334,3
41,335,90
41,336,2
41,337,1
41,338,6
41,339,20
41,340,5
41,341,7
41,342,8
41,343,4
41,344,5
41,345,4
41,346,5
41,347,22
41,348,6
41,349,5
41,350,8
42,0,0
42,1,0
42,2,0
42,3,0
42,4,0
42,5,0
42,6,0
42,7,0
42,8,0
42,9,0
42,10,0
42,11,0
42,12,8
42,13,7
42,14,8
42,15,7
42,16,8
42,17,9
42,18,11
42,19,90
42,20,2
42,21,37
42,22,14
42,23,10
42,24,11
42,25,12
42,26,11
42,27,48
42,28,40
42,29,40
42,30,40
42,31,40
42,32,3
42,33,7
42,34,7
42,35,25
42,36,9
42,37,1
42,38,1
42,39,7
42,40,1
42,41,8
42,42,0
42,43,7
42,44,10
42,45,38
42,46,26
42,47,4
42,48,5
42,49,4
42,50,5
42,51,7
42,52,33
42,53,1
42,54,1
42,55,1
42,56,38
42,57,11
42,58,10
42,59,14
42,60,10
42,61,29
42,62,12
42,63,23
42,64,3
42,65,5
42,66,5
42,67,11
42,68,14
42,69,11
42,70,8
42,71,8
42,72,55
42,73,6
42,74,6
42,75,55
42,76,48
42,77,48
42,78,32
42,79,32
42,80,32
42,81,18
42,82,24
42,83,22
42,84,3
42,85,9
42,86,3
42,87,10
42,88,10
42,89,83
42,90,12
42,91,12
42,92,145
42,93,43
42,94,30
42,95,36
42,96,6
42,97,6
42,98,14
42,99,9
42,100,40
42,101,29
42,102,8
42,103,23
42,104,5
42,105,5
42,106,5
42,107,9
42,108,9
42,109,5
42,110,6
42,111,10
42,112,11
42,113,24
42,114,24
42,115,24
42,116,10
42,117,6
42,118,6
42,119,8
42,120,8
42,121,8
42,122,12
42,123,12
42,124,9
42,125,8
42,126,7
42,127,3
42,128,7
42,129,7
42,130,8
42,131,7
42,132,8
42,133,8
42,134,8
42,135,7
42,136,8
42,137,8
42,138,10
42,139,7
42,140,7
42,141,15
42,142,14
42,143,42
42,144,9
42,145,43
42,146,8
42,147,2
42,148,91
42,149,22
42,150,11
42,151,8
42,152,7
42,153,7
42,154,7
42,155,5
42,156,5
42,157,11
42,158,25
42,159,86
42,160,7
42,161,4
42,162,10
42,163,11
42,164,7
42,165,7
42,166,8
42,167,5
42,168,9
42,169,9
42,170,9
42,171,24
42,172,12
42,173,6
42,174,2
42,175,11
42,176,11
42,177,12
42,178,25
42,179,24
42,180,99
42,181,10
42,182,84
42,183,85
42,184,8
42,185,8
42,186,9
42,187,9
42,188,9
42,189,33
42,190,33
42,191,3
42,192,8
42,193,5
42,194,4
42,195,5
42,196,5
42,197,5
42,198,5
42,199,4
42,200,5
42,201,5
42,202,32
42,203,7
42,204,7
42,205,113
42,206,12
42,207,12
42,208,12
42,209,9
42,210,2
42,211,2
42,212,4
42,213,8
42,214,7
42,215,18
42,216,18
42,217,18
42,218,9
42,219,9
42,220,112
42,221,13
42,222,9
42,223,12
42,224,12
42,225,2
42,226,3
42,227,28
42,228,35
42,229,12
42,230,11
42,231,4
42,232,27
42,233,27
42,234,10
42,235,7
42,236,11
42,237,9
42,238,9
42,239,9
42,240,7
42,241,7
42,242,7
42,243,14
42,244,6
42,245,6
42,246,3
42,247,7
42,248,7
42,249,22
42,250,8
42,251,8
42,252,7
42,253,7
42,254,7
42,255,3
42,256,5
42,257,5
42,258,5
42,259,4
42,260,4
42,261,10
42,262,24
42,263,25
42,264,43
42,265,39
42,266,40
42,267,40
42,268,40
42,269,8
42,270,5
42,271,5
42,272,34
42,273,5
42,274,4
42,275,6
42,276,30
42,277,4
42,278,3
42,279,3
42,280,2
42,281,5
42,282,5
42,283,7
42,284,5
42,285,7
42,286,6
42,287,6
42,288,5
42,289,6
42,290,7
42,291,6
42,292,6
42,293,6
42,294,7
42,295,7
42,296,7
42,297,7
42,298,7
42,299,38
42,300,5
42,301,5
42,302,5
42,303,6
42,304,10
42,305,6
42,306,8
42,307,10
42,308,84
42,309,11
42,310,11
42,311,8
42,312,8
42,313,7
42,314,7
42,315,2
42,316,2
42,317,9
42,318,9
42,319,9
42,320,6
42,321,6
42,322,8
42,323,10
42,324,7
42,325,12
42,326,10
42,327,27
42,328,7
42,329,3
42,330,3
42,331,12
42,332,17
42,333,14
42,334,8
42,335,94
42,336,6
42,337,6
42,338,2
42,339,23
42,340,12
42,341,13
42,342,9
42,343,10
42,344,3
42,345,4
42,346,3
42,347,22
42,348,12
42,349,12
42,350,1
43,0,0
43,1,0
43,2,0
43,3,0
43,4,0
43,5,0
43,6,0
43,7,0
43,8,0
43,9,0
43,10,0
43,11,0
43,12,4
43,13,4
43,14,5
43,15,4
43,16,4
43,17,5
43,18,3
43,19,83
43,20,6
43,21,30
43,22,7
43,23,2
43,24,3
43,25,4
43,26,3
43,27,43
43,28,30
43,29,30
43,30,30
43,31,30
43,32,5
43,33,2
43,34,2
43,35,27
43,36,2
43,37,7
43,38,7
43,39,4
43,40,7
43,41,1
43,42,7
43,43,0
43,44,8
43,45,44
43,46,23
43,47,4
43,48,4
43,49,7
43,50,7
43,51,7
43,52,38
43,53,8
43,54,8
43,55,8
43,56,33
43,57,9
43,58,8
43,59,12
43,60,4
43,61,25
43,62,14
43,63,29
43,64,5
43,65,4
43,66,4
43,67,13
43,68,17
43,69,12
43,70,9
43,71,9
43,72,59
43,73,8
43,74,7
43,75,59
43,76,44
43,77,44
43,78,36
43,79,36
43,80,36
43,81,19
43,82,17
43,83,23
43,84,4
43,85,11
43,86,5
43,87,11
43,88,12
43,89,79
43,90,7
43,91,7
43,92,141
43,93,39
43,94,35
43,95,40
43,96,4
43,97,5
43,98,8
43,99,2
43,100,37
43,101,33
43,102,2
43,103,16
43,104,9
43,105,9
43,106,9
43,107,9
43,108,10
43,109,13
43,110,8
43,111,4
43,112,5
43,113,17
43,114,17
43,115,17
43,116,8
43,117,9
43,118,9
43,119,6
43,120,6
43,121,6
43,122,5
43,123,5
43,124,2
43,125,6
43,126,3
43,127,6
43,128,4
43,129,5
43,130,7
43,131,5
43,132,3
43,133,3
43,134,6
43,135,6
43,136,7
43,137,3
43,138,9
43,139,3
43,140,4
43,141,8
43,142,8
43,143,38
43,144,1
43,145,41
43,146,5
43,147,7
43,148,86
43,149,16
43,150,4
43,151,1
43,152,2
43,153,2
43,154,2
43,155,6
43,156,6
43,157,13
43,158,18
43,159,80
43,160,2
43,161,5
43,162,4
43,163,4
43,164,2
43,165,2
43,166,6
43,167,7
43,168,3
43,169,3
43,170,3
43,171,21
43,172,6
43,173,5
43,174,5
43,175,7
43,176,8
43,177,5
43,178,19
43,179,21
43,180,94
43,181,7
43,182,80
43,183,80
43,184,2
43,185,2
43,186,3
43,187,3
43,188,3
43,189,33
43,190,33
43,191,4
43,192,9
43,193,7
43,194,7
43,195,7
43,196,7
43,197,7
43,198,7
43,199,7
43,200,7
43,201,7
43,202,32
43,203,1
43,204,4
43,205,109
43,206,5
43,207,5
43,208,5
43,209,2
43,210,5
43,211,5
43,212,5
43,213,1
43,214,2
43,215,20
43,216,20
43,217,20
43,218,2
43,219,2
43,220,107
43,221,14
43,222,5
43,223,5
43,224,5
43,225,6
43,226,6
43,227,23
43,228,28
43,229,12
43,230,12
43,231,5
43,232,24
43,233,24
43,234,3
43,235,2
43,236,5
43,237,8
43,238,8
43,239,8
43,240,2
43,241,2
43,242,6
43,243,7
43,244,1
43,245,1
43,246,5
43,247,4
43,248,4
43,249,16
43,250,1
43,251,1
43,252,1
43,253,1
43,254,7
43,255,5
43,256,3
43,257,3
43,258,3
43,259,4
43,260,4
43,261,4
43,262,17
43,263,18
43,264,37
43,265,35
43,266,35
43,267,35
43,268,35
43,269,4
43,270,4
43,271,4
43,272,34
43,273,4
43,274,4
43,275,2
43,276,30
43,277,4
43,278,5
43,279,4
43,280,6
43,281,7
43,282,7
43,283,5
43,284,7
43,285,2
43,286,2
43,287,1
43,288,2
43,289,2
43,290,2
43,291,2
43,292,2
43,293,2
43,294,2
43,295,2
43,296,2
43,297,2
43,298,2
43,299,34
43,300,7
43,301,7
43,302,7
43,303,5
43,304,8
43,305,5
43,306,3
43,307,12
43,308,80
43,309,12
43,310,13
43,311,1
43,312,2
43,313,1
43,314,1
43,315,6
43,316,6
43,317,3
43,318,3
43,319,1
43,320,2
43,321,2
43,322,9
43,323,4
43,324,1
43,325,5
43,326,4
43,327,22
43,328,3
43,329,6
43,330,6
43,331,13
43,332,20
43,333,12
43,334,5
43,335,89
43,336,2
43,337,1
43,338,5
43,339,19
43,340,5
43,341,6
43,342,10
43,343,4
43,344,5
43,345,4
43,346,5
43,347,23
43,348,6
43,349,5
43,350,8
44,0,0
44,1,0
44,2,0
44,3,0
44,4,0
44,5,0
44,6,0
44,7,0
44,8,0
44,9,0
44,10,0
44,11,0
44,12,3
44,13,4
44,14,3
44,15,4
44,16,3
44,17,1
44,18,10
44,19,86
44,20,10
44,21,38
44,22,12
44,23,7
44,24,7
44,25,8
44,26,8
44,27,49
44,28,37
44,29,37
44,30,37
44,31,37
44,32,8
44,33,8
44,34,8
44,35,26
44,36,10
44,37,9
44,38,9
44,39,5
44,40,10
44,41,7
44,42,10
44,43,8
44,44,0
44,45,46
44,46,28
44,47,5
44,48,5
44,49,8
44,50,9
44,51,4
44,52,36
44,53,8
44,54,8
44,55,8
44,56,38
44,57,4
44,58,3
44,59,7
44,60,3
44,61,30
44,62,11
44,63,31
44,64,7
44,65,5
44,66,5
44,67,10
44,68,18
44,69,10
44,70,7
44,71,6
44,72,57
44,73,5
44,74,5
44,75,57
44,76,49
44,77,49
44,78,34
44,79,34
44,80,34
44,81,17
44,82,18
44,83,21
44,84,5
44,85,9
44,86,5
44,87,9
44,88,10
44,89,84
44,90,5
44,91,5
44,92,146
44,93,44
44,94,32
44,95,37
44,96,4
44,97,4
44,98,9
44,99,5
44,100,42
44,101,31
44,102,7
44,103,17
44,104,8
44,105,8
44,106,6
44,107,7
44,108,8
44,109,12
44,110,5
44,111,7
44,112,5
44,113,18
44,114,18
44,115,18
44,116,4
44,117,6
44,118,6
44,119,2
44,120,2
44,121,2
44,122,7
44,123,9
44,124,6
44,125,1
44,126,3
44,127,6
44,128,2
44,129,3
44,130,4
44,131,3
44,132,3
44,133,3
44,134,2
44,135,5
44,136,4
44,137,4
44,138,4
44,139,3
44,140,3
44,141,9
44,142,8
44,143,43
44,144,5
44,145,43
44,146,3
44,147,7
44,148,91
44,149,17
44,150,7
44,151,6
44,152,7
44,153,7
44,154,7
44,155,4
44,156,4
44,157,10
44,158,19
44,159,81
44,160,6
44,161,7
44,162,3
44,163,5
44,164,3
44,165,3
44,166,2
44,167,5
44,168,6
44,169,6
44,170,6
44,171,26
44,172,9
44,173,4
44,174,5
44,175,4
44,176,3
44,177,7
44,178,19
44,179,26
44,180,99
44,181,1
44,182,85
44,183,85
44,184,7
44,185,7
44,186,8
44,187,8
44,188,8
44,189,30
44,190,30
44,191,6
44,192,7
44,193,9
44,194,8
44,195,9
44,196,9
44,197,9
44,198,9
44,199,8
44,200,9
44,201,9
44,202,29
44,203,6
44,204,3
44,205,114
44,206,9
44,207,9
44,208,9
44,209,6
44,210,5
44,211,5
44,212,4
44,213,6
44,214,7
44,215,22
44,216,22
44,217,22
44,218,5
44,219,5
44,220,112
44,221,12
44,222,2
44,223,7
44,224,7
44,225,5
44,226,5
44,227,26
44,228,29
44,229,10
44,230,10
44,231,7
44,232,29
44,233,29
44,234,6
44,235,7
44,236,8
44,237,5
44,238,5
44,239,5
44,240,7
44,241,7
44,242,4
44,243,8
44,244,5
44,245,5
44,246,5
44,247,3
44,248,3
44,249,17
44,250,5
44,251,5
44,252,6
44,253,6
44,254,4
44,255,5
44,256,4
44,257,4
44,258,4
44,259,3
44,260,3
44,261,4
44,262,18
44,263,19
44,264,44
44,265,39
44,266,40
44,267,40
44,268,40
44,269,3
44,270,3
44,271,3
44,272,31
44,273,3
44,274,3
44,275,6
44,276,27
44,277,5
44,278,5
44,279,5
44,280,5
44,281,5
44,282,5
44,283,4
44,284,5
44,285,7
44,286,6
44,287,6
44,288,6
44,289,6
44,290,7
44,291,6
44,292,6
44,293,6
44,294,7
44,295,7
44,296,7
44,297,7
44,298,7
44,299,39
44,300,5
44,301,5
44,302,5
44,303,4
44,304,2
44,305,4
44,306,8
44,307,9
44,308,85
44,309,10
44,310,10
44,311,6
44,312,6
44,313,5
44,314,6
44,315,5
44,316,6
44,317,6
44,318,6
44,319,5
44,320,6
44,321,6
44,322,7
44,323,7
44,324,5
44,325,8
44,326,6
44,327,26
44,328,4
44,329,7
44,330,7
44,331,11
44,332,21
44,333,6
44,334,4
44,335,94
44,336,5
44,337,5
44,338,6
44,339,27
44,340,7
44,341,10
44,342,7
44,343,7
44,344,5
44,345,6
44,346,5
44,347,21
44,348,9
44,349,7
44,350,8
45,0,0
45,1,0
45,2,0
45,3,0
45,4,0
45,5,0
45,6,0
45,7,0
45,8,0
45,9,0
45,10,0
45,11,0
45,12,46
45,13,44
45,14,46
45,15,45
45,16,46
45,17,46
45,18,47
45,19,128
45,20,39
45,21,47
45,22,50
45,23,46
45,24,47
45,25,48
45,26,48
45,27,69
45,28,74
45,29,75
45,30,74
45,31,74
45,32,40
45,33,43
45,34,44
45,35,34
45,36,46
45,37,38
45,38,38
45,39,45
45,40,38
45,41,45
45,42,38
45,43,44
45,44,46
45,45,0
45,46,33
45,47,32
45,48,32
45,49,30
45,50,30
45,51,34
45,52,35
45,53,31
45,54,31
45,55,31
45,56,42
45,57,40
45,58,39
45,59,43
45,60,38
45,61,41
45,62,43
45,63,8
45,64,30
45,65,33
45,66,33
45,67,41
45,68,31
45,69,39
45,70,39
45,71,40
45,72,57
45,73,34
45,74,34
45,75,57
45,76,55
45,77,55
45,78,33
45,79,33
45,80,33
45,81,35
45,82,53
45,83,42
45,84,31
45,85,37
45,86,31
45,87,41
45,88,41
45,89,96
45,90,41
45,91,40
45,92,107
45,93,47
45,94,32
45,95,36
45,96,35
45,97,35
45,98,42
45,99,36
45,100,46
45,101,32
45,102,36
45,103,53
45,104,33
45,105,33
45,106,33
45,107,36
45,108,37
45,109,33
45,110,34
45,111,38
45,112,39
45,113,53
45,114,53
45,115,53
45,116,39
45,117,34
45,118,34
45,119,37
45,120,37
45,121,37
45,122,39
45,123,39
45,124,37
45,125,37
45,126,35
45,127,32
45,128,36
45,129,36
45,130,37
45,131,36
45,132,35
45,133,35
45,134,37
45,135,36
45,136,35
45,137,36
45,138,40
45,139,36
45,140,36
45,141,42
45,142,42
45,143,47
45,144,36
45,145,47
45,146,36
45,147,30
45,148,104
45,149,52
45,150,38
45,151,36
45,152,35
45,153,34
45,154,35
45,155,34
45,156,34
45,157,38
45,158,54
45,159,116
45,160,34
45,161,31
45,162,38
45,163,39
45,164,34
45,165,34
45,166,37
45,167,34
45,168,37
45,169,37
45,170,37
45,171,31
45,172,40
45,173,35
45,174,32
45,175,40
45,176,40
45,177,39
45,178,55
45,179,31
45,180,112
45,181,39
45,182,97
45,183,97
45,184,35
45,185,35
45,186,36
45,187,36
45,188,36
45,189,65
45,190,65
45,191,30
45,192,36
45,193,31
45,194,30
45,195,31
45,196,30
45,197,31
45,198,30
45,199,30
45,200,31
45,201,31
45,202,65
45,203,34
45,204,36
45,205,126
45,206,39
45,207,39
45,208,39
45,209,36
45,210,31
45,211,31
45,212,33
45,213,36
45,214,35
45,215,16
45,216,16
45,217,16
45,218,37
45,219,36
45,220,125
45,221,39
45,222,38
45,223,39
45,224,39
45,225,31
45,226,32
45,227,57
45,228,64
45,229,39
45,230,39
45,231,31
45,232,33
45,233,34
45,234,37
45,235,34
45,236,39
45,237,36
45,238,38
45,239,38
45,240,34
45,241,34
45,242,36
45,243,42
45,244,34
45,245,34
45,246,32
45,247,36
45,248,36
45,249,52
45,250,36
45,251,36
45,252,34
45,253,34
45,254,35
45,255,31
45,256,34
45,257,34
45,258,34
45,259,34
45,260,33
45,261,38
45,262,53
45,263,54
45,264,47
45,265,65
45,266,66
45,267,66
45,268,66
45,269,36
45,270,34
45,271,34
45,272,66
45,273,34
45,274,33
45,275,33
45,276,62
45,277,32
45,278,32
45,279,32
45,280,32
45,281,34
45,282,34
45,283,36
45,284,34
45,285,34
45,286,33
45,287,33
45,288,33
45,289,34
45,290,34
45,291,34
45,292,34
45,293,34
45,294,34
45,295,34
45,296,34
45,297,35
45,298,35
45,299,45
45,300,34
45,301,34
45,302,34
45,303,35
45,304,39
45,305,35
45,306,36
45,307,40
45,308,97
45,309,38
45,310,38
45,311,36
45,312,36
45,313,34
45,314,35
45,315,31
45,316,31
45,317,37
45,318,36
45,319,36
45,320,34
45,321,34
45,322,36
45,323,37
45,324,35
45,325,39
45,326,38
45,327,57
45,328,35
45,329,30
45,330,30
45,331,40
45,332,16
45,333,44
45,334,37
45,335,84
45,336,34
45,337,34
45,338,32
45,339,25
45,340,39
45,341,40
45,342,41
45,343,38
45,344,31
45,345,32
45,346,31
45,347,42
45,348,39
45,349,39
45,350,30
46,0,0
46,1,0
46,2,0
46,3,0
46,4,0
46,5,0
46,6,0
46,7,0
46,8,0
46,9,0
46,10,0
46,11,0
46,12,28
46,13,27
46,14,28
46,15,27
46,16,28
46,17,29
46,18,22
46,19,107
46,20,28
46,21,4
46,22,24
46,23,23
46,24,24
46,25,25
46,26,23
46,27,27
46,28,32
46,29,32
46,30,32
46,31,32
46,32,24
46,33,24
46,34,24
46,35,52
46,36,23
46,37,25
46,38,25
46,39,27
46,40,26
46,41,24
46,42,26
46,43,23
46,44,28
46,45,33
46,46,0
46,47,32
46,48,32
46,49,33
46,50,32
46,51,37
46,52,65
46,53,36
46,54,36
46,55,36
46,56,13
46,57,39
46,58,38
46,59,42
46,60,34
46,61,12
46,62,44
46,63,31
46,64,33
46,65,32
46,66,32
46,67,43
46,68,25
46,69,42
46,70,39
46,71,38
46,72,86
46,73,38
46,74,36
46,75,86
46,76,25
46,77,25
46,78,63
46,79,63
46,80,63
46,81,49
46,82,45
46,83,53
46,84,32
46,85,40
46,86,33
46,87,41
46,88,42
46,89,67
46,90,37
46,91,36
46,92,99
46,93,18
46,94,61
46,95,65
46,96,33
46,97,35
46,98,35
46,99,29
46,100,17
46,101,61
46,102,28
46,103,47
46,104,38
46,105,38
46,106,39
46,107,39
46,108,40
46,109,40
46,110,38
46,111,28
46,112,34
46,113,45
46,114,45
46,115,45
46,116,38
46,117,39
46,118,39
46,119,36
46,120,36
46,121,36
46,122,28
46,123,26
46,124,29
46,125,36
46,126,33
46,127,34
46,128,34
46,129,35
46,130,37
46,131,35
46,132,33
46,133,33
46,134,36
46,135,36
46,136,37
46,137,33
46,138,38
46,139,34
46,140,34
46,141,35
46,142,36
46,143,17
46,144,30
46,145,17
46,146,34
46,147,35
46,148,76
46,149,44
46,150,28
46,151,30
46,152,28
46,153,28
46,154,28
46,155,36
46,156,36
46,157,43
46,158,43
46,159,109
46,160,29
46,161,33
46,162,34
46,163,34
46,164,32
46,165,32
46,166,36
46,167,37
46,168,29
46,169,29
46,170,29
46,171,1
46,172,25
46,173,36
46,174,33
46,175,37
46,176,38
46,177,28
46,178,45
46,179,2
46,180,82
46,181,38
46,182,68
46,183,68
46,184,28
46,185,28
46,186,27
46,187,27
46,188,27
46,189,65
46,190,65
46,191,33
46,192,39
46,193,32
46,194,34
46,195,33
46,196,33
46,197,33
46,198,34
46,199,33
46,200,33
46,201,33
46,202,65
46,203,29
46,204,34
46,205,97
46,206,26
46,207,26
46,208,26
46,209,29
46,210,34
46,211,34
46,212,33
46,213,29
46,214,29
46,215,19
46,216,19
46,217,19
46,218,32
46,219,32
46,220,96
46,221,44
46,222,35
46,223,28
46,224,28
46,225,35
46,226,35
46,227,31
46,228,58
46,229,42
46,230,42
46,231,34
46,232,4
46,233,4
46,234,30
46,235,28
46,236,26
46,237,39
46,238,38
46,239,38
46,240,28
46,241,28
46,242,35
46,243,37
46,244,30
46,245,30
46,246,33
46,247,33
46,248,33
46,249,45
46,250,30
46,251,30
46,252,29
46,253,29
46,254,36
46,255,33
46,256,33
46,257,33
46,258,33
46,259,34
46,260,34
46,261,33
46,262,43
46,263,44
46,264,17
46,265,36
46,266,37
46,267,37
46,268,37
46,269,34
46,270,34
46,271,34
46,272,66
46,273,33
46,274,34
46,275,31
46,276,63
46,277,32
46,278,33
46,279,33
46,280,34
46,281,37
46,282,37
46,283,35
46,284,37
46,285,28
46,286,29
46,287,29
46,288,30
46,289,29
46,290,28
46,291,29
46,292,29
46,293,29
46,294,28
46,295,28
46,296,28
46,297,27
46,298,28
46,299,15
46,300,37
46,301,37
46,302,37
46,303,36
46,304,38
46,305,36
46,306,26
46,307,42
46,308,68
46,309,42
46,310,43
46,311,29
46,312,28
46,313,29
46,314,30
46,315,34
46,316,34
46,317,29
46,318,29
46,319,30
46,320,29
46,321,29
46,322,39
46,323,29
46,324,31
46,325,28
46,326,29
46,327,30
46,328,33
46,329,33
46,330,33
46,331,43
46,332,19
46,333,42
46,334,35
46,335,65
46,336,32
46,337,30
46,338,33
46,339,10
46,340,28
46,341,25
46,342,39
46,343,28
46,344,33
46,345,32
46,346,33
46,347,53
46,348,25
46,349,28
46,350,35
47,0,0
47,1,0
47,2,0
47,3,0
47,4,0
47,5,0
47,6,0
47,7,0
47,8,0
47,9,0
47,10,0
47,11,0
47,12,5
47,13,4
47,14,5
47,15,4
47,16,5
47,17,6
47,18,7
47,19,88
47,20,3
47,21,38
47,22,10
47,23,6
47,24,7
47,25,8
47,26,7
47,27,44
47,28,36
47,29,36
47,30,36
47,31,36
47,32,2
47,33,3
47,34,3
47,35,25
47,36,5
47,37,3
47,38,3
47,39,5
47,40,4
47,41,4
47,42,4
47,43,4
47,44,5
47,45,32
47,46,32
47,47,0
47,48,3
47,49,4
47,50,5
47,51,7
47,52,34
47,53,4
47,54,4
47,55,4
47,56,36
47,57,9
47,58,8
47,59,11
47,60,8
47,61,27
47,62,15
47,63,27
47,64,3
47,65,3
47,66,3
47,67,13
47,68,14
47,69,13
47,70,10
47,71,9
47,72,55
47,73,8
47,74,6
47,75,55
47,76,46
47,77,46
47,78,32
47,79,32
47,80,32
47,81,19
47,82,21
47,83,24
47,84,1
47,85,11
47,86,1
47,87,12
47,88,13
47,89,81
47,90,10
47,91,10
47,92,143
47,93,41
47,94,30
47,95,34
47,96,3
47,97,5
47,98,12
47,99,7
47,100,40
47,101,30
47,102,6
47,103,20
47,104,6
47,105,7
47,106,7
47,107,10
47,108,11
47,109,7
47,110,8
47,111,8
47,112,9
47,113,21
47,114,21
47,115,21
47,116,8
47,117,7
47,118,7
47,119,5
47,120,5
47,121,5
47,122,9
47,123,10
47,124,7
47,125,6
47,126,5
47,127,2
47,128,4
47,129,5
47,130,7
47,131,5
47,132,5
47,133,5
47,134,5
47,135,6
47,136,7
47,137,6
47,138,8
47,139,4
47,140,5
47,141,12
47,142,12
47,143,41
47,144,6
47,145,41
47,146,4
47,147,3
47,148,89
47,149,20
47,150,9
47,151,6
47,152,5
47,153,5
47,154,5
47,155,4
47,156,4
47,157,14
47,158,22
47,159,84
47,160,5
47,161,3
47,162,8
47,163,8
47,164,4
47,165,4
47,166,5
47,167,5
47,168,7
47,169,7
47,170,7
47,171,23
47,172,10
47,173,5
47,174,1
47,175,9
47,176,8
47,177,9
47,178,23
47,179,23
47,180,97
47,181,7
47,182,82
47,183,83
47,184,6
47,185,6
47,186,7
47,187,7
47,188,7
47,189,35
47,190,35
47,191,1
47,192,10
47,193,5
47,194,4
47,195,5
47,196,4
47,197,5
47,198,4
47,199,4
47,200,5
47,201,5
47,202,34
47,203,5
47,204,4
47,205,111
47,206,10
47,207,10
47,208,10
47,209,7
47,210,1
47,211,1
47,212,1
47,213,6
47,214,5
47,215,18
47,216,18
47,217,18
47,218,6
47,219,6
47,220,110
47,221,15
47,222,6
47,223,9
47,224,9
47,225,2
47,226,3
47,227,26
47,228,32
47,229,13
47,230,13
47,231,3
47,232,25
47,233,26
47,234,7
47,235,5
47,236,9
47,237,8
47,238,8
47,239,8
47,240,5
47,241,5
47,242,6
47,243,11
47,244,4
47,245,4
47,246,1
47,247,4
47,248,4
47,249,20
47,250,6
47,251,6
47,252,5
47,253,5
47,254,6
47,255,1
47,256,2
47,257,2
47,258,3
47,259,2
47,260,2
47,261,8
47,262,21
47,263,22
47,264,41
47,265,37
47,266,38
47,267,38
47,268,38
47,269,4
47,270,3
47,271,2
47,272,36
47,273,2
47,274,2
47,275,4
47,276,32
47,277,1
47,278,1
47,279,1
47,280,1
47,281,5
47,282,5
47,283,4
47,284,5
47,285,5
47,286,4
47,287,4
47,288,3
47,289,4
47,290,5
47,291,4
47,292,4
47,293,4
47,294,4
47,295,5
47,296,5
47,297,5
47,298,5
47,299,36
47,300,5
47,301,5
47,302,5
47,303,5
47,304,8
47,305,5
47,306,6
47,307,12
47,308,82
47,309,13
47,310,13
47,311,6
47,312,6
47,313,5
47,314,5
47,315,1
47,316,2
47,317,7
47,318,7
47,319,6
47,320,4
47,321,4
47,322,10
47,323,8
47,324,5
47,325,9
47,326,8
47,327,25
47,328,5
47,329,3
47,330,3
47,331,14
47,332,17
47,333,12
47,334,5
47,335,92
47,336,4
47,337,4
47,338,1
47,339,23
47,340,9
47,341,11
47,342,10
47,343,8
47,344,1
47,345,1
47,346,1
47,347,24
47,348,10
47,349,9
47,350,4
48,0,0
48,1,0
48,2,0
48,3,0
48,4,0
48,5,0
48,6,0
48,7,0
48,8,0
48,9,0
48,10,0
48,11,0
48,12,5
48,13,4
48,14,6
48,15,4
48,16,5
48,17,6
48,18,6
48,19,87
48,20,3
48,21,37
48,22,10
48,23,5
48,24,6
48,25,7
48,26,7
48,27,43
48,28,35
48,29,35
48,30,35
48,31,35
48,32,3
48,33,2
48,34,3
48,35,25
48,36,5
48,37,4
48,38,4
48,39,5
48,40,5
48,41,4
48,42,5
48,43,4
48,44,5
48,45,32
48,46,32
48,47,3
48,48,0
48,49,4
48,50,5
48,51,8
48,52,35
48,53,5
48,54,5
48,55,5
48,56,35
48,57,9
48,58,8
48,59,12
48,60,7
48,61,26
48,62,15
48,63,27
48,64,3
48,65,1
48,66,1
48,67,14
48,68,14
48,69,14
48,70,10
48,71,10
48,72,56
48,73,9
48,74,7
48,75,56
48,76,45
48,77,45
48,78,33
48,79,33
48,80,33
48,81,19
48,82,21
48,83,24
48,84,1
48,85,12
48,86,1
48,87,13
48,88,13
48,89,80
48,90,11
48,91,10
48,92,142
48,93,40
48,94,31
48,95,35
48,96,4
48,97,5
48,98,11
48,99,6
48,100,39
48,101,30
48,102,5
48,103,20
48,104,7
48,105,7
48,106,7
48,107,11
48,108,11
48,109,8
48,110,9
48,111,7
48,112,8
48,113,21
48,114,21
48,115,21
48,116,8
48,117,8
48,118,8
48,119,6
48,120,6
48,121,6
48,122,8
48,123,8
48,124,6
48,125,6
48,126,4
48,127,3
48,128,5
48,129,5
48,130,7
48,131,5
48,132,5
48,133,5
48,134,6
48,135,7
48,136,8
48,137,5
48,138,9
48,139,5
48,140,5
48,141,12
48,142,11
48,143,40
48,144,5
48,145,42
48,146,5
48,147,4
48,148,88
48,149,19
48,150,8
48,151,5
48,152,4
48,153,4
48,154,4
48,155,5
48,156,5
48,157,14
48,158,22
48,159,85
48,160,4
48,161,3
48,162,7
48,163,8
48,164,4
48,165,4
48,166,6
48,167,5
48,168,6
48,169,6
48,170,6
48,171,23
48,172,9
48,173,6
48,174,2
48,175,9
48,176,9
48,177,8
48,178,22
48,179,23
48,180,96
48,181,8
48,182,81
48,183,81
48,184,5
48,185,5
48,186,6
48,187,6
48,188,5
48,189,35
48,190,35
48,191,2
48,192,10
48,193,5
48,194,4
48,195,5
48,196,5
48,197,5
48,198,5
48,199,4
48,200,5
48,201,5
48,202,35
48,203,3
48,204,5
48,205,110
48,206,8
48,207,8
48,208,8
48,209,6
48,210,2
48,211,2
48,212,2
48,213,5
48,214,4
48,215,18
48,216,18
48,217,18
48,218,6
48,219,6
48,220,109
48,221,15
48,222,7
48,223,8
48,224,8
48,225,3
48,226,4
48,227,24
48,228,32
48,229,14
48,230,14
48,231,3
48,232,26
48,233,26
48,234,7
48,235,4
48,236,8
48,237,8
48,238,8
48,239,9
48,240,4
48,241,3
48,242,6
48,243,11
48,244,3
48,245,3
48,246,1
48,247,5
48,248,5
48,249,19
48,250,5
48,251,5
48,252,3
48,253,3
48,254,7
48,255,1
48,256,3
48,257,3
48,258,3
48,259,3
48,260,2
48,261,7
48,262,21
48,263,22
48,264,40
48,265,36
48,266,37
48,267,37
48,268,37
48,269,5
48,270,3
48,271,3
48,272,36
48,273,3
48,274,2
48,275,2
48,276,33
48,277,1
48,278,1
48,279,1
48,280,2
48,281,6
48,282,6
48,283,5
48,284,6
48,285,4
48,286,2
48,287,3
48,288,2
48,289,3
48,290,3
48,291,3
48,292,3
48,293,3
48,294,3
48,295,3
48,296,3
48,297,4
48,298,4
48,299,35
48,300,6
48,301,6
48,302,6
48,303,6
48,304,8
48,305,6
48,306,5
48,307,13
48,308,81
48,309,14
48,310,14
48,311,5
48,312,5
48,313,3
48,314,4
48,315,2
48,316,2
48,317,6
48,318,6
48,319,5
48,320,3
48,321,3
48,322,10
48,323,7
48,324,4
48,325,9
48,326,7
48,327,23
48,328,4
48,329,3
48,330,3
48,331,15
48,332,17
48,333,13
48,334,6
48,335,90
48,336,3
48,337,3
48,338,2
48,339,23
48,340,8
48,341,9
48,342,11
48,343,7
48,344,1
48,345,1
48,346,1
48,347,24
48,348,9
48,349,8
48,350,5
49,0,0
49,1,0
49,2,0
49,3,0
49,4,0
49,5,0
49,6,0
49,7,0
49,8,0
49,9,0
49,10,0
49,11,0
49,12,8
49,13,7
49,14,8
49,15,7
49,16,8
49,17,9
49,18,9
49,19,90
49,20,2
49,21,35
49,22,13
49,23,8
49,24,9
49,25,10
49,26,10
49,27,46
49,28,39
49,29,39
49,30,38
49,31,38
49,32,3
49,33,5
49,34,6
49,35,28
49,36,8
49,37,4
49,38,4
49,39,8
49,40,4
49,41,7
49,42,4
49,43,7
49,44,8
49,45,30
49,46,33
49,47,4
49,48,4
49,49,0
49,50,1
49,51,9
49,52,37
49,53,4
49,54,4
49,55,4
49,56,36
49,57,11
49,58,10
49,59,14
49,60,8
49,61,27
49,62,17
49,63,24
49,64,1
49,65,3
49,66,3
49,67,15
49,68,10
49,69,15
49,70,12
49,71,11
49,72,58
49,73,10
49,74,9
49,75,58
49,76,46
49,77,46
49,78,35
49,79,35
49,80,35
49,81,21
49,82,22
49,83,26
49,84,2
49,85,13
49,86,2
49,87,14
49,88,15
49,89,81
49,90,11
49,91,11
49,92,143
49,93,41
49,94,33
49,95,37
49,96,5
49,97,7
49,98,13
49,99,7
49,100,40
49,101,33
49,102,6
49,103,21
49,104,9
49,105,9
49,106,9
49,107,12
49,108,13
49,109,8
49,110,11
49,111,8
49,112,9
49,113,22
49,114,22
49,115,22
49,116,10
49,117,9
49,118,10
49,119,7
49,120,7
49,121,7
49,122,10
49,123,10
49,124,7
49,125,8
49,126,5
49,127,4
49,128,6
49,129,7
49,130,9
49,131,7
49,132,6
49,133,6
49,134,7
49,135,8
49,136,9
49,137,6
49,138,10
49,139,6
49,140,7
49,141,13
49,142,12
49,143,41
49,144,6
49,145,41
49,146,7
49,147,4
49,148,89
49,149,21
49,150,9
49,151,6
49,152,5
49,153,5
49,154,5
49,155,6
49,156,6
49,157,16
49,158,23
49,159,86
49,160,5
49,161,2
49,162,8
49,163,9
49,164,5
49,165,5
49,166,8
49,167,7
49,168,7
49,169,7
49,170,7
49,171,25
49,172,10
49,173,7
49,174,3
49,175,11
49,176,10
49,177,10
49,178,23
49,179,25
49,180,97
49,181,9
49,182,82
49,183,83
49,184,6
49,185,6
49,186,7
49,187,7
49,188,7
49,189,37
49,190,37
49,191,1
49,192,12
49,193,2
49,194,1
49,195,2
49,196,2
49,197,2
49,198,2
49,199,1
49,200,2
49,201,2
49,202,36
49,203,5
49,204,6
49,205,111
49,206,10
49,207,10
49,208,10
49,209,7
49,210,2
49,211,2
49,212,3
49,213,6
49,214,5
49,215,14
49,216,14
49,217,14
49,218,7
49,219,7
49,220,110
49,221,17
49,222,8
49,223,10
49,224,10
49,225,4
49,226,5
49,227,26
49,228,33
49,229,15
49,230,15
49,231,1
49,232,27
49,233,28
49,234,8
49,235,5
49,236,9
49,237,10
49,238,10
49,239,10
49,240,5
49,241,5
49,242,8
49,243,12
49,244,4
49,245,4
49,246,3
49,247,6
49,248,6
49,249,21
49,250,6
49,251,6
49,252,5
49,253,5
49,254,8
49,255,2
49,256,4
49,257,4
49,258,5
49,259,4
49,260,4
49,261,8
49,262,22
49,263,23
49,264,41
49,265,37
49,266,38
49,267,38
49,268,38
49,269,6
49,270,5
49,271,5
49,272,38
49,273,4
49,274,4
49,275,4
49,276,34
49,277,2
49,278,3
49,279,2
49,280,4
49,281,7
49,282,7
49,283,6
49,284,7
49,285,5
49,286,4
49,287,4
49,288,3
49,289,4
49,290,5
49,291,4
49,292,4
49,293,4
49,294,5
49,295,5
49,296,5
49,297,5
49,298,5
49,299,36
49,300,7
49,301,7
49,302,7
49,303,7
49,304,10
49,305,7
49,306,6
49,307,15
49,308,82
49,309,15
49,310,16
49,311,6
49,312,6
49,313,5
49,314,5
49,315,3
49,316,3
49,317,7
49,318,7
49,319,7
49,320,4
49,321,4
49,322,12
49,323,8
49,324,5
49,325,10
49,326,8
49,327,25
49,328,5
49,329,1
49,330,1
49,331,16
49,332,14
49,333,14
49,334,7
49,335,92
49,336,4
49,337,4
49,338,3
49,339,19
49,340,10
49,341,11
49,342,12
49,343,8
49,344,2
49,345,2
49,346,1
49,347,26
49,348,10
49,349,10
49,350,3
50,0,0
50,1,0
50,2,0
50,3,0
50,4,0
50,5,0
50,6,0
50,7,0
50,8,0
50,9,0
50,10,0
50,11,0
50,12,9
50,13,8
50,14,9
50,15,8
50,16,9
50,17,10
50,18,10
50,19,91
50,20,3
50,21,34
50,22,13
50,23,9
50,24,10
50,25,11
50,26,11
50,27,47
50,28,39
50,29,39
50,30,39
50,31,39
50,32,4
50,33,6
50,34,7
50,35,29
50,36,9
50,37,4
50,38,4
50,39,8
50,40,5
50,41,8
50,42,5
50,43,7
50,44,9
50,45,30
50,46,32
50,47,5
50,48,5
50,49,1
50,50,0
50,51,9
50,52,37
50,53,4
50,54,4
50,55,4
50,56,36
50,57,11
50,58,10
50,59,14
50,60,8
50,61,27
50,62,17
50,63,24
50,64,1
50,65,3
50,66,3
50,67,15
50,68,11
50,69,15
50,70,12
50,71,11
50,72,58
50,73,10
50,74,9
50,75,58
50,76,46
50,77,46
50,78,35
50,79,35
50,80,35
50,81,21
50,82,22
50,83,26
50,84,2
50,85,13
50,86,2
50,87,14
50,88,15
50,89,81
50,90,11
50,91,11
50,92,143
50,93,41
50,94,33
50,95,37
50,96,5
50,97,7
50,98,13
50,99,7
50,100,40
50,101,33
50,102,6
50,103,21
50,104,9
50,105,9
50,106,9
50,107,12
50,108,13
50,109,8
50,110,11
50,111,8
50,112,9
50,113,22
50,114,22
50,115,22
50,116,10
50,117,9
50,118,9
50,119,7
50,120,7
50,121,7
50,122,10
50,123,9
50,124,7
50,125,8
50,126,5
50,127,4
50,128,6
50,129,7
50,130,9
50,131,7
50,132,6
50,133,6
50,134,7
50,135,8
50,136,9
50,137,6
50,138,10
50,139,6
50,140,7
50,141,13
50,142,12
50,143,41
50,144,6
50,145,41
50,146,6
50,147,4
50,148,89
50,149,21
50,150,9
50,151,6
50,152,5
50,153,5
50,154,5
50,155,6
50,156,6
50,157,16
50,158,23
50,159,86
50,160,5
50,161,2
50,162,8
50,163,9
50,164,5
50,165,5
50,166,8
50,167,7
50,168,7
50,169,7
50,170,7
50,171,25
50,172,10
50,173,7
50,174,3
50,175,11
50,176,10
50,177,10
50,178,23
50,179,25
50,180,97
50,181,9
50,182,82
50,183,82
50,184,6
50,185,6
50,186,7
50,187,7
50,188,7
50,189,37
50,190,37
50,191,1
50,192,12
50,193,2
50,194,1
50,195,2
50,196,2
50,197,2
50,198,2
50,199,1
50,200,2
50,201,2
50,202,36
50,203,5
50,204,6
50,205,111
50,206,10
50,207,10
50,208,10
50,209,7
50,210,2
50,211,2
50,212,3
50,213,6
50,214,5
50,215,14
50,216,14
50,217,14
50,218,7
50,219,7
50,220,110
50,221,17
50,222,8
50,223,10
50,224,10
50,225,4
50,226,5
50,227,26
50,228,33
50,229,15
50,230,15
50,231,1
50,232,28
50,233,28
50,234,8
50,235,5
50,236,9
50,237,10
50,238,10
50,239,10
50,240,5
50,241,5
50,242,8
50,243,12
50,244,4
50,245,4
50,246,3
50,247,6
50,248,6
50,249,21
50,250,6
50,251,6
50,252,5
50,253,5
50,254,8
50,255,2
50,256,4
50,257,4
50,258,5
50,259,4
50,260,4
50,261,8
50,262,22
50,263,23
50,264,41
50,265,37
50,266,38
50,267,38
50,268,38
50,269,6
50,270,5
50,271,5
50,272,38
50,273,4
50,274,4
50,275,4
50,276,34
50,277,2
50,278,3
50,279,2
50,280,3
50,281,7
50,282,7
50,283,6
50,284,7
50,285,5
50,286,4
50,287,4
50,288,3
50,289,4
50,290,5
50,291,4
50,292,4
50,293,4
50,294,4
50,295,5
50,296,5
50,297,5
50,298,5
50,299,36
50,300,7
50,301,7
50,302,7
50,303,7
50,304,10
50,305,7
50,306,6
50,307,15
50,308,82
50,309,15
50,310,16
50,311,6
50,312,6
50,313,5
50,314,5
50,315,3
50,316,3
50,317,7
50,318,7
50,319,6
50,320,4
50,321,4
50,322,12
50,323,8
50,324,5
50,325,10
50,326,8
50,327,25
50,328,5
50,329,1
50,330,1
50,331,16
50,332,14
50,333,14
50,334,7
50,335,92
50,336,4
50,337,4
50,338,3
50,339,20
50,340,10
50,341,11
50,342,12
50,343,8
50,344,2
50,345,2
50,346,1
50,347,26
50,348,10
50,349,10
50,350,3
51,0,0
51,1,0
51,2,0
51,3,0
51,4,0
51,5,0
51,6,0
51,7,0
51,8,0
51,9,0
51,10,0
51,11,0
51,12,2
51,13,3
51,14,3
51,15,3
51,16,3
51,17,2
51,18,10
51,19,87
51,20,9
51,21,38
51,22,11
51,23,7
51,24,7
51,25,8
51,26,7
51,27,49
51,28,37
51,29,37
51,30,37
51,31,37
51,32,9
51,33,8
51,34,8
51,35,22
51,36,9
51,37,8
51,38,8
51,39,4
51,40,7
51,41,6
51,42,7
51,43,7
51,44,4
51,45,34
51,46,37
51,47,7
51,48,8
51,49,9
51,50,9
51,51,0
51,52,31
51,53,6
51,54,6
51,55,6
51,56,38
51,57,5
51,58,4
51,59,7
51,60,6
51,61,29
51,62,7
51,63,32
51,64,8
51,65,6
51,66,6
51,67,6
51,68,19
51,69,6
51,70,2
51,71,2
51,72,52
51,73,1
51,74,1
51,75,52
51,76,48
51,77,48
51,78,29
51,79,29
51,80,29
51,81,14
51,82,20
51,83,16
51,84,6
51,85,4
51,86,6
51,87,4
51,88,5
51,89,83
51,90,8
51,91,8
51,92,145
51,93,43
51,94,27
51,95,31
51,96,4
51,97,1
51,98,10
51,99,6
51,100,42
51,101,27
51,102,6
51,103,19
51,104,2
51,105,2
51,106,2
51,107,3
51,108,3
51,109,7
51,110,1
51,111,7
51,112,7
51,113,20
51,114,20
51,115,20
51,116,4
51,117,2
51,118,2
51,119,3
51,120,3
51,121,3
51,122,7
51,123,9
51,124,6
51,125,4
51,126,3
51,127,5
51,128,3
51,129,2
51,130,2
51,131,2
51,132,4
51,133,4
51,134,1
51,135,1
51,136,1
51,137,4
51,138,4
51,139,3
51,140,3
51,141,10
51,142,10
51,143,43
51,144,5
51,145,43
51,146,2
51,147,5
51,148,91
51,149,18
51,150,7
51,151,6
51,152,6
51,153,7
51,154,7
51,155,2
51,156,2
51,157,6
51,158,21
51,159,82
51,160,6
51,161,8
51,162,6
51,163,7
51,164,3
51,165,3
51,166,2
51,167,1
51,168,6
51,169,6
51,170,7
51,171,27
51,172,9
51,173,2
51,174,6
51,175,7
51,176,6
51,177,7
51,178,21
51,179,26
51,180,99
51,181,4
51,182,84
51,183,85
51,184,7
51,185,7
51,186,8
51,187,8
51,188,7
51,189,32
51,190,33
51,191,7
51,192,2
51,193,10
51,194,9
51,195,10
51,196,10
51,197,10
51,198,10
51,199,9
51,200,10
51,201,10
51,202,27
51,203,6
51,204,3
51,205,113
51,206,9
51,207,9
51,208,9
51,209,6
51,210,6
51,211,6
51,212,5
51,213,6
51,214,6
51,215,23
51,216,23
51,217,23
51,218,5
51,219,5
51,220,112
51,221,7
51,222,4
51,223,7
51,224,7
51,225,4
51,226,4
51,227,24
51,228,31
51,229,6
51,230,6
51,231,8
51,232,28
51,233,29
51,234,6
51,235,7
51,236,8
51,237,1
51,238,2
51,239,2
51,240,7
51,241,7
51,242,1
51,243,10
51,244,5
51,245,5
51,246,6
51,247,4
51,248,4
51,249,18
51,250,5
51,251,5
51,252,6
51,253,6
51,254,1
51,255,6
51,256,4
51,257,4
51,258,4
51,259,5
51,260,4
51,261,6
51,262,20
51,263,21
51,264,44
51,265,35
51,266,36
51,267,36
51,268,36
51,269,4
51,270,3
51,271,3
51,272,29
51,273,4
51,274,4
51,275,6
51,276,30
51,277,6
51,278,6
51,279,6
51,280,6
51,281,2
51,282,2
51,283,3
51,284,1
51,285,6
51,286,6
51,287,6
51,288,6
51,289,6
51,290,7
51,291,6
51,292,6
51,293,6
51,294,7
51,295,7
51,296,7
51,297,7
51,298,7
51,299,39
51,300,1
51,301,1
51,302,1
51,303,2
51,304,4
51,305,2
51,306,8
51,307,5
51,308,84
51,309,6
51,310,6
51,311,6
51,312,6
51,313,5
51,314,6
51,315,6
51,316,7
51,317,6
51,318,6
51,319,5
51,320,6
51,321,6
51,322,2
51,323,7
51,324,4
51,325,8
51,326,6
51,327,23
51,328,5
51,329,8
51,330,8
51,331,7
51,332,22
51,333,8
51,334,4
51,335,94
51,336,5
51,337,5
51,338,7
51,339,28
51,340,7
51,341,10
51,342,3
51,343,7
51,344,6
51,345,7
51,346,6
51,347,16
51,348,9
51,349,7
51,350,7
52,0,0
52,1,0
52,2,0
52,3,0
52,4,0
52,5,0
52,6,0
52,7,0
52,8,0
52,9,0
52,10,0
52,11,0
52,12,34
52,13,34
52,14,34
52,15,34
52,16,34
52,17,34
52,18,43
52,19,118
52,20,36
52,21,66
52,22,44
52,23,38
52,24,38
52,25,39
52,26,39
52,27,80
52,28,67
52,29,67
52,30,67
52,31,67
52,32,36
52,33,40
52,34,39
52,35,6
52,36,41
52,37,35
52,38,35
52,39,35
52,40,34
52,41,37
52,42,33
52,43,38
52,44,36
52,45,35
52,46,65
52,47,34
52,48,35
52,49,37
52,50,37
52,51,31
52,52,0
52,53,26
52,54,26
52,55,26
52,56,63
52,57,29
52,58,29
52,59,31
52,60,31
52,61,51
52,62,24
52,63,29
52,64,28
52,65,27
52,66,27
52,67,24
52,68,39
52,69,23
52,70,23
52,71,24
52,72,22
52,73,24
52,74,25
52,75,22
52,76,73
52,77,73
52,78,3
52,79,3
52,80,3
52,81,16
52,82,45
52,83,24
52,84,26
52,85,24
52,86,26
52,87,24
52,88,23
52,89,108
52,90,33
52,91,33
52,92,140
52,93,68
52,94,4
52,95,1
52,96,27
52,97,26
52,98,35
52,99,31
52,100,65
52,101,6
52,102,31
52,103,44
52,104,24
52,105,24
52,106,24
52,107,24
52,108,25
52,109,27
52,110,25
52,111,32
52,112,32
52,113,45
52,114,45
52,115,45
52,116,30
52,117,23
52,118,23
52,119,28
52,120,28
52,121,28
52,122,33
52,123,34
52,124,31
52,125,29
52,126,28
52,127,24
52,128,28
52,129,27
52,130,27
52,131,27
52,132,29
52,133,29
52,134,27
52,135,26
52,136,25
52,137,30
52,138,29
52,139,28
52,140,29
52,141,36
52,142,35
52,143,67
52,144,30
52,145,68
52,146,27
52,147,25
52,148,116
52,149,44
52,150,32
52,151,31
52,152,30
52,153,29
52,154,29
52,155,26
52,156,26
52,157,22
52,158,46
52,159,105
52,160,29
52,161,28
52,162,31
52,163,32
52,164,29
52,165,29
52,166,28
52,167,25
52,168,32
52,169,32
52,170,32
52,171,51
52,172,34
52,173,27
52,174,25
52,175,32
52,176,31
52,177,33
52,178,47
52,179,51
52,180,124
52,181,29
52,182,109
52,183,110
52,184,30
52,185,30
52,186,31
52,187,31
52,188,31
52,189,46
52,190,46
52,191,27
52,192,26
52,193,30
52,194,29
52,195,30
52,196,30
52,197,30
52,198,30
52,199,29
52,200,30
52,201,30
52,202,46
52,203,29
52,204,28
52,205,138
52,206,34
52,207,34
52,208,34
52,209,31
52,210,26
52,211,26
52,212,26
52,213,31
52,214,30
52,215,37
52,216,37
52,217,37
52,218,31
52,219,31
52,220,137
52,221,20
52,222,30
52,223,33
52,224,33
52,225,24
52,226,23
52,227,49
52,228,56
52,229,22
52,230,24
52,231,29
52,232,54
52,233,54
52,234,31
52,235,29
52,236,33
52,237,27
52,238,27
52,239,28
52,240,29
52,241,29
52,242,26
52,243,35
52,244,28
52,245,28
52,246,26
52,247,29
52,248,29
52,249,44
52,250,30
52,251,30
52,252,29
52,253,29
52,254,25
52,255,27
52,256,26
52,257,26
52,258,27
52,259,26
52,260,26
52,261,31
52,262,45
52,263,46
52,264,67
52,265,62
52,266,63
52,267,63
52,268,63
52,269,29
52,270,27
52,271,27
52,272,47
52,273,26
52,274,26
52,275,28
52,276,44
52,277,26
52,278,26
52,279,26
52,280,25
52,281,26
52,282,25
52,283,28
52,284,25
52,285,29
52,286,28
52,287,28
52,288,28
52,289,28
52,290,29
52,291,28
52,292,28
52,293,28
52,294,29
52,295,29
52,296,29
52,297,30
52,298,30
52,299,63
52,300,26
52,301,26
52,302,26
52,303,27
52,304,29
52,305,27
52,306,31
52,307,24
52,308,109
52,309,22
52,310,22
52,311,31
52,312,31
52,313,29
52,314,31
52,315,25
52,316,26
52,317,31
52,318,31
52,319,30
52,320,28
52,321,28
52,322,26
52,323,32
52,324,30
52,325,33
52,326,31
52,327,48
52,328,29
52,329,28
52,330,28
52,331,22
52,332,37
52,333,34
52,334,29
52,335,119
52,336,28
52,337,28
52,338,26
52,339,45
52,340,33
52,341,35
52,342,24
52,343,32
52,344,27
52,345,27
52,346,27
52,347,24
52,348,34
52,349,33
52,350,26
53,0,0
53,1,0
53,2,0
53,3,0
53,4,0
53,5,0
53,6,0
53,7,0
53,8,0
53,9,0
53,10,0
53,11,0
53,12,8
53,13,7
53,14,8
53,15,7
53,16,8
53,17,9
53,18,11
53,19,90
53,20,2
53,21,38
53,22,15
53,23,10
53,24,11
53,25,11
53,26,11
53,27,48
53,28,40
53,29,40
53,30,40
53,31,40
53,32,3
53,33,7
53,34,8
53,35,24
53,36,10
53,37,1
53,38,1
53,39,7
53,40,1
53,41,8
53,42,1
53,43,8
53,44,8
53,45,31
53,46,36
53,47,4
53,48,5
53,49,4
53,50,4
53,51,6
53,52,26
53,53,0
53,54,0
53,55,0
53,56,38
53,57,11
53,58,10
53,59,14
53,60,10
53,61,29
53,62,13
53,63,25
53,64,4
53,65,5
53,66,5
53,67,12
53,68,14
53,69,12
53,70,9
53,71,8
53,72,56
53,73,7
53,74,7
53,75,56
53,76,48
53,77,48
53,78,33
53,79,33
53,80,33
53,81,19
53,82,24
53,83,22
53,84,3
53,85,10
53,86,3
53,87,11
53,88,11
53,89,83
53,90,12
53,91,12
53,92,145
53,93,43
53,94,31
53,95,37
53,96,5
53,97,7
53,98,14
53,99,9
53,100,40
53,101,30
53,102,8
53,103,23
53,104,6
53,105,6
53,106,6
53,107,9
53,108,10
53,109,5
53,110,7
53,111,10
53,112,11
53,113,24
53,114,24
53,115,24
53,116,10
53,117,6
53,118,6
53,119,7
53,120,7
53,121,8
53,122,11
53,123,12
53,124,9
53,125,8
53,126,7
53,127,2
53,128,6
53,129,7
53,130,9
53,131,7
53,132,7
53,133,7
53,134,7
53,135,8
53,136,9
53,137,8
53,138,10
53,139,7
53,140,7
53,141,14
53,142,14
53,143,42
53,144,8
53,145,43
53,146,7
53,147,1
53,148,91
53,149,22
53,150,11
53,151,8
53,152,7
53,153,7
53,154,7
53,155,6
53,156,6
53,157,12
53,158,25
53,159,86
53,160,7
53,161,4
53,162,10
53,163,11
53,164,7
53,165,7
53,166,8
53,167,6
53,168,9
53,169,9
53,170,9
53,171,25
53,172,12
53,173,7
53,174,2
53,175,11
53,176,10
53,177,11
53,178,25
53,179,24
53,180,99
53,181,9
53,182,84
53,183,85
53,184,8
53,185,8
53,186,9
53,187,9
53,188,9
53,189,34
53,190,34
53,191,3
53,192,9
53,193,6
53,194,5
53,195,6
53,196,5
53,197,5
53,198,5
53,199,5
53,200,6
53,201,6
