0,0,0
0,1,13
0,2,69
0,3,480
0,4,9
0,5,7
0,6,7
0,7,8
0,8,9
0,9,9
0,10,19
0,11,21
0,12,21
0,13,19
0,14,22
0,15,20
0,16,21
0,17,25
0,18,5
0,19,278
0,20,29
0,21,116
0,22,17
0,23,3
0,24,4
0,25,6
0,26,6
0,27,152
0,28,131
0,29,131
0,30,130
0,31,131
0,32,26
0,33,13
0,34,13
0,35,135
0,36,3
0,37,34
0,38,34
0,39,15
0,40,36
0,41,9
0,42,36
0,43,6
0,44,23
0,45,147
0,46,112
0,47,21
0,48,18
0,49,27
0,50,27
0,51,29
0,52,150
0,53,32
0,54,32
0,55,32
0,56,146
0,57,33
0,58,28
0,59,35
0,60,12
0,61,110
0,62,52
0,63,112
0,64,24
0,65,18
0,66,18
0,67,47
0,68,56
0,69,51
0,70,37
0,71,35
0,72,226
0,73,31
0,74,29
0,75,227
0,76,197
0,77,197
0,78,145
0,79,145
0,80,145
0,81,71
0,82,59
0,83,84
0,84,22
0,85,41
0,86,22
0,87,44
0,88,44
0,89,300
0,90,17
0,91,17
0,92,420
0,93,161
0,94,137
0,95,150
0,96,15
0,97,22
0,98,22
0,99,1
0,100,156
0,101,132
0,102,6
0,103,57
0,104,33
0,105,34
0,106,34
0,107,38
0,108,40
0,109,31
0,110,31
0,111,12
0,112,12
0,113,60
0,114,59
0,115,59
0,116,31
0,117,34
0,118,34
0,119,21
0,120,21
0,121,21
0,122,16
0,123,14
0,124,3
0,125,21
0,126,11
0,127,30
0,128,16
0,129,20
0,130,21
0,131,19
0,132,9
0,133,9
0,134,21
0,135,28
0,136,27
0,137,12
0,138,31
0,139,13
0,140,15
0,141,22
0,142,22
0,143,163
0,144,3
0,145,163
0,146,17
0,147,31
0,148,360
0,149,60
0,150,11
0,151,4
0,152,5
0,153,7
0,154,9
0,155,25
0,156,25
0,157,50
0,158,67
0,159,278
0,160,7
0,161,23
0,162,12
0,163,13
0,164,10
0,165,10
0,166,22
0,167,30
0,168,8
0,169,8
0,170,8
0,171,107
0,172,22
0,173,23
0,174,26
0,175,18
0,176,21
0,177,16
0,178,65
0,179,106
0,180,420
0,181,25
0,182,300
0,183,300
0,184,7
0,185,7
0,186,9
0,187,9
0,188,10
0,189,120
0,190,120
0,191,22
0,192,37
0,193,28
0,194,27
0,195,29
0,196,28
0,197,28
0,198,29
0,199,27
0,200,29
0,201,29
0,202,117
0,203,8
0,204,14
0,205,420
0,206,18
0,207,17
0,208,17
0,209,6
0,210,25
0,211,25
0,212,21
0,213,3
0,214,5
0,215,75
0,216,75
0,217,75
0,218,2
0,219,2
0,220,480
0,221,55
0,222,16
0,223,16
0,224,16
0,225,28
0,226,29
0,227,84
0,228,99
0,229,48
0,230,48
0,231,23
0,232,116
0,233,116
0,234,7
0,235,11
0,236,15
0,237,32
0,238,30
0,239,30
0,240,10
0,241,10
0,242,25
0,243,21
0,244,10
0,245,11
0,246,24
0,247,19
0,248,19
0,249,58
0,250,3
0,251,4
0,252,7
0,253,7
0,254,28
0,255,22
0,256,17
0,257,17
0,258,17
0,259,18
0,260,18
0,261,9
0,262,64
0,263,63
0,264,163
0,265,128
0,266,131
0,267,131
0,268,131
0,269,19
0,270,17
0,271,18
0,272,121
0,273,18
0,274,19
0,275,12
0,276,105
0,277,22
0,278,22
0,279,22
0,280,27
0,281,29
0,282,30
0,283,23
0,284,29
0,285,7
0,286,14
0,287,12
0,288,14
0,289,11
0,290,12
0,291,10
0,292,10
0,293,10
0,294,9
0,295,9
0,296,8
0,297,7
0,298,6
0,299,153
0,300,27
0,301,27
0,302,27
0,303,22
0,304,27
0,305,22
0,306,13
0,307,48
0,308,300
0,309,48
0,310,50
0,311,4
0,312,4
0,313,9
0,314,7
0,315,27
0,316,28
0,317,5
0,318,5
0,319,3
0,320,10
0,321,10
0,322,37
0,323,11
0,324,7
0,325,17
0,326,10
0,327,80
0,328,12
0,329,25
0,330,26
0,331,50
0,332,73
0,333,33
0,334,17
0,335,300
0,336,12
0,337,11
0,338,24
0,339,93
0,340,16
0,341,23
0,342,39
0,343,11
0,344,23
0,345,21
0,346,23
0,347,84
0,348,17
0,349,16
0,350,35
1,0,0
1,1,0
1,2,78
1,3,420
1,4,9
1,5,17
1,6,17
1,7,17
1,8,16
1,9,16
1,10,28
1,11,34
1,12,35
1,13,32
1,14,35
1,15,34
1,16,35
1,17,39
1,18,8
1,19,287
1,20,38
1,21,106
1,22,9
1,23,16
1,24,16
1,25,15
1,26,14
1,27,141
1,28,123
1,29,123
1,30,122
1,31,123
1,32,35
1,33,21
1,34,22
1,35,149
1,36,14
1,37,44
1,38,44
1,39,28
1,40,45
1,41,22
1,42,45
1,43,17
1,44,37
1,45,156
1,46,102
1,47,30
1,48,27
1,49,36
1,50,36
1,51,42
1,52,164
1,53,41
1,54,41
1,55,41
1,56,135
1,57,47
1,58,42
1,59,48
1,60,26
1,61,99
1,62,66
1,63,121
1,64,33
1,65,27
1,66,27
1,67,60
1,68,47
1,69,64
1,70,51
1,71,48
1,72,239
1,73,44
1,74,43
1,75,240
1,76,186
1,77,186
1,78,158
1,79,158
1,80,158
1,81,84
1,82,69
1,83,98
1,84,31
1,85,55
1,86,31
1,87,57
1,88,57
1,89,300
1,90,30
1,91,31
1,92,420
1,93,150
1,94,150
1,95,163
1,96,28
1,97,36
1,98,35
1,99,13
1,100,145
1,101,145
1,102,7
1,103,67
1,104,46
1,105,47
1,106,47
1,107,52
1,108,54
1,109,44
1,110,45
1,111,6
1,112,25
1,113,69
1,114,69
1,115,69
1,116,44
1,117,47
1,118,47
1,119,34
1,120,35
1,121,35
1,122,8
1,123,6
1,124,11
1,125,34
1,126,24
1,127,40
1,128,29
1,129,33
1,130,34
1,131,33
1,132,22
1,133,22
1,134,35
1,135,41
1,136,41
1,137,26
1,138,45
1,139,26
1,140,29
1,141,35
1,142,35
1,143,151
1,144,16
1,145,153
1,146,31
1,147,41
1,148,360
1,149,69
1,150,9
1,151,13
1,152,13
1,153,13
1,154,16
1,155,38
1,156,38
1,157,64
1,158,76
1,159,287
1,160,14
1,161,30
1,162,26
1,163,26
1,164,23
1,165,24
1,166,36
1,167,42
1,168,9
1,169,9
1,170,8
1,171,97
1,172,14
1,173,35
1,174,35
1,175,32
1,176,34
1,177,8
1,178,74
1,179,96
1,180,360
1,181,38
1,182,300
1,183,300
1,184,6
1,185,6
1,186,4
1,187,4
1,188,3
1,189,133
1,190,134
1,191,31
1,192,51
1,193,37
1,194,37
1,195,38
1,196,37
1,197,38
1,198,38
1,199,36
1,200,38
1,201,38
1,202,131
1,203,15
1,204,28
1,205,420
1,206,9
1,207,9
1,208,9
1,209,10
1,210,34
1,211,34
1,212,30
1,213,12
1,214,12
1,215,84
1,216,84
1,217,84
1,218,15
1,219,13
1,220,420
1,221,69
1,222,30
1,223,8
1,224,8
1,225,39
1,226,40
1,227,75
1,228,108
1,229,62
1,230,62
1,231,31
1,232,106
1,233,106
1,234,12
1,235,17
1,236,7
1,237,46
1,238,43
1,239,44
1,240,16
1,241,17
1,242,38
1,243,33
1,244,20
1,245,21
1,246,33
1,247,29
1,248,29
1,249,67
1,250,17
1,251,17
1,252,14
1,253,14
1,254,42
1,255,31
1,256,26
1,257,26
1,258,27
1,259,28
1,260,28
1,261,22
1,262,74
1,263,73
1,264,152
1,265,119
1,266,122
1,267,122
1,268,122
1,269,30
1,270,30
1,271,29
1,272,135
1,273,29
1,274,28
1,275,22
1,276,118
1,277,31
1,278,32
1,279,31
1,280,37
1,281,41
1,282,42
1,283,35
1,284,41
1,285,13
1,286,21
1,287,19
1,288,23
1,289,18
1,290,19
1,291,17
1,292,17
1,293,17
1,294,15
1,295,15
1,296,15
1,297,10
1,298,11
1,299,142
1,300,39
1,301,39
1,302,40
1,303,34
1,304,40
1,305,34
1,306,7
1,307,62
1,308,300
1,309,62
1,310,64
1,311,12
1,312,10
1,313,18
1,314,16
1,315,36
1,316,37
1,317,12
1,318,12
1,319,16
1,320,17
1,321,17
1,322,51
1,323,10
1,324,20
1,325,9
1,326,11
1,327,72
1,328,26
1,329,34
1,330,35
1,331,63
1,332,82
1,333,46
1,334,31
1,335,294
1,336,23
1,337,20
1,338,34
1,339,90
1,340,8
1,341,15
1,342,52
1,343,4
1,344,32
1,345,30
1,346,32
1,347,98
1,348,8
1,349,8
1,350,44
2,0,0
2,1,78
2,2,0
2,3,480
2,4,78
2,5,64
2,6,64
2,7,64
2,8,63
2,9,63
2,10,55
2,11,72
2,12,73
2,13,70
2,14,73
2,15,72
2,16,73
2,17,77
2,18,72
2,19,360
2,20,54
2,21,74
2,22,87
2,23,72
2,24,72
2,25,74
2,26,75
2,27,157
2,28,189
2,29,189
2,30,188
2,31,188
2,32,55
2,33,59
2,34,59
2,35,153
2,36,68
2,37,60
2,38,60
2,39,68
2,40,62
2,41,65
2,42,63
2,43,64
2,44,75
2,45,87
2,46,68
2,47,57
2,48,54
2,49,48
2,50,47
2,51,80
2,52,165
2,53,62
2,54,62
2,55,62
2,56,112
2,57,85
2,58,80
2,59,92
2,60,72
2,61,110
2,62,100
2,63,52
2,64,49
2,65,53
2,66,53
2,67,94
2,68,45
2,69,98
2,70,85
2,71,82
2,72,240
2,73,79
2,74,79
2,75,241
2,76,166
2,77,166
2,78,160
2,79,160
2,80,160
2,81,118
2,82,123
2,83,132
2,84,55
2,85,89
2,86,55
2,87,91
2,88,91
2,89,360
2,90,76
2,91,77
2,92,360
2,93,125
2,94,152
2,95,164
2,96,66
2,97,72
2,98,86
2,99,71
2,100,124
2,101,151
2,102,72
2,103,121
2,104,76
2,105,77
2,106,77
2,107,86
2,108,88
2,109,78
2,110,78
2,111,81
2,112,76
2,113,123
2,114,123
2,115,123
2,116,82
2,117,79
2,118,79
2,119,72
2,120,72
2,121,73
2,122,86
2,123,83
2,124,72
2,125,73
2,126,64
2,127,63
2,128,69
2,129,71
2,130,72
2,131,71
2,132,68
2,133,68
2,134,73
2,135,79
2,136,79
2,137,66
2,138,83
2,139,66
2,140,69
2,141,86
2,142,86
2,143,127
2,144,67
2,145,126
2,146,69
2,147,61
2,148,360
2,149,123
2,150,80
2,151,67
2,152,66
2,153,65
2,154,65
2,155,71
2,156,71
2,157,97
2,158,130
2,159,360
2,160,65
2,161,51
2,162,72
2,163,77
2,164,64
2,165,64
2,166,74
2,167,74
2,168,77
2,169,77
2,170,77
2,171,64
2,172,91
2,173,69
2,174,61
2,175,77
2,176,78
2,177,86
2,178,128
2,179,64
2,180,420
2,181,76
2,182,360
2,183,300
2,184,71
2,185,71
2,186,74
2,187,74
2,188,74
2,189,174
2,190,174
2,191,51
2,192,85
2,193,46
2,194,48
2,195,47
2,196,48
2,197,47
2,198,49
2,199,48
2,200,47
2,201,47
2,202,171
2,203,63
2,204,68
2,205,420
2,206,87
2,207,87
2,208,87
2,209,75
2,210,54
2,211,55
2,212,58
2,213,67
2,214,67
2,215,8
2,216,8
2,217,8
2,218,71
2,219,72
2,220,420
2,221,103
2,222,72
2,223,86
2,224,86
2,225,67
2,226,68
2,227,152
2,228,162
2,229,96
2,230,95
2,231,52
2,232,74
2,233,75
2,234,77
2,235,64
2,236,85
2,237,82
2,238,81
2,239,82
2,240,65
2,241,64
2,242,76
2,243,84
2,244,61
2,245,61
2,246,59
2,247,64
2,248,64
2,249,121
2,250,67
2,251,67
2,252,64
2,253,64
2,254,80
2,255,54
2,256,61
2,257,62
2,258,63
2,259,63
2,260,63
2,261,71
2,262,128
2,263,127
2,264,128
2,265,185
2,266,188
2,267,188
2,268,188
2,269,65
2,270,65
2,271,64
2,272,175
2,273,64
2,274,62
2,275,58
2,276,159
2,277,58
2,278,59
2,279,58
2,280,63
2,281,74
2,282,75
2,283,68
2,284,74
2,285,66
2,286,58
2,287,60
2,288,57
2,289,61
2,290,62
2,291,62
2,292,62
2,293,62
2,294,63
2,295,64
2,296,64
2,297,68
2,298,68
2,299,121
2,300,74
2,301,74
2,302,75
2,303,69
2,304,78
2,305,69
2,306,74
2,307,96
2,308,300
2,309,96
2,310,98
2,311,67
2,312,69
2,313,61
2,314,63
2,315,60
2,316,59
2,317,75
2,318,75
2,319,70
2,320,62
2,321,61
2,322,85
2,323,80
2,324,63
2,325,87
2,326,78
2,327,149
2,328,65
2,329,49
2,330,49
2,331,97
2,332,6
2,333,84
2,334,71
2,335,261
2,336,61
2,337,61
2,338,59
2,339,37
2,340,86
2,341,93
2,342,86
2,343,80
2,344,55
2,345,56
2,346,53
2,347,132
2,348,85
2,349,86
2,350,60
3,0,0
3,1,420
3,2,480
3,3,0
3,4,480
3,5,480
3,6,480
3,7,480
3,8,480
3,9,480
3,10,480
3,11,480
3,12,480
3,13,480
3,14,480
3,15,480
3,16,480
3,17,480
3,18,480
3,19,480
3,20,480
3,21,360
3,22,480
3,23,480
3,24,480
3,25,480
3,26,480
3,27,300
3,28,420
3,29,420
3,30,420
3,31,420
3,32,480
3,33,480
3,34,480
3,35,600
3,36,480
3,37,480
3,38,480
3,39,480
3,40,480
3,41,480
3,42,480
3,43,480
3,44,480
3,45,540
3,46,420
3,47,480
3,48,480
3,49,480
3,50,480
3,51,480
3,52,600
3,53,480
3,54,480
3,55,480
3,56,360
3,57,480
3,58,480
3,59,480
3,60,480
3,61,360
3,62,540
3,63,540
3,64,480
3,65,480
3,66,480
3,67,540
3,68,480
3,69,540
3,70,480
3,71,480
3,72,660
3,73,480
3,74,480
3,75,660
3,76,291
3,77,291
3,78,600
3,79,600
3,80,600
3,81,540
3,82,480
3,83,540
3,84,480
3,85,480
3,86,480
3,87,540
3,88,540
3,89,198
3,90,480
3,91,480
3,92,420
3,93,360
3,94,600
3,95,600
3,96,480
3,97,480
3,98,480
3,99,480
3,100,360
3,101,600
3,102,480
3,103,480
3,104,480
3,105,480
3,106,480
3,107,480
3,108,480
3,109,480
3,110,480
3,111,480
3,112,480
3,113,480
3,114,480
3,115,480
3,116,480
3,117,480
3,118,480
3,119,480
3,120,480
3,121,480
3,122,480
3,123,480
3,124,480
3,125,480
3,126,480
3,127,480
3,128,480
3,129,480
3,130,480
3,131,480
3,132,480
3,133,480
3,134,480
3,135,480
3,136,480
3,137,480
3,138,480
3,139,480
3,140,480
3,141,480
3,142,480
3,143,360
3,144,480
3,145,360
3,146,480
3,147,480
3,148,93
3,149,480
3,150,480
3,151,480
3,152,480
3,153,480
3,154,480
3,155,480
3,156,480
3,157,540
3,158,480
3,159,480
3,160,480
3,161,480
3,162,480
3,163,480
3,164,480
3,165,480
3,166,480
3,167,480
3,168,480
3,169,480
3,170,480
3,171,420
3,172,480
3,173,480
3,174,480
3,175,480
3,176,480
3,177,480
3,178,480
3,179,420
3,180,84
3,181,480
3,182,199
3,183,199
3,184,480
3,185,480
3,186,480
3,187,480
3,188,480
3,189,600
3,190,600
3,191,480
3,192,480
3,193,480
3,194,480
3,195,480
3,196,480
3,197,480
3,198,480
3,199,480
3,200,480
3,201,480
3,202,600
3,203,480
3,204,480
3,205,15
3,206,480
3,207,480
3,208,480
3,209,480
3,210,480
3,211,480
3,212,480
3,213,480
3,214,480
3,215,480
3,216,480
3,217,480
3,218,480
3,219,480
3,220,15
3,221,540
3,222,480
3,223,480
3,224,480
3,225,480
3,226,480
3,227,420
3,228,540
3,229,540
3,230,540
3,231,480
3,232,360
3,233,360
3,234,480
3,235,480
3,236,480
3,237,480
3,238,480
3,239,480
3,240,480
3,241,480
3,242,480
3,243,480
3,244,480
3,245,480
3,246,480
3,247,480
3,248,480
3,249,480
3,250,480
3,251,480
3,252,480
3,253,480
3,254,480
3,255,480
3,256,480
3,257,480
3,258,480
3,259,480
3,260,480
3,261,480
3,262,480
3,263,480
3,264,360
3,265,420
3,266,420
3,267,420
3,268,420
3,269,480
3,270,480
3,271,480
3,272,600
3,273,480
3,274,480
3,275,480
3,276,600
3,277,480
3,278,480
3,279,480
3,280,480
3,281,480
3,282,480
3,283,480
3,284,480
3,285,480
3,286,480
3,287,480
3,288,480
3,289,480
3,290,480
3,291,480
3,292,480
3,293,480
3,294,480
3,295,480
3,296,480
3,297,480
3,298,480
3,299,360
3,300,480
3,301,480
3,302,480
3,303,480
3,304,480
3,305,480
3,306,480
3,307,540
3,308,200
3,309,540
3,310,540
3,311,480
3,312,480
3,313,480
3,314,480
3,315,480
3,316,480
3,317,480
3,318,480
3,319,480
3,320,480
3,321,480
3,322,480
3,323,480
3,324,480
3,325,480
3,326,480
3,327,420
3,328,480
3,329,480
3,330,480
3,331,540
3,332,480
3,333,480
3,334,480
3,335,360
3,336,480
3,337,480
3,338,480
3,339,420
3,340,480
3,341,480
3,342,480
3,343,480
3,344,480
3,345,480
3,346,480
3,347,540
3,348,480
3,349,480
3,350,480
4,0,0
4,1,9
4,2,78
4,3,480
4,4,0
4,5,16
4,6,16
4,7,16
4,8,16
4,9,16
4,10,28
4,11,28
4,12,28
4,13,28
4,14,29
4,15,27
4,16,28
4,17,33
4,18,6
4,19,281
4,20,37
4,21,114
4,22,9
4,23,8
4,24,8
4,25,6
4,26,5
4,27,148
4,28,127
4,29,127
4,30,126
4,31,127
4,32,35
4,33,20
4,34,21
4,35,144
4,36,11
4,37,43
4,38,43
4,39,23
4,40,44
4,41,17
4,42,45
4,43,15
4,44,30
4,45,156
4,46,110
4,47,29
4,48,26
4,49,35
4,50,35
4,51,36
4,52,160
4,53,41
4,54,41
4,55,41
4,56,142
4,57,41
4,58,36
4,59,40
4,60,18
4,61,106
4,62,61
4,63,121
4,64,33
4,65,26
4,66,27
4,67,55
4,68,55
4,69,60
4,70,46
4,71,44
4,72,235
4,73,40
4,74,38
4,75,236
4,76,194
4,77,194
4,78,154
4,79,154
4,80,154
4,81,80
4,82,62
4,83,93
4,84,30
4,85,49
4,86,30
4,87,52
4,88,52
4,89,300
4,90,20
4,91,21
4,92,420
4,93,158
4,94,146
4,95,159
4,96,23
4,97,31
4,98,25
4,99,8
4,100,152
4,101,141
4,102,6
4,103,60
4,104,42
4,105,42
4,106,43
4,107,47
4,108,49
4,109,40
4,110,41
4,111,3
4,112,15
4,113,63
4,114,62
4,115,62
4,116,38
4,117,43
4,118,43
4,119,28
4,120,28
4,121,28
4,122,7
4,123,9
4,124,6
4,125,27
4,126,19
4,127,39
4,128,22
4,129,26
4,130,29
4,131,26
4,132,16
4,133,16
4,134,28
4,135,37
4,136,35
4,137,19
4,138,39
4,139,19
4,140,22
4,141,25
4,142,25
4,143,159
4,144,12
4,145,161
4,146,26
4,147,40
4,148,360
4,149,62
4,150,2
4,151,12
4,152,13
4,153,14
4,154,16
4,155,34
4,156,34
4,157,59
4,158,70
4,159,281
4,160,14
4,161,30
4,162,18
4,163,16
4,164,18
4,165,18
4,166,29
4,167,38
4,168,2
4,169,2
4,170,2
4,171,106
4,172,15
4,173,31
4,174,34
4,175,23
4,176,26
4,177,7
4,178,68
4,179,104
4,180,420
4,181,31
4,182,300
4,183,300
4,184,7
4,185,7
4,186,6
4,187,6
4,188,6
4,189,125
4,190,125
4,191,30
4,192,46
4,193,37
4,194,36
4,195,37
4,196,37
4,197,37
4,198,37
4,199,36
4,200,37
4,201,37
4,202,122
4,203,16
4,204,22
4,205,420
4,206,12
4,207,12
4,208,12
4,209,3
4,210,33
4,211,34
4,212,30
4,213,11
4,214,12
4,215,84
4,216,84
4,217,84
4,218,8
4,219,7
4,220,420
4,221,65
4,222,23
4,223,7
4,224,7
4,225,37
4,226,37
4,227,79
4,228,102
4,229,57
4,230,56
4,231,30
4,232,114
4,233,115
4,234,3
4,235,17
4,236,9
4,237,40
4,238,38
4,239,38
4,240,16
4,241,17
4,242,33
4,243,24
4,244,19
4,245,20
4,246,32
4,247,27
4,248,27
4,249,61
4,250,12
4,251,13
4,252,14
4,253,14
4,254,36
4,255,31
4,256,25
4,257,26
4,258,25
4,259,27
4,260,27
4,261,13
4,262,67
4,263,66
4,264,159
4,265,123
4,266,126
4,267,126
4,268,126
4,269,28
4,270,25
4,271,26
4,272,126
4,273,27
4,274,27
4,275,21
4,276,110
4,277,30
4,278,31
4,279,31
4,280,36
4,281,37
4,282,38
4,283,31
4,284,37
4,285,14
4,286,21
4,287,19
4,288,22
4,289,18
4,290,19
4,291,17
4,292,17
4,293,17
4,294,16
4,295,15
4,296,15
4,297,11
4,298,11
4,299,149
4,300,35
4,301,35
4,302,35
4,303,30
4,304,34
4,305,30
4,306,11
4,307,58
4,308,300
4,309,58
4,310,60
4,311,12
4,312,10
4,313,18
4,314,16
4,315,35
4,316,37
4,317,4
4,318,3
4,319,8
4,320,17
4,321,17
4,322,46
4,323,2
4,324,16
4,325,8
4,326,3
4,327,76
4,328,21
4,329,34
4,330,34
4,331,58
4,332,82
4,333,39
4,334,24
4,335,300
4,336,20
4,337,19
4,338,33
4,339,98
4,340,7
4,341,16
4,342,47
4,343,5
4,344,31
4,345,29
4,346,32
4,347,93
4,348,12
4,349,7
4,350,44
5,0,0
5,1,17
5,2,64
5,3,480
5,4,16
5,5,0
5,6,1
5,7,1
5,8,2
5,9,2
5,10,13
5,11,20
5,12,21
5,13,18
5,14,21
5,15,20
5,16,21
5,17,25
5,18,9
5,19,280
5,20,22
5,21,117
5,22,24
5,23,10
5,24,11
5,25,13
5,26,14
5,27,154
5,28,138
5,29,138
5,30,137
5,31,138
5,32,20
5,33,6
5,34,7
5,35,134
5,36,5
5,37,28
5,38,28
5,39,14
5,40,29
5,41,8
5,42,30
5,43,2
5,44,23
5,45,141
5,46,112
5,47,14
5,48,11
5,49,20
5,50,20
5,51,28
5,52,147
5,53,26
5,54,26
5,55,26
5,56,147
5,57,33
5,58,27
5,59,34
5,60,12
5,61,112
5,62,52
5,63,106
5,64,18
5,65,11
5,66,12
5,67,46
5,68,49
5,69,50
5,70,37
5,71,34
5,72,222
5,73,30
5,74,29
5,75,223
5,76,199
5,77,199
5,78,141
5,79,141
5,80,141
5,81,70
5,82,62
5,83,84
5,84,15
5,85,41
5,86,15
5,87,43
5,88,43
5,89,300
5,90,16
5,91,17
5,92,420
5,93,162
5,94,133
5,95,146
5,96,14
5,97,21
5,98,25
5,99,8
5,100,156
5,101,131
5,102,10
5,103,60
5,104,31
5,105,31
5,106,32
5,107,38
5,108,40
5,109,30
5,110,31
5,111,19
5,112,15
5,113,62
5,114,62
5,115,62
5,116,30
5,117,33
5,118,34
5,119,20
5,120,21
5,121,21
5,122,22
5,123,21
5,124,9
5,125,20
5,126,10
5,127,25
5,128,15
5,129,19
5,130,20
5,131,19
5,132,8
5,133,8
5,134,21
5,135,27
5,136,27
5,137,12
5,138,30
5,139,12
5,140,15
5,141,25
5,142,25
5,143,163
5,144,4
5,145,164
5,146,17
5,147,25
5,148,360
5,149,62
5,150,17
5,151,4
5,152,5
5,153,5
5,154,6
5,155,22
5,156,22
5,157,50
5,158,69
5,159,280
5,160,4
5,161,15
5,162,12
5,163,16
5,164,9
5,165,9
5,166,21
5,167,26
5,168,14
5,169,14
5,170,15
5,171,108
5,172,28
5,173,20
5,174,19
5,175,18
5,176,20
5,177,22
5,178,67
5,179,107
5,180,420
5,181,24
5,182,300
5,183,300
5,184,10
5,185,10
5,186,12
5,187,12
5,188,12
5,189,119
5,190,120
5,191,15
5,192,37
5,193,22
5,194,21
5,195,22
5,196,22
5,197,22
5,198,22
5,199,21
5,200,22
5,201,22
5,202,117
5,203,3
5,204,14
5,205,480
5,206,24
5,207,24
5,208,24
5,209,12
5,210,18
5,211,19
5,212,15
5,213,5
5,214,6
5,215,69
5,216,69
5,217,69
5,218,8
5,219,9
5,220,480
5,221,55
5,222,16
5,223,22
5,224,22
5,225,23
5,226,23
5,227,90
5,228,101
5,229,48
5,230,47
5,231,16
5,232,117
5,233,117
5,234,14
5,235,5
5,236,22
5,237,32
5,238,29
5,239,30
5,240,5
5,241,5
5,242,24
5,243,23
5,244,4
5,245,5
5,246,17
5,247,13
5,248,14
5,249,60
5,250,4
5,251,4
5,252,3
5,253,3
5,254,28
5,255,16
5,256,11
5,257,11
5,258,12
5,259,12
5,260,13
5,261,10
5,262,67
5,263,66
5,264,163
5,265,135
5,266,138
5,267,138
5,268,138
5,269,14
5,270,14
5,271,14
5,272,121
5,273,13
5,274,13
5,275,6
5,276,104
5,277,15
5,278,16
5,279,16
5,280,21
5,281,26
5,282,26
5,283,20
5,284,26
5,285,6
5,286,6
5,287,4
5,288,7
5,289,4
5,290,6
5,291,4
5,292,4
5,293,4
5,294,4
5,295,4
5,296,4
5,297,9
5,298,7
5,299,154
5,300,24
5,301,24
5,302,24
5,303,19
5,304,26
5,305,19
5,306,14
5,307,48
5,308,300
5,309,48
5,310,50
5,311,4
5,312,6
5,313,3
5,314,1
5,315,21
5,316,22
5,317,12
5,318,12
5,319,9
5,320,3
5,321,3
5,322,37
5,323,17
5,324,5
5,325,23
5,326,17
5,327,87
5,328,12
5,329,19
5,330,19
5,331,49
5,332,67
5,333,32
5,334,16
5,335,300
5,336,8
5,337,4
5,338,18
5,339,87
5,340,22
5,341,29
5,342,38
5,343,17
5,344,16
5,345,14
5,346,17
5,347,84
5,348,24
5,349,22
5,350,29
6,0,0
6,1,17
6,2,64
6,3,480
6,4,16
6,5,1
6,6,0
6,7,1
6,8,2
6,9,2
6,10,13
6,11,20
6,12,21
6,13,18
6,14,21
6,15,20
6,16,21
6,17,25
6,18,9
6,19,280
6,20,22
6,21,117
6,22,24
6,23,10
6,24,11
6,25,13
6,26,14
6,27,154
6,28,138
6,29,138
6,30,137
6,31,138
6,32,20
6,33,6
6,34,7
6,35,134
6,36,5
6,37,28
6,38,28
6,39,14
6,40,29
6,41,8
6,42,30
6,43,2
6,44,23
6,45,141
6,46,112
6,47,14
6,48,11
6,49,20
6,50,20
6,51,28
6,52,147
6,53,26
6,54,26
6,55,26
6,56,147
6,57,33
6,58,27
6,59,34
6,60,12
6,61,112
6,62,52
6,63,106
6,64,18
6,65,12
6,66,12
6,67,46
6,68,49
6,69,50
6,70,37
6,71,34
6,72,222
6,73,30
6,74,29
6,75,223
6,76,199
6,77,199
6,78,141
6,79,141
6,80,141
6,81,70
6,82,62
6,83,84
6,84,15
6,85,41
6,86,15
6,87,43
6,88,43
6,89,300
6,90,16
6,91,17
6,92,420
6,93,162
6,94,133
6,95,146
6,96,14
6,97,21
6,98,25
6,99,8
6,100,156
6,101,131
6,102,10
6,103,60
6,104,31
6,105,31
6,106,32
6,107,38
6,108,40
6,109,30
6,110,31
6,111,19
6,112,15
6,113,62
6,114,62
6,115,62
6,116,30
6,117,33
6,118,34
6,119,20
6,120,21
6,121,21
6,122,22
6,123,21
6,124,9
6,125,20
6,126,10
6,127,25
6,128,15
6,129,19
6,130,20
6,131,19
6,132,8
6,133,8
6,134,21
6,135,27
6,136,27
6,137,12
6,138,30
6,139,12
6,140,15
6,141,25
6,142,25
6,143,163
6,144,4
6,145,164
6,146,17
6,147,25
6,148,360
6,149,62
6,150,17
6,151,4
6,152,5
6,153,5
6,154,6
6,155,22
6,156,22
6,157,50
6,158,69
6,159,280
6,160,4
6,161,15
6,162,12
6,163,16
6,164,9
6,165,9
6,166,21
6,167,26
6,168,14
6,169,14
6,170,15
6,171,108
6,172,28
6,173,20
6,174,19
6,175,18
6,176,20
6,177,22
6,178,67
6,179,107
6,180,420
6,181,24
6,182,300
6,183,300
6,184,10
6,185,10
6,186,12
6,187,12
6,188,12
6,189,119
6,190,120
6,191,15
6,192,37
6,193,22
6,194,21
6,195,22
6,196,22
6,197,22
6,198,22
6,199,21
6,200,22
6,201,22
6,202,117
6,203,3
6,204,14
6,205,480
6,206,24
6,207,24
6,208,24
6,209,12
6,210,18
6,211,19
6,212,15
6,213,5
6,214,6
6,215,69
6,216,69
6,217,69
6,218,8
6,219,9
6,220,480
6,221,55
6,222,16
6,223,22
6,224,22
6,225,23
6,226,23
6,227,90
6,228,101
6,229,48
6,230,47
6,231,16
6,232,117
6,233,117
6,234,14
6,235,5
6,236,22
6,237,32
6,238,29
6,239,30
6,240,5
6,241,5
6,242,24
6,243,23
6,244,4
6,245,5
6,246,17
6,247,13
6,248,14
6,249,60
6,250,4
6,251,4
6,252,3
6,253,3
6,254,28
6,255,16
6,256,11
6,257,11
6,258,12
6,259,12
6,260,13
6,261,10
6,262,67
6,263,66
6,264,163
6,265,135
6,266,138
6,267,138
6,268,138
6,269,15
6,270,14
6,271,14
6,272,121
6,273,13
6,274,13
6,275,6
6,276,104
6,277,15
6,278,16
6,279,16
6,280,21
6,281,26
6,282,26
6,283,20
6,284,26
6,285,6
6,286,6
6,287,4
6,288,7
6,289,4
6,290,6
6,291,4
6,292,4
6,293,4
6,294,4
6,295,4
6,296,4
6,297,9
6,298,7
6,299,154
6,300,24
6,301,24
6,302,24
6,303,19
6,304,26
6,305,19
6,306,14
6,307,48
6,308,300
6,309,48
6,310,50
6,311,4
6,312,6
6,313,3
6,314,1
6,315,21
6,316,22
6,317,12
6,318,12
6,319,9
6,320,3
6,321,3
6,322,37
6,323,17
6,324,5
6,325,24
6,326,17
6,327,87
6,328,12
6,329,19
6,330,19
6,331,49
6,332,67
6,333,32
6,334,16
6,335,300
6,336,8
6,337,4
6,338,18
6,339,87
6,340,22
6,341,29
6,342,38
6,343,18
6,344,16
6,345,14
6,346,17
6,347,84
6,348,24
6,349,22
6,350,29
7,0,0
7,1,17
7,2,64
7,3,480
7,4,16
7,5,1
7,6,1
7,7,0
7,8,2
7,9,2
7,10,13
7,11,21
7,12,21
7,13,18
7,14,22
7,15,20
7,16,21
7,17,25
7,18,10
7,19,280
7,20,22
7,21,117
7,22,24
7,23,11
7,24,11
7,25,13
7,26,14
7,27,153
7,28,138
7,29,138
7,30,137
7,31,138
7,32,20
7,33,6
7,34,7
7,35,134
7,36,5
7,37,28
7,38,28
7,39,14
7,40,29
7,41,8
7,42,30
7,43,2
7,44,23
7,45,141
7,46,112
7,47,15
7,48,11
7,49,21
7,50,20
7,51,28
7,52,147
7,53,26
7,54,26
7,55,26
7,56,147
7,57,33
7,58,28
7,59,34
7,60,12
7,61,112
7,62,52
7,63,106
7,64,18
7,65,12
7,66,12
7,67,46
7,68,49
7,69,50
7,70,37
7,71,34
7,72,222
7,73,30
7,74,29
7,75,223
7,76,199
7,77,199
7,78,141
7,79,141
7,80,141
7,81,71
7,82,62
7,83,84
7,84,16
7,85,41
7,86,15
7,87,43
7,88,44
7,89,300
7,90,16
7,91,17
7,92,420
7,93,162
7,94,133
7,95,146
7,96,14
7,97,22
7,98,25
7,99,8
7,100,156
7,101,131
7,102,10
7,103,60
7,104,31
7,105,31
7,106,32
7,107,38
7,108,40
7,109,30
7,110,31
7,111,19
7,112,15
7,113,63
7,114,62
7,115,62
7,116,30
7,117,33
7,118,34
7,119,21
7,120,21
7,121,21
7,122,22
7,123,21
7,124,10
7,125,20
7,126,10
7,127,25
7,128,15
7,129,19
7,130,20
7,131,19
7,132,8
7,133,8
7,134,21
7,135,27
7,136,27
7,137,12
7,138,31
7,139,12
7,140,15
7,141,25
7,142,25
7,143,163
7,144,4
7,145,164
7,146,17
7,147,25
7,148,360
7,149,62
7,150,17
7,151,4
7,152,5
7,153,5
7,154,6
7,155,23
7,156,23
7,157,50
7,158,69
7,159,280
7,160,4
7,161,15
7,162,12
7,163,16
7,164,9
7,165,10
7,166,22
7,167,26
7,168,14
7,169,14
7,170,15
7,171,108
7,172,29
7,173,20
7,174,19
7,175,18
7,176,20
7,177,22
7,178,67
7,179,106
7,180,420
7,181,24
7,182,300
7,183,300
7,184,10
7,185,10
7,186,12
7,187,12
7,188,12
7,189,120
7,190,120
7,191,15
7,192,37
7,193,22
7,194,21
7,195,22
7,196,22
7,197,22
7,198,22
7,199,21
7,200,23
7,201,22
7,202,117
7,203,3
7,204,14
7,205,480
7,206,24
7,207,24
7,208,24
7,209,12
7,210,18
7,211,19
7,212,15
7,213,5
7,214,6
7,215,69
7,216,69
7,217,69
7,218,8
7,219,9
7,220,480
7,221,55
7,222,16
7,223,22
7,224,22
7,225,23
7,226,23
7,227,90
7,228,102
7,229,48
7,230,48
7,231,16
7,232,116
7,233,117
7,234,14
7,235,5
7,236,22
7,237,32
7,238,29
7,239,30
7,240,5
7,241,4
7,242,24
7,243,23
7,244,4
7,245,5
7,246,18
7,247,14
7,248,14
7,249,61
7,250,4
7,251,4
7,252,2
7,253,3
7,254,28
7,255,16
7,256,11
7,257,11
7,258,12
7,259,13
7,260,13
7,261,11
7,262,67
7,263,66
7,264,163
7,265,135
7,266,138
7,267,138
7,268,138
7,269,15
7,270,15
7,271,14
7,272,121
7,273,13
7,274,13
7,275,6
7,276,104
7,277,16
7,278,16
7,279,16
7,280,21
7,281,26
7,282,26
7,283,20
7,284,26
7,285,6
7,286,6
7,287,4
7,288,8
7,289,4
7,290,6
7,291,4
7,292,4
7,293,4
7,294,3
7,295,4
7,296,4
7,297,8
7,298,7
7,299,153
7,300,24
7,301,24
7,302,24
7,303,19
7,304,26
7,305,19
7,306,14
7,307,48
7,308,300
7,309,48
7,310,50
7,311,5
7,312,6
7,313,3
7,314,1
7,315,21
7,316,22
7,317,12
7,318,13
7,319,9
7,320,3
7,321,3
7,322,37
7,323,18
7,324,5
7,325,24
7,326,17
7,327,87
7,328,12
7,329,19
7,330,19
7,331,49
7,332,67
7,333,32
7,334,17
7,335,300
7,336,8
7,337,5
7,338,18
7,339,87
7,340,22
7,341,30
7,342,39
7,343,18
7,344,17
7,345,15
7,346,17
7,347,84
7,348,24
7,349,22
7,350,29
8,0,9
8,1,16
8,2,63
8,3,480
8,4,16
8,5,2
8,6,2
8,7,2
8,8,0
8,9,1
8,10,12
8,11,22
8,12,23
8,13,20
8,14,23
8,15,22
8,16,23
8,17,27
8,18,9
8,19,282
8,20,22
8,21,115
8,22,24
8,23,12
8,24,12
8,25,14
8,26,15
8,27,152
8,28,138
8,29,138
8,30,137
8,31,138
8,32,19
8,33,5
8,34,7
8,35,135
8,36,6
8,37,27
8,38,27
8,39,16
8,40,28
8,41,10
8,42,29
8,43,4
8,44,25
8,45,140
8,46,110
8,47,14
8,48,11
8,49,20
8,50,20
8,51,30
8,52,147
8,53,25
8,54,25
8,55,25
8,56,144
8,57,35
8,58,29
8,59,36
8,60,14
8,61,109
8,62,54
8,63,105
8,64,17
8,65,11
8,66,11
8,67,48
8,68,48
8,69,52
8,70,39
8,71,36
8,72,222
8,73,32
8,74,31
8,75,223
8,76,197
8,77,197
8,78,142
8,79,142
8,80,142
8,81,72
8,82,63
8,83,86
8,84,15
8,85,43
8,86,15
8,87,45
8,88,45
8,89,300
8,90,18
8,91,19
8,92,420
8,93,160
8,94,134
8,95,146
8,96,16
8,97,24
8,98,26
8,99,9
8,100,154
8,101,131
8,102,10
8,103,62
8,104,31
8,105,32
8,106,32
8,107,40
8,108,42
8,109,32
8,110,33
8,111,19
8,112,16
8,113,64
8,114,64
8,115,64
8,116,32
8,117,34
8,118,34
8,119,22
8,120,22
8,121,23
8,122,23
8,123,21
8,124,11
8,125,22
8,126,12
8,127,24
8,128,17
8,129,21
8,130,22
8,131,21
8,132,10
8,133,10
8,134,23
8,135,29
8,136,29
8,137,14
8,138,32
8,139,14
8,140,17
8,141,26
8,142,26
8,143,161
8,144,6
8,145,162
8,146,19
8,147,24
8,148,360
8,149,64
8,150,17
8,151,5
8,152,4
8,153,4
8,154,4
8,155,23
8,156,23
8,157,51
8,158,71
8,159,282
8,160,3
8,161,14
8,162,14
8,163,17
8,164,11
8,165,11
8,166,23
8,167,27
8,168,15
8,169,15
8,170,15
8,171,106
8,172,29
8,173,22
8,174,18
8,175,20
8,176,22
8,177,23
8,178,69
8,179,104
8,180,420
8,181,26
8,182,300
8,183,300
8,184,9
8,185,9
8,186,12
8,187,12
8,188,12
8,189,121
8,190,122
8,191,15
8,192,39
8,193,21
8,194,20
8,195,21
8,196,21
8,197,21
8,198,21
8,199,20
8,200,22
8,201,21
8,202,119
8,203,2
8,204,16
8,205,420
8,206,24
8,207,24
8,208,24
8,209,13
8,210,18
8,211,18
8,212,14
8,213,6
8,214,5
8,215,68
8,216,68
8,217,68
8,218,10
8,219,10
8,220,480
8,221,57
8,222,18
8,223,23
8,224,23
8,225,23
8,226,23
8,227,90
8,228,103
8,229,50
8,230,49
8,231,15
8,232,114
8,233,115
8,234,14
8,235,3
8,236,22
8,237,34
8,238,31
8,239,32
8,240,3
8,241,3
8,242,26
8,243,25
8,244,6
8,245,7
8,246,17
8,247,15
8,248,15
8,249,62
8,250,6
8,251,6
8,252,2
8,253,2
8,254,30
8,255,15
8,256,11
8,257,12
8,258,13
8,259,13
8,260,13
8,261,12
8,262,68
8,263,67
8,264,161
8,265,134
8,266,138
8,267,138
8,268,138
8,269,16
8,270,16
8,271,16
8,272,123
8,273,15
8,274,13
8,275,7
8,276,106
8,277,15
8,278,15
8,279,15
8,280,20
8,281,26
8,282,27
8,283,20
8,284,26
8,285,4
8,286,5
8,287,3
8,288,7
8,289,2
8,290,3
8,291,1
8,292,1
8,293,1
8,294,2
8,295,2
8,296,3
8,297,7
8,298,6
8,299,151
8,300,26
8,301,26
8,302,26
8,303,21
8,304,28
8,305,21
8,306,12
8,307,50
8,308,300
8,309,50
8,310,52
8,311,6
8,312,7
8,313,3
8,314,3
8,315,20
8,316,21
8,317,13
8,318,13
8,319,10
8,320,2
8,321,2
8,322,39
8,323,18
8,324,7
8,325,24
8,326,17
8,327,87
8,328,14
8,329,18
8,330,19
8,331,51
8,332,66
8,333,34
8,334,18
8,335,300
8,336,10
8,337,6
8,338,17
8,339,86
8,340,23
8,341,30
8,342,40
8,343,18
8,344,16
8,345,14
8,346,16
8,347,86
8,348,23
8,349,23
8,350,28
9,0,9
9,1,16
9,2,63
9,3,480
9,4,16
9,5,2
9,6,2
9,7,2
9,8,1
9,9,0
9,10,12
9,11,22
9,12,23
9,13,20
9,14,23
9,15,22
9,16,23
9,17,27
9,18,9
9,19,282
9,20,22
9,21,115
9,22,24
9,23,12
9,24,12
9,25,14
9,26,15
9,27,152
9,28,138
9,29,138
9,30,137
9,31,138
9,32,19
9,33,5
9,34,7
9,35,135
9,36,6
9,37,27
9,38,27
9,39,16
9,40,29
9,41,10
9,42,29
9,43,4
9,44,25
9,45,140
9,46,110
9,47,14
9,48,11
9,49,20
9,50,20
9,51,30
9,52,147
9,53,25
9,54,25
9,55,25
9,56,145
9,57,35
9,58,29
9,59,36
9,60,14
9,61,109
9,62,54
9,63,105
9,64,17
9,65,11
9,66,11
9,67,48
9,68,48
9,69,52
9,70,39
9,71,36
9,72,222
9,73,32
9,74,31
9,75,223
9,76,197
9,77,197
9,78,142
9,79,142
9,80,142
9,81,72
9,82,63
9,83,86
9,84,15
9,85,43
9,86,15
9,87,45
9,88,45
9,89,300
9,90,18
9,91,19
9,92,420
9,93,160
9,94,134
9,95,147
9,96,16
9,97,23
9,98,26
9,99,9
9,100,154
9,101,131
9,102,10
9,103,61
9,104,31
9,105,32
9,106,33
9,107,40
9,108,42
9,109,32
9,110,33
9,111,19
9,112,16
9,113,64
9,114,63
9,115,63
9,116,32
9,117,34
9,118,34
9,119,22
9,120,22
9,121,23
9,122,23
9,123,21
9,124,11
9,125,22
9,126,12
9,127,24
9,128,17
9,129,21
9,130,22
9,131,21
9,132,10
9,133,10
9,134,23
9,135,29
9,136,28
9,137,14
9,138,32
9,139,14
9,140,17
9,141,26
9,142,26
9,143,161
9,144,6
9,145,162
9,146,19
9,147,24
9,148,360
9,149,64
9,150,17
9,151,5
9,152,4
9,153,4
9,154,4
9,155,23
9,156,23
9,157,51
9,158,71
9,159,282
9,160,3
9,161,14
9,162,14
9,163,17
9,164,11
9,165,11
9,166,23
9,167,27
9,168,15
9,169,15
9,170,15
9,171,106
9,172,29
9,173,22
9,174,18
9,175,20
9,176,22
9,177,23
9,178,69
9,179,104
9,180,420
9,181,26
9,182,300
9,183,300
9,184,9
9,185,9
9,186,12
9,187,12
9,188,12
9,189,121
9,190,121
9,191,15
9,192,39
9,193,21
9,194,20
9,195,22
9,196,21
9,197,21
9,198,21
9,199,20
9,200,22
9,201,22
9,202,119
9,203,2
9,204,16
9,205,420
9,206,24
9,207,24
9,208,24
9,209,13
9,210,18
9,211,18
9,212,14
9,213,6
9,214,5
9,215,68
9,216,68
9,217,68
9,218,10
9,219,10
9,220,480
9,221,57
9,222,18
9,223,23
9,224,23
9,225,23
9,226,23
9,227,90
9,228,103
9,229,50
9,230,49
9,231,15
9,232,115
9,233,115
9,234,14
9,235,3
9,236,22
9,237,34
9,238,31
9,239,32
9,240,3
9,241,3
9,242,26
9,243,25
9,244,6
9,245,7
9,246,17
9,247,15
9,248,15
9,249,62
9,250,6
9,251,5
9,252,2
9,253,2
9,254,29
9,255,15
9,256,11
9,257,12
9,258,13
9,259,13
9,260,13
9,261,12
9,262,68
9,263,67
9,264,161
9,265,135
9,266,138
9,267,138
9,268,138
9,269,16
9,270,16
9,271,16
9,272,123
9,273,15
9,274,14
9,275,7
9,276,106
9,277,15
9,278,15
9,279,15
9,280,20
9,281,26
9,282,27
9,283,20
9,284,26
9,285,4
9,286,5
9,287,3
9,288,7
9,289,2
9,290,3
9,291,1
9,292,1
9,293,1
9,294,2
9,295,2
9,296,3
9,297,7
9,298,6
9,299,151
9,300,26
9,301,26
9,302,26
9,303,21
9,304,28
9,305,21
9,306,12
9,307,50
9,308,300
9,309,50
9,310,52
9,311,5
9,312,7
9,313,3
9,314,3
9,315,20
9,316,21
9,317,13
9,318,13
9,319,10
9,320,2
9,321,2
9,322,39
9,323,18
9,324,7
9,325,24
9,326,17
9,327,87
9,328,14
9,329,18
9,330,19
9,331,51
9,332,66
9,333,34
9,334,18
9,335,300
9,336,9
9,337,6
9,338,17
9,339,86
9,340,23
9,341,30
9,342,40
9,343,18
9,344,16
9,345,14
9,346,16
9,347,86
9,348,23
9,349,23
9,350,28
10,0,19
10,1,28
10,2,55
10,3,480
10,4,28
10,5,13
10,6,13
10,7,13
10,8,12
10,9,12
10,10,0
10,11,18
10,12,18
10,13,16
10,14,19
10,15,18
10,16,18
10,17,22
10,18,20
10,19,290
10,20,12
10,21,115
10,22,36
10,23,21
10,24,21
10,25,23
10,26,24
10,27,158
10,28,149
10,29,149
10,30,148
10,31,148
10,32,8
10,33,8
10,34,7
10,35,123
10,36,17
10,37,16
10,38,16
10,39,13
10,40,17
10,41,13
10,42,17
10,43,13
10,44,21
10,45,131
10,46,109
10,47,2
10,48,2
10,49,10
10,50,10
10,51,26
10,52,136
10,53,14
10,54,14
10,55,14
10,56,152
10,57,30
10,58,25
10,59,37
10,60,20
10,61,116
10,62,47
10,63,96
10,64,8
10,65,3
10,66,3
10,67,42
10,68,40
10,69,46
10,70,32
10,71,30
10,72,211
10,73,27
10,74,26
10,75,212
10,76,203
10,77,203
10,78,131
10,79,131
10,80,131
10,81,66
10,82,72
10,83,79
10,84,2
10,85,36
10,86,2
10,87,39
10,88,39
10,89,300
10,90,25
10,91,26
10,92,420
10,93,166
10,94,123
10,95,135
10,96,13
10,97,17
10,98,35
10,99,19
10,100,162
10,101,120
10,102,21
10,103,70
10,104,24
10,105,25
10,106,25
10,107,34
10,108,36
10,109,26
10,110,26
10,111,30
10,112,25
10,113,72
10,114,72
10,115,72
10,116,28
10,117,27
10,118,27
10,119,18
10,120,18
10,121,18
10,122,35
10,123,32
10,124,21
10,125,18
10,126,13
10,127,12
10,128,16
10,129,17
10,130,18
10,131,16
10,132,16
10,133,16
10,134,18
10,135,24
10,136,24
10,137,15
10,138,28
10,139,15
10,140,16
10,141,35
10,142,35
10,143,168
10,144,16
10,145,166
10,146,14
10,147,13
10,148,360
10,149,72
10,150,29
10,151,16
10,152,15
10,153,14
10,154,14
10,155,16
10,156,16
10,157,45
10,158,79
10,159,290
10,160,14
10,161,8
10,162,20
10,163,25
10,164,12
10,165,12
10,166,19
10,167,19
10,168,26
10,169,26
10,170,26
10,171,104
10,172,40
10,173,15
10,174,7
10,175,25
10,176,24
10,177,35
10,178,77
10,179,104
10,180,420
10,181,22
10,182,300
10,183,300
10,184,20
10,185,20
10,186,23
10,187,23
10,188,23
10,189,119
10,190,120
10,191,4
10,192,33
10,193,12
10,194,11
10,195,12
10,196,12
10,197,12
10,198,12
10,199,11
10,200,12
10,201,12
10,202,117
10,203,12
10,204,15
10,205,480
10,206,36
10,207,35
10,208,36
10,209,24
10,210,6
10,211,6
10,212,3
10,213,16
10,214,16
10,215,60
10,216,60
10,217,60
10,218,20
10,219,20
10,220,480
10,221,51
10,222,21
10,223,35
10,224,35
10,225,13
10,226,13
10,227,101
10,228,111
10,229,43
10,230,43
10,231,8
10,232,115
10,233,116
10,234,26
10,235,14
10,236,34
10,237,29
10,238,27
10,239,27
10,240,14
10,241,13
10,242,21
10,243,33
10,244,10
10,245,9
10,246,5
10,247,10
10,248,10
10,249,70
10,250,16
10,251,16
10,252,13
10,253,13
10,254,25
10,255,3
10,256,10
10,257,10
10,258,10
10,259,8
10,260,8
10,261,20
10,262,77
10,263,75
10,264,169
10,265,145
10,266,148
10,267,148
10,268,148
10,269,11
10,270,11
10,271,10
10,272,121
10,273,9
10,274,8
10,275,7
10,276,104
10,277,3
10,278,4
10,279,3
10,280,9
10,281,20
10,282,20
10,283,14
10,284,19
10,285,14
10,286,7
10,287,9
10,288,6
10,289,10
10,290,12
10,291,11
10,292,11
10,293,11
10,294,12
10,295,13
10,296,13
10,297,17
10,298,17
10,299,159
10,300,20
10,301,20
10,302,20
10,303,15
10,304,24
10,305,15
10,306,23
10,307,43
10,308,300
10,309,44
10,310,45
10,311,16
10,312,18
10,313,10
10,314,12
10,315,8
10,316,9
10,317,24
10,318,24
10,319,19
10,320,11
10,321,10
10,322,32
10,323,29
10,324,12
10,325,36
10,326,27
10,327,97
10,328,14
10,329,9
10,330,9
10,331,45
10,332,58
10,333,30
10,334,18
10,335,300
10,336,9
10,337,10
10,338,6
10,339,78
10,340,35
10,341,42
10,342,34
10,343,29
10,344,3
10,345,2
10,346,4
10,347,79
10,348,34
10,349,35
10,350,16
11,0,21
11,1,34
11,2,72
11,3,480
11,4,28
11,5,20
11,6,20
11,7,21
11,8,22
11,9,22
11,10,18
11,11,0
11,12,1
11,13,2
11,14,1
11,15,1
11,16,1
11,17,6
11,18,24
11,19,287
11,20,22
11,21,131
11,22,33
11,23,18
11,24,18
11,25,21
11,26,21
11,27,171
11,28,151
11,29,151
11,30,150
11,31,151
11,32,19
11,33,17
11,34,14
11,35,117
11,36,20
11,37,26
11,38,26
11,39,6
11,40,27
11,41,12
11,42,27
11,43,17
11,44,5
11,45,143
11,46,124
11,47,15
11,48,18
11,49,27
11,50,27
11,51,9
11,52,133
11,53,23
11,54,23
11,55,23
11,56,166
11,57,14
11,58,9
11,59,26
11,60,14
11,61,129
11,62,33
11,63,108
11,64,24
11,65,19
11,66,19
11,67,28
11,68,56
11,69,33
11,70,19
11,71,17
11,72,208
11,73,13
11,74,12
11,75,209
11,76,217
11,77,217
11,78,127
11,79,127
11,80,127
11,81,53
11,82,69
11,83,66
11,84,17
11,85,22
11,86,17
11,87,25
11,88,25
11,89,360
11,90,19
11,91,18
11,92,420
11,93,181
11,94,119
11,95,132
11,96,7
11,97,6
11,98,32
11,99,20
11,100,175
11,101,114
11,102,25
11,103,67
11,104,16
11,105,17
11,106,16
11,107,20
11,108,22
11,109,13
11,110,14
11,111,28
11,112,21
11,113,69
11,114,69
11,115,69
11,116,11
11,117,16
11,118,16
11,119,1
11,120,2
11,121,2
11,122,30
11,123,34
11,124,22
11,125,6
11,126,9
11,127,21
11,128,5
11,129,1
11,130,2
11,131,1
11,132,11
11,133,11
11,134,1
11,135,9
11,136,8
11,137,8
11,138,12
11,139,8
11,140,6
11,141,32
11,142,32
11,143,182
11,144,18
11,145,182
11,146,3
11,147,22
11,148,360
11,149,69
11,150,26
11,151,21
11,152,23
11,153,24
11,154,25
11,155,9
11,156,9
11,157,32
11,158,76
11,159,287
11,160,23
11,161,23
11,162,14
11,163,23
11,164,10
11,165,10
11,166,1
11,167,13
11,168,25
11,169,25
11,170,26
11,171,120
11,172,38
11,173,8
11,174,16
11,175,14
11,176,12
11,177,30
11,178,74
11,179,120
11,180,420
11,181,7
11,182,360
11,183,360
11,184,26
11,185,26
11,186,28
11,187,29
11,188,29
11,189,103
11,190,103
11,191,20
11,192,19
11,193,28
11,194,28
11,195,29
11,196,28
11,197,29
11,198,29
11,199,27
11,200,29
11,201,29
11,202,100
11,203,22
11,204,6
11,205,480
11,206,36
11,207,36
11,208,36
11,209,24
11,210,19
11,211,19
11,212,14
11,213,23
11,214,25
11,215,76
11,216,76
11,217,76
11,218,19
11,219,20
11,220,480
11,221,38
11,222,10
11,223,30
11,224,30
11,225,19
11,226,19
11,227,103
11,228,109
11,229,29
11,230,29
11,231,23
11,232,131
11,233,132
11,234,23
11,235,23
11,236,33
11,237,13
11,238,10
11,239,11
11,240,24
11,241,23
11,242,6
11,243,29
11,244,15
11,245,15
11,246,15
11,247,8
11,248,7
11,249,68
11,250,17
11,251,17
11,252,21
11,253,21
11,254,9
11,255,18
11,256,11
11,257,11
11,258,10
11,259,10
11,260,10
11,261,18
11,262,74
11,263,73
11,264,182
11,265,147
11,266,150
11,267,150
11,268,150
11,269,7
11,270,7
11,271,7
11,272,104
11,273,8
11,274,9
11,275,15
11,276,88
11,277,14
11,278,14
11,279,14
11,280,18
11,281,13
11,282,13
11,283,9
11,284,13
11,285,24
11,286,18
11,287,19
11,288,16
11,289,20
11,290,22
11,291,21
11,292,21
11,293,21
11,294,22
11,295,22
11,296,23
11,297,26
11,298,25
11,299,172
11,300,10
11,301,10
11,302,11
11,303,8
11,304,7
11,305,8
11,306,32
11,307,30
11,308,360
11,309,31
11,310,32
11,311,22
11,312,24
11,313,18
11,314,18
11,315,18
11,316,19
11,317,22
11,318,22
11,319,18
11,320,19
11,321,20
11,322,19
11,323,26
11,324,14
11,325,32
11,326,25
11,327,100
11,328,9
11,329,25
11,330,25
11,331,31
11,332,74
11,333,15
11,334,7
11,335,300
11,336,12
11,337,15
11,338,16
11,339,94
11,340,30
11,341,39
11,342,20
11,343,30
11,344,18
11,345,16
11,346,19
11,347,66
11,348,37
11,349,30
11,350,26
12,0,0
12,1,0
12,2,0
12,3,0
12,4,0
12,5,0
12,6,0
12,7,0
12,8,0
12,9,0
12,10,0
12,11,0
12,12,0
12,13,2
12,14,1
12,15,1
12,16,1
12,17,6
12,18,25
12,19,287
12,20,22
12,21,131
12,22,33
12,23,18
12,24,18
12,25,21
12,26,21
12,27,172
12,28,151
12,29,151
12,30,150
12,31,151
12,32,19
12,33,17
12,34,15
12,35,117
12,36,20
12,37,26
12,38,26
12,39,6
12,40,27
12,41,12
12,42,28
12,43,17
12,44,5
12,45,143
12,46,125
12,47,15
12,48,18
12,49,27
12,50,27
12,51,10
12,52,133
12,53,24
12,54,24
12,55,24
12,56,166
12,57,14
12,58,9
12,59,25
12,60,14
12,61,130
12,62,34
12,63,109
12,64,25
12,65,19
12,66,19
12,67,28
12,68,56
12,69,33
12,70,20
12,71,17
12,72,208
12,73,13
12,74,13
12,75,209
12,76,217
12,77,217
12,78,127
12,79,127
12,80,127
12,81,53
12,82,69
12,83,66
12,84,17
12,85,22
12,86,17
12,87,25
12,88,25
12,89,360
12,90,18
12,91,18
12,92,420
12,93,181
12,94,119
12,95,132
12,96,7
12,97,6
12,98,32
12,99,20
12,100,176
12,101,114
12,102,25
12,103,67
12,104,17
12,105,17
12,106,16
12,107,20
12,108,22
12,109,13
12,110,14
12,111,29
12,112,20
12,113,70
12,114,69
12,115,69
12,116,11
12,117,16
12,118,16
12,119,1
12,120,1
12,121,1
12,122,30
12,123,34
12,124,22
12,125,6
12,126,9
12,127,21
12,128,5
12,129,1
12,130,2
12,131,2
12,132,11
12,133,11
12,134,1
12,135,10
12,136,8
12,137,8
12,138,12
12,139,8
12,140,6
12,141,32
12,142,31
12,143,182
12,144,18
12,145,182
12,146,3
12,147,23
12,148,360
12,149,69
12,150,26
12,151,21
12,152,23
12,153,24
12,154,25
12,155,9
12,156,9
12,157,32
12,158,76
12,159,287
12,160,24
12,161,23
12,162,14
12,163,23
12,164,10
12,165,10
12,166,1
12,167,14
12,168,26
12,169,26
12,170,26
12,171,120
12,172,39
12,173,8
12,174,16
12,175,13
12,176,12
12,177,30
12,178,74
12,179,121
12,180,420
12,181,6
12,182,360
12,183,360
12,184,26
12,185,26
12,186,29
12,187,29
12,188,29
12,189,103
12,190,103
12,191,21
12,192,19
12,193,28
12,194,28
12,195,29
12,196,29
12,197,29
12,198,29
12,199,28
12,200,29
12,201,29
12,202,100
12,203,22
12,204,6
12,205,480
12,206,36
12,207,36
12,208,36
12,209,24
12,210,19
12,211,19
12,212,14
12,213,23
12,214,25
12,215,76
12,216,76
12,217,76
12,218,19
12,219,20
12,220,480
12,221,38
12,222,10
12,223,30
12,224,30
12,225,19
12,226,19
12,227,103
12,228,109
12,229,30
12,230,29
12,231,24
12,232,131
12,233,132
12,234,23
12,235,24
12,236,33
12,237,13
12,238,11
12,239,11
12,240,24
12,241,23
12,242,6
12,243,29
12,244,15
12,245,15
12,246,15
12,247,8
12,248,8
12,249,68
12,250,17
12,251,18
12,252,21
12,253,22
12,254,9
12,255,18
12,256,12
12,257,11
12,258,11
12,259,10
12,260,10
12,261,18
12,262,74
12,263,73
12,264,182
12,265,147
12,266,151
12,267,151
12,268,151
12,269,7
12,270,7
12,271,8
12,272,104
12,273,8
12,274,9
12,275,16
12,276,88
12,277,15
12,278,14
12,279,14
12,280,18
12,281,13
12,282,13
12,283,10
12,284,13
12,285,24
12,286,18
12,287,19
12,288,17
12,289,20
12,290,22
12,291,21
12,292,21
12,293,21
12,294,22
12,295,22
12,296,23
12,297,26
12,298,25
12,299,173
12,300,11
12,301,11
12,302,11
12,303,9
12,304,7
12,305,8
12,306,32
12,307,31
12,308,360
12,309,31
12,310,33
12,311,23
12,312,24
12,313,18
12,314,19
12,315,18
12,316,20
12,317,22
12,318,22
12,319,18
12,320,19
12,321,20
12,322,19
12,323,26
12,324,14
12,325,32
12,326,25
12,327,100
12,328,9
12,329,25
12,330,25
12,331,31
12,332,74
12,333,14
12,334,7
12,335,300
12,336,12
12,337,16
12,338,16
12,339,94
12,340,30
12,341,40
12,342,20
12,343,30
12,344,18
12,345,16
12,346,19
12,347,66
12,348,37
12,349,30
12,350,26
13,0,0
13,1,0
13,2,0
13,3,0
13,4,0
13,5,0
13,6,0
13,7,0
13,8,0
13,9,0
13,10,0
13,11,0
13,12,2
13,13,0
13,14,3
13,15,2
13,16,3
13,17,7
13,18,22
13,19,288
13,20,20
13,21,129
13,22,33
13,23,18
13,24,19
13,25,21
13,26,22
13,27,169
13,28,149
13,29,149
13,30,148
13,31,148
13,32,17
13,33,15
13,34,13
13,35,117
13,36,18
13,37,24
13,38,24
13,39,4
13,40,25
13,41,10
13,42,25
13,43,15
13,44,7
13,45,141
13,46,123
13,47,13
13,48,16
13,49,25
13,50,25
13,51,11
13,52,133
13,53,22
13,54,22
13,55,22
13,56,163
13,57,15
13,58,10
13,59,27
13,60,15
13,61,127
13,62,34
13,63,107
13,64,22
13,65,17
13,66,17
13,67,29
13,68,54
13,69,33
13,70,19
13,71,17
13,72,208
13,73,13
13,74,12
13,75,209
13,76,215
13,77,215
13,78,127
13,79,127
13,80,127
13,81,53
13,82,69
13,83,67
13,84,15
13,85,24
13,86,15
13,87,26
13,88,26
13,89,300
13,90,20
13,91,19
13,92,420
13,93,179
13,94,119
13,95,132
13,96,5
13,97,5
13,98,32
13,99,18
13,100,173
13,101,114
13,102,23
13,103,67
13,104,16
13,105,16
13,106,16
13,107,21
13,108,23
13,109,13
13,110,14
13,111,29
13,112,22
13,113,70
13,114,69
13,115,69
13,116,13
13,117,16
13,118,16
13,119,2
13,120,3
13,121,3
13,122,31
13,123,31
13,124,20
13,125,8
13,126,9
13,127,19
13,128,5
13,129,2
13,130,3
13,131,2
13,132,12
13,133,12
13,134,2
13,135,10
13,136,9
13,137,9
13,138,13
13,139,8
13,140,6
13,141,32
13,142,32
13,143,180
13,144,16
13,145,180
13,146,2
13,147,21
13,148,360
13,149,69
13,150,26
13,151,19
13,152,21
13,153,22
13,154,23
13,155,8
13,156,8
13,157,32
13,158,77
13,159,288
13,160,21
13,161,21
13,162,15
13,163,23
13,164,8
13,165,9
13,166,3
13,167,13
13,168,25
13,169,25
13,170,25
13,171,118
13,172,39
13,173,7
13,174,14
13,175,15
13,176,13
13,177,31
13,178,75
13,179,119
13,180,420
13,181,9
13,182,360
13,183,360
13,184,24
13,185,24
13,186,26
13,187,27
13,188,27
13,189,104
13,190,105
13,191,18
13,192,20
13,193,26
13,194,26
13,195,27
13,196,27
13,197,27
13,198,27
13,199,26
13,200,27
13,201,27
13,202,102
13,203,20
13,204,6
13,205,480
13,206,35
13,207,34
13,208,34
13,209,23
13,210,17
13,211,17
13,212,12
13,213,21
13,214,23
13,215,74
13,216,74
13,217,74
13,218,18
13,219,19
13,220,480
13,221,38
13,222,11
13,223,31
13,224,31
13,225,17
13,226,17
13,227,101
13,228,109
13,229,30
13,230,30
13,231,22
13,232,129
13,233,130
13,234,23
13,235,22
13,236,32
13,237,14
13,238,12
13,239,12
13,240,22
13,241,21
13,242,7
13,243,31
13,244,13
13,245,13
13,246,13
13,247,6
13,248,6
13,249,68
13,250,15
13,251,15
13,252,19
13,253,20
13,254,10
13,255,16
13,256,9
13,257,9
13,258,9
13,259,8
13,260,8
13,261,18
13,262,74
13,263,73
13,264,180
13,265,145
13,266,148
13,267,148
13,268,148
13,269,5
13,270,5
13,271,5
13,272,106
13,273,6
13,274,7
13,275,14
13,276,89
13,277,12
13,278,12
13,279,12
13,280,16
13,281,12
13,282,12
13,283,8
13,284,12
13,285,22
13,286,16
13,287,17
13,288,15
13,289,18
13,290,20
13,291,19
13,292,19
13,293,19
13,294,20
13,295,20
13,296,21
13,297,24
13,298,23
13,299,170
13,300,9
13,301,9
13,302,10
13,303,7
13,304,9
13,305,7
13,306,30
13,307,31
13,308,360
13,309,31
13,310,33
13,311,20
13,312,21
13,313,16
13,314,16
13,315,16
13,316,18
13,317,22
13,318,22
13,319,18
13,320,17
13,321,18
13,322,20
13,323,26
13,324,12
13,325,32
13,326,25
13,327,97
13,328,7
13,329,23
13,330,23
13,331,32
13,332,72
13,333,16
13,334,8
13,335,300
13,336,10
13,337,13
13,338,14
13,339,92
13,340,31
13,341,40
13,342,21
13,343,28
13,344,16
13,345,14
13,346,17
13,347,67
13,348,34
13,349,31
13,350,24
14,0,0
14,1,0
14,2,0
14,3,0
14,4,0
14,5,0
14,6,0
14,7,0
14,8,0
14,9,0
14,10,0
14,11,0
14,12,1
14,13,3
14,14,0
14,15,1
14,16,1
14,17,7
14,18,25
14,19,287
14,20,23
14,21,132
14,22,34
14,23,19
14,24,19
14,25,22
14,26,22
14,27,172
14,28,152
14,29,152
14,30,151
14,31,151
14,32,20
14,33,18
14,34,15
14,35,118
14,36,21
14,37,27
14,38,27
14,39,7
14,40,28
14,41,13
14,42,28
14,43,18
14,44,4
14,45,144
14,46,125
14,47,16
14,48,19
14,49,28
14,50,28
14,51,10
14,52,133
14,53,24
14,54,24
14,55,24
14,56,166
14,57,15
14,58,9
14,59,25
14,60,13
14,61,130
14,62,34
14,63,109
14,64,25
14,65,19
14,66,20
14,67,29
14,68,57
14,69,34
14,70,20
14,71,18
14,72,209
14,73,14
14,74,13
14,75,210
14,76,218
14,77,218
14,78,128
14,79,128
14,80,128
14,81,54
14,82,68
14,83,66
14,84,18
14,85,23
14,86,18
14,87,26
14,88,26
14,89,360
14,90,18
14,91,17
14,92,420
14,93,182
14,94,120
14,95,133
14,96,8
14,97,6
14,98,31
14,99,21
14,100,176
14,101,115
14,102,26
14,103,67
14,104,17
14,105,17
14,106,17
14,107,21
14,108,23
14,109,14
14,110,14
14,111,29
14,112,20
14,113,69
14,114,69
14,115,69
14,116,12
14,117,17
14,118,17
14,119,1
14,120,1
14,121,1
14,122,31
14,123,34
14,124,23
14,125,5
14,126,10
14,127,21
14,128,6
14,129,2
14,130,2
14,131,2
14,132,12
14,133,12
14,134,2
14,135,10
14,136,9
14,137,9
14,138,12
14,139,8
14,140,6
14,141,31
14,142,31
14,143,183
14,144,19
14,145,183
14,146,4
14,147,23
14,148,420
14,149,69
14,150,27
14,151,22
14,152,23
14,153,25
14,154,25
14,155,10
14,156,10
14,157,33
14,158,76
14,159,287
14,160,24
14,161,24
14,162,13
14,163,23
14,164,11
14,165,11
14,166,1
14,167,14
14,168,26
14,169,26
14,170,27
14,171,121
14,172,39
14,173,9
14,174,17
14,175,13
14,176,11
14,177,31
14,178,74
14,179,121
14,180,420
14,181,6
14,182,360
14,183,360
14,184,27
14,185,27
14,186,29
14,187,30
14,188,30
14,189,104
14,190,104
14,191,21
14,192,19
14,193,29
14,194,28
14,195,30
14,196,29
14,197,29
14,198,30
14,199,28
14,200,30
14,201,30
14,202,101
14,203,23
14,204,7
14,205,480
14,206,36
14,207,37
14,208,37
14,209,25
14,210,19
14,211,20
14,212,15
14,213,24
14,214,26
14,215,77
14,216,77
14,217,77
14,218,20
14,219,21
14,220,480
14,221,38
14,222,9
14,223,31
14,224,31
14,225,19
14,226,20
14,227,104
14,228,108
14,229,30
14,230,30
14,231,24
14,232,132
14,233,132
14,234,24
14,235,24
14,236,34
14,237,13
14,238,11
14,239,12
14,240,25
14,241,24
14,242,7
14,243,28
14,244,16
14,245,16
14,246,16
14,247,8
14,248,8
14,249,67
14,250,18
14,251,18
14,252,22
14,253,22
14,254,10
14,255,19
14,256,12
14,257,12
14,258,11
14,259,11
14,260,10
14,261,18
14,262,73
14,263,72
14,264,183
14,265,148
14,266,151
14,267,151
14,268,151
14,269,8
14,270,7
14,271,8
14,272,105
14,273,9
14,274,10
14,275,16
14,276,89
14,277,15
14,278,14
14,279,15
14,280,19
14,281,14
14,282,14
14,283,10
14,284,13
14,285,25
14,286,19
14,287,20
14,288,17
14,289,21
14,290,23
14,291,21
14,292,21
14,293,21
14,294,23
14,295,23
14,296,24
14,297,27
14,298,26
14,299,173
14,300,11
14,301,11
14,302,12
14,303,9
14,304,8
14,305,9
14,306,33
14,307,31
14,308,360
14,309,32
14,310,33
14,311,23
14,312,24
14,313,19
14,314,19
14,315,19
14,316,20
14,317,23
14,318,23
14,319,19
14,320,20
14,321,21
14,322,20
14,323,27
14,324,15
14,325,32
14,326,26
14,327,100
14,328,9
14,329,25
14,330,26
14,331,32
14,332,75
14,333,14
14,334,8
14,335,300
14,336,13
14,337,16
14,338,16
14,339,95
14,340,31
14,341,40
14,342,21
14,343,31
14,344,19
14,345,17
14,346,20
14,347,66
14,348,38
14,349,31
14,350,27
15,0,0
15,1,0
15,2,0
15,3,0
15,4,0
15,5,0
15,6,0
15,7,0
15,8,0
15,9,0
15,10,0
15,11,0
15,12,1
15,13,2
15,14,1
15,15,0
15,16,1
15,17,6
15,18,24
15,19,287
15,20,22
15,21,131
15,22,32
15,23,18
15,24,18
15,25,20
15,26,21
15,27,171
15,28,150
15,29,150
15,30,149
15,31,150
15,32,19
15,33,17
15,34,14
15,35,117
15,36,19
15,37,26
15,38,26
15,39,5
15,40,26
15,41,11
15,42,27
15,43,16
15,44,6
15,45,143
15,46,124
15,47,15
15,48,17
15,49,27
15,50,27
15,51,9
15,52,132
15,53,23
15,54,23
15,55,23
15,56,165
15,57,14
15,58,8
15,59,26
15,60,15
15,61,129
15,62,33
15,63,108
15,64,24
15,65,18
15,66,19
15,67,28
15,68,56
15,69,33
15,70,19
15,71,17
15,72,208
15,73,13
15,74,12
15,75,209
15,76,216
15,77,216
15,78,127
15,79,127
15,80,127
15,81,53
15,82,69
15,83,65
15,84,17
15,85,22
15,86,17
15,87,25
15,88,25
15,89,360
15,90,19
15,91,18
15,92,420
15,93,180
15,94,119
15,95,132
15,96,6
15,97,5
15,98,32
15,99,19
15,100,175
15,101,114
15,102,24
15,103,67
15,104,16
15,105,16
15,106,16
15,107,20
15,108,22
15,109,13
15,110,13
15,111,28
15,112,21
15,113,69
15,114,69
15,115,69
15,116,11
15,117,16
15,118,16
15,119,2
15,120,2
15,121,2
15,122,30
15,123,33
15,124,22
15,125,7
15,126,9
15,127,20
15,128,5
15,129,1
15,130,1
15,131,1
15,132,11
15,133,11
15,134,1
15,135,9
15,136,8
15,137,8
15,138,11
15,139,7
15,140,5
15,141,32
15,142,32
15,143,181
15,144,17
15,145,182
15,146,3
15,147,22
15,148,360
15,149,69
15,150,26
15,151,21
15,152,22
15,153,24
15,154,24
15,155,9
15,156,9
15,157,32
15,158,76
15,159,287
15,160,23
15,161,23
15,162,15
15,163,22
15,164,10
15,165,10
15,166,2
15,167,13
15,168,25
15,169,25
15,170,26
15,171,120
15,172,38
15,173,8
15,174,16
15,175,14
15,176,13
15,177,30
15,178,74
15,179,120
15,180,420
15,181,7
15,182,360
15,183,360
15,184,26
15,185,26
15,186,28
15,187,28
15,188,28
15,189,103
15,190,103
15,191,20
15,192,18
15,193,28
15,194,27
15,195,29
15,196,28
15,197,28
15,198,28
15,199,27
15,200,29
15,201,29
15,202,100
15,203,22
15,204,6
15,205,480
15,206,35
15,207,36
15,208,35
15,209,24
15,210,18
15,211,19
15,212,14
15,213,22
15,214,24
15,215,76
15,216,76
15,217,76
15,218,19
15,219,20
15,220,480
15,221,37
15,222,10
15,223,30
15,224,30
15,225,18
15,226,19
15,227,102
15,228,108
15,229,29
15,230,29
15,231,23
15,232,131
15,233,131
15,234,23
15,235,23
15,236,33
15,237,12
15,238,10
15,239,11
15,240,24
15,241,23
15,242,6
15,243,30
15,244,15
15,245,14
15,246,15
15,247,7
15,248,7
15,249,67
15,250,17
15,251,17
15,252,21
15,253,21
15,254,9
15,255,18
15,256,11
15,257,11
15,258,10
15,259,9
15,260,9
15,261,17
15,262,74
15,263,73
15,264,182
15,265,147
15,266,150
15,267,150
15,268,150
15,269,6
15,270,6
15,271,7
15,272,104
15,273,8
15,274,9
15,275,15
15,276,87
15,277,14
15,278,13
15,279,14
15,280,18
15,281,12
15,282,13
15,283,9
15,284,12
15,285,24
15,286,18
15,287,18
15,288,16
15,289,20
15,290,22
15,291,20
15,292,20
15,293,20
15,294,22
15,295,22
15,296,23
15,297,26
15,298,24
15,299,172
15,300,10
15,301,10
15,302,11
15,303,8
15,304,7
15,305,8
15,306,31
15,307,30
15,308,360
15,309,30
15,310,32
15,311,22
15,312,23
15,313,18
15,314,18
15,315,18
15,316,19
15,317,22
15,318,22
15,319,18
15,320,19
15,321,20
15,322,19
15,323,26
15,324,13
15,325,31
15,326,24
15,327,99
15,328,8
15,329,24
15,330,25
15,331,31
15,332,74
15,333,14
15,334,7
15,335,300
15,336,11
15,337,15
15,338,15
15,339,94
15,340,30
15,341,39
15,342,20
15,343,30
15,344,18
15,345,16
15,346,19
15,347,65
15,348,36
15,349,30
15,350,26
16,0,0
16,1,0
16,2,0
16,3,0
16,4,0
16,5,0
16,6,0
16,7,0
16,8,0
16,9,0
16,10,0
16,11,0
16,12,1
16,13,3
16,14,1
16,15,1
16,16,0
16,17,6
16,18,25
16,19,287
16,20,23
16,21,132
16,22,33
16,23,18
16,24,19
16,25,21
16,26,22
16,27,172
16,28,151
16,29,151
16,30,150
16,31,151
16,32,19
16,33,17
16,34,15
16,35,118
16,36,20
16,37,26
16,38,26
16,39,6
16,40,27
16,41,12
16,42,28
16,43,17
16,44,5
16,45,144
16,46,125
16,47,16
16,48,18
16,49,27
16,50,27
16,51,10
16,52,133
16,53,24
16,54,24
16,55,24
16,56,166
16,57,14
16,58,9
16,59,25
16,60,14
16,61,130
16,62,34
16,63,109
16,64,25
16,65,19
16,66,19
16,67,28
16,68,57
16,69,33
16,70,20
16,71,18
16,72,208
16,73,13
16,74,13
16,75,209
16,76,217
16,77,217
16,78,128
16,79,128
16,80,128
16,81,54
16,82,69
16,83,66
16,84,17
16,85,23
16,86,17
16,87,26
16,88,26
16,89,360
16,90,18
16,91,17
16,92,420
16,93,181
16,94,120
16,95,132
16,96,7
16,97,6
16,98,32
16,99,21
16,100,176
16,101,114
16,102,25
16,103,67
16,104,17
16,105,17
16,106,17
16,107,20
16,108,22
16,109,14
16,110,14
16,111,29
16,112,20
16,113,69
16,114,69
16,115,69
16,116,12
16,117,16
16,118,17
16,119,2
16,120,2
16,121,1
16,122,31
16,123,34
16,124,23
16,125,6
16,126,10
16,127,21
16,128,5
16,129,2
16,130,2
16,131,2
16,132,12
16,133,12
16,134,1
16,135,10
16,136,8
16,137,9
16,138,12
16,139,8
16,140,6
16,141,32
16,142,31
16,143,182
16,144,19
16,145,183
16,146,4
16,147,23
16,148,360
16,149,69
16,150,26
16,151,22
16,152,23
16,153,25
16,154,25
16,155,10
16,156,10
16,157,33
16,158,76
16,159,287
16,160,24
16,161,24
16,162,14
16,163,23
16,164,11
16,165,10
16,166,1
16,167,14
16,168,26
16,169,26
16,170,26
16,171,121
16,172,39
16,173,9
16,174,17
16,175,13
16,176,12
16,177,31
16,178,74
16,179,121
16,180,420
16,181,6
16,182,360
16,183,360
16,184,27
16,185,27
16,186,29
16,187,29
16,188,29
16,189,103
16,190,103
16,191,21
16,192,19
16,193,29
16,194,28
16,195,29
16,196,29
16,197,29
16,198,29
16,199,28
16,200,29
16,201,29
16,202,101
16,203,22
16,204,6
16,205,480
16,206,36
16,207,36
16,208,36
16,209,24
16,210,19
16,211,20
16,212,14
16,213,23
16,214,25
16,215,76
16,216,76
16,217,76
16,218,19
16,219,20
16,220,480
16,221,38
16,222,9
16,223,31
16,224,31
16,225,19
16,226,20
16,227,103
16,228,109
16,229,30
16,230,30
16,231,24
16,232,131
16,233,132
16,234,23
16,235,24
16,236,34
16,237,13
16,238,11
16,239,11
16,240,24
16,241,24
16,242,7
16,243,29
16,244,15
16,245,15
16,246,15
16,247,8
16,248,8
16,249,67
16,250,18
16,251,18
16,252,22
16,253,22
16,254,9
16,255,18
16,256,12
16,257,12
16,258,11
16,259,10
16,260,10
16,261,18
16,262,74
16,263,73
16,264,183
16,265,148
16,266,151
16,267,151
16,268,151
16,269,7
16,270,7
16,271,8
16,272,105
16,273,8
16,274,9
16,275,16
16,276,88
16,277,15
16,278,14
16,279,15
16,280,18
16,281,13
16,282,14
16,283,10
16,284,13
16,285,25
16,286,18
16,287,19
16,288,17
16,289,20
16,290,23
16,291,21
16,292,21
16,293,21
16,294,23
16,295,23
16,296,23
16,297,27
16,298,25
16,299,173
16,300,11
16,301,11
16,302,11
16,303,9
16,304,8
16,305,9
16,306,32
16,307,31
16,308,360
16,309,31
16,310,33
16,311,23
16,312,24
16,313,19
16,314,19
16,315,19
16,316,20
16,317,22
16,318,22
16,319,18
16,320,20
16,321,20
16,322,19
16,323,26
16,324,14
16,325,32
16,326,25
16,327,100
16,328,9
16,329,25
16,330,26
16,331,31
16,332,74
16,333,14
16,334,8
16,335,300
16,336,12
16,337,16
16,338,16
16,339,95
16,340,31
16,341,40
16,342,20
16,343,31
16,344,18
16,345,17
16,346,19
16,347,66
16,348,37
16,349,31
16,350,27
17,0,0
17,1,0
17,2,0
17,3,0
17,4,0
17,5,0
17,6,0
17,7,0
17,8,0
17,9,0
17,10,0
17,11,0
17,12,6
17,13,7
17,14,7
17,15,6
17,16,6
17,17,0
17,18,28
17,19,289
17,20,26
17,21,135
17,22,37
17,23,23
17,24,23
17,25,25
17,26,26
17,27,175
17,28,154
17,29,154
17,30,153
17,31,154
17,32,23
17,33,21
17,34,19
17,35,116
17,36,24
17,37,30
17,38,30
17,39,10
17,40,29
17,41,16
17,42,29
17,43,21
17,44,4
17,45,146
17,46,129
17,47,19
17,48,22
17,49,31
17,50,31
17,51,8
17,52,132
17,53,27
17,54,27
17,55,27
17,56,169
17,57,8
17,58,3
17,59,23
17,60,15
17,61,133
17,62,31
17,63,111
17,64,28
17,65,23
17,66,23
17,67,26
17,68,60
17,69,32
17,70,18
17,71,16
17,72,207
17,73,12
17,74,12
17,75,208
17,76,221
17,77,221
17,78,126
17,79,126
17,80,126
17,81,52
17,82,71
17,83,63
17,84,21
17,85,20
17,86,21
17,87,23
17,88,23
17,89,360
17,90,20
17,91,19
17,92,420
17,93,184
17,94,118
17,95,131
17,96,11
17,97,5
17,98,33
17,99,24
17,100,179
17,101,113
17,102,29
17,103,69
17,104,16
17,105,16
17,106,15
17,107,19
17,108,20
17,109,12
17,110,13
17,111,33
17,112,22
17,113,71
17,114,71
17,115,71
17,116,5
17,117,15
17,118,15
17,119,7
17,120,7
17,121,7
17,122,35
17,123,37
17,124,26
17,125,7
17,126,14
17,127,24
17,128,10
17,129,6
17,130,4
17,131,6
17,132,16
17,133,16
17,134,5
17,135,9
17,136,7
17,137,13
17,138,6
17,139,12
17,140,10
17,141,34
17,142,33
17,143,186
17,144,22
17,145,186
17,146,8
17,147,26
17,148,420
17,149,71
17,150,31
17,151,25
17,152,27
17,153,28
17,154,29
17,155,8
17,156,8
17,157,31
17,158,78
17,159,289
17,160,27
17,161,27
17,162,15
17,163,25
17,164,14
17,165,15
17,166,6
17,167,13
17,168,30
17,169,30
17,170,31
17,171,124
17,172,43
17,173,7
17,174,20
17,175,15
17,176,13
17,177,35
17,178,76
17,179,124
17,180,420
17,181,4
17,182,360
17,183,360
17,184,30
17,185,30
17,186,32
17,187,32
17,188,33
17,189,98
17,190,98
17,191,24
17,192,18
17,193,32
17,194,32
17,195,33
17,196,32
17,197,33
17,198,33
17,199,31
17,200,33
17,201,33
17,202,95
17,203,26
17,204,11
17,205,480
17,206,40
17,207,41
17,208,40
17,209,29
17,210,23
17,211,23
17,212,18
17,213,26
17,214,28
17,215,80
17,216,80
17,217,80
17,218,24
17,219,25
17,220,480
17,221,37
17,222,11
17,223,35
17,224,35
17,225,23
17,226,22
17,227,107
17,228,110
17,229,29
17,230,28
17,231,28
17,232,135
17,233,136
17,234,28
17,235,27
17,236,38
17,237,12
17,238,10
17,239,10
17,240,28
17,241,27
17,242,5
17,243,30
17,244,19
17,245,19
17,246,19
17,247,12
17,248,12
17,249,69
17,250,21
17,251,21
17,252,25
17,253,25
17,254,8
17,255,22
17,256,15
17,257,15
17,258,14
17,259,14
17,260,14
17,261,22
17,262,76
17,263,74
17,264,186
17,265,151
17,266,154
17,267,154
17,268,154
17,269,11
17,270,11
17,271,11
17,272,99
17,273,12
17,274,13
17,275,19
17,276,83
17,277,18
17,278,18
17,279,18
17,280,22
17,281,12
17,282,13
17,283,9
17,284,12
17,285,28
17,286,22
17,287,23
17,288,21
17,289,24
17,290,26
17,291,25
17,292,25
17,293,25
17,294,26
17,295,26
17,296,27
17,297,30
17,298,29
17,299,176
17,300,10
17,301,10
17,302,10
17,303,8
17,304,2
17,305,8
17,306,36
17,307,30
17,308,360
17,309,30
17,310,32
17,311,26
17,312,27
17,313,22
17,314,22
17,315,22
17,316,23
17,317,27
17,318,27
17,319,23
17,320,23
17,321,24
17,322,18
17,323,31
17,324,18
17,325,36
17,326,29
17,327,103
17,328,13
17,329,29
17,330,29
17,331,29
17,332,78
17,333,10
17,334,12
17,335,300
17,336,16
17,337,19
17,338,20
17,339,98
17,340,35
17,341,44
17,342,19
17,343,34
17,344,22
17,345,20
17,346,23
17,347,63
17,348,40
17,349,35
17,350,31
18,0,0
18,1,0
18,2,0
18,3,0
18,4,0
18,5,0
18,6,0
18,7,0
18,8,0
18,9,0
18,10,0
18,11,0
18,12,25
18,13,22
18,14,25
18,15,24
18,16,25
18,17,28
18,18,0
18,19,282
18,20,31
18,21,111
18,22,15
18,23,8
18,24,8
18,25,7
18,26,6
18,27,149
18,28,129
18,29,129
18,30,128
18,31,129
18,32,28
18,33,14
18,34,15
18,35,141
18,36,6
18,37,37
18,38,37
18,39,20
18,40,38
18,41,14
18,42,38
18,43,10
18,44,29
18,45,149
18,46,107
18,47,23
18,48,20
18,49,29
18,50,29
18,51,34
18,52,156
18,53,34
18,54,34
18,55,34
18,56,141
18,57,39
18,58,34
18,59,40
18,60,18
18,61,106
18,62,58
18,63,114
18,64,26
18,65,20
18,66,20
18,67,52
18,68,54
18,69,56
18,70,43
18,71,41
18,72,231
18,73,36
18,74,35
18,75,232
18,76,194
18,77,194
18,78,150
18,79,150
18,80,150
18,81,77
18,82,64
18,83,90
18,84,24
18,85,47
18,86,24
18,87,49
18,88,50
18,89,300
18,90,22
18,91,23
18,92,420
18,93,156
18,94,142
18,95,155
18,96,21
18,97,28
18,98,27
18,99,5
18,100,151
18,101,137
18,102,1
18,103,62
18,104,40
18,105,40
18,106,40
18,107,44
18,108,46
18,109,37
18,110,37
18,111,10
18,112,17
18,113,64
18,114,64
18,115,64
18,116,36
18,117,39
18,118,40
18,119,27
18,120,27
18,121,27
18,122,13
18,123,12
18,124,3
18,125,26
18,126,16
18,127,33
18,128,21
18,129,25
18,130,26
18,131,25
18,132,14
18,133,14
18,134,27
18,135,33
18,136,33
18,137,18
18,138,37
18,139,18
18,140,21
18,141,27
18,142,27
18,143,158
18,144,8
18,145,159
18,146,23
18,147,34
18,148,360
18,149,64
18,150,8
18,151,5
18,152,7
18,153,7
18,154,10
18,155,31
18,156,31
18,157,56
18,158,71
18,159,282
18,160,8
18,161,23
18,162,18
18,163,17
18,164,16
18,165,16
18,166,28
18,167,35
18,168,5
18,169,5
18,170,6
18,171,103
18,172,20
18,173,29
18,174,28
18,175,24
18,176,26
18,177,13
18,178,69
18,179,101
18,180,420
18,181,30
18,182,300
18,183,300
18,184,2
18,185,2
18,186,4
18,187,4
18,188,5
18,189,126
18,190,126
18,191,24
18,192,43
18,193,30
18,194,30
18,195,31
18,196,30
18,197,31
18,198,31
18,199,29
18,200,31
18,201,31
18,202,123
18,203,9
18,204,20
18,205,420
18,206,15
18,207,15
18,208,15
18,209,4
18,210,27
18,211,27
18,212,23
18,213,5
18,214,6
18,215,77
18,216,77
18,217,77
18,218,7
18,219,6
18,220,420
18,221,61
18,222,22
18,223,13
18,224,13
18,225,31
18,226,32
18,227,81
18,228,103
18,229,54
18,230,54
18,231,24
18,232,111
18,233,112
18,234,5
18,235,11
18,236,13
18,237,38
18,238,35
18,239,36
18,240,10
18,241,10
18,242,30
18,243,25
18,244,13
18,245,14
18,246,26
18,247,22
18,248,22
18,249,62
18,250,9
18,251,9
18,252,8
18,253,8
18,254,34
18,255,24
18,256,20
18,257,20
18,258,21
18,259,21
18,260,21
18,261,14
18,262,69
18,263,68
18,264,158
18,265,125
18,266,128
18,267,128
18,268,128
18,269,23
18,270,23
18,271,22
18,272,127
18,273,22
18,274,22
18,275,15
18,276,110
18,277,24
18,278,25
18,279,24
18,280,30
18,281,35
18,282,35
18,283,28
18,284,34
18,285,7
18,286,14
18,287,12
18,288,16
18,289,11
18,290,13
18,291,11
18,292,11
18,293,11
18,294,9
18,295,9
18,296,8
18,297,5
18,298,5
18,299,148
18,300,33
18,301,33
18,302,33
18,303,28
18,304,32
18,305,28
18,306,8
18,307,54
18,308,300
18,309,54
18,310,56
18,311,5
18,312,4
18,313,12
18,314,10
18,315,29
18,316,30
18,317,5
18,318,4
18,319,8
18,320,11
18,321,11
18,322,43
18,323,9
18,324,12
18,325,15
18,326,8
18,327,78
18,328,18
18,329,27
18,330,28
18,331,55
18,332,75
18,333,38
18,334,23
18,335,300
18,336,16
18,337,13
18,338,27
18,339,96
18,340,13
18,341,21
18,342,45
18,343,9
18,344,25
18,345,23
18,346,25
18,347,90
18,348,14
18,349,13
18,350,37
19,0,0
19,1,0
19,2,0
19,3,0
19,4,0
19,5,0
19,6,0
19,7,0
19,8,0
19,9,0
19,10,0
19,11,0
19,12,287
19,13,288
19,14,287
19,15,287
19,16,287
19,17,289
19,18,282
19,19,0
19,20,300
19,21,360
19,22,283
19,23,279
19,24,279
19,25,280
19,26,281
19,27,360
19,28,236
19,29,236
19,30,237
19,31,237
19,32,300
19,33,289
19,34,288
19,35,420
19,36,283
19,37,300
19,38,300
19,39,290
19,40,300
19,41,285
19,42,300
19,43,283
19,44,292
19,45,420
19,46,360
19,47,296
19,48,293
19,49,300
19,50,300
19,51,300
19,52,420
19,53,300
19,54,300
19,55,300
19,56,360
19,57,300
19,58,298
19,59,286
19,60,280
19,61,300
19,62,300
19,63,360
19,64,300
19,65,293
19,66,294
19,67,300
19,68,360
19,69,300
19,70,300
19,71,300
19,72,480
19,73,300
19,74,300
19,75,480
19,76,420
19,77,420
19,78,420
19,79,420
19,80,420
19,81,360
19,82,226
19,83,300
19,84,297
19,85,300
19,86,297
19,87,300
19,88,300
19,89,291
19,90,278
19,91,279
19,92,660
19,93,360
19,94,420
19,95,420
19,96,291
19,97,298
19,98,261
19,99,282
19,100,360
19,101,360
19,102,286
19,103,224
19,104,300
19,105,300
19,106,300
19,107,300
19,108,300
19,109,300
19,110,300
19,111,288
19,112,275
19,113,225
19,114,226
19,115,226
19,116,300
19,117,300
19,118,300
19,119,293
19,120,293
19,121,293
19,122,284
19,123,286
19,124,284
19,125,289
19,126,285
19,127,300
19,128,288
19,129,292
19,130,295
19,131,292
19,132,281
19,133,281
19,134,294
19,135,300
19,136,300
19,137,285
19,138,300
19,139,285
19,140,288
19,141,262
19,142,263
19,143,360
19,144,282
19,145,360
19,146,293
19,147,300
19,148,420
19,149,227
19,150,285
19,151,285
19,152,286
19,153,288
19,154,289
19,155,300
19,156,300
19,157,300
19,158,233
19,159,1
19,160,287
19,161,298
19,162,280
19,163,271
19,164,285
19,165,285
19,166,293
19,167,300
19,168,285
19,169,285
19,170,286
19,171,360
19,172,286
19,173,299
19,174,300
19,175,283
19,176,285
19,177,284
19,178,230
19,179,360
19,180,420
19,181,293
19,182,292
19,183,292
19,184,288
19,185,288
19,186,290
19,187,290
19,188,291
19,189,246
19,190,246
19,191,297
19,192,300
19,193,300
19,194,300
19,195,300
19,196,300
19,197,300
19,198,300
19,199,300
19,200,300
19,201,300
19,202,242
19,203,286
19,204,288
19,205,480
19,206,285
19,207,285
19,208,285
19,209,285
19,210,300
19,211,300
19,212,297
19,213,285
19,214,287
19,215,360
19,216,360
19,217,360
19,218,282
19,219,281
19,220,480
19,221,360
19,222,284
19,223,284
19,224,284
19,225,300
19,226,300
19,227,264
19,228,217
19,229,300
19,230,300
19,231,298
19,232,360
19,233,360
19,234,282
19,235,288
19,236,285
19,237,300
19,238,300
19,239,300
19,240,288
19,241,288
19,242,299
19,243,266
19,244,286
19,245,287
19,246,299
19,247,295
19,248,295
19,249,228
19,250,281
19,251,281
19,252,286
19,253,286
19,254,300
19,255,298
19,256,292
19,257,293
19,258,293
19,259,294
19,260,294
19,261,277
19,262,232
19,263,229
19,264,360
19,265,239
19,266,238
19,267,238
19,268,238
19,269,295
19,270,293
19,271,293
19,272,248
19,273,294
19,274,294
19,275,288
19,276,246
19,277,297
19,278,298
19,279,298
19,280,300
19,281,300
19,282,300
19,283,299
19,284,300
19,285,288
19,286,290
19,287,288
19,288,290
19,289,288
19,290,290
19,291,287
19,292,287
19,293,287
19,294,287
19,295,287
19,296,288
19,297,288
19,298,287
19,299,360
19,300,300
19,301,300
19,302,300
19,303,297
19,304,296
19,305,298
19,306,294
19,307,300
19,308,293
19,309,300
19,310,300
19,311,285
19,312,285
19,313,286
19,314,284
19,315,300
19,316,300
19,317,282
19,318,282
19,319,281
19,320,287
19,321,287
19,322,300
19,323,285
19,324,283
19,325,283
19,326,284
19,327,266
19,328,288
19,329,300
19,330,300
19,331,300
19,332,360
19,333,300
19,334,288
19,335,480
19,336,288
19,337,286
19,338,300
19,339,360
19,340,284
19,341,287
19,342,300
19,343,289
19,344,298
19,345,296
19,346,299
19,347,300
19,348,287
19,349,284
19,350,300
20,0,0
20,1,0
20,2,0
20,3,0
20,4,0
20,5,0
20,6,0
20,7,0
20,8,0
20,9,0
20,10,0
20,11,0
20,12,22
20,13,20
20,14,23
20,15,22
20,16,23
20,17,26
20,18,31
20,19,300
20,20,0
20,21,113
20,22,44
20,23,29
20,24,29
20,25,31
20,26,32
20,27,165
20,28,157
20,29,157
20,30,156
20,31,157
20,32,3
20,33,16
20,34,16
20,35,122
20,36,25
20,37,6
20,38,6
20,39,18
20,40,8
20,41,22
20,42,9
20,43,21
20,44,25
20,45,122
20,46,106
20,47,9
20,48,11
20,49,7
20,50,7
20,51,27
20,52,135
20,53,8
20,54,8
20,55,8
20,56,151
20,57,35
20,58,30
20,59,42
20,60,29
20,61,123
20,62,46
20,63,88
20,64,5
20,65,10
20,66,9
20,67,41
20,68,38
20,69,45
20,70,31
20,71,29
20,72,210
20,73,25
20,74,25
20,75,211
20,76,205
20,77,205
20,78,129
20,79,129
20,80,129
20,81,65
20,82,80
20,83,78
20,84,8
20,85,35
20,86,9
20,87,38
20,88,38
20,89,360
20,90,33
20,91,34
20,92,420
20,93,163
20,94,121
20,95,134
20,96,17
20,97,22
20,98,43
20,99,28
20,100,163
20,101,119
20,102,29
20,103,78
20,104,23
20,105,23
20,106,24
20,107,33
20,108,34
20,109,25
20,110,25
20,111,38
20,112,33
20,113,81
20,114,80
20,115,80
20,116,32
20,117,25
20,118,26
20,119,22
20,120,22
20,121,23
20,122,43
20,123,41
20,124,29
20,125,23
20,126,21
20,127,10
20,128,20
20,129,21
20,130,22
20,131,21
20,132,25
20,133,25
20,134,23
20,135,26
20,136,27
20,137,23
20,138,33
20,139,23
20,140,20
20,141,43
20,142,43
20,143,166
20,144,24
20,145,164
20,146,19
20,147,7
20,148,360
20,149,80
20,150,37
20,151,24
20,152,23
20,153,23
20,154,22
20,155,21
20,156,21
20,157,44
20,158,87
20,159,298
20,160,22
20,161,10
20,162,29
20,163,34
20,164,21
20,165,21
20,166,24
20,167,22
20,168,34
20,169,34
20,170,34
20,171,102
20,172,48
20,173,19
20,174,9
20,175,30
20,176,29
20,177,43
20,178,85
20,179,102
20,180,420
20,181,26
20,182,360
20,183,360
20,184,28
20,185,28
20,186,31
20,187,31
20,188,32
20,189,124
20,190,124
20,191,7
20,192,32
20,193,9
20,194,8
20,195,9
20,196,8
20,197,9
20,198,9
20,199,8
20,200,9
20,201,9
20,202,121
20,203,20
20,204,20
20,205,480
20,206,44
20,207,44
20,208,44
20,209,32
20,210,5
20,211,5
20,212,10
20,213,24
20,214,24
20,215,58
20,216,58
20,217,58
20,218,28
20,219,29
20,220,480
20,221,49
20,222,26
20,223,43
20,224,43
20,225,13
20,226,14
20,227,109
20,228,120
20,229,42
20,230,42
20,231,9
20,232,113
20,233,113
20,234,34
20,235,22
20,236,42
20,237,29
20,238,30
20,239,30
20,240,22
20,241,22
20,242,26
20,243,41
20,244,18
20,245,18
20,246,8
20,247,14
20,248,14
20,249,79
20,250,24
20,251,24
20,252,21
20,253,21
20,254,26
20,255,8
20,256,15
20,257,14
20,258,14
20,259,13
20,260,13
20,261,29
20,262,85
20,263,84
20,264,166
20,265,153
20,266,156
20,267,156
20,268,156
20,269,15
20,270,15
20,271,14
20,272,125
20,273,14
20,274,12
20,275,15
20,276,109
20,277,9
20,278,8
20,279,8
20,280,10
20,281,23
20,282,22
20,283,18
20,284,22
20,285,23
20,286,15
20,287,17
20,288,14
20,289,18
20,290,20
20,291,19
20,292,19
20,293,19
20,294,21
20,295,21
20,296,21
20,297,25
20,298,25
20,299,160
20,300,24
20,301,24
20,302,25
20,303,19
20,304,28
20,305,19
20,306,31
20,307,42
20,308,360
20,309,43
20,310,44
20,311,24
20,312,26
20,313,18
20,314,20
20,315,7
20,316,6
20,317,32
20,318,32
20,319,27
20,320,19
20,321,18
20,322,31
20,323,37
20,324,20
20,325,44
20,326,35
20,327,106
20,328,19
20,329,4
20,330,5
20,331,44
20,332,56
20,333,34
20,334,22
20,335,300
20,336,18
20,337,18
20,338,8
20,339,76
20,340,43
20,341,50
20,342,33
20,343,37
20,344,8
20,345,9
20,346,7
20,347,78
20,348,43
20,349,43
20,350,6
21,0,0
21,1,0
21,2,0
21,3,0
21,4,0
21,5,0
21,6,0
21,7,0
21,8,0
21,9,0
21,10,0
21,11,0
21,12,131
21,13,129
21,14,132
21,15,131
21,16,132
21,17,135
21,18,111
21,19,360
21,20,113
21,21,0
21,22,110
21,23,122
21,24,122
21,25,122
21,26,121
21,27,84
21,28,122
21,29,122
21,30,121
21,31,122
21,32,119
21,33,122
21,34,122
21,35,228
21,36,120
21,37,123
21,38,123
21,39,131
21,40,126
21,41,128
21,42,126
21,43,124
21,44,139
21,45,162
21,46,13
21,47,121
21,48,118
21,49,111
21,50,111
21,51,144
21,52,240
21,53,125
21,54,125
21,55,125
21,56,38
21,57,148
21,58,143
21,59,155
21,60,132
21,61,40
21,62,163
21,63,127
21,64,112
21,65,117
21,66,117
21,67,158
21,68,93
21,69,162
21,70,148
21,71,146
21,72,300
21,73,142
21,74,142
21,75,300
21,76,92
21,77,92
21,78,235
21,79,235
21,80,235
21,81,182
21,82,165
21,83,195
21,84,118
21,85,152
21,86,119
21,87,155
21,88,155
21,89,257
21,90,136
21,91,137
21,92,300
21,93,51
21,94,227
21,95,239
21,96,130
21,97,135
21,98,137
21,99,119
21,100,50
21,101,226
21,102,114
21,103,165
21,104,140
21,105,140
21,106,141
21,107,149
21,108,151
21,109,142
21,110,142
21,111,113
21,112,131
21,113,165
21,114,165
21,115,165
21,116,146
21,117,142
21,118,143
21,119,136
21,120,136
21,121,136
21,122,113
21,123,108
21,124,118
21,125,136
21,126,128
21,127,127
21,128,133
21,129,135
21,130,136
21,131,134
21,132,129
21,133,129
21,134,136
21,135,142
21,136,142
21,137,130
21,138,146
21,139,130
21,140,132
21,141,137
21,142,138
21,143,53
21,144,122
21,145,51
21,146,133
21,147,125
21,148,294
21,149,164
21,150,117
21,151,119
21,152,118
21,153,116
21,154,114
21,155,134
21,156,134
21,157,161
21,158,157
21,159,360
21,160,117
21,161,115
21,162,132
21,163,132
21,164,127
21,165,127
21,166,137
21,167,137
21,168,116
21,169,116
21,170,117
21,171,12
21,172,104
21,173,133
21,174,125
21,175,138
21,176,140
21,177,113
21,178,161
21,179,11
21,180,300
21,181,140
21,182,256
21,183,256
21,184,112
21,185,112
21,186,112
21,187,112
21,188,112
21,189,237
21,190,238
21,191,115
21,192,149
21,193,110
21,194,112
21,195,110
21,196,112
21,197,111
21,198,112
21,199,112
21,200,110
21,201,110
21,202,235
21,203,118
21,204,132
21,205,360
21,206,107
21,207,107
21,208,107
21,209,117
21,210,118
21,211,118
21,212,122
21,213,118
21,214,115
21,215,83
21,216,83
21,217,83
21,218,121
21,219,120
21,220,360
21,221,166
21,222,136
21,223,113
21,224,113
21,225,131
21,226,131
21,227,96
21,228,207
21,229,159
21,230,159
21,231,115
21,232,1
21,233,2
21,234,119
21,235,115
21,236,110
21,237,146
21,238,145
21,239,145
21,240,115
21,241,116
21,242,139
21,243,139
21,244,124
21,245,124
21,246,122
21,247,128
21,248,128
21,249,165
21,250,123
21,251,123
21,252,119
21,253,119
21,254,143
21,255,118
21,256,125
21,257,125
21,258,126
21,259,126
21,260,126
21,261,128
21,262,157
21,263,161
21,264,53
21,265,118
21,266,121
21,267,121
21,268,121
21,269,129
21,270,129
21,271,128
21,272,239
21,273,127
21,274,126
21,275,121
21,276,222
21,277,122
21,278,122
21,279,122
21,280,126
21,281,138
21,282,138
21,283,132
21,284,138
21,285,115
21,286,122
21,287,120
21,288,120
21,289,119
21,290,117
21,291,118
21,292,118
21,293,118
21,294,117
21,295,117
21,296,116
21,297,112
21,298,115
21,299,47
21,300,138
21,301,138
21,302,138
21,303,133
21,304,142
21,305,133
21,306,107
21,307,159
21,308,256
21,309,159
21,310,161
21,311,118
21,312,116
21,313,122
21,314,122
21,315,123
21,316,122
21,317,119
21,318,119
21,319,122
21,320,120
21,321,120
21,322,148
21,323,118
21,324,126
21,325,112
21,326,119
21,327,96
21,328,129
21,329,113
21,330,113
21,331,161
21,332,81
21,333,148
21,334,134
21,335,198
21,336,124
21,337,125
21,338,123
21,339,40
21,340,113
21,341,103
21,342,150
21,343,112
21,344,118
21,345,119
21,346,117
21,347,195
21,348,105
21,349,113
21,350,124
22,0,0
22,1,0
22,2,0
22,3,0
22,4,0
22,5,0
22,6,0
22,7,0
22,8,0
22,9,0
22,10,0
22,11,0
22,12,33
22,13,33
22,14,34
22,15,32
22,16,33
22,17,37
22,18,15
22,19,283
22,20,44
22,21,110
22,22,0
22,23,15
22,24,15
22,25,14
22,26,12
22,27,142
22,28,120
22,29,120
22,30,119
22,31,120
22,32,44
22,33,30
22,34,30
22,35,152
22,36,20
22,37,52
22,38,52
22,39,32
22,40,53
22,41,26
22,42,54
22,43,23
22,44,37
22,45,165
22,46,103
22,47,39
22,48,36
22,49,45
22,50,45
22,51,44
22,52,167
22,53,50
22,54,50
22,55,50
22,56,136
22,57,49
22,58,43
22,59,47
22,60,25
22,61,100
22,62,68
22,63,130
22,64,42
22,65,36
22,66,36
22,67,63
22,68,56
22,69,68
22,70,54
22,71,52
22,72,243
22,73,48
22,74,47
22,75,244
22,76,187
22,77,187
22,78,162
22,79,162
22,80,162
22,81,88
22,82,60
22,83,100
22,84,40
22,85,57
22,86,40
22,87,60
22,88,60
22,89,300
22,90,28
22,91,29
22,92,420
22,93,151
22,94,154
22,95,167
22,96,33
22,97,40
22,98,30
22,99,17
22,100,146
22,101,148
22,102,15
22,103,58
22,104,51
22,105,51
22,106,51
22,107,55
22,108,57
22,109,48
22,110,48
22,111,6
22,112,22
22,113,61
22,114,60
22,115,60
22,116,46
22,117,51
22,118,51
22,119,35
22,120,35
22,121,35
22,122,3
22,123,3
22,124,15
22,125,34
22,126,27
22,127,49
22,128,30
22,129,34
22,130,36
22,131,34
22,132,23
22,133,23
22,134,35
22,135,44
22,136,43
22,137,27
22,138,46
22,139,27
22,140,30
22,141,30
22,142,31
22,143,152
22,144,21
22,145,154
22,146,35
22,147,49
22,148,360
22,149,60
22,150,8
22,151,21
22,152,22
22,153,23
22,154,25
22,155,43
22,156,43
22,157,67
22,158,68
22,159,279
22,160,23
22,161,39
22,162,25
22,163,23
22,164,27
22,165,27
22,166,37
22,167,48
22,168,10
22,169,10
22,170,10
22,171,98
22,172,7
22,173,41
22,174,43
22,175,31
22,176,33
22,177,3
22,178,66
22,179,97
22,180,360
22,181,38
22,182,300
22,183,300
22,184,15
22,185,15
22,186,13
22,187,12
22,188,12
22,189,132
22,190,133
22,191,39
22,192,53
22,193,46
22,194,45
22,195,46
22,196,46
22,197,46
22,198,46
22,199,45
22,200,47
22,201,46
22,202,130
22,203,25
22,204,30
22,205,420
22,206,3
22,207,3
22,208,3
22,209,12
22,210,42
22,211,43
22,212,39
22,213,20
22,214,21
22,215,93
22,216,93
22,217,93
22,218,18
22,219,17
22,220,420
22,221,72
22,222,30
22,223,3
22,224,3
22,225,47
22,226,47
22,227,72
22,228,100
22,229,64
22,230,64
22,231,40
22,232,107
22,233,107
22,234,12
22,235,26
22,236,3
22,237,47
22,238,45
22,239,46
22,240,25
22,241,25
22,242,41
22,243,31
22,244,28
22,245,29
22,246,42
22,247,37
22,248,37
22,249,59
22,250,21
22,251,22
22,252,23
22,253,23
22,254,44
22,255,40
22,256,34
22,257,34
22,258,35
22,259,36
22,260,36
22,261,20
22,262,65
22,263,64
22,264,152
22,265,117
22,266,120
22,267,120
22,268,120
22,269,37
22,270,35
22,271,36
22,272,134
22,273,36
22,274,37
22,275,30
22,276,117
22,277,40
22,278,40
22,279,40
22,280,45
22,281,47
22,282,48
22,283,41
22,284,47
22,285,22
22,286,30
22,287,28
22,288,32
22,289,27
22,290,27
22,291,26
22,292,26
22,293,26
22,294,24
22,295,24
22,296,23
22,297,19
22,298,20
22,299,143
22,300,45
22,301,45
22,302,45
22,303,40
22,304,42
22,305,40
22,306,16
22,307,65
22,308,300
22,309,65
22,310,67
22,311,21
22,312,19
22,313,26
22,314,24
22,315,45
22,316,46
22,317,13
22,318,13
22,319,17
22,320,26
22,321,26
22,322,53
22,323,8
22,324,25
22,325,2
22,326,8
22,327,69
22,328,30
22,329,43
22,330,44
22,331,66
22,332,91
22,333,46
22,334,32
22,335,295
22,336,29
22,337,28
22,338,42
22,339,99
22,340,3
22,341,8
22,342,55
22,343,7
22,344,41
22,345,39
22,346,41
22,347,100
22,348,4
22,349,3
22,350,53
23,0,0
23,1,0
23,2,0
23,3,0
23,4,0
23,5,0
23,6,0
23,7,0
23,8,0
23,9,0
23,10,0
23,11,0
23,12,18
23,13,18
23,14,19
23,15,18
23,16,18
23,17,23
23,18,8
23,19,279
23,20,29
23,21,122
23,22,15
23,23,0
23,24,1
23,25,3
23,26,3
23,27,154
23,28,134
23,29,134
23,30,133
23,31,134
23,32,28
23,33,16
23,34,15
23,35,136
23,36,5
23,37,36
23,38,36
23,39,16
23,40,37
23,41,11
23,42,38
23,43,9
23,44,22
23,45,149
23,46,114
23,47,22
23,48,19
23,49,28
23,50,28
23,51,29
23,52,152
23,53,34
23,54,34
23,55,34
23,56,149
23,57,33
23,58,28
23,59,33
23,60,11
23,61,113
23,62,53
23,63,114
23,64,26
23,65,20
23,66,20
23,67,47
23,68,57
23,69,52
23,70,39
23,71,36
23,72,227
23,73,32
23,74,32
23,75,228
23,76,200
23,77,200
23,78,146
23,79,146
23,80,146
23,81,72
23,82,56
23,83,85
23,84,23
23,85,41
23,86,23
23,87,44
23,88,44
23,89,300
23,90,14
23,91,15
23,92,420
23,93,164
23,94,138
23,95,151
23,96,17
23,97,25
23,98,19
23,99,3
23,100,158
23,101,133
23,102,8
23,103,54
23,104,36
23,105,36
23,106,35
23,107,39
23,108,41
23,109,32
23,110,33
23,111,10
23,112,9
23,113,56
23,114,56
23,115,56
23,116,30
23,117,35
23,118,35
23,119,20
23,120,20
23,121,20
23,122,12
23,123,17
23,124,5
23,125,19
23,126,11
23,127,33
23,128,15
23,129,18
23,130,21
23,131,18
23,132,8
23,133,8
23,134,20
23,135,29
23,136,27
23,137,11
23,138,31
23,139,11
23,140,14
23,141,19
23,142,19
23,143,165
23,144,6
23,145,166
23,146,19
23,147,33
23,148,360
23,149,56
23,150,8
23,151,6
23,152,8
23,153,9
23,154,12
23,155,28
23,156,28
23,157,51
23,158,63
23,159,274
23,160,10
23,161,25
23,162,11
23,163,10
23,164,12
23,165,12
23,166,21
23,167,32
23,168,8
23,169,8
23,170,8
23,171,110
23,172,20
23,173,25
23,174,27
23,175,17
23,176,19
23,177,12
23,178,61
23,179,108
23,180,420
23,181,23
23,182,300
23,183,300
23,184,9
23,185,9
23,186,12
23,187,12
23,188,12
23,189,119
23,190,119
23,191,23
23,192,38
23,193,30
23,194,29
23,195,30
23,196,30
23,197,30
23,198,30
23,199,29
23,200,31
23,201,30
23,202,116
23,203,11
23,204,14
23,205,480
23,206,18
23,207,18
23,208,18
23,209,6
23,210,26
23,211,27
23,212,23
23,213,6
23,214,8
23,215,77
23,216,77
23,217,77
23,218,3
23,219,2
23,220,480
23,221,57
23,222,15
23,223,12
23,224,12
23,225,31
23,226,32
23,227,86
23,228,96
23,229,49
23,230,49
23,231,25
23,232,118
23,233,119
23,234,5
23,235,13
23,236,15
23,237,32
23,238,30
23,239,30
23,240,12
23,241,12
23,242,25
23,243,17
23,244,12
23,245,13
23,246,25
23,247,21
23,248,22
23,249,55
23,250,6
23,251,7
23,252,10
23,253,10
23,254,28
23,255,24
23,256,18
23,257,19
23,258,20
23,259,21
23,260,21
23,261,5
23,262,61
23,263,60
23,264,165
23,265,130
23,266,133
23,267,133
23,268,133
23,269,22
23,270,19
23,271,20
23,272,120
23,273,20
23,274,22
23,275,14
23,276,103
23,277,23
23,278,24
23,279,24
23,280,29
23,281,32
23,282,32
23,283,25
23,284,32
23,285,9
23,286,16
23,287,14
23,288,17
23,289,14
23,290,15
23,291,13
23,292,13
23,293,13
23,294,11
23,295,11
23,296,10
23,297,9
23,298,8
23,299,156
23,300,29
23,301,29
23,302,30
23,303,24
23,304,27
23,305,24
23,306,15
23,307,50
23,308,300
23,309,50
23,310,52
23,311,6
23,312,7
23,313,12
23,314,10
23,315,29
23,316,30
23,317,4
23,318,4
23,319,2
23,320,13
23,321,13
23,322,38
23,323,8
23,324,9
23,325,14
23,326,7
23,327,83
23,328,14
23,329,27
23,330,27
23,331,50
23,332,75
23,333,31
23,334,16
23,335,300
23,336,14
23,337,13
23,338,26
23,339,95
23,340,12
23,341,22
23,342,39
23,343,13
23,344,24
23,345,22
23,346,25
23,347,85
23,348,19
23,349,12
23,350,37
24,0,0
24,1,0
24,2,0
24,3,0
24,4,0
24,5,0
24,6,0
24,7,0
24,8,0
24,9,0
24,10,0
24,11,0
24,12,18
24,13,19
24,14,19
24,15,18
24,16,19
24,17,23
24,18,8
24,19,279
24,20,29
24,21,122
24,22,15
24,23,1
24,24,0
24,25,2
24,26,3
24,27,155
24,28,134
24,29,134
24,30,133
24,31,134
24,32,28
24,33,16
24,34,15
24,35,137
24,36,6
24,37,36
24,38,36
24,39,17
24,40,38
24,41,11
24,42,38
24,43,9
24,44,23
24,45,149
24,46,114
24,47,23
24,48,20
24,49,29
24,50,29
24,51,29
24,52,152
24,53,34
24,54,34
24,55,34
24,56,149
24,57,33
24,58,28
24,59,34
24,60,11
24,61,113
24,62,53
24,63,114
24,64,26
24,65,20
24,66,20
24,67,47
24,68,58
24,69,52
24,70,39
24,71,37
24,72,227
24,73,32
24,74,32
24,75,228
24,76,200
24,77,200
24,78,147
24,79,147
24,80,147
24,81,73
24,82,56
24,83,85
24,84,24
24,85,42
24,86,24
24,87,45
24,88,45
24,89,300
24,90,14
24,91,15
24,92,420
24,93,164
24,94,139
24,95,151
24,96,18
24,97,25
24,98,19
24,99,3
24,100,159
24,101,133
24,102,8
24,103,54
24,104,36
24,105,36
24,106,36
24,107,39
24,108,41
24,109,33
24,110,33
24,111,10
24,112,9
24,113,57
24,114,56
24,115,56
24,116,31
24,117,35
24,118,36
24,119,20
24,120,20
24,121,20
24,122,12
24,123,17
24,124,5
24,125,20
24,126,12
24,127,34
24,128,15
24,129,19
24,130,21
24,131,19
24,132,8
24,133,8
24,134,20
24,135,29
24,136,27
24,137,11
24,138,31
24,139,12
24,140,15
24,141,19
24,142,19
24,143,165
24,144,7
24,145,166
24,146,19
24,147,33
24,148,360
24,149,56
24,150,8
24,151,6
24,152,8
24,153,9
24,154,12
24,155,28
24,156,28
24,157,52
24,158,64
24,159,275
24,160,10
24,161,25
24,162,11
24,163,10
24,164,12
24,165,12
24,166,21
24,167,33
24,168,8
24,169,8
24,170,8
24,171,110
24,172,20
24,173,26
24,174,28
24,175,17
24,176,20
24,177,12
24,178,62
24,179,108
24,180,420
24,181,24
24,182,300
24,183,300
24,184,10
24,185,10
24,186,12
24,187,12
24,188,12
24,189,119
24,190,119
24,191,24
24,192,38
24,193,30
24,194,29
24,195,31
24,196,30
24,197,31
24,198,31
24,199,29
24,200,31
24,201,31
24,202,116
24,203,11
24,204,15
24,205,480
24,206,17
24,207,18
24,208,18
24,209,6
24,210,27
24,211,27
24,212,23
24,213,6
24,214,8
24,215,77
24,216,77
24,217,77
24,218,3
24,219,3
24,220,480
24,221,57
24,222,15
24,223,12
24,224,12
24,225,32
24,226,32
24,227,86
24,228,96
24,229,49
24,230,49
24,231,25
24,232,118
24,233,119
24,234,5
24,235,13
24,236,15
24,237,32
24,238,30
24,239,30
24,240,12
24,241,13
24,242,26
24,243,18
24,244,12
24,245,14
24,246,26
24,247,22
24,248,22
24,249,55
24,250,7
24,251,7
24,252,10
24,253,10
24,254,28
24,255,24
24,256,19
24,257,19
24,258,20
24,259,21
24,260,21
24,261,6
24,262,61
24,263,60
24,264,166
24,265,130
24,266,134
24,267,134
24,268,134
24,269,22
24,270,20
24,271,20
24,272,120
24,273,21
24,274,22
24,275,14
24,276,104
24,277,24
24,278,25
24,279,24
24,280,29
24,281,32
24,282,33
24,283,26
24,284,32
24,285,9
24,286,16
24,287,14
24,288,17
24,289,14
24,290,15
24,291,13
24,292,13
24,293,13
24,294,11
24,295,11
24,296,11
24,297,10
24,298,8
24,299,156
24,300,30
24,301,30
24,302,30
24,303,25
24,304,27
24,305,25
24,306,15
24,307,50
24,308,300
24,309,50
24,310,52
24,311,6
24,312,7
24,313,12
24,314,11
24,315,29
24,316,30
24,317,4
24,318,4
24,319,2
24,320,13
24,321,13
24,322,38
24,323,8
24,324,10
24,325,13
24,326,6
24,327,83
24,328,15
24,329,27
24,330,28
24,331,50
24,332,75
24,333,32
24,334,16
24,335,300
24,336,14
24,337,13
24,338,27
24,339,95
24,340,12
24,341,21
24,342,40
24,343,13
24,344,25
24,345,23
24,346,25
24,347,85
24,348,19
24,349,12
24,350,37
25,0,0
25,1,0
25,2,0
25,3,0
25,4,0
25,5,0
25,6,0
25,7,0
25,8,0
25,9,0
25,10,0
25,11,0
25,12,21
25,13,21
25,14,22
25,15,20
25,16,21
25,17,25
25,18,7
25,19,280
25,20,31
25,21,122
25,22,14
25,23,3
25,24,2
25,25,0
25,26,1
25,27,155
25,28,133
25,29,133
25,30,132
25,31,132
25,32,31
25,33,19
25,34,17
25,35,139
25,36,8
25,37,39
25,38,39
25,39,19
25,40,40
25,41,13
25,42,41
25,43,12
25,44,25
25,45,152
25,46,114
25,47,25
25,48,22
25,49,31
25,50,31
25,51,31
25,52,155
25,53,37
25,54,37
25,55,37
25,56,148
25,57,36
25,58,31
25,59,35
25,60,13
25,61,113
25,62,55
25,63,117
25,64,29
25,65,22
25,66,23
25,67,50
25,68,61
25,69,55
25,70,41
25,71,39
25,72,230
25,73,35
25,74,34
25,75,231
25,76,200
25,77,200
25,78,149
25,79,149
25,80,149
25,81,75
25,82,57
25,83,88
25,84,26
25,85,44
25,86,26
25,87,47
25,88,47
25,89,300
25,90,15
25,91,16
25,92,420
25,93,163
25,94,141
25,95,154
25,96,20
25,97,28
25,98,20
25,99,5
25,100,158
25,101,136
25,102,7
25,103,55
25,104,38
25,105,39
25,106,38
25,107,42
25,108,44
25,109,35
25,110,36
25,111,8
25,112,10
25,113,58
25,114,57
25,115,57
25,116,33
25,117,38
25,118,38
25,119,22
25,120,23
25,121,23
25,122,10
25,123,15
25,124,4
25,125,22
25,126,14
25,127,36
25,128,17
25,129,21
25,130,24
25,131,21
25,132,10
25,133,10
25,134,23
25,135,31
25,136,30
25,137,14
25,138,34
25,139,14
25,140,17
25,141,20
25,142,20
25,143,164
25,144,9
25,145,166
25,146,22
25,147,36
25,148,360
25,149,57
25,150,6
25,151,9
25,152,10
25,153,12
25,154,15
25,155,31
25,156,31
25,157,54
25,158,64
25,159,275
25,160,12
25,161,27
25,162,13
25,163,11
25,164,15
25,165,14
25,166,24
25,167,35
25,168,6
25,169,6
25,170,7
25,171,110
25,172,19
25,173,28
25,174,30
25,175,18
25,176,21
25,177,10
25,178,62
25,179,108
25,180,420
25,181,26
25,182,300
25,183,300
25,184,9
25,185,9
25,186,11
25,187,11
25,188,12
25,189,120
25,190,120
25,191,26
25,192,41
25,193,33
25,194,32
25,195,33
25,196,33
25,197,33
25,198,33
25,199,32
25,200,33
25,201,33
25,202,117
25,203,14
25,204,17
25,205,480
25,206,16
25,207,16
25,208,16
25,209,5
25,210,29
25,211,30
25,212,26
25,213,9
25,214,11
25,215,80
25,216,80
25,217,80
25,218,6
25,219,5
25,220,480
25,221,60
25,222,17
25,223,10
25,224,10
25,225,34
25,226,35
25,227,85
25,228,97
25,229,51
25,230,51
25,231,27
25,232,118
25,233,119
25,234,3
25,235,16
25,236,13
25,237,35
25,238,32
25,239,33
25,240,15
25,241,15
25,242,28
25,243,18
25,244,15
25,245,16
25,246,28
25,247,24
25,248,24
25,249,56
25,250,9
25,251,9
25,252,13
25,253,12
25,254,31
25,255,27
25,256,21
25,257,21
25,258,22
25,259,24
25,260,24
25,261,7
25,262,62
25,263,61
25,264,165
25,265,129
25,266,132
25,267,132
25,268,132
25,269,25
25,270,22
25,271,23
25,272,121
25,273,23
25,274,24
25,275,17
25,276,105
25,277,26
25,278,27
25,279,26
25,280,32
25,281,34
25,282,35
25,283,28
25,284,34
25,285,12
25,286,19
25,287,17
25,288,19
25,289,16
25,290,17
25,291,16
25,292,16
25,293,16
25,294,14
25,295,14
25,296,13
25,297,10
25,298,10
25,299,155
25,300,32
25,301,32
25,302,32
25,303,27
25,304,29
25,305,27
25,306,15
25,307,52
25,308,300
25,309,53
25,310,54
25,311,9
25,312,7
25,313,15
25,314,13
25,315,31
25,316,33
25,317,3
25,318,3
25,319,5
25,320,15
25,321,15
25,322,41
25,323,6
25,324,12
25,325,12
25,326,5
25,327,81
25,328,17
25,329,30
25,330,30
25,331,53
25,332,78
25,333,34
25,334,19
25,335,300
25,336,17
25,337,15
25,338,29
25,339,98
25,340,10
25,341,20
25,342,42
25,343,11
25,344,27
25,345,25
25,346,28
25,347,88
25,348,17
25,349,10
25,350,39
26,0,0
26,1,0
26,2,0
26,3,0
26,4,0
26,5,0
26,6,0
26,7,0
26,8,0
26,9,0
26,10,0
26,11,0
26,12,21
26,13,22
26,14,22
26,15,21
26,16,22
26,17,26
26,18,6
26,19,281
26,20,32
26,21,121
26,22,12
26,23,3
26,24,3
26,25,1
26,26,0
26,27,153
26,28,131
26,29,131
26,30,130
26,31,131
26,32,31
26,33,19
26,34,18
26,35,140
26,36,9
26,37,40
26,38,39
26,39,20
26,40,41
26,41,14
26,42,41
26,43,12
26,44,26
26,45,152
26,46,113
26,47,26
26,48,23
26,49,32
26,50,32
26,51,32
26,52,155
26,53,37
26,54,37
26,55,37
26,56,147
26,57,36
26,58,31
26,59,37
26,60,14
26,61,112
26,62,56
26,63,117
26,64,29
26,65,23
26,66,23
26,67,50
26,68,59
26,69,55
26,70,42
26,71,40
26,72,230
26,73,35
26,74,35
26,75,231
26,76,198
26,77,198
26,78,150
26,79,150
26,80,150
26,81,76
26,82,58
26,83,88
26,84,27
26,85,45
26,86,27
26,87,48
26,88,48
26,89,300
26,90,16
26,91,17
26,92,420
26,93,162
26,94,142
26,95,154
26,96,21
26,97,28
26,98,21
26,99,6
26,100,157
26,101,136
26,102,6
26,103,56
26,104,39
26,105,39
26,106,39
26,107,42
26,108,44
26,109,36
26,110,36
26,111,7
26,112,11
26,113,59
26,114,58
26,115,58
26,116,34
26,117,38
26,118,39
26,119,23
26,120,23
26,121,23
26,122,9
26,123,14
26,124,5
26,125,23
26,126,15
26,127,37
26,128,18
26,129,22
26,130,24
26,131,22
26,132,11
26,133,11
26,134,23
26,135,32
26,136,30
26,137,14
26,138,34
26,139,15
26,140,18
26,141,21
26,142,21
26,143,163
26,144,10
26,145,164
26,146,22
26,147,36
26,148,360
26,149,58
26,150,5
26,151,10
26,152,11
26,153,12
26,154,15
26,155,31
26,156,31
26,157,55
26,158,66
26,159,277
26,160,13
26,161,28
26,162,14
26,163,12
26,164,15
26,165,15
26,166,24
26,167,36
26,168,5
26,169,5
26,170,5
26,171,108
26,172,17
26,173,29
26,174,31
26,175,20
26,176,23
26,177,9
26,178,64
26,179,107
26,180,420
26,181,27
26,182,300
26,183,300
26,184,8
26,185,8
26,186,10
26,187,10
26,188,10
26,189,122
26,190,122
26,191,27
26,192,41
26,193,33
26,194,32
26,195,34
26,196,33
26,197,34
26,198,34
26,199,32
26,200,34
26,201,34
26,202,119
26,203,14
26,204,18
26,205,420
26,206,14
26,207,15
26,208,15
26,209,4
26,210,30
26,211,30
26,212,26
26,213,9
26,214,11
26,215,80
26,216,80
26,217,80
26,218,6
26,219,5
26,220,480
26,221,60
26,222,18
26,223,9
26,224,9
26,225,35
26,226,35
26,227,84
26,228,98
26,229,52
26,230,52
26,231,28
26,232,117
26,233,117
26,234,2
26,235,16
26,236,12
26,237,35
26,238,33
26,239,33
26,240,15
26,241,16
26,242,29
26,243,20
26,244,16
26,245,17
26,246,29
26,247,25
26,248,25
26,249,57
26,250,10
26,251,10
26,252,13
26,253,13
26,254,31
26,255,27
26,256,22
26,257,22
26,258,23
26,259,24
26,260,24
26,261,9
26,262,63
26,263,62
26,264,163
26,265,128
26,266,131
26,267,131
26,268,131
26,269,25
26,270,23
26,271,23
26,272,123
26,273,24
26,274,25
26,275,18
26,276,107
26,277,27
26,278,28
26,279,27
26,280,33
26,281,35
26,282,36
26,283,29
26,284,35
26,285,12
26,286,19
26,287,17
26,288,20
26,289,17
26,290,18
26,291,16
26,292,16
26,293,16
26,294,15
26,295,14
26,296,14
26,297,10
26,298,10
26,299,154
26,300,33
26,301,33
26,302,33
26,303,28
26,304,30
26,305,28
26,306,14
26,307,53
26,308,300
26,309,53
26,310,55
26,311,9
26,312,8
26,313,15
26,314,14
26,315,32
26,316,33
26,317,2
26,318,2
26,319,5
26,320,16
26,321,16
26,322,41
26,323,5
26,324,13
26,325,10
26,326,4
26,327,80
26,328,18
26,329,30
26,330,31
26,331,53
26,332,78
26,333,35
26,334,19
26,335,300
26,336,17
26,337,16
26,338,30
26,339,99
26,340,9
26,341,18
26,342,43
26,343,10
26,344,28
26,345,26
26,346,28
26,347,88
26,348,16
26,349,9
26,350,40
27,0,0
27,1,0
27,2,0
27,3,0
27,4,0
27,5,0
27,6,0
27,7,0
27,8,0
27,9,0
27,10,0
27,11,0
27,12,172
27,13,169
27,14,172
27,15,171
27,16,172
27,17,175
27,18,149
27,19,360
27,20,165
27,21,84
27,22,142
27,23,154
27,24,155
27,25,155
27,26,153
27,27,0
27,28,123
27,29,123
27,30,122
27,31,123
27,32,173
27,33,163
27,34,166
27,35,289
27,36,160
27,37,181
27,38,181
27,39,175
27,40,183
27,41,169
27,42,184
27,43,164
27,44,183
27,45,247
27,46,98
27,47,168
27,48,165
27,49,174
27,50,174
27,51,189
27,52,300
27,53,180
27,54,180
27,55,180
27,56,46
27,57,193
27,58,188
27,59,195
27,60,172
27,61,66
27,62,212
27,63,212
27,64,171
27,65,165
27,66,165
27,67,206
27,68,167
27,69,211
27,70,197
27,71,195
27,72,360
27,73,191
27,74,189
27,75,360
27,76,65
27,77,65
27,78,296
27,79,296
27,80,296
27,81,231
27,82,173
27,83,244
27,84,169
27,85,201
27,86,169
27,87,204
27,88,204
27,89,182
27,90,177
27,91,177
27,92,300
27,93,47
27,94,288
27,95,300
27,96,174
27,97,182
27,98,174
27,99,159
27,100,36
27,101,286
27,102,156
27,103,176
27,104,189
27,105,189
27,106,190
27,107,198
27,108,200
27,109,191
27,110,191
27,111,153
27,112,171
27,113,173
27,114,173
27,115,173
27,116,191
27,117,191
27,118,192
27,119,181
27,120,181
27,121,181
27,122,152
27,123,147
27,124,158
27,125,181
27,126,171
27,127,178
27,128,176
27,129,180
27,130,181
27,131,179
27,132,169
27,133,169
27,134,181
27,135,188
27,136,187
27,137,172
27,138,191
27,139,173
27,140,175
27,141,175
27,142,176
27,143,38
27,144,162
27,145,48
27,146,177
27,147,179
27,148,220
27,149,172
27,150,156
27,151,159
27,152,158
27,153,157
27,154,156
27,155,181
27,156,181
27,157,210
27,158,166
27,159,360
27,160,158
27,161,165
27,162,172
27,163,172
27,164,170
27,165,170
27,166,182
27,167,184
27,168,156
27,169,156
27,170,155
27,171,97
27,172,143
27,173,180
27,174,173
27,175,178
27,176,181
27,177,152
27,178,170
27,179,96
27,180,250
27,181,185
27,182,181
27,183,181
27,184,154
27,185,154
27,186,151
27,187,151
27,188,151
27,189,280
27,190,280
27,191,168
27,192,198
27,193,175
27,194,174
27,195,175
27,196,175
27,197,175
27,198,175
27,199,174
27,200,176
27,201,175
27,202,277
27,203,158
27,204,174
27,205,298
27,206,146
27,207,146
27,208,146
27,209,157
27,210,171
27,211,172
27,212,169
27,213,158
27,214,155
27,215,169
27,216,169
27,217,169
27,218,161
27,219,160
27,220,299
27,221,215
27,222,176
27,223,152
27,224,152
27,225,178
27,226,178
27,227,99
27,228,216
27,229,208
27,230,208
27,231,165
27,232,86
27,233,87
27,234,159
27,235,157
27,236,149
27,237,192
27,238,190
27,239,190
27,240,156
27,241,157
27,242,185
27,243,179
27,244,166
27,245,165
27,246,171
27,247,174
27,248,174
27,249,174
27,250,163
27,251,163
27,252,159
27,253,159
27,254,188
27,255,170
27,256,170
27,257,170
27,258,171
27,259,171
27,260,172
27,261,168
27,262,166
27,263,170
27,264,40
27,265,120
27,266,123
27,267,123
27,268,123
27,269,175
27,270,175
27,271,174
27,272,281
27,273,173
27,274,172
27,275,165
27,276,265
27,277,169
27,278,170
27,279,169
27,280,175
27,281,184
27,282,185
27,283,178
27,284,184
27,285,155
27,286,163
27,287,161
27,288,164
27,289,160
27,290,158
27,291,159
27,292,159
27,293,159
27,294,158
27,295,157
27,296,157
27,297,152
27,298,155
27,299,38
27,300,185
27,301,184
27,302,185
27,303,179
27,304,187
27,305,180
27,306,148
27,307,208
27,308,181
27,309,208
27,310,210
27,311,158
27,312,156
27,313,162
27,314,162
27,315,174
27,316,175
27,317,159
27,318,159
27,319,162
27,320,161
27,321,161
27,322,197
27,323,157
27,324,167
27,325,151
27,326,157
27,327,101
27,328,172
27,329,172
27,330,173
27,331,209
27,332,167
27,333,193
27,334,177
27,335,173
27,336,169
27,337,166
27,338,172
27,339,126
27,340,152
27,341,142
27,342,198
27,343,151
27,344,170
27,345,168
27,346,171
27,347,244
27,348,145
27,349,152
27,350,182
28,0,0
28,1,0
28,2,0
28,3,0
28,4,0
28,5,0
28,6,0
28,7,0
28,8,0
28,9,0
28,10,0
28,11,0
28,12,151
28,13,149
28,14,152
28,15,150
28,16,151
28,17,154
28,18,129
28,19,236
28,20,157
28,21,122
28,22,120
28,23,134
28,24,134
28,25,133
28,26,131
28,27,123
28,28,0
28,29,1
28,30,1
28,31,2
28,32,154
28,33,140
28,34,142
28,35,264
28,36,131
28,37,162
28,38,162
28,39,144
28,40,163
28,41,138
28,42,164
28,43,135
28,44,153
28,45,271
28,46,126
28,47,148
28,48,145
28,49,154
28,50,154
28,51,158
28,52,280
28,53,160
28,54,160
28,55,160
28,56,117
28,57,163
28,58,157
28,59,159
28,60,141
28,61,84
28,62,182
28,63,236
28,64,152
28,65,146
28,66,146
28,67,176
28,68,165
28,69,180
28,70,167
28,71,164
28,72,360
28,73,160
28,74,159
28,75,360
28,76,161
28,77,161
28,78,274
28,79,274
28,80,274
28,81,200
28,82,120
28,83,214
28,84,149
28,85,171
28,86,149
28,87,173
28,88,173
28,89,204
28,90,143
28,91,144
28,92,420
28,93,131
28,94,266
28,95,279
28,96,144
28,97,152
28,98,133
28,99,128
28,100,123
28,101,261
28,102,126
28,103,123
28,104,163
28,105,163
28,106,163
28,107,168
28,108,170
28,109,160
28,110,161
28,111,121
28,112,137
28,113,121
28,114,120
28,115,120
28,116,160
28,117,163
28,118,163
28,119,150
28,120,150
28,121,151
28,122,121
28,123,115
28,124,126
28,125,150
28,126,140
28,127,159
28,128,145
28,129,149
28,130,150
28,131,149
28,132,138
28,133,138
28,134,150
28,135,157
28,136,156
28,137,142
28,138,160
28,139,142
28,140,145
28,141,134
28,142,135
28,143,129
28,144,132
28,145,134
28,146,147
28,147,159
28,148,300
28,149,119
28,150,124
28,151,131
28,152,133
28,153,133
28,154,134
28,155,155
28,156,155
28,157,179
28,158,113
28,159,233
28,160,134
28,161,149
28,162,141
28,163,135
28,164,139
28,165,139
28,166,151
28,167,160
28,168,124
28,169,124
28,170,123
28,171,121
28,172,112
28,173,152
28,174,153
28,175,146
28,176,149
28,177,121
28,178,117
28,179,120
28,180,300
28,181,154
28,182,205
28,183,205
28,184,126
28,185,126
28,186,123
28,187,123
28,188,123
28,189,234
28,190,234
28,191,149
28,192,167
28,193,156
28,194,155
28,195,156
28,196,156
28,197,156
28,198,156
28,199,155
28,200,156
28,201,156
28,202,230
28,203,135
28,204,144
28,205,420
28,206,114
28,207,114
28,208,114
28,209,125
28,210,152
28,211,153
28,212,149
28,213,132
28,214,132
28,215,192
28,216,192
28,217,192
28,218,130
28,219,129
28,220,420
28,221,185
28,222,145
28,223,121
28,224,121
28,225,158
28,226,158
28,227,44
28,228,163
28,229,178
28,230,177
28,231,150
28,232,115
28,233,116
28,234,127
28,235,136
28,236,117
28,237,162
28,238,159
28,239,160
28,240,135
28,241,135
28,242,154
28,243,137
28,244,139
28,245,140
28,246,151
28,247,148
28,248,149
28,249,121
28,250,133
28,251,133
28,252,134
28,253,134
28,254,157
28,255,150
28,256,146
28,257,146
28,258,147
28,259,148
28,260,148
28,261,137
28,262,113
28,263,117
28,264,132
28,265,4
28,266,3
28,267,3
28,268,3
28,269,149
28,270,146
28,271,147
28,272,236
28,273,148
28,274,148
28,275,141
28,276,226
28,277,149
28,278,150
28,279,150
28,280,155
28,281,159
28,282,159
28,283,152
28,284,159
28,285,132
28,286,140
28,287,138
28,288,141
28,289,136
28,290,137
28,291,136
28,292,136
28,293,136
28,294,134
28,295,134
28,296,133
28,297,129
28,298,131
28,299,121
28,300,156
28,301,156
28,302,157
28,303,151
28,304,156
28,305,151
28,306,125
28,307,178
28,308,205
28,309,178
28,310,180
28,311,132
28,312,130
28,313,138
28,314,136
28,315,155
28,316,156
28,317,128
28,318,127
28,319,132
28,320,137
28,321,137
28,322,167
28,323,125
28,324,137
28,325,119
28,326,126
28,327,46
28,328,142
28,329,153
28,330,153
28,331,179
28,332,190
28,333,162
28,334,146
28,335,269
28,336,141
28,337,139
28,338,152
28,339,149
28,340,121
28,341,110
28,342,168
28,343,119
28,344,150
28,345,148
28,346,151
28,347,214
28,348,113
28,349,121
28,350,163
29,0,0
29,1,0
29,2,0
29,3,0
29,4,0
29,5,0
29,6,0
29,7,0
29,8,0
29,9,0
29,10,0
29,11,0
29,12,151
29,13,149
29,14,152
29,15,150
29,16,151
29,17,154
29,18,129
29,19,236
29,20,157
29,21,122
29,22,120
29,23,134
29,24,134
29,25,133
29,26,131
29,27,123
29,28,1
29,29,0
29,30,1
29,31,2
29,32,154
29,33,140
29,34,142
29,35,264
29,36,131
29,37,162
29,38,162
29,39,144
29,40,163
29,41,138
29,42,164
29,43,135
29,44,153
29,45,271
29,46,126
29,47,148
29,48,145
29,49,154
29,50,154
29,51,158
29,52,280
29,53,160
29,54,160
29,55,160
29,56,117
29,57,163
29,58,157
29,59,159
29,60,141
29,61,84
29,62,182
29,63,236
29,64,152
29,65,146
29,66,146
29,67,176
29,68,165
29,69,180
29,70,167
29,71,164
29,72,360
29,73,160
29,74,159
29,75,360
29,76,161
29,77,161
29,78,274
29,79,274
29,80,274
29,81,200
29,82,120
29,83,214
29,84,149
29,85,171
29,86,149
29,87,173
29,88,173
29,89,204
29,90,143
29,91,144
29,92,420
29,93,131
29,94,267
29,95,279
29,96,144
29,97,152
29,98,133
29,99,128
29,100,123
29,101,261
29,102,126
29,103,123
29,104,163
29,105,163
29,106,164
29,107,168
29,108,170
29,109,160
29,110,161
29,111,121
29,112,137
29,113,121
29,114,120
29,115,120
29,116,160
29,117,163
29,118,163
29,119,150
29,120,150
29,121,151
29,122,121
29,123,115
29,124,126
29,125,150
29,126,140
29,127,159
29,128,145
29,129,149
29,130,150
29,131,149
29,132,138
29,133,138
29,134,150
29,135,157
29,136,156
29,137,142
29,138,160
29,139,142
29,140,145
29,141,134
29,142,135
29,143,129
29,144,132
29,145,134
29,146,147
29,147,159
29,148,300
29,149,119
29,150,124
29,151,132
29,152,133
29,153,133
29,154,134
29,155,155
29,156,155
29,157,179
29,158,113
29,159,233
29,160,134
29,161,149
29,162,141
29,163,135
29,164,139
29,165,139
29,166,151
29,167,160
29,168,124
29,169,124
29,170,123
29,171,121
29,172,112
29,173,152
29,174,153
29,175,146
29,176,149
29,177,121
29,178,117
29,179,120
29,180,300
29,181,154
29,182,205
29,183,205
29,184,126
29,185,126
29,186,123
29,187,123
29,188,123
29,189,234
29,190,234
29,191,149
29,192,167
29,193,156
29,194,155
29,195,156
29,196,156
29,197,156
29,198,156
29,199,155
29,200,157
29,201,156
29,202,230
29,203,135
29,204,144
29,205,420
29,206,114
29,207,114
29,208,114
29,209,125
29,210,152
29,211,153
29,212,149
29,213,132
29,214,132
29,215,192
29,216,192
29,217,192
29,218,130
29,219,129
29,220,420
29,221,185
29,222,145
29,223,121
29,224,121
29,225,158
29,226,158
29,227,44
29,228,163
29,229,178
29,230,177
29,231,150
29,232,115
29,233,116
29,234,127
29,235,136
29,236,117
29,237,162
29,238,159
29,239,160
29,240,135
29,241,135
29,242,154
29,243,137
29,244,139
29,245,140
29,246,151
29,247,148
29,248,149
29,249,121
29,250,133
29,251,133
29,252,134
29,253,134
29,254,157
29,255,150
29,256,146
29,257,146
29,258,147
29,259,148
29,260,148
29,261,137
29,262,113
29,263,117
29,264,132
29,265,5
29,266,3
29,267,3
29,268,3
29,269,149
29,270,146
29,271,147
29,272,236
29,273,148
29,274,148
29,275,141
29,276,226
29,277,149
29,278,150
29,279,150
29,280,155
29,281,159
29,282,159
29,283,152
29,284,159
29,285,132
29,286,140
29,287,138
29,288,141
29,289,136
29,290,137
29,291,136
29,292,136
29,293,136
29,294,134
29,295,134
29,296,133
29,297,129
29,298,131
29,299,121
29,300,157
29,301,156
29,302,157
29,303,151
29,304,156
29,305,151
29,306,125
29,307,178
29,308,205
29,309,178
29,310,180
29,311,132
29,312,130
29,313,138
29,314,136
29,315,155
29,316,156
29,317,128
29,318,127
29,319,132
29,320,137
29,321,137
29,322,167
29,323,125
29,324,137
29,325,119
29,326,126
29,327,46
29,328,142
29,329,153
29,330,153
29,331,179
29,332,190
29,333,162
29,334,146
29,335,269
29,336,141
29,337,139
29,338,152
29,339,149
29,340,121
29,341,110
29,342,168
29,343,119
29,344,150
29,345,148
29,346,151
29,347,214
29,348,113
29,349,121
29,350,163
30,0,0
30,1,0
30,2,0
30,3,0
30,4,0
30,5,0
30,6,0
30,7,0
30,8,0
30,9,0
30,10,0
30,11,0
30,12,150
30,13,148
30,14,151
30,15,149
30,16,150
30,17,153
30,18,128
30,19,237
30,20,156
30,21,121
30,22,119
30,23,133
30,24,133
30,25,132
30,26,130
30,27,122
30,28,1
30,29,1
30,30,0
30,31,2
30,32,153
30,33,139
30,34,141
30,35,264
30,36,130
30,37,161
30,38,161
30,39,143
30,40,163
30,41,137
30,42,163
30,43,134
30,44,152
30,45,270
30,46,125
30,47,148
30,48,145
30,49,154
30,50,154
30,51,157
30,52,279
30,53,159
30,54,159
30,55,159
30,56,116
30,57,162
30,58,157
30,59,158
30,60,140
30,61,83
30,62,181
30,63,235
30,64,151
30,65,145
30,66,145
30,67,175
30,68,164
30,69,179
30,70,166
30,71,164
30,72,360
30,73,159
30,74,158
30,75,360
30,76,160
30,77,160
30,78,274
30,79,274
30,80,274
30,81,200
30,82,120
30,83,213
30,84,149
30,85,170
30,86,149
30,87,172
30,88,173
30,89,205
30,90,142
30,91,143
30,92,420
30,93,130
30,94,266
30,95,278
30,96,144
30,97,151
30,98,132
30,99,128
30,100,122
30,101,260
30,102,125
30,103,123
30,104,162
30,105,163
30,106,163
30,107,167
30,108,169
30,109,160
30,110,160
30,111,120
30,112,136
30,113,120
30,114,120
30,115,120
30,116,159
30,117,162
30,118,163
30,119,150
30,120,150
30,121,150
30,122,120
30,123,114
30,124,125
30,125,149
30,126,139
30,127,158
30,128,144
30,129,148
30,130,149
30,131,148
30,132,137
30,133,137
30,134,150
30,135,156
30,136,156
30,137,141
30,138,160
30,139,141
30,140,144
30,141,133
30,142,134
30,143,128
30,144,132
30,145,133
30,146,146
30,147,158
30,148,300
30,149,118
30,150,123
30,151,131
30,152,132
30,153,132
30,154,134
30,155,154
30,156,154
30,157,179
30,158,112
30,159,234
30,160,133
30,161,148
30,162,140
30,163,134
30,164,138
30,165,139
30,166,151
30,167,159
30,168,123
30,169,123
30,170,123
30,171,121
30,172,111
30,173,152
30,174,153
30,175,145
30,176,148
30,177,120
30,178,116
30,179,119
30,180,300
30,181,153
30,182,206
30,183,206
30,184,125
30,185,125
30,186,123
30,187,122
30,188,122
30,189,233
30,190,233
30,191,149
30,192,166
30,193,155
30,194,154
30,195,156
30,196,155
30,197,155
30,198,156
30,199,154
30,200,156
30,201,156
30,202,229
30,203,134
30,204,143
30,205,420
30,206,113
30,207,113
30,208,113
30,209,124
30,210,152
30,211,152
30,212,148
30,213,131
30,214,131
30,215,192
30,216,192
30,217,192
30,218,130
30,219,129
30,220,420
30,221,184
30,222,145
30,223,120
30,224,120
30,225,157
30,226,157
30,227,43
30,228,163
30,229,177
30,230,177
30,231,149
30,232,115
30,233,115
30,234,127
30,235,135
30,236,116
30,237,161
30,238,158
30,239,159
30,240,134
30,241,135
30,242,153
30,243,137
30,244,138
30,245,139
30,246,151
30,247,148
30,248,148
30,249,120
30,250,132
30,251,132
30,252,133
30,253,133
30,254,157
30,255,149
30,256,145
30,257,146
30,258,146
30,259,147
30,260,147
30,261,136
30,262,112
30,263,116
30,264,131
30,265,4
30,266,3
30,267,3
30,268,3
30,269,148
30,270,146
30,271,146
30,272,235
30,273,147
30,274,148
30,275,140
30,276,226
30,277,149
30,278,149
30,279,149
30,280,154
30,281,158
30,282,159
30,283,152
30,284,158
30,285,131
30,286,139
30,287,137
30,288,141
30,289,136
30,290,137
30,291,135
30,292,135
30,293,135
30,294,133
30,295,133
30,296,132
30,297,128
30,298,130
30,299,120
30,300,156
30,301,156
30,302,156
30,303,151
30,304,155
30,305,151
30,306,125
30,307,177
30,308,206
30,309,177
30,310,179
30,311,131
30,312,129
30,313,137
30,314,135
30,315,154
30,316,155
30,317,127
30,318,126
30,319,131
30,320,136
30,321,136
30,322,166
30,323,124
30,324,136
30,325,119
30,326,125
30,327,46
30,328,141
30,329,152
30,330,153
30,331,178
30,332,190
30,333,161
30,334,146
30,335,268
30,336,141
30,337,139
30,338,151
30,339,148
30,340,120
30,341,110
30,342,168
30,343,118
30,344,150
30,345,148
30,346,150
30,347,213
30,348,112
30,349,120
30,350,162
31,0,0
31,1,0
31,2,0
31,3,0
31,4,0
31,5,0
31,6,0
31,7,0
31,8,0
31,9,0
31,10,0
31,11,0
31,12,151
31,13,148
31,14,151
31,15,150
31,16,151
31,17,154
31,18,129
31,19,237
31,20,157
31,21,122
31,22,120
31,23,134
31,24,134
31,25,132
31,26,131
31,27,123
31,28,2
31,29,2
31,30,2
31,31,0
31,32,154
31,33,140
31,34,142
31,35,265
31,36,131
31,37,162
31,38,162
31,39,144
31,40,163
31,41,138
31,42,164
31,43,135
31,44,153
31,45,271
31,46,126
31,47,149
31,48,145
31,49,155
31,50,154
31,51,158
31,52,280
31,53,160
31,54,160
31,55,160
31,56,117
31,57,163
31,58,158
31,59,159
31,60,141
31,61,84
31,62,182
31,63,236
31,64,152
31,65,146
31,66,146
31,67,176
31,68,165
31,69,180
31,70,167
31,71,164
31,72,360
31,73,160
31,74,159
31,75,360
31,76,161
31,77,161
31,78,275
31,79,275
31,80,275
31,81,200
31,82,120
31,83,214
31,84,150
31,85,171
31,86,149
31,87,173
31,88,173
31,89,205
31,90,143
31,91,144
31,92,420
31,93,131
31,94,267
31,95,279
31,96,144
31,97,152
31,98,133
31,99,129
31,100,123
31,101,261
31,102,126
31,103,124
31,104,163
31,105,163
31,106,164
31,107,168
31,108,170
31,109,160
31,110,161
31,111,121
31,112,137
31,113,121
31,114,120
31,115,120
31,116,160
31,117,163
31,118,163
31,119,150
31,120,151
31,121,151
31,122,121
31,123,115
31,124,126
31,125,150
31,126,140
31,127,159
31,128,145
31,129,149
31,130,150
31,131,149
31,132,138
31,133,138
31,134,151
31,135,157
31,136,157
31,137,142
31,138,161
31,139,142
31,140,145
31,141,134
31,142,135
31,143,129
31,144,132
31,145,134
31,146,147
31,147,159
31,148,300
31,149,119
31,150,124
31,151,132
31,152,133
31,153,133
31,154,135
31,155,155
31,156,155
31,157,180
31,158,113
31,159,235
31,160,134
31,161,149
31,162,141
31,163,135
31,164,139
31,165,140
31,166,152
31,167,160
31,168,124
31,169,124
31,170,124
31,171,121
31,172,112
31,173,153
31,174,153
31,175,146
31,176,149
31,177,121
31,178,117
31,179,120
31,180,300
31,181,154
31,182,206
31,183,206
31,184,126
31,185,126
31,186,123
31,187,123
31,188,123
31,189,234
31,190,234
31,191,149
31,192,167
31,193,156
31,194,155
31,195,156
31,196,156
31,197,156
31,198,156
31,199,155
31,200,157
31,201,156
31,202,230
31,203,135
31,204,144
31,205,420
31,206,114
31,207,114
31,208,114
31,209,125
31,210,152
31,211,153
31,212,149
31,213,132
31,214,132
31,215,192
31,216,192
31,217,192
31,218,131
31,219,129
31,220,420
31,221,185
31,222,145
31,223,121
31,224,121
31,225,158
31,226,158
31,227,44
31,228,164
31,229,178
31,230,178
31,231,150
31,232,116
31,233,116
31,234,128
31,235,136
31,236,117
31,237,162
31,238,159
31,239,160
31,240,135
31,241,135
31,242,154
31,243,137
31,244,139
31,245,140
31,246,152
31,247,149
31,248,149
31,249,121
31,250,133
31,251,133
31,252,134
31,253,134
31,254,158
31,255,150
31,256,146
31,257,146
31,258,147
31,259,148
31,260,148
31,261,137
31,262,113
31,263,117
31,264,132
31,265,4
31,266,2
31,267,2
31,268,2
31,269,149
31,270,146
31,271,147
31,272,236
31,273,148
31,274,148
31,275,141
31,276,226
31,277,150
31,278,150
31,279,150
31,280,155
31,281,159
31,282,159
31,283,153
31,284,159
31,285,132
31,286,140
31,287,138
31,288,141
31,289,136
31,290,137
31,291,136
31,292,136
31,293,136
31,294,134
31,295,134
31,296,133
31,297,129
31,298,131
31,299,121
31,300,157
31,301,157
31,302,157
31,303,151
31,304,156
31,305,152
31,306,126
31,307,178
31,308,207
31,309,178
31,310,180
31,311,132
31,312,130
31,313,138
31,314,136
31,315,155
31,316,156
31,317,128
31,318,127
31,319,132
31,320,137
31,321,137
31,322,167
31,323,125
31,324,137
31,325,120
31,326,126
31,327,46
31,328,142
31,329,153
31,330,153
31,331,179
31,332,190
31,333,162
31,334,147
31,335,269
31,336,141
31,337,139
31,338,152
31,339,149
31,340,121
31,341,111
31,342,168
31,343,119
31,344,151
31,345,149
31,346,151
31,347,214
31,348,113
31,349,121
31,350,163
32,0,0
32,1,0
32,2,0
32,3,0
32,4,0
32,5,0
32,6,0
32,7,0
32,8,0
32,9,0
32,10,0
32,11,0
32,12,19
32,13,17
32,14,20
32,15,19
32,16,19
32,17,23
32,18,28
32,19,300
32,20,3
32,21,119
32,22,44
32,23,28
32,24,28
32,25,31
32,26,31
32,27,173
32,28,154
32,29,154
32,30,153
32,31,154
32,32,0
32,33,14
32,34,14
32,35,123
32,36,23
32,37,9
32,38,9
32,39,15
32,40,12
32,41,21
32,42,12
32,43,20
32,44,22
32,45,125
32,46,108
32,47,6
32,48,9
32,49,9
32,50,9
32,51,27
32,52,135
32,53,9
32,54,9
32,55,9
32,56,153
32,57,32
32,58,27
32,59,39
32,60,28
32,61,121
32,62,47
32,63,90
32,64,7
32,65,8
32,66,8
32,67,41
32,68,40
32,69,45
32,70,32
32,71,29
32,72,210
32,73,26
32,74,26
32,75,211
32,76,209
32,77,209
32,78,130
32,79,130
32,80,130
32,81,65
32,82,78
32,83,79
32,84,5
32,85,36
32,86,5
32,87,38
32,88,38
32,89,360
32,90,32
32,91,32
32,92,420
32,93,166
32,94,122
32,95,134
32,96,15
32,97,19
32,98,41
32,99,26
32,100,165
32,101,119
32,102,27
32,103,76
32,104,23
32,105,24
32,106,24
32,107,33
32,108,35
32,109,25
32,110,25
32,111,37
32,112,31
32,113,79
32,114,78
32,115,78
32,116,30
32,117,26
32,118,26
32,119,20
32,120,20
32,121,20
32,122,41
32,123,39
32,124,27
32,125,20
32,126,20
32,127,10
32,128,17
32,129,18
32,130,20
32,131,18
32,132,24
32,133,24
32,134,20
32,135,26
32,136,26
32,137,21
32,138,30
32,139,20
32,140,18
32,141,41
32,142,41
32,143,168
32,144,22
32,145,166
32,146,16
32,147,8
32,148,360
32,149,78
32,150,35
32,151,22
32,152,21
32,153,21
32,154,20
32,155,18
32,156,18
32,157,45
32,158,86
32,159,297
32,160,20
32,161,8
32,162,28
32,163,32
32,164,19
32,165,20
32,166,21
32,167,21
32,168,32
32,169,32
32,170,33
32,171,104
32,172,47
32,173,17
32,174,7
32,175,27
32,176,26
32,177,41
32,178,83
32,179,104
32,180,420
32,181,24
32,182,360
32,183,360
32,184,27
32,185,27
32,186,29
32,187,30
32,188,30
32,189,121
32,190,121
32,191,4
32,192,32
32,193,11
32,194,10
32,195,11
32,196,11
32,197,11
32,198,11
32,199,10
32,200,11
32,201,11
32,202,119
32,203,19
32,204,17
32,205,480
32,206,42
32,207,42
32,208,42
32,209,30
32,210,2
32,211,1
32,212,6
32,213,23
32,214,22
32,215,60
32,216,60
32,217,60
32,218,26
32,219,27
32,220,480
32,221,50
32,222,24
32,223,41
32,224,41
32,225,13
32,226,14
32,227,107
32,228,118
32,229,43
32,230,42
32,231,8
32,232,115
32,233,115
32,234,32
32,235,20
32,236,40
32,237,29
32,238,29
32,239,29
32,240,20
32,241,20
32,242,23
32,243,40
32,244,16
32,245,16
32,246,5
32,247,11
32,248,12
32,249,77
32,250,22
32,251,22
32,252,19
32,253,20
32,254,27
32,255,4
32,256,12
32,257,12
32,258,11
32,259,10
32,260,10
32,261,27
32,262,83
32,263,82
32,264,168
32,265,152
32,266,155
32,267,155
32,268,155
32,269,13
32,270,13
32,271,12
32,272,122
32,273,11
32,274,10
32,275,13
32,276,106
32,277,6
32,278,5
32,279,5
32,280,9
32,281,21
32,282,22
32,283,15
32,284,21
32,285,21
32,286,13
32,287,15
32,288,12
32,289,17
32,290,18
32,291,17
32,292,17
32,293,17
32,294,19
32,295,19
32,296,20
32,297,24
32,298,24
32,299,162
32,300,22
32,301,22
32,302,22
32,303,16
32,304,26
32,305,17
32,306,29
32,307,43
32,308,360
32,309,43
32,310,45
32,311,22
32,312,24
32,313,17
32,314,18
32,315,6
32,316,5
32,317,30
32,318,30
32,319,26
32,320,17
32,321,17
32,322,32
32,323,35
32,324,19
32,325,42
32,326,34
32,327,104
32,328,16
32,329,6
32,330,7
32,331,44
32,332,58
32,333,32
32,334,20
32,335,300
32,336,17
32,337,16
32,338,5
32,339,78
32,340,41
32,341,48
32,342,33
32,343,35
32,344,4
32,345,6
32,346,3
32,347,79
32,348,41
32,349,41
32,350,10
33,0,0
33,1,0
33,2,0
33,3,0
33,4,0
33,5,0
33,6,0
33,7,0
33,8,0
33,9,0
33,10,0
33,11,0
33,12,17
33,13,15
33,14,18
33,15,17
33,16,17
33,17,21
33,18,14
33,19,289
33,20,16
33,21,122
33,22,30
33,23,16
33,24,16
33,25,19
33,26,19
33,27,163
33,28,140
33,29,140
33,30,139
33,31,140
33,32,14
33,33,0
33,34,2
33,35,130
33,36,10
33,37,23
33,38,23
33,39,13
33,40,25
33,41,10
33,42,25
33,43,7
33,44,21
33,45,136
33,46,113
33,47,10
33,48,7
33,49,16
33,50,16
33,51,26
33,52,143
33,53,21
33,54,21
33,55,21
33,56,148
33,57,31
33,58,26
33,59,38
33,60,16
33,61,113
33,62,50
33,63,101
33,64,13
33,65,7
33,66,7
33,67,44
33,68,44
33,69,49
33,70,35
33,71,33
33,72,218
33,73,29
33,74,27
33,75,219
33,76,200
33,77,200
33,78,137
33,79,137
33,80,137
33,81,69
33,82,66
33,83,82
33,84,11
33,85,39
33,86,11
33,87,41
33,88,42
33,89,300
33,90,20
33,91,21
33,92,420
33,93,163
33,94,129
33,95,142
33,96,11
33,97,19
33,98,29
33,99,13
33,100,158
33,101,126
33,102,14
33,103,64
33,104,27
33,105,27
33,106,28
33,107,36
33,108,38
33,109,28
33,110,28
33,111,23
33,112,19
33,113,67
33,114,66
33,115,66
33,116,28
33,117,29
33,118,29
33,119,18
33,120,18
33,121,19
33,122,27
33,123,25
33,124,15
33,125,19
33,126,9
33,127,20
33,128,14
33,129,17
33,130,18
33,131,17
33,132,12
33,133,12
33,134,19
33,135,26
33,136,25
33,137,11
33,138,29
33,139,11
33,140,13
33,141,29
33,142,29
33,143,164
33,144,9
33,145,165
33,146,15
33,147,20
33,148,360
33,149,66
33,150,21
33,151,9
33,152,8
33,153,7
33,154,8
33,155,18
33,156,18
33,157,48
33,158,74
33,159,285
33,160,7
33,161,12
33,162,16
33,163,20
33,164,8
33,165,9
33,166,20
33,167,22
33,168,19
33,169,19
33,170,19
33,171,109
33,172,33
33,173,17
33,174,14
33,175,22
33,176,23
33,177,27
33,178,72
33,179,108
33,180,420
33,181,22
33,182,300
33,183,300
33,184,13
33,185,13
33,186,16
33,187,16
33,188,16
33,189,120
33,190,120
33,191,11
33,192,35
33,193,17
33,194,16
33,195,18
33,196,17
33,197,17
33,198,17
33,199,16
33,200,18
33,201,18
33,202,117
33,203,5
33,204,13
33,205,480
33,206,28
33,207,28
33,208,28
33,209,17
33,210,14
33,211,14
33,212,10
33,213,10
33,214,8
33,215,64
33,216,64
33,217,64
33,218,13
33,219,14
33,220,480
33,221,53
33,222,17
33,223,27
33,224,27
33,225,18
33,226,19
33,227,94
33,228,106
33,229,46
33,230,46
33,231,12
33,232,118
33,233,118
33,234,18
33,235,7
33,236,27
33,237,30
33,238,27
33,239,28
33,240,7
33,241,6
33,242,22
33,243,28
33,244,5
33,245,4
33,246,13
33,247,11
33,248,11
33,249,65
33,250,10
33,251,9
33,252,6
33,253,6
33,254,26
33,255,11
33,256,7
33,257,7
33,258,8
33,259,8
33,260,8
33,261,15
33,262,71
33,263,70
33,264,165
33,265,138
33,266,141
33,267,141
33,268,141
33,269,12
33,270,12
33,271,11
33,272,121
33,273,10
33,274,9
33,275,2
33,276,105
33,277,11
33,278,11
33,279,11
33,280,16
33,281,22
33,282,22
33,283,15
33,284,21
33,285,7
33,286,1
33,287,2
33,288,3
33,289,3
33,290,5
33,291,4
33,292,4
33,293,4
33,294,5
33,295,5
33,296,6
33,297,10
33,298,10
33,299,155
33,300,21
33,301,21
33,302,22
33,303,16
33,304,24
33,305,16
33,306,16
33,307,46
33,308,300
33,309,46
33,310,48
33,311,10
33,312,11
33,313,4
33,314,6
33,315,16
33,316,17
33,317,17
33,318,17
33,319,14
33,320,3
33,321,3
33,322,35
33,323,22
33,324,7
33,325,29
33,326,21
33,327,90
33,328,10
33,329,14
33,330,15
33,331,47
33,332,62
33,333,30
33,334,15
33,335,300
33,336,5
33,337,5
33,338,13
33,339,82
33,340,27
33,341,34
33,342,37
33,343,22
33,344,12
33,345,10
33,346,12
33,347,82
33,348,27
33,349,27
33,350,24
34,0,0
34,1,0
34,2,0
34,3,0
34,4,0
34,5,0
34,6,0
34,7,0
34,8,0
34,9,0
34,10,0
34,11,0
34,12,15
34,13,13
34,14,15
34,15,14
34,16,15
34,17,19
34,18,15
34,19,288
34,20,16
34,21,122
34,22,30
34,23,15
34,24,15
34,25,17
34,26,18
34,27,166
34,28,142
34,29,142
34,30,141
34,31,142
34,32,14
34,33,2
34,34,0
34,35,127
34,36,10
34,37,23
34,38,23
34,39,10
34,40,24
34,41,7
34,42,24
34,43,7
34,44,19
34,45,136
34,46,112
34,47,9
34,48,6
34,49,15
34,50,15
34,51,24
34,52,140
34,53,20
34,54,20
34,55,20
34,56,150
34,57,28
34,58,23
34,59,35
34,60,14
34,61,116
34,62,47
34,63,101
34,64,13
34,65,6
34,66,6
34,67,42
34,68,44
34,69,46
34,70,32
34,71,30
34,72,215
34,73,26
34,74,25
34,75,216
34,76,203
34,77,203
34,78,135
34,79,135
34,80,135
34,81,66
34,82,65
34,83,79
34,84,10
34,85,37
34,86,10
34,87,39
34,88,39
34,89,300
34,90,19
34,91,19
34,92,420
34,93,165
34,94,127
34,95,139
34,96,8
34,97,16
34,98,28
34,99,13
34,100,160
34,101,124
34,102,15
34,103,63
34,104,24
34,105,25
34,106,25
34,107,34
34,108,36
34,109,25
34,110,26
34,111,24
34,112,18
34,113,66
34,114,65
34,115,65
34,116,26
34,117,27
34,118,27
34,119,16
34,120,16
34,121,16
34,122,27
34,123,26
34,124,15
34,125,16
34,126,7
34,127,18
34,128,11
34,129,15
34,130,16
34,131,14
34,132,10
34,133,10
34,134,16
34,135,23
34,136,22
34,137,8
34,138,26
34,139,8
34,140,11
34,141,28
34,142,28
34,143,167
34,144,9
34,145,168
34,146,13
34,147,20
34,148,360
34,149,65
34,150,22
34,151,10
34,152,10
34,153,9
34,154,10
34,155,15
34,156,15
34,157,45
34,158,73
34,159,284
34,160,9
34,161,11
34,162,14
34,163,19
34,164,6
34,165,6
34,166,17
34,167,19
34,168,19
34,169,19
34,170,20
34,171,108
34,172,34
34,173,14
34,174,14
34,175,19
34,176,21
34,177,27
34,178,71
34,179,108
34,180,420
34,181,20
34,182,300
34,183,300
34,184,15
34,185,15
34,186,17
34,187,17
34,188,17
34,189,117
34,190,117
34,191,10
34,192,33
34,193,16
34,194,16
34,195,17
34,196,17
34,197,17
34,198,17
34,199,16
34,200,17
34,201,17
34,202,115
34,203,7
34,204,10
34,205,480
34,206,29
34,207,29
34,208,29
34,209,17
34,210,13
34,211,14
34,212,10
34,213,10
34,214,11
34,215,63
34,216,63
34,217,63
34,218,13
34,219,14
34,220,480
34,221,51
34,222,14
34,223,27
34,224,27
34,225,16
34,226,16
34,227,96
34,228,105
34,229,43
34,230,43
34,231,11
34,232,119
34,233,119
34,234,19
34,235,9
34,236,27
34,237,28
34,238,25
34,239,25
34,240,9
34,241,8
34,242,20
34,243,27
34,244,3
34,245,2
34,246,12
34,247,8
34,248,8
34,249,64
34,250,9
34,251,9
34,252,8
34,253,8
34,254,23
34,255,10
34,256,4
34,257,4
34,258,5
34,259,6
34,260,6
34,261,14
34,262,70
34,263,69
34,264,167
34,265,140
34,266,143
34,267,143
34,268,143
34,269,9
34,270,9
34,271,8
34,272,119
34,273,8
34,274,6
34,275,1
34,276,102
34,277,10
34,278,11
34,279,10
34,280,15
34,281,19
34,282,20
34,283,13
34,284,19
34,285,10
34,286,3
34,287,4
34,288,3
34,289,5
34,290,7
34,291,6
34,292,6
34,293,6
34,294,7
34,295,8
34,296,8
34,297,12
34,298,12
34,299,157
34,300,19
34,301,19
34,302,19
34,303,14
34,304,22
34,305,14
34,306,18
34,307,43
34,308,300
34,309,44
34,310,45
34,311,10
34,312,11
34,313,5
34,314,6
34,315,16
34,316,17
34,317,18
34,318,18
34,319,13
34,320,6
34,321,5
34,322,33
34,323,22
34,324,6
34,325,28
34,326,21
34,327,93
34,328,8
34,329,14
34,330,14
34,331,45
34,332,61
34,333,28
34,334,13
34,335,300
34,336,3
34,337,3
34,338,13
34,339,82
34,340,27
34,341,35
34,342,34
34,343,23
34,344,11
34,345,9
34,346,11
34,347,79
34,348,29
34,349,27
34,350,23
35,0,0
35,1,0
35,2,0
35,3,0
35,4,0
35,5,0
35,6,0
35,7,0
35,8,0
35,9,0
35,10,0
35,11,0
35,12,117
35,13,117
35,14,118
35,15,117
35,16,118
35,17,116
35,18,141
35,19,420
35,20,122
35,21,228
35,22,152
35,23,136
35,24,137
35,25,139
35,26,140
35,27,289
35,28,264
35,29,264
35,30,264
35,31,265
35,32,123
35,33,130
35,34,127
35,35,0
35,36,127
35,37,112
35,38,112
35,39,113
35,40,110
35,41,119
35,42,110
35,43,124
35,44,113
35,45,108
35,46,208
35,47,114
35,48,117
35,49,122
35,50,122
35,51,101
35,52,16
35,53,110
35,54,110
35,55,110
35,56,253
35,57,105
35,58,111
35,59,127
35,60,124
35,61,230
35,62,87
35,63,103
35,64,119
35,65,118
35,66,118
35,67,90
35,68,153
35,69,80
35,70,92
35,71,94
35,72,91
35,73,98
35,74,99
35,75,92
35,76,300
35,77,300
35,78,10
35,79,10
35,80,11
35,81,61
35,82,178
35,83,80
35,84,116
35,85,93
35,86,116
35,87,90
35,88,89
35,89,420
35,90,128
35,91,128
35,92,480
35,93,265
35,94,5
35,95,14
35,96,114
35,97,107
35,98,141
35,99,127
35,100,265
35,101,4
35,102,132
35,103,176
35,104,97
35,105,97
35,106,97
35,107,93
35,108,92
35,109,99
35,110,97
35,111,138
35,112,131
35,113,179
35,114,178
35,115,178
35,116,108
35,117,95
35,118,95
35,119,111
35,120,111
35,121,112
35,122,140
35,123,140
35,124,129
35,125,117
35,126,118
35,127,106
35,128,114
35,129,111
35,130,109
35,131,111
35,132,120
35,133,120
35,134,109
35,135,102
35,136,102
35,137,118
35,138,108
35,139,117
35,140,115
35,141,141
35,142,141
35,143,268
35,144,125
35,145,266
35,146,111
35,147,108
35,148,480
35,149,178
35,150,135
35,151,129
35,152,129
35,153,129
35,154,129
35,155,107
35,156,107
35,157,81
35,158,186
35,159,360
35,160,128
35,161,121
35,162,124
35,163,132
35,164,117
35,165,118
35,166,111
35,167,103
35,168,134
35,169,134
35,170,134
35,171,204
35,172,148
35,173,109
35,174,109
35,175,123
35,176,122
35,177,140
35,178,184
35,179,204
35,180,540
35,181,113
35,182,420
35,183,420
35,184,133
35,185,133
35,186,135
35,187,135
35,188,136
35,189,156
35,190,157
35,191,117
35,192,96
35,193,123
35,194,122
35,195,124
35,196,123
35,197,123
35,198,123
35,199,123
35,200,124
35,201,124
35,202,154
35,203,127
35,204,115
35,205,540
35,206,144
35,207,143
35,208,143
35,209,132
35,210,115
35,211,116
35,212,114
35,213,129
35,214,130
35,215,136
35,216,136
35,217,136
35,218,127
35,219,128
35,220,540
35,221,78
35,222,120
35,223,140
35,224,140
35,225,104
35,226,104
35,227,210
35,228,190
35,229,84
35,230,83
35,231,121
35,232,215
35,233,215
35,234,132
35,235,128
35,236,141
35,237,101
35,238,102
35,239,102
35,240,128
35,241,128
35,242,105
35,243,140
35,244,122
35,245,121
35,246,112
35,247,115
35,248,115
35,249,177
35,250,124
35,251,124
35,252,127
35,253,128
35,254,102
35,255,116
35,256,116
35,257,115
35,258,115
35,259,114
35,260,114
35,261,127
35,262,183
35,263,182
35,264,268
35,265,254
35,266,257
35,267,257
35,268,257
35,269,114
35,270,114
35,271,114
35,272,158
35,273,115
35,274,113
35,275,120
35,276,141
35,277,113
35,278,112
35,279,112
35,280,107
35,281,104
35,282,103
35,283,110
35,284,103
35,285,129
35,286,121
35,287,123
35,288,120
35,289,125
35,290,126
35,291,125
35,292,125
35,293,125
35,294,127
35,295,127
35,296,128
35,297,132
35,298,132
35,299,262
35,300,106
35,301,106
35,302,105
35,303,110
35,304,111
35,305,110
35,306,137
35,307,83
35,308,420
35,309,82
35,310,81
35,311,129
35,312,131
35,313,124
35,314,125
35,315,111
35,316,111
35,317,130
35,318,131
35,319,127
35,320,125
35,321,124
35,322,93
35,323,135
35,324,121
35,325,141
35,326,134
35,327,206
35,328,116
35,329,119
35,330,120
35,331,85
35,332,138
35,333,118
35,334,117
35,335,420
35,336,119
35,337,122
35,338,111
35,339,178
35,340,140
35,341,149
35,342,92
35,343,137
35,344,116
35,345,115
35,346,117
35,347,80
35,348,143
35,349,140
35,350,112
36,0,0
36,1,0
36,2,0
36,3,0
36,4,0
36,5,0
36,6,0
36,7,0
36,8,0
36,9,0
36,10,0
36,11,0
36,12,20
36,13,18
36,14,21
36,15,19
36,16,20
36,17,24
36,18,6
36,19,283
36,20,25
36,21,120
36,22,20
36,23,5
36,24,6
36,25,8
36,26,9
36,27,160
36,28,131
36,29,131
36,30,130
36,31,131
36,32,23
36,33,10
36,34,10
36,35,127
36,36,0
36,37,32
36,38,32
36,39,15
36,40,33
36,41,9
36,42,34
36,43,4
36,44,24
36,45,145
36,46,112
36,47,18
36,48,15
36,49,24
36,50,24
36,51,29
36,52,151
36,53,30
36,54,30
36,55,30
36,56,147
36,57,34
36,58,28
36,59,35
36,60,13
36,61,110
36,62,53
36,63,110
36,64,22
36,65,15
36,66,16
36,67,47
36,68,53
36,69,51
36,70,38
36,71,35
36,72,226
36,73,31
36,74,30
36,75,227
36,76,198
36,77,198
36,78,145
36,79,145
36,80,145
36,81,71
36,82,60
36,83,85
36,84,19
36,85,42
36,86,19
36,87,44
36,88,44
36,89,300
36,90,17
36,91,18
36,92,420
36,93,162
36,94,137
36,95,150
36,96,15
36,97,23
36,98,23
36,99,3
36,100,156
36,101,132
36,102,6
36,103,59
36,104,35
36,105,34
36,106,35
36,107,39
36,108,41
36,109,31
36,110,32
36,111,14
36,112,13
36,113,61
36,114,61
36,115,61
36,116,31
36,117,34
36,118,34
36,119,21
36,120,21
36,121,22
36,122,17
36,123,16
36,124,5
36,125,21
36,126,11
36,127,28
36,128,16
36,129,20
36,130,21
36,131,20
36,132,9
36,133,9
36,134,22
36,135,28
36,136,28
36,137,13
36,138,31
36,139,13
36,140,16
36,141,23
36,142,23
36,143,163
36,144,2
36,145,163
36,146,18
36,147,29
36,148,360
36,149,61
36,150,12
36,151,4
36,152,5
36,153,6
36,154,9
36,155,26
36,156,26
36,157,51
36,158,68
36,159,279
36,160,7
36,161,20
36,162,13
36,163,14
36,164,10
36,165,10
36,166,22
36,167,30
36,168,9
36,169,9
36,170,10
36,171,108
36,172,23
36,173,24
36,174,23
36,175,19
36,176,21
36,177,17
36,178,66
36,179,106
36,180,420
36,181,25
36,182,300
36,183,300
36,184,7
36,185,7
36,186,9
36,187,10
36,188,10
36,189,120
36,190,121
36,191,19
36,192,38
36,193,26
36,194,25
36,195,26
36,196,26
36,197,26
36,198,26
36,199,25
36,200,26
36,201,26
36,202,118
36,203,6
36,204,15
36,205,420
36,206,19
36,207,19
36,208,19
36,209,7
36,210,22
36,211,23
36,212,19
36,213,3
36,214,5
36,215,73
36,216,73
36,217,73
36,218,4
36,219,4
36,220,420
36,221,56
36,222,17
36,223,17
36,224,17
36,225,26
36,226,27
36,227,85
36,228,100
36,229,49
36,230,48
36,231,20
36,232,116
36,233,117
36,234,9
36,235,8
36,236,17
36,237,33
36,238,30
36,239,31
36,240,8
36,241,8
36,242,25
36,243,22
36,244,8
36,245,9
36,246,21
36,247,17
36,248,17
36,249,59
36,250,3
36,251,3
36,252,6
36,253,6
36,254,29
36,255,20
36,256,14
36,257,15
36,258,16
36,259,16
36,260,16
36,261,9
36,262,65
36,263,64
36,264,163
36,265,129
36,266,133
36,267,133
36,268,133
36,269,18
36,270,17
36,271,17
36,272,122
36,273,17
36,274,17
36,275,10
36,276,105
36,277,19
36,278,20
36,279,20
36,280,25
36,281,29
36,282,30
36,283,23
36,284,29
36,285,6
36,286,11
36,287,9
36,288,11
36,289,8
36,290,10
36,291,7
36,292,7
36,293,7
36,294,7
36,295,7
36,296,8
36,297,7
36,298,6
36,299,153
36,300,28
36,301,28
36,302,28
36,303,23
36,304,27
36,305,23
36,306,13
36,307,49
36,308,300
36,309,49
36,310,51
36,311,4
36,312,4
36,313,7
36,314,5
36,315,24
36,316,26
36,317,7
36,318,7
36,319,5
36,320,8
36,321,8
36,322,38
36,323,12
36,324,6
36,325,19
36,326,12
36,327,82
36,328,13
36,329,23
36,330,23
36,331,50
36,332,71
36,333,33
36,334,17
36,335,300
36,336,11
36,337,8
36,338,22
36,339,91
36,340,17
36,341,24
36,342,39
36,343,13
36,344,20
36,345,18
36,346,21
36,347,85
36,348,19
36,349,17
36,350,32
37,0,0
37,1,0
37,2,0
37,3,0
37,4,0
37,5,0
37,6,0
37,7,0
37,8,0
37,9,0
37,10,0
37,11,0
37,12,26
37,13,24
37,14,27
37,15,26
37,16,26
37,17,30
37,18,37
37,19,300
37,20,6
37,21,123
37,22,52
37,23,36
37,24,36
37,25,39
37,26,40
37,27,181
37,28,162
37,29,162
37,30,161
37,31,162
37,32,9
37,33,23
37,34,23
37,35,112
37,36,32
37,37,0
37,38,1
37,39,21
37,40,3
37,41,26
37,42,3
37,43,27
37,44,29
37,45,121
37,46,112
37,47,13
37,48,16
37,49,13
37,50,13
37,51,24
37,52,132
37,53,3
37,54,3
37,55,3
37,56,156
37,57,32
37,58,33
37,59,45
37,60,34
37,61,129
37,62,43
37,63,86
37,64,10
37,65,15
37,66,15
37,67,37
37,68,44
37,69,42
37,70,28
37,71,26
37,72,207
37,73,22
37,74,22
37,75,208
37,76,210
37,77,210
37,78,126
37,79,126
37,80,126
37,81,62
37,82,86
37,83,75
37,84,12
37,85,32
37,86,12
37,87,35
37,88,35
37,89,360
37,90,38
37,91,38
37,92,420
37,93,169
37,94,118
37,95,131
37,96,21
37,97,25
37,98,48
37,99,33
37,100,169
37,101,116
37,102,35
37,103,84
37,104,20
37,105,20
37,106,21
37,107,29
37,108,31
37,109,22
37,110,21
37,111,44
37,112,38
37,113,86
37,114,86
37,115,86
37,116,35
37,117,22
37,118,23
37,119,26
37,120,26
37,121,26
37,122,48
37,123,46
37,124,35
37,125,26
37,126,26
37,127,8
37,128,24
37,129,25
37,130,26
37,131,24
37,132,30
37,133,30
37,134,26
37,135,23
37,136,24
37,137,27
37,138,35
37,139,26
37,140,24
37,141,49
37,142,49
37,143,172
37,144,30
37,145,170
37,146,22
37,147,5
37,148,360
37,149,86
37,150,43
37,151,30
37,152,29
37,153,28
37,154,28
37,155,22
37,156,22
37,157,41
37,158,93
37,159,300
37,160,28
37,161,15
37,162,34
37,163,39
37,164,25
37,165,25
37,166,27
37,167,19
37,168,40
37,169,40
37,170,40
37,171,108
37,172,54
37,173,23
37,174,9
37,175,33
37,176,32
37,177,48
37,178,91
37,179,108
37,180,420
37,181,30
37,182,360
37,183,360
37,184,34
37,185,34
37,186,37
37,187,37
37,188,37
37,189,121
37,190,121
37,191,12
37,192,29
37,193,14
37,194,13
37,195,15
37,196,14
37,197,14
37,198,14
37,199,13
37,200,15
37,201,15
37,202,118
37,203,26
37,204,23
37,205,480
37,206,50
37,207,49
37,208,49
37,209,38
37,210,10
37,211,10
37,212,13
37,213,30
37,214,30
37,215,63
37,216,63
37,217,63
37,218,34
37,219,34
37,220,480
37,221,46
37,222,30
37,223,48
37,224,48
37,225,12
37,226,13
37,227,115
37,228,125
37,229,39
37,230,39
37,231,14
37,232,118
37,233,119
37,234,40
37,235,28
37,236,48
37,237,26
37,238,27
37,239,27
37,240,28
37,241,27
37,242,25
37,243,47
37,244,24
37,245,24
37,246,10
37,247,18
37,248,18
37,249,84
37,250,30
37,251,30
37,252,27
37,253,27
37,254,23
37,255,11
37,256,18
37,257,18
37,258,18
37,259,16
37,260,16
37,261,34
37,262,91
37,263,89
37,264,172
37,265,159
37,266,162
37,267,162
37,268,162
37,269,19
37,270,19
37,271,18
37,272,122
37,273,17
37,274,16
37,275,21
37,276,106
37,277,12
37,278,11
37,279,11
37,280,8
37,281,20
37,282,19
37,283,22
37,284,19
37,285,28
37,286,21
37,287,23
37,288,20
37,289,24
37,290,25
37,291,25
37,292,25
37,293,25
37,294,26
37,295,26
37,296,27
37,297,31
37,298,31
37,299,166
37,300,21
37,301,21
37,302,21
37,303,23
37,304,32
37,305,23
37,306,37
37,307,39
37,308,360
37,309,39
37,310,41
37,311,30
37,312,32
37,313,24
37,314,26
37,315,7
37,316,6
37,317,38
37,318,38
37,319,33
37,320,25
37,321,24
37,322,28
37,323,43
37,324,26
37,325,50
37,326,41
37,327,111
37,328,22
37,329,10
37,330,10
37,331,40
37,332,61
37,333,38
37,334,26
37,335,300
37,336,23
37,337,24
37,338,10
37,339,82
37,340,48
37,341,56
37,342,29
37,343,43
37,344,12
37,345,13
37,346,11
37,347,75
37,348,48
37,349,48
37,350,1
38,0,0
38,1,0
38,2,0
38,3,0
38,4,0
38,5,0
38,6,0
38,7,0
38,8,0
38,9,0
38,10,0
38,11,0
38,12,26
38,13,24
38,14,27
38,15,26
38,16,26
38,17,30
38,18,37
38,19,300
38,20,6
38,21,123
38,22,52
38,23,36
38,24,36
38,25,39
38,26,39
38,27,181
38,28,162
38,29,162
38,30,161
38,31,162
38,32,9
38,33,23
38,34,23
38,35,112
38,36,32
38,37,1
38,38,0
38,39,21
38,40,3
38,41,26
38,42,3
38,43,27
38,44,29
38,45,121
38,46,112
38,47,13
38,48,15
38,49,13
38,50,13
38,51,24
38,52,132
38,53,3
38,54,3
38,55,3
38,56,156
38,57,32
38,58,33
38,59,45
38,60,34
38,61,129
38,62,43
38,63,86
38,64,10
38,65,15
38,66,15
38,67,37
38,68,44
38,69,42
38,70,28
38,71,26
38,72,207
38,73,22
38,74,22
38,75,208
38,76,210
38,77,210
38,78,126
38,79,126
38,80,126
38,81,62
38,82,86
38,83,75
38,84,12
38,85,32
38,86,12
38,87,35
38,88,35
38,89,360
38,90,38
38,91,38
38,92,420
38,93,169
38,94,118
38,95,131
38,96,21
38,97,25
38,98,48
38,99,33
38,100,169
38,101,116
38,102,35
38,103,84
38,104,20
38,105,20
38,106,21
38,107,29
38,108,31
38,109,22
38,110,22
38,111,44
38,112,38
38,113,86
38,114,86
38,115,86
38,116,35
38,117,22
38,118,23
38,119,26
38,120,26
38,121,26
38,122,48
38,123,46
38,124,35
38,125,26
38,126,26
38,127,8
38,128,24
38,129,25
38,130,26
38,131,24
38,132,30
38,133,30
38,134,26
38,135,23
38,136,24
38,137,27
38,138,35
38,139,26
38,140,24
38,141,48
38,142,49
38,143,171
38,144,30
38,145,170
38,146,22
38,147,5
38,148,360
38,149,86
38,150,43
38,151,30
38,152,29
38,153,28
38,154,28
38,155,22
38,156,22
38,157,41
38,158,93
38,159,300
38,160,28
38,161,15
38,162,34
38,163,39
38,164,25
38,165,25
38,166,27
38,167,19
38,168,40
38,169,40
38,170,40
38,171,108
38,172,54
38,173,23
38,174,9
38,175,33
38,176,32
38,177,48
38,178,91
38,179,108
38,180,420
38,181,30
38,182,360
38,183,360
38,184,34
38,185,34
38,186,37
38,187,37
38,188,37
38,189,121
38,190,121
38,191,12
38,192,29
38,193,14
38,194,13
38,195,15
38,196,14
38,197,14
38,198,14
38,199,13
38,200,15
38,201,15
38,202,118
38,203,26
38,204,23
38,205,480
38,206,50
38,207,49
38,208,49
38,209,38
38,210,10
38,211,9
38,212,13
38,213,30
38,214,30
38,215,63
38,216,63
38,217,63
38,218,34
38,219,34
38,220,480
38,221,46
38,222,30
38,223,48
38,224,48
38,225,12
38,226,12
38,227,115
38,228,125
38,229,39
38,230,39
38,231,14
38,232,118
38,233,119
38,234,40
38,235,28
38,236,48
38,237,26
38,238,27
38,239,27
38,240,28
38,241,27
38,242,26
38,243,47
38,244,24
38,245,24
38,246,10
38,247,18
38,248,18
38,249,84
38,250,30
38,251,29
38,252,27
38,253,27
38,254,23
38,255,11
38,256,18
38,257,18
38,258,18
38,259,16
38,260,16
38,261,34
38,262,90
38,263,89
38,264,172
38,265,159
38,266,162
38,267,162
38,268,162
38,269,19
38,270,19
38,271,18
38,272,122
38,273,17
38,274,16
38,275,21
38,276,106
38,277,12
38,278,11
38,279,11
38,280,8
38,281,20
38,282,19
38,283,21
38,284,19
38,285,28
38,286,21
38,287,23
38,288,19
38,289,24
38,290,25
38,291,25
38,292,25
38,293,25
38,294,26
38,295,26
38,296,27
38,297,31
38,298,31
38,299,166
38,300,21
38,301,21
38,302,21
38,303,23
38,304,32
38,305,23
38,306,37
38,307,39
38,308,360
38,309,39
38,310,41
38,311,30
38,312,31
38,313,24
38,314,26
38,315,7
38,316,6
38,317,38
38,318,38
38,319,33
38,320,24
38,321,24
38,322,28
38,323,43
38,324,26
38,325,50
38,326,41
38,327,111
38,328,22
38,329,10
38,330,10
38,331,41
38,332,61
38,333,38
38,334,26
38,335,300
38,336,23
38,337,24
38,338,10
38,339,82
38,340,48
38,341,55
38,342,29
38,343,43
38,344,11
38,345,13
38,346,11
38,347,75
38,348,48
38,349,48
38,350,1
39,0,0
39,1,0
39,2,0
39,3,0
39,4,0
39,5,0
39,6,0
39,7,0
39,8,0
39,9,0
39,10,0
39,11,0
39,12,6
39,13,4
39,14,7
39,15,5
39,16,6
39,17,10
39,18,20
39,19,290
39,20,18
39,21,131
39,22,32
39,23,16
39,24,17
39,25,19
39,26,20
39,27,175
39,28,144
39,29,144
39,30,143
39,31,144
39,32,15
39,33,13
39,34,10
39,35,113
39,36,15
39,37,21
39,38,21
39,39,0
39,40,22
39,41,6
39,42,23
39,43,11
39,44,9
39,45,139
39,46,120
39,47,11
39,48,13
39,49,23
39,50,23
39,51,14
39,52,136
39,53,19
39,54,19
39,55,19
39,56,160
39,57,19
39,58,13
39,59,26
39,60,13
39,61,123
39,62,38
39,63,104
39,64,20
39,65,14
39,66,15
39,67,32
39,68,52
39,69,36
39,70,23
39,71,20
39,72,211
39,73,16
39,74,15
39,75,212
39,76,211
39,77,211
39,78,131
39,79,131
39,80,130
39,81,56
39,82,66
39,83,70
39,84,13
39,85,27
39,86,13
39,87,29
39,88,29
39,89,300
39,90,17
39,91,18
39,92,420
39,93,175
39,94,123
39,95,135
39,96,2
39,97,8
39,98,29
39,99,14
39,100,169
39,101,117
39,102,19
39,103,64
39,104,19
39,105,19
39,106,20
39,107,24
39,108,26
39,109,16
39,110,17
39,111,24
39,112,19
39,113,67
39,114,66
39,115,66
39,116,16
39,117,19
39,118,19
39,119,6
39,120,6
39,121,6
39,122,27
39,123,28
39,124,16
39,125,6
39,126,5
39,127,16
39,128,3
39,129,5
39,130,6
39,131,5
39,132,9
39,133,9
39,134,6
39,135,13
39,136,13
39,137,6
39,138,16
39,139,5
39,140,3
39,141,29
39,142,29
39,143,176
39,144,12
39,145,176
39,146,3
39,147,18
39,148,360
39,149,66
39,150,23
39,151,15
39,152,17
39,153,18
39,154,20
39,155,11
39,156,11
39,157,36
39,158,74
39,159,285
39,160,17
39,161,19
39,162,13
39,163,20
39,164,5
39,165,5
39,166,7
39,167,16
39,168,21
39,169,21
39,170,21
39,171,116
39,172,35
39,173,8
39,174,12
39,175,14
39,176,12
39,177,27
39,178,72
39,179,116
39,180,420
39,181,10
39,182,300
39,183,300
39,184,20
39,185,20
39,186,22
39,187,23
39,188,23
39,189,108
39,190,108
39,191,16
39,192,23
39,193,24
39,194,23
39,195,25
39,196,24
39,197,24
39,198,24
39,199,23
39,200,25
39,201,25
39,202,105
39,203,16
39,204,3
39,205,480
39,206,31
39,207,31
39,208,31
39,209,19
39,210,14
39,211,15
39,212,10
39,213,17
39,214,19
39,215,72
39,216,72
39,217,72
39,218,14
39,219,15
39,220,480
39,221,41
39,222,10
39,223,27
39,224,27
39,225,14
39,226,15
39,227,97
39,228,106
39,229,34
39,230,33
39,231,19
39,232,127
39,233,127
39,234,19
39,235,18
39,236,28
39,237,18
39,238,15
39,239,16
39,240,19
39,241,18
39,242,10
39,243,28
39,244,10
39,245,10
39,246,11
39,247,5
39,248,5
39,249,65
39,250,11
39,251,12
39,252,15
39,253,16
39,254,14
39,255,14
39,256,6
39,257,6
39,258,5
39,259,5
39,260,5
39,261,15
39,262,71
39,263,70
39,264,176
39,265,141
39,266,144
39,267,144
39,268,144
39,269,5
39,270,2
39,271,3
39,272,109
39,273,4
39,274,5
39,275,11
39,276,93
39,277,10
39,278,9
39,279,10
39,280,14
39,281,15
39,282,15
39,283,9
39,284,15
39,285,19
39,286,13
39,287,14
39,288,12
39,289,15
39,290,17
39,291,16
39,292,16
39,293,16
39,294,17
39,295,17
39,296,18
39,297,20
39,298,19
39,299,166
39,300,13
39,301,13
39,302,13
39,303,7
39,304,12
39,305,8
39,306,26
39,307,34
39,308,300
39,309,34
39,310,36
39,311,16
39,312,18
39,313,13
39,314,12
39,315,14
39,316,15
39,317,18
39,318,18
39,319,14
39,320,14
39,321,14
39,322,23
39,323,23
39,324,8
39,325,29
39,326,22
39,327,94
39,328,3
39,329,20
39,330,21
39,331,35
39,332,70
39,333,18
39,334,5
39,335,300
39,336,7
39,337,10
39,338,11
39,339,90
39,340,27
39,341,36
39,342,24
39,343,24
39,344,14
39,345,12
39,346,15
39,347,70
39,348,30
39,349,27
39,350,22
40,0,0
40,1,0
40,2,0
40,3,0
40,4,0
40,5,0
40,6,0
40,7,0
40,8,0
40,9,0
40,10,0
40,11,0
40,12,27
40,13,25
40,14,28
40,15,26
40,16,27
40,17,29
40,18,38
40,19,300
40,20,8
40,21,126
40,22,53
40,23,37
40,24,38
40,25,40
40,26,41
40,27,183
40,28,163
40,29,163
40,30,163
40,31,163
40,32,12
40,33,25
40,34,24
40,35,110
40,36,33
40,37,3
40,38,3
40,39,22
40,40,0
40,41,27
40,42,1
40,43,28
40,44,29
40,45,118
40,46,114
40,47,14
40,48,16
40,49,15
40,50,15
40,51,22
40,52,129
40,53,4
40,54,4
40,55,4
40,56,159
40,57,30
40,58,32
40,59,46
40,60,35
40,61,131
40,62,42
40,63,83
40,64,13
40,65,17
40,66,17
40,67,36
40,68,46
40,69,40
40,70,27
40,71,24
40,72,204
40,73,21
40,74,21
40,75,205
40,76,213
40,77,213
40,78,124
40,79,124
40,80,123
40,81,60
40,82,87
40,83,74
40,84,14
40,85,31
40,86,14
40,87,33
40,88,33
40,89,360
40,90,39
40,91,38
40,92,420
40,93,172
40,94,116
40,95,128
40,96,22
40,97,24
40,98,49
40,99,34
40,100,171
40,101,113
40,102,36
40,103,85
40,104,18
40,105,19
40,106,19
40,107,28
40,108,30
40,109,20
40,110,20
40,111,45
40,112,39
40,113,87
40,114,87
40,115,87
40,116,33
40,117,21
40,118,21
40,119,27
40,120,27
40,121,27
40,122,49
40,123,47
40,124,36
40,125,27
40,126,27
40,127,9
40,128,24
40,129,25
40,130,27
40,131,25
40,132,31
40,133,31
40,134,27
40,135,21
40,136,23
40,137,28
40,138,34
40,139,27
40,140,25
40,141,49
40,142,50
40,143,174
40,144,31
40,145,172
40,146,23
40,147,5
40,148,420
40,149,87
40,150,44
40,151,31
40,152,30
40,153,29
40,154,29
40,155,21
40,156,21
40,157,39
40,158,94
40,159,300
40,160,29
40,161,17
40,162,35
40,163,40
40,164,26
40,165,26
40,166,28
40,167,17
40,168,41
40,169,41
40,170,41
40,171,110
40,172,55
40,173,22
40,174,10
40,175,34
40,176,33
40,177,49
40,178,92
40,179,110
40,180,420
40,181,31
40,182,360
40,183,360
40,184,35
40,185,35
40,186,38
40,187,38
40,188,38
40,189,119
40,190,119
40,191,14
40,192,27
40,193,17
40,194,16
40,195,17
40,196,17
40,197,17
40,198,17
40,199,16
40,200,17
40,201,17
40,202,117
40,203,27
40,204,24
40,205,480
40,206,51
40,207,50
40,208,50
40,209,39
40,210,11
40,211,12
40,212,14
40,213,31
40,214,31
40,215,66
40,216,66
40,217,66
40,218,35
40,219,35
40,220,480
40,221,45
40,222,30
40,223,49
40,224,49
40,225,12
40,226,12
40,227,116
40,228,126
40,229,38
40,230,37
40,231,17
40,232,121
40,233,122
40,234,41
40,235,29
40,236,49
40,237,24
40,238,26
40,239,25
40,240,29
40,241,28
40,242,24
40,243,48
40,244,25
40,245,24
40,246,12
40,247,18
40,248,18
40,249,85
40,250,31
40,251,30
40,252,28
40,253,28
40,254,22
40,255,13
40,256,19
40,257,19
40,258,18
40,259,17
40,260,17
40,261,35
40,262,92
40,263,90
40,264,174
40,265,160
40,266,163
40,267,163
40,268,163
40,269,19
40,270,19
40,271,19
40,272,120
40,273,18
40,274,17
40,275,22
40,276,104
40,277,13
40,278,12
40,279,12
40,280,9
40,281,18
40,282,18
40,283,22
40,284,18
40,285,29
40,286,22
40,287,24
40,288,21
40,289,25
40,290,27
40,291,26
40,292,26
40,293,26
40,294,27
40,295,27
40,296,28
40,297,32
40,298,32
40,299,169
40,300,20
40,301,20
40,302,19
40,303,23
40,304,31
40,305,23
40,306,38
40,307,38
40,308,360
40,309,38
40,310,40
40,311,31
40,312,32
40,313,25
40,314,27
40,315,9
40,316,8
40,317,39
40,318,39
40,319,34
40,320,25
40,321,25
40,322,27
40,323,44
40,324,27
40,325,51
40,326,42
40,327,112
40,328,23
40,329,12
40,330,13
40,331,39
40,332,64
40,333,39
40,334,26
40,335,300
40,336,24
40,337,25
40,338,11
40,339,84
40,340,49
40,341,56
40,342,28
40,343,44
40,344,13
40,345,15
40,346,13
40,347,74
40,348,49
40,349,49
40,350,2
41,0,0
41,1,0
41,2,0
41,3,0
41,4,0
41,5,0
41,6,0
41,7,0
41,8,0
41,9,0
41,10,0
41,11,0
41,12,12
41,13,10
41,14,13
41,15,11
41,16,12
41,17,16
41,18,14
41,19,285
41,20,22
41,21,128
41,22,26
41,23,11
41,24,11
41,25,13
41,26,14
41,27,169
41,28,138
41,29,138
41,30,137
41,31,138
41,32,21
41,33,10
41,34,7
41,35,119
41,36,9
41,37,26
41,38,26
41,39,6
41,40,27
41,41,0
41,42,29
41,43,5
41,44,15
41,45,141
41,46,118
41,47,14
41,48,11
41,49,21
41,50,21
41,51,21
41,52,142
41,53,25
41,54,25
41,55,25
41,56,154
41,57,25
41,58,20
41,59,31
41,60,10
41,61,118
41,62,44
41,63,106
41,64,18
41,65,12
41,66,12
41,67,38
41,68,50
41,69,43
41,70,29
41,71,27
41,72,217
41,73,23
41,74,21
41,75,218
41,76,205
41,77,205
41,78,137
41,79,137
41,80,137
41,81,63
41,82,61
41,83,76
41,84,15
41,85,33
41,86,15
41,87,36
41,88,36
41,89,300
41,90,14
41,91,15
41,92,420
41,93,169
41,94,129
41,95,142
41,96,7
41,97,14
41,98,24
41,99,9
41,100,164
41,101,123
41,102,13
41,103,59
41,104,25
41,105,26
41,106,26
41,107,30
41,108,32
41,109,23
41,110,23
41,111,19
41,112,14
41,113,62
41,114,61
41,115,61
41,116,23
41,117,26
41,118,26
41,119,12
41,120,13
41,121,13
41,122,22
41,123,22
41,124,11
41,125,13
41,126,2
41,127,22
41,128,7
41,129,11
41,130,13
41,131,11
41,132,6
41,133,6
41,134,13
41,135,20
41,136,19
41,137,4
41,138,23
41,139,4
41,140,7
41,141,24
41,142,24
41,143,171
41,144,7
41,145,171
41,146,9
41,147,24
41,148,360
41,149,61
41,150,18
41,151,10
41,152,11
41,153,13
41,154,14
41,155,17
41,156,17
41,157,42
41,158,68
41,159,279
41,160,12
41,161,17
41,162,10
41,163,15
41,164,2
41,165,2
41,166,14
41,167,22
41,168,16
41,169,16
41,170,16
41,171,114
41,172,30
41,173,15
41,174,18
41,175,15
41,176,17
41,177,22
41,178,66
41,179,114
41,180,420
41,181,16
41,182,300
41,183,300
41,184,15
41,185,15
41,186,17
41,187,17
41,188,18
41,189,114
41,190,114
41,191,16
41,192,29
41,193,22
41,194,21
41,195,23
41,196,22
41,197,22
41,198,23
41,199,21
41,200,23
41,201,23
41,202,111
41,203,11
41,204,6
41,205,480
41,206,26
41,207,25
41,208,25
41,209,14
41,210,19
41,211,19
41,212,15
41,213,11
41,214,13
41,215,69
41,216,69
41,217,69
41,218,9
41,219,10
41,220,480
41,221,47
41,222,10
41,223,22
41,224,22
41,225,20
41,226,21
41,227,92
41,228,101
41,229,40
41,230,40
41,231,17
41,232,124
41,233,125
41,234,14
41,235,13
41,236,23
41,237,24
41,238,22
41,239,22
41,240,13
41,241,13
41,242,17
41,243,22
41,244,5
41,245,7
41,246,16
41,247,11
41,248,11
41,249,60
41,250,6
41,251,6
41,252,10
41,253,10
41,254,20
41,255,16
41,256,8
41,257,9
41,258,9
41,259,10
41,260,10
41,261,10
41,262,66
41,263,65
41,264,171
41,265,136
41,266,139
41,267,139
41,268,139
41,269,11
41,270,9
41,271,10
41,272,115
41,273,10
41,274,11
41,275,8
41,276,99
41,277,15
41,278,15
41,279,16
41,280,19
41,281,21
41,282,22
41,283,15
41,284,21
41,285,14
41,286,10
41,287,9
41,288,9
41,289,10
41,290,12
41,291,10
41,292,10
41,293,10
41,294,12
41,295,12
41,296,13
41,297,15
41,298,14
41,299,161
41,300,19
41,301,19
41,302,19
41,303,14
41,304,19
41,305,14
41,306,21
41,307,40
41,308,300
41,309,40
41,310,42
41,311,11
41,312,12
41,313,8
41,314,7
41,315,20
41,316,21
41,317,12
41,318,13
41,319,9
41,320,9
41,321,9
41,322,29
41,323,18
41,324,3
41,325,23
41,326,17
41,327,88
41,328,4
41,329,19
41,330,20
41,331,41
41,332,67
41,333,25
41,334,9
41,335,300
41,336,4
41,337,5
41,338,17
41,339,87
41,340,22
41,341,31
41,342,31
41,343,19
41,344,16
41,345,14
41,346,17
41,347,76
41,348,25
41,349,22
41,350,28
42,0,0
42,1,0
42,2,0
42,3,0
42,4,0
42,5,0
42,6,0
42,7,0
42,8,0
42,9,0
42,10,0
42,11,0
42,12,28
42,13,25
42,14,28
42,15,27
42,16,28
42,17,29
42,18,38
42,19,300
42,20,9
42,21,126
42,22,54
42,23,38
42,24,38
42,25,41
42,26,41
42,27,184
42,28,164
42,29,164
42,30,163
42,31,164
42,32,12
42,33,25
42,34,24
42,35,110
42,36,34
42,37,3
42,38,3
42,39,23
42,40,1
42,41,29
42,42,0
42,43,29
42,44,30
42,45,118
42,46,115
42,47,14
42,48,17
42,49,16
42,50,15
42,51,22
42,52,129
42,53,5
42,54,5
42,55,5
42,56,159
42,57,30
42,58,32
42,59,47
42,60,35
42,61,132
42,62,41
42,63,83
42,64,13
42,65,18
42,66,18
42,67,36
42,68,46
42,69,40
42,70,26
42,71,24
42,72,204
42,73,21
42,74,20
42,75,205
42,76,213
42,77,213
42,78,123
42,79,123
42,80,123
42,81,60
42,82,87
42,83,73
42,84,15
42,85,30
42,86,15
42,87,33
42,88,33
42,89,360
42,90,40
42,91,39
42,92,420
42,93,172
42,94,115
42,95,128
42,96,22
42,97,24
42,98,50
42,99,35
42,100,172
42,101,113
42,102,36
42,103,85
42,104,18
42,105,19
42,106,19
42,107,28
42,108,30
42,109,20
42,110,20
42,111,46
42,112,40
42,113,88
42,114,87
42,115,87
42,116,33
42,117,21
42,118,21
42,119,27
42,120,27
42,121,27
42,122,50
42,123,48
42,124,36
42,125,27
42,126,28
42,127,9
42,128,25
42,129,26
42,130,27
42,131,26
42,132,31
42,133,31
42,134,27
42,135,21
42,136,22
42,137,28
42,138,33
42,139,28
42,140,25
42,141,50
42,142,50
42,143,174
42,144,31
42,145,172
42,146,24
42,147,6
42,148,420
42,149,87
42,150,44
42,151,31
42,152,31
42,153,30
42,154,30
42,155,21
42,156,21
42,157,39
42,158,95
42,159,300
42,160,29
42,161,18
42,162,35
42,163,41
42,164,26
42,165,27
42,166,28
42,167,17
42,168,41
42,169,41
42,170,42
42,171,110
42,172,56
42,173,22
42,174,10
42,175,35
42,176,33
42,177,50
42,178,93
42,179,111
42,180,420
42,181,31
42,182,360
42,183,360
42,184,36
42,185,36
42,186,38
42,187,39
42,188,39
42,189,119
42,190,119
42,191,15
42,192,27
42,193,17
42,194,16
42,195,17
42,196,17
42,197,17
42,198,17
42,199,16
42,200,18
42,201,17
42,202,116
42,203,28
42,204,24
42,205,480
42,206,51
42,207,51
42,208,51
42,209,39
42,210,12
42,211,12
42,212,14
42,213,32
42,214,31
42,215,66
42,216,66
42,217,66
42,218,35
42,219,36
42,220,480
42,221,45
42,222,31
42,223,50
42,224,50
42,225,12
42,226,12
42,227,116
42,228,127
42,229,37
42,230,37
42,231,17
42,232,121
42,233,122
42,234,41
42,235,29
42,236,49
42,237,24
42,238,25
42,239,25
42,240,29
42,241,29
42,242,24
42,243,49
42,244,25
42,245,25
42,246,13
42,247,19
42,248,19
42,249,86
42,250,31
42,251,31
42,252,28
42,253,29
42,254,21
42,255,14
42,256,19
42,257,19
42,258,19
42,259,18
42,260,18
42,261,36
42,262,92
42,263,91
42,264,175
42,265,161
42,266,164
42,267,164
42,268,164
42,269,20
42,270,20
42,271,19
42,272,120
42,273,19
42,274,17
42,275,22
42,276,104
42,277,13
42,278,13
42,279,13
42,280,9
42,281,18
42,282,17
42,283,21
42,284,17
42,285,30
42,286,23
42,287,24
42,288,21
42,289,26
42,290,27
42,291,26
42,292,26
42,293,26
42,294,28
42,295,28
42,296,29
42,297,33
42,298,33
42,299,169
42,300,19
42,301,19
42,302,19
42,303,23
42,304,31
42,305,23
42,306,38
42,307,37
42,308,360
42,309,38
42,310,39
42,311,31
42,312,33
42,313,26
42,314,27
42,315,10
42,316,8
42,317,39
42,318,39
42,319,35
42,320,26
42,321,26
42,322,27
42,323,45
42,324,28
42,325,51
42,326,43
42,327,113
42,328,24
42,329,13
42,330,13
42,331,39
42,332,64
42,333,38
42,334,27
42,335,300
42,336,25
42,337,25
42,338,11
42,339,84
42,340,50
42,341,57
42,342,28
42,343,44
42,344,14
42,345,16
42,346,14
42,347,73
42,348,50
42,349,50
42,350,3
43,0,0
43,1,0
43,2,0
43,3,0
43,4,0
43,5,0
43,6,0
43,7,0
43,8,0
43,9,0
43,10,0
43,11,0
43,12,17
43,13,15
43,14,18
43,15,16
43,16,17
43,17,21
43,18,10
43,19,283
43,20,21
43,21,124
43,22,23
43,23,9
43,24,9
43,25,12
43,26,12
43,27,164
43,28,135
43,29,135
43,30,134
43,31,135
43,32,20
43,33,7
43,34,7
43,35,124
43,36,4
43,37,27
43,38,27
43,39,11
43,40,28
43,41,5
43,42,29
43,43,0
43,44,21
43,45,141
43,46,115
43,47,15
43,48,12
43,49,21
43,50,21
43,51,26
43,52,147
43,53,26
43,54,26
43,55,26
43,56,150
43,57,31
43,58,25
43,59,32
43,60,9
43,61,114
43,62,49
43,63,106
43,64,18
43,65,12
43,66,12
43,67,44
43,68,49
43,69,48
43,70,34
43,71,32
43,72,222
43,73,28
43,74,27
43,75,223
43,76,201
43,77,201
43,78,141
43,79,141
43,80,141
43,81,68
43,82,59
43,83,81
43,84,16
43,85,39
43,86,15
43,87,41
43,88,41
43,89,300
43,90,14
43,91,15
43,92,420
43,93,165
43,94,134
43,95,146
43,96,12
43,97,20
43,98,22
43,99,6
43,100,160
43,101,129
43,102,9
43,103,58
43,104,31
43,105,31
43,106,31
43,107,36
43,108,38
43,109,28
43,110,29
43,111,17
43,112,12
43,113,60
43,114,60
43,115,60
43,116,28
43,117,31
43,118,31
43,119,18
43,120,18
43,121,18
43,122,21
43,123,19
43,124,8
43,125,18
43,126,8
43,127,25
43,128,13
43,129,17
43,130,18
43,131,17
43,132,6
43,133,6
43,134,18
43,135,25
43,136,24
43,137,10
43,138,28
43,139,10
43,140,12
43,141,22
43,142,23
43,143,166
43,144,2
43,145,167
43,146,15
43,147,25
43,148,360
43,149,60
43,150,15
43,151,5
43,152,6
43,153,7
43,154,8
43,155,23
43,156,23
43,157,47
43,158,67
43,159,278
43,160,6
43,161,16
43,162,9
43,163,13
43,164,7
43,165,7
43,166,19
43,167,26
43,168,13
43,169,13
43,170,13
43,171,111
43,172,27
43,173,20
43,174,19
43,175,15
43,176,18
43,177,21
43,178,65
43,179,109
43,180,420
43,181,22
43,182,300
43,183,300
43,184,11
43,185,11
43,186,13
43,187,13
43,188,13
43,189,117
43,190,117
43,191,15
43,192,35
43,193,22
43,194,21
43,195,22
43,196,22
43,197,22
43,198,22
43,199,21
43,200,23
43,201,22
43,202,114
43,203,5
43,204,12
43,205,480
43,206,22
43,207,22
43,208,22
43,209,11
43,210,18
43,211,19
43,212,15
43,213,6
43,214,8
43,215,69
43,216,69
43,217,69
43,218,6
43,219,7
43,220,480
43,221,53
43,222,14
43,223,21
43,224,21
43,225,23
43,226,23
43,227,88
43,228,99
43,229,45
43,230,45
43,231,17
43,232,119
43,233,120
43,234,12
43,235,7
43,236,20
43,237,30
43,238,27
43,239,27
43,240,7
43,241,7
43,242,22
43,243,21
43,244,4
43,245,5
43,246,18
43,247,14
43,248,14
43,249,58
43,250,3
43,251,2
43,252,5
43,253,5
43,254,25
43,255,16
43,256,11
43,257,11
43,258,12
43,259,13
43,260,13
43,261,8
43,262,64
43,263,63
43,264,167
43,265,133
43,266,136
43,267,136
43,268,136
43,269,15
43,270,14
43,271,14
43,272,118
43,273,13
43,274,13
43,275,6
43,276,102
43,277,16
43,278,16
43,279,16
43,280,21
43,281,26
43,282,26
43,283,20
43,284,26
43,285,8
43,286,8
43,287,6
43,288,8
43,289,5
43,290,7
43,291,6
43,292,6
43,293,6
43,294,6
43,295,6
43,296,7
43,297,11
43,298,9
43,299,157
43,300,24
43,301,24
43,302,24
43,303,19
43,304,24
43,305,19
43,306,16
43,307,45
43,308,300
43,309,46
43,310,47
43,311,6
43,312,7
43,313,3
43,314,2
43,315,21
43,316,22
43,317,10
43,318,11
43,319,7
43,320,4
43,321,5
43,322,35
43,323,16
43,324,3
43,325,22
43,326,15
43,327,85
43,328,10
43,329,19
43,330,20
43,331,47
43,332,67
43,333,30
43,334,14
43,335,300
43,336,8
43,337,5
43,338,18
43,339,87
43,340,21
43,341,28
43,342,36
43,343,16
43,344,17
43,345,15
43,346,17
43,347,81
43,348,22
43,349,21
43,350,29
44,0,0
44,1,0
44,2,0
44,3,0
44,4,0
44,5,0
44,6,0
44,7,0
44,8,0
44,9,0
44,10,0
44,11,0
44,12,5
44,13,7
44,14,4
44,15,6
44,16,5
44,17,4
44,18,29
44,19,292
44,20,25
44,21,139
44,22,37
44,23,22
44,24,23
44,25,25
44,26,26
44,27,183
44,28,153
44,29,153
44,30,152
44,31,153
44,32,22
44,33,21
44,34,19
44,35,113
44,36,24
44,37,29
44,38,29
44,39,9
44,40,29
44,41,15
44,42,30
44,43,21
44,44,0
44,45,145
44,46,126
44,47,17
44,48,20
44,49,29
44,50,29
44,51,12
44,52,135
44,53,25
44,54,25
44,55,25
44,56,167
44,57,11
44,58,6
44,59,22
44,60,11
44,61,132
44,62,35
44,63,110
44,64,26
44,65,20
44,66,21
44,67,30
44,68,58
44,69,35
44,70,22
44,71,20
44,72,210
44,73,15
44,74,15
44,75,211
44,76,219
44,77,219
44,78,130
44,79,130
44,80,130
44,81,56
44,82,66
44,83,68
44,84,19
44,85,24
44,86,19
44,87,27
44,88,28
44,89,360
44,90,16
44,91,15
44,92,420
44,93,183
44,94,122
44,95,134
44,96,9
44,97,8
44,98,29
44,99,22
44,100,177
44,101,116
44,102,26
44,103,65
44,104,19
44,105,19
44,106,19
44,107,22
44,108,24
44,109,16
44,110,16
44,111,30
44,112,18
44,113,67
44,114,66
44,115,66
44,116,9
44,117,18
44,118,19
44,119,4
44,120,4
44,121,4
44,122,31
44,123,35
44,124,24
44,125,3
44,126,11
44,127,22
44,128,7
44,129,5
44,130,6
44,131,5
44,132,13
44,133,13
44,134,5
44,135,12
44,136,10
44,137,10
44,138,9
44,139,9
44,140,7
44,141,29
44,142,29
44,143,184
44,144,20
44,145,184
44,146,5
44,147,24
44,148,420
44,149,67
44,150,27
44,151,23
44,152,24
44,153,26
44,154,26
44,155,12
44,156,12
44,157,35
44,158,74
44,159,285
44,160,25
44,161,25
44,162,11
44,163,20
44,164,12
44,165,12
44,166,4
44,167,16
44,168,27
44,169,27
44,170,28
44,171,122
44,172,40
44,173,11
44,174,18
44,175,11
44,176,9
44,177,31
44,178,72
44,179,122
44,180,420
44,181,1
44,182,360
44,183,360
44,184,28
44,185,28
44,186,30
44,187,30
44,188,30
44,189,100
44,190,100
44,191,22
44,192,21
44,193,30
44,194,29
44,195,31
44,196,30
44,197,30
44,198,31
44,199,29
44,200,31
44,201,31
44,202,97
44,203,24
44,204,7
44,205,480
44,206,37
44,207,37
44,208,37
44,209,26
44,210,20
44,211,21
44,212,16
44,213,24
44,214,26
44,215,78
44,216,78
44,217,78
44,218,21
44,219,22
44,220,480
44,221,40
44,222,7
44,223,31
44,224,31
44,225,20
44,226,21
44,227,104
44,228,106
44,229,32
44,230,32
44,231,25
44,232,133
44,233,133
44,234,25
44,235,25
44,236,34
44,237,15
44,238,13
44,239,13
44,240,26
44,241,25
44,242,9
44,243,26
44,244,17
44,245,17
44,246,17
44,247,11
44,248,11
44,249,65
44,250,19
44,251,19
44,252,23
44,253,23
44,254,11
44,255,20
44,256,13
44,257,13
44,258,12
44,259,12
44,260,11
44,261,19
44,262,71
44,263,70
44,264,184
44,265,149
44,266,152
44,267,152
44,268,152
44,269,9
44,270,8
44,271,9
44,272,101
44,273,10
44,274,11
44,275,17
44,276,85
44,277,16
44,278,15
44,279,16
44,280,20
44,281,15
44,282,16
44,283,12
44,284,15
44,285,26
44,286,20
44,287,21
44,288,18
44,289,22
44,290,24
44,291,22
44,292,22
44,293,22
44,294,24
44,295,24
44,296,25
44,297,28
44,298,26
44,299,174
44,300,13
44,301,13
44,302,13
44,303,11
44,304,4
44,305,11
44,306,33
44,307,33
44,308,360
44,309,33
44,310,35
44,311,24
44,312,25
44,313,20
44,314,20
44,315,20
44,316,21
44,317,24
44,318,24
44,319,20
44,320,22
44,321,22
44,322,21
44,323,27
44,324,16
44,325,33
44,326,26
44,327,101
44,328,10
44,329,26
44,330,27
44,331,33
44,332,76
44,333,10
44,334,9
44,335,300
44,336,14
44,337,17
44,338,17
44,339,96
44,340,31
44,341,41
44,342,23
44,343,32
44,344,20
44,345,18
44,346,21
44,347,68
44,348,38
44,349,31
44,350,28
45,0,0
45,1,0
45,2,0
45,3,0
45,4,0
45,5,0
45,6,0
45,7,0
45,8,0
45,9,0
45,10,0
45,11,0
45,12,143
45,13,141
45,14,144
45,15,143
45,16,144
45,17,146
45,18,149
45,19,420
45,20,122
45,21,162
45,22,165
45,23,149
45,24,149
45,25,152
45,26,152
45,27,247
45,28,271
45,29,271
45,30,270
45,31,271
45,32,125
45,33,136
45,34,136
45,35,108
45,36,145
45,37,121
45,38,121
45,39,139
45,40,118
45,41,141
45,42,118
45,43,141
45,44,145
45,45,0
45,46,142
45,47,122
45,48,121
45,49,114
45,50,114
45,51,130
45,52,120
45,53,113
45,54,113
45,55,113
45,56,187
45,57,139
45,58,140
45,59,155
45,60,139
45,61,184
45,62,147
45,63,28
45,64,114
45,65,120
45,66,119
45,67,144
45,68,120
45,69,135
45,70,135
45,71,132
45,72,195
45,73,129
45,74,129
45,75,196
45,76,241
45,77,241
45,78,115
45,79,115
45,80,115
45,81,122
45,82,190
45,83,140
45,84,121
45,85,139
45,86,121
45,87,141
45,88,141
45,89,420
45,90,143
45,91,144
45,92,420
45,93,199
45,94,107
45,95,119
45,96,130
45,97,133
45,98,153
45,99,138
45,100,199
45,101,107
45,102,139
45,103,188
45,104,126
45,105,127
45,106,127
45,107,136
45,108,138
45,109,128
45,110,128
45,111,148
45,112,143
45,113,190
45,114,190
45,115,190
45,116,141
45,117,129
45,118,129
45,119,135
45,120,136
45,121,136
45,122,153
45,123,150
45,124,139
45,125,136
45,126,131
45,127,118
45,128,133
45,129,134
45,130,136
45,131,134
45,132,134
45,133,134
45,134,136
45,135,129
45,136,131
45,137,133
45,138,142
45,139,133
45,140,133
45,141,153
45,142,153
45,143,202
45,144,134
45,145,200
45,146,132
45,147,114
45,148,420
45,149,190
45,150,147
45,151,134
45,152,133
45,153,132
45,154,132
45,155,129
45,156,129
45,157,135
45,158,197
45,159,420
45,160,132
45,161,119
45,162,139
45,163,143
45,164,131
45,165,131
45,166,137
45,167,126
45,168,144
45,169,144
45,170,144
45,171,138
45,172,158
45,173,130
45,174,120
45,175,143
45,176,142
45,177,153
45,178,195
45,179,138
45,180,480
45,181,139
45,182,420
45,183,420
45,184,138
45,185,138
45,186,141
45,187,141
45,188,141
45,189,217
45,190,217
45,191,117
45,192,135
45,193,115
45,194,113
45,195,115
45,196,114
45,197,114
45,198,114
45,199,113
45,200,115
45,201,115
45,202,214
45,203,130
45,204,133
45,205,540
45,206,154
45,207,154
45,208,154
45,209,142
45,210,118
45,211,118
45,212,123
45,213,134
45,214,134
45,215,70
45,216,70
45,217,70
45,218,138
45,219,138
45,220,540
45,221,138
45,222,139
45,223,153
45,224,153
45,225,120
45,226,120
45,227,219
45,228,229
45,229,139
45,230,139
45,231,119
45,232,149
45,233,149
45,234,144
45,235,132
45,236,152
45,237,132
45,238,134
45,239,133
45,240,132
45,241,131
45,242,132
45,243,151
45,244,128
45,245,128
45,246,121
45,247,127
45,248,127
45,249,188
45,250,134
45,251,134
45,252,131
45,253,131
45,254,130
45,255,120
45,256,128
45,257,128
45,258,127
45,259,126
45,260,126
45,261,138
45,262,195
45,263,194
45,264,202
45,265,260
45,266,263
45,267,263
45,268,263
45,269,128
45,270,128
45,271,127
45,272,218
45,273,127
45,274,126
45,275,125
45,276,202
45,277,122
45,278,121
45,279,121
45,280,118
45,281,126
45,282,126
45,283,130
45,284,126
45,285,132
45,286,125
45,287,127
45,288,124
45,289,128
45,290,129
45,291,129
45,292,129
45,293,129
45,294,130
45,295,131
45,296,131
45,297,135
45,298,135
45,299,196
45,300,128
45,301,128
45,302,127
45,303,131
45,304,139
45,305,131
45,306,141
45,307,138
45,308,420
45,309,136
45,310,135
45,311,134
45,312,136
45,313,128
45,314,130
45,315,118
45,316,117
45,317,142
45,318,142
45,319,137
45,320,129
45,321,128
45,322,135
45,323,147
45,324,130
45,325,154
45,326,145
45,327,216
45,328,132
45,329,114
45,330,114
45,331,140
45,332,72
45,333,148
45,334,135
45,335,297
45,336,128
45,337,128
45,338,121
45,339,112
45,340,153
45,341,160
45,342,136
45,343,147
45,344,121
45,345,122
45,346,119
45,347,140
45,348,152
45,349,153
45,350,112
46,0,0
46,1,0
46,2,0
46,3,0
46,4,0
46,5,0
46,6,0
46,7,0
46,8,0
46,9,0
46,10,0
46,11,0
46,12,125
46,13,123
46,14,125
46,15,124
46,16,125
46,17,129
46,18,107
46,19,360
46,20,106
46,21,13
46,22,103
46,23,114
46,24,114
46,25,114
46,26,113
46,27,98
46,28,126
46,29,126
46,30,125
46,31,126
46,32,108
46,33,113
46,34,112
46,35,208
46,36,112
46,37,112
46,38,112
46,39,120
46,40,114
46,41,118
46,42,115
46,43,115
46,44,126
46,45,142
46,46,0
46,47,114
46,48,111
46,49,104
46,50,104
46,51,137
46,52,232
46,53,118
46,54,118
46,55,118
46,56,50
46,57,141
46,58,136
46,59,148
46,60,127
46,61,52
46,62,156
46,63,120
46,64,105
46,65,110
46,66,110
46,67,150
46,68,86
46,69,155
46,70,141
46,71,139
46,72,300
46,73,135
46,74,135
46,75,300
46,76,104
46,77,104
46,78,227
46,79,227
46,80,227
46,81,175
46,82,161
46,83,188
46,84,111
46,85,145
46,86,112
46,87,148
46,88,148
46,89,269
46,90,132
46,91,133
46,92,300
46,93,63
46,94,220
46,95,232
46,96,123
46,97,128
46,98,132
46,99,114
46,100,62
46,101,219
46,102,110
46,103,161
46,104,133
46,105,133
46,106,134
46,107,142
46,108,144
46,109,135
46,110,135
46,111,109
46,112,126
46,113,161
46,114,160
46,115,160
46,116,139
46,117,135
46,118,136
46,119,129
46,120,129
46,121,129
46,122,109
46,123,103
46,124,113
46,125,129
46,126,121
46,127,120
46,128,126
46,129,128
46,130,129
46,131,127
46,132,124
46,133,124
46,134,129
46,135,135
46,136,135
46,137,122
46,138,139
46,139,123
46,140,125
46,141,132
46,142,134
46,143,65
46,144,118
46,145,63
46,146,125
46,147,118
46,148,300
46,149,160
46,150,112
46,151,115
46,152,113
46,153,112
46,154,110
46,155,127
46,156,127
46,157,154
46,158,153
46,159,360
46,160,113
46,161,108
46,162,127
46,163,127
46,164,120
46,165,120
46,166,130
46,167,130
46,168,112
46,169,112
46,170,112
46,171,4
46,172,100
46,173,126
46,174,118
46,175,133
46,176,135
46,177,109
46,178,157
46,179,5
46,180,360
46,181,133
46,182,269
46,183,268
46,184,108
46,185,108
46,186,108
46,187,107
46,188,107
46,189,230
46,190,231
46,191,108
46,192,142
46,193,103
46,194,105
46,195,103
46,196,105
46,197,104
46,198,105
46,199,105
46,200,103
46,201,103
46,202,228
46,203,113
46,204,125
46,205,360
46,206,102
46,207,102
46,208,102
46,209,112
46,210,111
46,211,111
46,212,115
46,213,113
46,214,111
46,215,76
46,216,76
46,217,76
46,218,116
46,219,115
46,220,360
46,221,159
46,222,129
46,223,109
46,224,109
46,225,124
46,226,124
46,227,98
46,228,202
46,229,152
46,230,152
46,231,108
46,232,12
46,233,13
46,234,114
46,235,111
46,236,105
46,237,139
46,238,138
46,239,138
46,240,111
46,241,111
46,242,132
46,243,135
46,244,117
46,245,117
46,246,115
46,247,121
46,248,121
46,249,161
46,250,119
46,251,118
46,252,114
46,253,114
46,254,136
46,255,111
46,256,118
46,257,118
46,258,119
46,259,119
46,260,119
46,261,124
46,262,153
46,263,157
46,264,65
46,265,127
46,266,130
46,267,130
46,268,130
46,269,122
46,270,122
46,271,121
46,272,232
46,273,120
46,274,119
46,275,114
46,276,215
46,277,115
46,278,115
46,279,115
46,280,119
46,281,131
46,282,131
46,283,125
46,284,130
46,285,110
46,286,115
46,287,116
46,288,113
46,289,114
46,290,112
46,291,114
46,292,114
46,293,114
46,294,112
46,295,112
46,296,112
46,297,107
46,298,110
46,299,59
46,300,131
46,301,131
46,302,131
46,303,126
46,304,135
46,305,126
46,306,102
46,307,152
46,308,268
46,309,152
46,310,154
46,311,113
46,312,111
46,313,117
46,314,118
46,315,116
46,316,115
46,317,114
46,318,114
46,319,117
46,320,116
46,321,115
46,322,141
46,323,113
46,324,120
46,325,108
46,326,114
46,327,97
46,328,122
46,329,106
46,330,106
46,331,154
46,332,74
46,333,141
46,334,127
46,335,203
46,336,117
46,337,118
46,338,116
46,339,33
46,340,109
46,341,99
46,342,142
46,343,107
46,344,111
46,345,112
46,346,110
46,347,188
46,348,101
46,349,109
46,350,117
47,0,0
47,1,0
47,2,0
47,3,0
47,4,0
47,5,0
47,6,0
47,7,0
47,8,0
47,9,0
47,10,0
47,11,0
47,12,15
47,13,13
47,14,16
47,15,15
47,16,16
47,17,19
47,18,23
47,19,296
47,20,9
47,21,121
47,22,39
47,23,22
47,24,23
47,25,25
47,26,26
47,27,168
47,28,148
47,29,148
47,30,148
47,31,149
47,32,6
47,33,10
47,34,9
47,35,114
47,36,18
47,37,13
47,38,13
47,39,11
47,40,14
47,41,14
47,42,14
47,43,15
47,44,17
47,45,122
47,46,114
47,47,0
47,48,3
47,49,12
47,50,12
47,51,24
47,52,134
47,53,12
47,54,12
47,55,12
47,56,153
47,57,29
47,58,24
47,59,36
47,60,22
47,61,117
47,62,46
47,63,97
47,64,10
47,65,5
47,66,5
47,67,40
47,68,42
47,69,44
47,70,31
47,71,28
47,72,209
47,73,25
47,74,24
47,75,210
47,76,204
47,77,204
47,78,129
47,79,129
47,80,129
47,81,64
47,82,73
47,83,78
47,84,2
47,85,35
47,86,2
47,87,37
47,88,37
47,89,360
47,90,26
47,91,27
47,92,420
47,93,168
47,94,121
47,95,133
47,96,11
47,97,16
47,98,36
47,99,21
47,100,163
47,101,118
47,102,22
47,103,71
47,104,22
47,105,23
47,106,23
47,107,32
47,108,34
47,109,24
47,110,24
47,111,31
47,112,26
47,113,74
47,114,73
47,115,73
47,116,26
47,117,25
47,118,25
47,119,16
47,120,16
47,121,16
47,122,36
47,123,34
47,124,22
47,125,17
47,126,14
47,127,10
47,128,14
47,129,15
47,130,16
47,131,15
47,132,17
47,133,17
47,134,16
47,135,23
47,136,23
47,137,16
47,138,27
47,139,16
47,140,14
47,141,36
47,142,36
47,143,170
47,144,17
47,145,168
47,146,13
47,147,11
47,148,360
47,149,73
47,150,30
47,151,17
47,152,16
47,153,16
47,154,16
47,155,14
47,156,14
47,157,43
47,158,80
47,159,291
47,160,15
47,161,9
47,162,22
47,163,27
47,164,14
47,165,14
47,166,18
47,167,18
47,168,27
47,169,27
47,170,28
47,171,106
47,172,41
47,173,13
47,174,5
47,175,24
47,176,22
47,177,36
47,178,78
47,179,106
47,180,420
47,181,20
47,182,360
47,183,300
47,184,21
47,185,21
47,186,24
47,187,24
47,188,25
47,189,118
47,190,118
47,191,6
47,192,31
47,193,13
47,194,13
47,195,14
47,196,14
47,197,14
47,198,14
47,199,13
47,200,14
47,201,14
47,202,115
47,203,14
47,204,14
47,205,480
47,206,37
47,207,37
47,208,37
47,209,25
47,210,5
47,211,5
47,212,1
47,213,18
47,214,17
47,215,62
47,216,62
47,217,62
47,218,21
47,219,22
47,220,480
47,221,49
47,222,20
47,223,36
47,224,36
47,225,11
47,226,11
47,227,102
47,228,113
47,229,42
47,230,41
47,231,9
47,232,117
47,233,118
47,234,27
47,235,15
47,236,35
47,237,27
47,238,25
47,239,26
47,240,15
47,241,15
47,242,20
47,243,34
47,244,11
47,245,11
47,246,3
47,247,8
47,248,8
47,249,72
47,250,17
47,251,17
47,252,14
47,253,14
47,254,24
47,255,3
47,256,9
47,257,8
47,258,8
47,259,7
47,260,7
47,261,22
47,262,78
47,263,77
47,264,170
47,265,146
47,266,150
47,267,150
47,268,150
47,269,9
47,270,9
47,271,8
47,272,119
47,273,8
47,274,6
47,275,8
47,276,103
47,277,1
47,278,2
47,279,1
47,280,7
47,281,18
47,282,19
47,283,12
47,284,18
47,285,16
47,286,8
47,287,10
47,288,7
47,289,12
47,290,13
47,291,12
47,292,12
47,293,12
47,294,14
47,295,14
47,296,14
47,297,19
47,298,18
47,299,160
47,300,18
47,301,18
47,302,18
47,303,13
47,304,22
47,305,13
47,306,24
47,307,42
47,308,300
47,309,42
47,310,44
47,311,17
47,312,19
47,313,11
47,314,13
47,315,6
47,316,7
47,317,25
47,318,25
47,319,21
47,320,12
47,321,11
47,322,31
47,323,30
47,324,14
47,325,37
47,326,29
47,327,99
47,328,13
47,329,11
47,330,11
47,331,43
47,332,60
47,333,28
47,334,16
47,335,300
47,336,11
47,337,11
47,338,4
47,339,80
47,340,36
47,341,43
47,342,32
47,343,30
47,344,4
47,345,1
47,346,4
47,347,78
47,348,36
47,349,36
47,350,14
48,0,0
48,1,0
48,2,0
48,3,0
48,4,0
48,5,0
48,6,0
48,7,0
48,8,0
48,9,0
48,10,0
48,11,0
48,12,18
48,13,16
48,14,19
48,15,17
48,16,18
48,17,22
48,18,20
48,19,293
48,20,11
48,21,118
48,22,36
48,23,19
48,24,20
48,25,22
48,26,23
48,27,165
48,28,145
48,29,145
48,30,145
48,31,145
48,32,9
48,33,7
48,34,6
48,35,117
48,36,15
48,37,16
48,38,15
48,39,13
48,40,16
48,41,11
48,42,17
48,43,12
48,44,20
48,45,121
48,46,111
48,47,3
48,48,0
48,49,11
48,50,10
48,51,27
48,52,137
48,53,15
48,54,15
48,55,15
48,56,150
48,57,32
48,58,26
48,59,38
48,60,19
48,61,114
48,62,49
48,63,96
48,64,8
48,65,2
48,66,2
48,67,43
48,68,39
48,69,47
48,70,34
48,71,31
48,72,212
48,73,28
48,74,27
48,75,213
48,76,201
48,77,201
48,78,132
48,79,132
48,80,132
48,81,67
48,82,70
48,83,81
48,84,4
48,85,38
48,86,4
48,87,40
48,88,40
48,89,300
48,90,23
48,91,24
48,92,420
48,93,165
48,94,124
48,95,136
48,96,13
48,97,19
48,98,33
48,99,18
48,100,160
48,101,121
48,102,19
48,103,68
48,104,25
48,105,26
48,106,26
48,107,35
48,108,37
48,109,27
48,110,27
48,111,28
48,112,23
48,113,71
48,114,70
48,115,70
48,116,29
48,117,28
48,118,28
48,119,19
48,120,19
48,121,19
48,122,33
48,123,31
48,124,19
48,125,19
48,126,11
48,127,13
48,128,16
48,129,18
48,130,19
48,131,18
48,132,14
48,133,14
48,134,19
48,135,25
48,136,25
48,137,13
48,138,29
48,139,13
48,140,16
48,141,33
48,142,33
48,143,167
48,144,14
48,145,165
48,146,16
48,147,14
48,148,360
48,149,70
48,150,27
48,151,14
48,152,13
48,153,13
48,154,13
48,155,17
48,156,17
48,157,46
48,158,77
48,159,288
48,160,12
48,161,6
48,162,19
48,163,24
48,164,11
48,165,11
48,166,20
48,167,20
48,168,24
48,169,24
48,170,25
48,171,103
48,172,39
48,173,16
48,174,8
48,175,24
48,176,25
48,177,33
48,178,75
48,179,103
48,180,420
48,181,23
48,182,300
48,183,300
48,184,18
48,185,18
48,186,21
48,187,21
48,188,22
48,189,121
48,190,121
48,191,5
48,192,34
48,193,12
48,194,11
48,195,12
48,196,12
48,197,12
48,198,12
48,199,11
48,200,13
48,201,12
48,202,118
48,203,11
48,204,15
48,205,480
48,206,34
48,207,34
48,208,34
48,209,22
48,210,8
48,211,8
48,212,4
48,213,15
48,214,14
48,215,59
48,216,59
48,217,59
48,218,18
48,219,19
48,220,480
48,221,52
48,222,19
48,223,33
48,224,33
48,225,14
48,226,14
48,227,99
48,228,110
48,229,45
48,230,44
48,231,7
48,232,114
48,233,115
48,234,24
48,235,12
48,236,32
48,237,30
48,238,28
48,239,28
48,240,12
48,241,12
48,242,22
48,243,31
48,244,8
48,245,8
48,246,6
48,247,11
48,248,11
48,249,69
48,250,14
48,251,14
48,252,11
48,253,12
48,254,26
48,255,5
48,256,8
48,257,9
48,258,10
48,259,10
48,260,9
48,261,19
48,262,75
48,263,74
48,264,167
48,265,144
48,266,147
48,267,147
48,268,147
48,269,12
48,270,12
48,271,11
48,272,122
48,273,10
48,274,9
48,275,5
48,276,105
48,277,4
48,278,5
48,279,4
48,280,10
48,281,21
48,282,21
48,283,15
48,284,21
48,285,13
48,286,5
48,287,7
48,288,4
48,289,9
48,290,10
48,291,9
48,292,9
48,293,9
48,294,11
48,295,11
48,296,12
48,297,16
48,298,16
48,299,157
48,300,21
48,301,21
48,302,21
48,303,16
48,304,25
48,305,16
48,306,21
48,307,45
48,308,300
48,309,45
48,310,47
48,311,14
48,312,16
48,313,8
48,314,10
48,315,9
48,316,10
48,317,22
48,318,22
48,319,18
48,320,9
48,321,8
48,322,34
48,323,27
48,324,11
48,325,34
48,326,26
48,327,96
48,328,12
48,329,9
48,330,9
48,331,46
48,332,57
48,333,31
48,334,18
48,335,300
48,336,8
48,337,8
48,338,7
48,339,77
48,340,33
48,341,40
48,342,35
48,343,27
48,344,5
48,345,3
48,346,6
48,347,81
48,348,33
48,349,33
48,350,17
49,0,0
49,1,0
49,2,0
49,3,0
49,4,0
49,5,0
49,6,0
49,7,0
49,8,0
49,9,0
49,10,0
49,11,0
49,12,27
49,13,25
49,14,28
49,15,27
49,16,27
49,17,31
49,18,29
49,19,300
49,20,7
49,21,111
49,22,45
49,23,28
49,24,29
49,25,31
49,26,32
49,27,174
49,28,154
49,29,154
49,30,154
49,31,155
49,32,9
49,33,16
49,34,15
49,35,122
49,36,24
49,37,13
49,38,13
49,39,23
49,40,15
49,41,21
49,42,16
49,43,21
49,44,29
49,45,114
49,46,104
49,47,12
49,48,11
49,49,0
49,50,1
49,51,33
49,52,141
49,53,15
49,54,15
49,55,15
49,56,144
49,57,39
49,58,34
49,59,46
49,60,27
49,61,121
49,62,53
49,63,87
49,64,2
49,65,8
49,66,7
49,67,47
49,68,31
49,69,51
49,70,38
49,71,35
49,72,216
49,73,32
49,74,32
49,75,217
49,76,198
49,77,198
49,78,136
49,79,136
49,80,136
49,81,71
49,82,78
49,83,85
49,84,9
49,85,42
49,86,9
49,87,44
49,88,44
49,89,360
49,90,31
49,91,32
49,92,420
49,93,157
49,94,128
49,95,140
49,96,21
49,97,26
49,98,41
49,99,26
49,100,157
49,101,125
49,102,27
49,103,76
49,104,29
49,105,30
49,106,30
49,107,39
49,108,41
49,109,31
49,110,31
49,111,36
49,112,31
49,113,78
49,114,78
49,115,78
49,116,37
49,117,32
49,118,32
49,119,27
49,120,27
49,121,27
49,122,41
49,123,38
49,124,27
49,125,27
49,126,19
49,127,16
49,128,24
49,129,26
49,130,27
49,131,25
49,132,22
49,133,22
49,134,27
49,135,32
49,136,33
49,137,21
49,138,37
49,139,21
49,140,24
49,141,41
49,142,41
49,143,159
49,144,22
49,145,157
49,146,23
49,147,14
49,148,360
49,149,78
49,150,35
49,151,22
49,152,21
49,153,20
49,154,20
49,155,25
49,156,25
49,157,50
49,158,85
49,159,296
49,160,20
49,161,7
49,162,27
49,163,31
49,164,19
49,165,19
49,166,28
49,167,28
49,168,32
49,169,32
49,170,32
49,171,95
49,172,46
49,173,24
49,174,15
49,175,32
49,176,33
49,177,41
49,178,83
49,179,96
49,180,420
49,181,31
49,182,360
49,183,360
49,184,26
49,185,26
49,186,29
49,187,29
49,188,29
49,189,128
49,190,128
49,191,5
49,192,38
49,193,2
49,194,2
49,195,2
49,196,2
49,197,3
49,198,3
49,199,1
49,200,3
49,201,2
49,202,126
49,203,18
49,204,23
49,205,480
49,206,42
49,207,42
49,208,42
49,209,30
49,210,8
49,211,9
49,212,12
49,213,22
49,214,22
49,215,51
49,216,51
49,217,51
49,218,26
49,219,26
49,220,480
49,221,56
49,222,27
49,223,41
49,224,41
49,225,20
49,226,20
49,227,107
49,228,117
49,229,49
49,230,48
49,231,7
49,232,106
49,233,107
49,234,32
49,235,20
49,236,40
49,237,35
49,238,36
49,239,36
49,240,20
49,241,19
49,242,30
49,243,39
49,244,16
49,245,16
49,246,12
49,247,19
49,248,19
49,249,76
49,250,22
49,251,22
49,252,19
49,253,19
49,254,33
49,255,8
49,256,16
49,257,17
49,258,18
49,259,17
49,260,17
49,261,26
49,262,83
49,263,82
49,264,160
49,265,151
49,266,154
49,267,154
49,268,154
49,269,20
49,270,20
49,271,19
49,272,130
49,273,18
49,274,17
49,275,13
49,276,113
49,277,12
49,278,13
49,279,12
49,280,16
49,281,28
49,282,29
49,283,22
49,284,28
49,285,20
49,286,13
49,287,15
49,288,12
49,289,16
49,290,17
49,291,17
49,292,17
49,293,17
49,294,18
49,295,19
49,296,19
49,297,23
49,298,23
49,299,154
49,300,29
49,301,29
49,302,29
49,303,24
49,304,33
49,305,24
49,306,29
49,307,49
49,308,360
49,309,49
49,310,51
49,311,22
49,312,24
49,313,16
49,314,18
49,315,13
49,316,12
49,317,30
49,318,30
49,319,25
49,320,17
49,321,16
49,322,38
49,323,35
49,324,18
49,325,42
49,326,33
49,327,104
49,328,20
49,329,2
49,330,2
49,331,50
49,332,49
49,333,39
49,334,26
49,335,293
49,336,16
49,337,16
49,338,13
49,339,69
49,340,41
49,341,48
49,342,39
49,343,35
49,344,9
49,345,10
49,346,7
49,347,85
49,348,40
49,349,41
49,350,13
50,0,0
50,1,0
50,2,0
50,3,0
50,4,0
50,5,0
50,6,0
50,7,0
50,8,0
50,9,0
50,10,0
50,11,0
50,12,27
50,13,25
50,14,28
50,15,27
50,16,27
50,17,31
50,18,29
50,19,300
50,20,7
50,21,111
50,22,45
50,23,28
50,24,29
50,25,31
50,26,32
50,27,174
50,28,154
50,29,154
50,30,154
50,31,154
50,32,9
50,33,16
50,34,15
50,35,122
50,36,24
50,37,13
50,38,13
50,39,23
50,40,15
50,41,21
50,42,15
50,43,21
50,44,29
50,45,114
50,46,104
50,47,12
50,48,10
50,49,1
50,50,0
50,51,33
50,52,141
50,53,14
50,54,14
50,55,14
50,56,144
50,57,39
50,58,34
50,59,46
50,60,27
50,61,121
50,62,52
50,63,88
50,64,2
50,65,7
50,66,7
50,67,47
50,68,31
50,69,51
50,70,37
50,71,35
50,72,216
50,73,32
50,74,31
50,75,217
50,76,198
50,77,198
50,78,136
50,79,136
50,80,136
50,81,71
50,82,78
50,83,85
50,84,8
50,85,42
50,86,9
50,87,44
50,88,44
50,89,360
50,90,31
50,91,32
50,92,420
50,93,156
50,94,128
50,95,140
50,96,21
50,97,26
50,98,40
50,99,25
50,100,156
50,101,125
50,102,27
50,103,76
50,104,29
50,105,30
50,106,30
50,107,39
50,108,41
50,109,31
50,110,31
50,111,36
50,112,31
50,113,78
50,114,78
50,115,78
50,116,37
50,117,32
50,118,32
50,119,27
50,120,27
50,121,27
50,122,40
50,123,38
50,124,27
50,125,27
50,126,19
50,127,16
50,128,24
50,129,25
50,130,27
50,131,25
50,132,22
50,133,22
50,134,27
50,135,32
50,136,33
50,137,21
50,138,37
50,139,21
50,140,24
50,141,41
50,142,41
50,143,159
50,144,22
50,145,157
50,146,23
50,147,14
50,148,360
50,149,78
50,150,35
50,151,22
50,152,21
50,153,20
50,154,20
50,155,25
50,156,25
50,157,50
50,158,85
50,159,296
50,160,20
50,161,7
50,162,27
50,163,31
50,164,18
50,165,19
50,166,28
50,167,28
50,168,32
50,169,32
50,170,32
50,171,95
50,172,46
50,173,24
50,174,15
50,175,32
50,176,33
50,177,40
50,178,83
50,179,95
50,180,420
50,181,31
50,182,360
50,183,360
50,184,26
50,185,26
50,186,29
50,187,29
50,188,29
50,189,128
50,190,128
50,191,5
50,192,38
50,193,1
50,194,2
50,195,2
50,196,3
50,197,2
50,198,3
50,199,1
50,200,2
50,201,2
50,202,125
50,203,18
50,204,23
50,205,480
50,206,42
50,207,41
50,208,41
50,209,30
50,210,8
50,211,9
50,212,12
50,213,22
50,214,22
50,215,50
50,216,50
50,217,50
50,218,26
50,219,26
50,220,480
50,221,56
50,222,27
50,223,40
50,224,40
50,225,20
50,226,20
50,227,107
50,228,117
50,229,48
50,230,48
50,231,6
50,232,106
50,233,106
50,234,32
50,235,20
50,236,40
50,237,35
50,238,36
50,239,36
50,240,20
50,241,19
50,242,30
50,243,39
50,244,16
50,245,15
50,246,12
50,247,18
50,248,19
50,249,76
50,250,22
50,251,22
50,252,19
50,253,19
50,254,33
50,255,8
50,256,16
50,257,16
50,258,17
50,259,17
50,260,17
50,261,26
50,262,83
50,263,81
50,264,159
50,265,151
50,266,154
50,267,154
50,268,154
50,269,19
50,270,20
50,271,19
50,272,129
50,273,18
50,274,17
50,275,13
50,276,113
50,277,12
50,278,12
50,279,12
50,280,16
50,281,28
50,282,29
50,283,22
50,284,28
50,285,20
50,286,13
50,287,15
50,288,12
50,289,16
50,290,17
50,291,17
50,292,17
50,293,17
50,294,18
50,295,18
50,296,19
50,297,23
50,298,23
50,299,153
50,300,29
50,301,28
50,302,29
50,303,23
50,304,33
50,305,24
50,306,29
50,307,49
50,308,360
50,309,49
50,310,51
50,311,22
50,312,24
50,313,16
50,314,18
50,315,13
50,316,12
50,317,30
50,318,30
50,319,25
50,320,17
50,321,16
50,322,38
50,323,35
50,324,18
50,325,42
50,326,33
50,327,103
50,328,20
50,329,2
50,330,2
50,331,50
50,332,48
50,333,39
50,334,26
50,335,293
50,336,16
50,337,16
50,338,13
50,339,69
50,340,40
50,341,48
50,342,39
50,343,35
50,344,8
50,345,9
50,346,7
50,347,85
50,348,40
50,349,40
50,350,13
51,0,0
51,1,0
51,2,0
51,3,0
51,4,0
51,5,0
51,6,0
51,7,0
51,8,0
51,9,0
51,10,0
51,11,0
51,12,10
51,13,11
51,14,10
51,15,9
51,16,10
51,17,8
51,18,34
51,19,300
51,20,27
51,21,144
51,22,44
51,23,29
51,24,29
51,25,31
51,26,32
51,27,189
51,28,158
51,29,158
51,30,157
51,31,158
51,32,27
51,33,26
51,34,24
51,35,101
51,36,29
51,37,24
51,38,24
51,39,14
51,40,22
51,41,21
51,42,22
51,43,26
51,44,12
51,45,130
51,46,137
51,47,24
51,48,27
51,49,33
51,50,33
51,51,0
51,52,123
51,53,22
51,54,22
51,55,22
51,56,173
51,57,10
51,58,11
51,59,31
51,60,23
51,61,137
51,62,24
51,63,104
51,64,31
51,65,26
51,66,26
51,67,19
51,68,64
51,69,24
51,70,10
51,71,8
51,72,198
51,73,4
51,74,3
51,75,199
51,76,224
51,77,224
51,78,118
51,79,118
51,80,118
51,81,44
51,82,77
51,83,56
51,84,24
51,85,13
51,86,24
51,87,16
51,88,16
51,89,360
51,90,27
51,91,27
51,92,420
51,93,188
51,94,110
51,95,122
51,96,14
51,97,8
51,98,40
51,99,27
51,100,183
51,101,104
51,102,32
51,103,75
51,104,7
51,105,7
51,106,7
51,107,10
51,108,12
51,109,4
51,110,4
51,111,37
51,112,30
51,113,78
51,114,77
51,115,77
51,116,12
51,117,7
51,118,7
51,119,10
51,120,10
51,121,11
51,122,39
51,123,41
51,124,29
51,125,15
51,126,18
51,127,17
51,128,13
51,129,10
51,130,8
51,131,10
51,132,19
51,133,19
51,134,8
51,135,2
51,136,1
51,137,17
51,138,13
51,139,16
51,140,14
51,141,40
51,142,40
51,143,189
51,144,25
51,145,190
51,146,11
51,147,19
51,148,420
51,149,77
51,150,34
51,151,28
51,152,30
51,153,31
51,154,32
51,155,10
51,156,10
51,157,23
51,158,85
51,159,296
51,160,30
51,161,31
51,162,23
51,163,31
51,164,18
51,165,18
51,166,10
51,167,7
51,168,34
51,169,34
51,170,34
51,171,128
51,172,47
51,173,11
51,174,20
51,175,22
51,176,21
51,177,39
51,178,83
51,179,128
51,180,420
51,181,12
51,182,360
51,183,360
51,184,33
51,185,33
51,186,36
51,187,36
51,188,36
51,189,99
51,190,99
51,191,28
51,192,9
51,193,34
51,194,33
51,195,35
51,196,34
51,197,34
51,198,34
51,199,34
51,200,35
51,201,35
51,202,96
51,203,29
51,204,14
51,205,480
51,206,44
51,207,44
51,208,44
51,209,32
51,210,26
51,211,26
51,212,21
51,213,30
51,214,32
51,215,83
51,216,83
51,217,83
51,218,27
51,219,28
51,220,480
51,221,28
51,222,19
51,223,39
51,224,39
51,225,15
51,226,15
51,227,110
51,228,117
51,229,20
51,230,20
51,231,31
51,232,138
51,233,139
51,234,31
51,235,31
51,236,41
51,237,3
51,238,5
51,239,4
51,240,31
51,241,31
51,242,5
51,243,39
51,244,22
51,245,23
51,246,22
51,247,15
51,248,15
51,249,76
51,250,24
51,251,25
51,252,29
51,253,29
51,254,1
51,255,25
51,256,19
51,257,19
51,258,18
51,259,17
51,260,17
51,261,26
51,262,82
51,263,81
51,264,189
51,265,154
51,266,158
51,267,158
51,268,158
51,269,14
51,270,14
51,271,15
51,272,100
51,273,15
51,274,16
51,275,23
51,276,84
51,277,22
51,278,21
51,279,21
51,280,18
51,281,7
51,282,6
51,283,12
51,284,7
51,285,32
51,286,25
51,287,26
51,288,24
51,289,27
51,290,30
51,291,28
51,292,28
51,293,28
51,294,29
51,295,30
51,296,30
51,297,33
51,298,32
51,299,180
51,300,7
51,301,7
51,302,7
51,303,11
51,304,10
51,305,11
51,306,39
51,307,21
51,308,360
51,309,21
51,310,23
51,311,30
51,312,31
51,313,26
51,314,26
51,315,22
51,316,22
51,317,30
51,318,30
51,319,26
51,320,27
51,321,27
51,322,9
51,323,34
51,324,21
51,325,40
51,326,33
51,327,107
51,328,16
51,329,30
51,330,31
51,331,22
51,332,81
51,333,17
51,334,16
51,335,300
51,336,19
51,337,23
51,338,22
51,339,102
51,340,39
51,341,48
51,342,11
51,343,37
51,344,25
51,345,24
51,346,26
51,347,56
51,348,44
51,349,39
51,350,23
52,0,0
52,1,0
52,2,0
52,3,0
52,4,0
52,5,0
52,6,0
52,7,0
52,8,0
52,9,0
52,10,0
52,11,0
52,12,133
52,13,133
52,14,133
52,15,132
52,16,133
52,17,132
52,18,156
52,19,420
52,20,135
52,21,240
52,22,167
52,23,152
52,24,152
52,25,155
52,26,155
52,27,300
52,28,280
52,29,280
52,30,279
52,31,280
52,32,135
52,33,143
52,34,140
52,35,16
52,36,151
52,37,132
52,38,132
52,39,136
52,40,129
52,41,142
52,42,129
52,43,147
52,44,135
52,45,120
52,46,232
52,47,134
52,48,137
52,49,141
52,50,141
52,51,123
52,52,0
52,53,122
52,54,122
52,55,122
52,56,264
52,57,120
52,58,126
52,59,142
52,60,139
52,61,242
52,62,102
52,63,114
52,64,131
52,65,130
52,66,130
52,67,105
52,68,164
52,69,95
52,70,107
52,71,109
52,72,76
52,73,113
52,74,114
52,75,77
52,76,300
52,77,300
52,78,6
52,79,6
52,80,6
52,81,77
52,82,193
52,83,94
52,84,127
52,85,109
52,86,127
52,87,105
52,88,104
52,89,480
52,90,143
52,91,143
52,92,480
52,93,276
52,94,14
52,95,4
52,96,129
52,97,122
52,98,156
52,99,142
52,100,275
52,101,20
52,102,146
52,103,191
52,104,112
52,105,111
52,106,111
52,107,108
52,108,107
52,109,114
52,110,112
52,111,153
52,112,146
52,113,194
52,114,193
52,115,193
52,116,123
52,117,110
52,118,109
52,119,126
52,120,127
52,121,127
52,122,155
52,123,155
52,124,144
52,125,132
52,126,133
52,127,118
52,128,129
52,129,126
52,130,124
52,131,126
52,132,135
52,133,135
52,134,124
52,135,117
52,136,117
52,137,133
52,138,124
52,139,132
52,140,130
52,141,156
52,142,156
52,143,279
52,144,140
52,145,277
52,146,126
52,147,120
52,148,480
52,149,193
52,150,150
52,151,140
52,152,141
52,153,140
52,154,141
52,155,121
52,156,121
52,157,97
52,158,201
52,159,420
52,160,140
52,161,133
52,162,139
52,163,147
52,164,132
52,165,133
52,166,126
52,167,118
52,168,149
52,169,149
52,170,149
52,171,215
52,172,163
52,173,122
52,174,121
52,175,138
52,176,137
52,177,155
52,178,199
52,179,215
52,180,540
52,181,128
52,182,480
52,183,480
52,184,146
52,185,146
52,186,148
52,187,148
52,188,148
52,189,171
52,190,171
52,191,129
52,192,111
52,193,135
52,194,134
52,195,135
52,196,135
52,197,135
52,198,135
52,199,134
52,200,136
52,201,135
52,202,168
52,203,138
52,204,130
52,205,600
52,206,159
52,207,158
52,208,158
52,209,147
52,210,127
52,211,127
52,212,125
52,213,141
52,214,142
52,215,146
52,216,146
52,217,146
52,218,142
52,219,143
52,220,600
52,221,93
52,222,135
52,223,155
52,224,155
52,225,116
52,226,115
52,227,225
52,228,204
52,229,99
52,230,98
52,231,133
52,232,225
52,233,226
52,234,147
52,235,140
52,236,156
52,237,116
52,238,118
52,239,117
52,240,140
52,241,139
52,242,120
52,243,155
52,244,134
52,245,133
52,246,124
52,247,127
52,248,127
52,249,192
52,250,139
52,251,140
52,252,139
52,253,139
52,254,117
52,255,128
52,256,127
52,257,127
52,258,127
52,259,125
52,260,125
52,261,142
52,262,198
52,263,197
52,264,279
52,265,269
52,266,272
52,267,272
52,268,272
52,269,127
52,270,128
52,271,127
52,272,168
52,273,126
52,274,125
52,275,132
52,276,156
52,277,124
52,278,124
52,279,124
52,280,119
52,281,118
52,282,118
52,283,122
52,284,118
52,285,140
52,286,133
52,287,135
52,288,132
52,289,136
52,290,138
52,291,137
52,292,137
52,293,137
52,294,138
52,295,139
52,296,139
52,297,143
52,298,143
52,299,273
52,300,120
52,301,120
52,302,119
52,303,123
52,304,126
52,305,123
52,306,149
52,307,98
52,308,480
52,309,97
52,310,96
52,311,141
52,312,142
52,313,135
52,314,137
52,315,122
52,316,123
52,317,145
52,318,146
52,319,142
52,320,137
52,321,136
52,322,108
52,323,150
52,324,136
52,325,156
52,326,149
52,327,221
52,328,131
52,329,131
52,330,131
52,331,100
52,332,149
52,333,133
52,334,132
52,335,420
52,336,132
52,337,134
52,338,123
52,339,189
52,340,155
52,341,164
52,342,108
52,343,152
52,344,128
52,345,126
52,346,128
52,347,94
52,348,158
52,349,155
52,350,124
53,0,0
53,1,0
53,2,0
53,3,0
53,4,0
53,5,0
53,6,0
53,7,0
53,8,0
53,9,0
53,10,0
53,11,0
53,12,24
53,13,22
53,14,24
53,15,23
53,16,24
53,17,27
53,18,34
53,19,300
53,20,8
53,21,125
53,22,50
53,23,34
53,24,34
53,25,37
53,26,37
53,27,180
53,28,160
53,29,160
53,30,159
53,31,160
53,32,9
53,33,21
53,34,20
53,35,110
53,36,30
53,37,3
53,38,3
53,39,19
53,40,4
53,41,25
53,42,5
53,43,26
53,44,25
53,45,113
53,46,118
53,47,12
53,48,15
53,49,15
53,50,14
53,51,22
53,52,122
53,53,0
53,54,0
53,55,0
53,56,158
53,57,30
53,58,31
53,59,43
53,60,32
53,61,128
53,62,42
53,63,87
53,64,12
53,65,15
53,66,14
53,67,36
53,68,46
53,69,40
53,70,27
53,71,24
53,72,205
53,73,21
53,74,20
53,75,206
53,76,213
53,77,213
53,78,125
53,79,125
53,80,125
53,81,60
53,82,84
53,83,74
53,84,11
53,85,31
53,86,11
53,87,33
53,88,33
53,89,360
53,90,36
53,91,36
53,92,420
53,93,171
53,94,117
53,95,129
53,96,19
53,97,23
53,98,47
53,99,32
53,100,171
53,101,114
53,102,33
53,103,82
53,104,18
53,105,19
53,106,19
53,107,28
53,108,30
53,109,20
53,110,20
53,111,42
53,112,37
53,113,84
53,114,84
53,115,84
53,116,33
53,117,21
53,118,21
53,119,24
53,120,24
53,121,24
53,122,47
53,123,44
53,124,33
53,125,24
53,126,24
53,127,6
53,128,21
53,129,22
53,130,24
53,131,22
53,132,28
53,133,28
53,134,24
53,135,21
53,136,23
53,137,25
53,138,34
53,139,24
53,140,22
53,141,47
53,142,47
53,143,174
53,144,28
53,145,172
53,146,20
53,147,2
53,148,360
53,149,84
53,150,41
53,151,28
53,152,27
53,153,26
53,154,26
53,155,21
53,156,21
53,157,39
53,158,91
53,159,300
53,160,26
53,161,15
53,162,32
53,163,37
53,164,23
53,165,23
53,166,25
53,167,17
53,168,38
53,169,38
53,170,38
53,171,110
53,172,52
53,173,21
53,174,7
53,175,31
53,176,30
53,177,47
53,178,89
53,179,110
53,180,420
53,181,28
53,182,360
53,183,360
53,184,32
53,185,32
53,186,35
53,187,35
53,188,35
53,189,119
53,190,119
53,191,11
53,192,27
53,193,16
53,194,15
53,195,17
53,196,16
53,197,16
53,198,16
53,199,15
53,200,17
53,201,17
