0,0,0
0,1,15
0,2,24
0,3,74
0,4,-1
0,5,-1
0,6,-1
0,7,-1
0,8,-1
0,9,-1
0,10,19
0,11,16
0,12,16
0,13,14
0,14,17
0,15,16
0,16,16
0,17,17
0,18,-1
0,19,57
0,20,27
0,21,27
0,22,17
0,23,-1
0,24,-1
0,25,-1
0,26,-1
0,27,41
0,28,37
0,29,37
0,30,36
0,31,37
0,32,23
0,33,15
0,34,16
0,35,36
0,36,-1
0,37,33
0,38,33
0,39,14
0,40,36
0,41,-1
0,42,36
0,43,-1
0,44,15
0,45,56
0,46,32
0,47,21
0,48,14
0,49,17
0,50,16
0,51,16
0,52,42
0,53,26
0,54,26
0,55,26
0,56,40
0,57,25
0,58,20
0,59,24
0,60,11
0,61,36
0,62,31
0,63,39
0,64,18
0,65,13
0,66,13
0,67,26
0,68,19
0,69,30
0,70,26
0,71,23
0,72,38
0,73,19
0,74,18
0,75,39
0,76,38
0,77,38
0,78,37
0,79,37
0,80,38
0,81,48
0,82,18
0,83,63
0,84,18
0,85,30
0,86,18
0,87,23
0,88,23
0,89,66
0,90,13
0,91,14
0,92,106
0,93,49
0,94,41
0,95,40
0,96,16
0,97,18
0,98,11
0,99,-1
0,100,30
0,101,43
0,102,-1
0,103,17
0,104,22
0,105,23
0,106,23
0,107,27
0,108,29
0,109,19
0,110,20
0,111,14
0,112,-1
0,113,18
0,114,17
0,115,17
0,116,30
0,117,22
0,118,22
0,119,16
0,120,17
0,121,17
0,122,13
0,123,13
0,124,-1
0,125,14
0,126,11
0,127,27
0,128,11
0,129,15
0,130,16
0,131,15
0,132,-1
0,133,-1
0,134,16
0,135,18
0,136,19
0,137,10
0,138,30
0,139,11
0,140,12
0,141,12
0,142,13
0,143,46
0,144,-1
0,145,52
0,146,13
0,147,25
0,148,71
0,149,17
0,150,9
0,151,-1
0,152,-1
0,153,-1
0,154,-1
0,155,20
0,156,20
0,157,32
0,158,24
0,159,57
0,160,-1
0,161,15
0,162,9
0,163,-1
0,164,10
0,165,10
0,166,17
0,167,23
0,168,-1
0,169,-1
0,170,-1
0,171,27
0,172,20
0,173,21
0,174,25
0,175,21
0,176,18
0,177,13
0,178,21
0,179,26
0,180,64
0,181,18
0,182,67
0,183,68
0,184,-1
0,185,-1
0,186,-1
0,187,-1
0,188,-1
0,189,26
0,190,26
0,191,19
0,192,21
0,193,20
0,194,22
0,195,20
0,196,22
0,197,21
0,198,23
0,199,21
0,200,21
0,201,20
0,202,23
0,203,-1
0,204,12
0,205,72
0,206,17
0,207,17
0,208,17
0,209,-1
0,210,27
0,211,27
0,212,22
0,213,-1
0,214,-1
0,215,30
0,216,30
0,217,30
0,218,-1
0,219,-1
0,220,71
0,221,35
0,222,14
0,223,13
0,224,13
0,225,27
0,226,27
0,227,23
0,228,30
0,229,27
0,230,27
0,231,19
0,232,28
0,233,28
0,234,-1
0,235,-1
0,236,15
0,237,21
0,238,25
0,239,22
0,240,-1
0,241,-1
0,242,17
0,243,15
0,244,-1
0,245,-1
0,246,23
0,247,17
0,248,17
0,249,18
0,250,-1
0,251,-1
0,252,-1
0,253,-1
0,254,19
0,255,21
0,256,17
0,257,18
0,258,17
0,259,18
0,260,18
0,261,-1
0,262,21
0,263,20
0,264,49
0,265,34
0,266,37
0,267,37
0,268,37
0,269,17
0,270,15
0,271,16
0,272,28
0,273,16
0,274,17
0,275,16
0,276,20
0,277,23
0,278,22
0,279,22
0,280,26
0,281,22
0,282,22
0,283,21
0,284,22
0,285,-1
0,286,14
0,287,-1
0,288,14
0,289,-1
0,290,-1
0,291,-1
0,292,-1
0,293,-1
0,294,-1
0,295,-1
0,296,-1
0,297,-1
0,298,-1
0,299,45
0,300,20
0,301,20
0,302,20
0,303,19
0,304,19
0,305,19
0,306,13
0,307,28
0,308,68
0,309,30
0,310,32
0,311,-1
0,312,-1
0,313,-1
0,314,-1
0,315,29
0,316,30
0,317,-1
0,318,-1
0,319,-1
0,320,-1
0,321,-1
0,322,23
0,323,8
0,324,-1
0,325,14
0,326,7
0,327,22
0,328,14
0,329,22
0,330,22
0,331,26
0,332,28
0,333,24
0,334,17
0,335,46
0,336,14
0,337,-1
0,338,26
0,339,25
0,340,13
0,341,20
0,342,24
0,343,13
0,344,22
0,345,21
0,346,20
0,347,63
0,348,16
0,349,13
0,350,34
1,0,0
1,1,0
1,2,29
1,3,77
1,4,9
1,5,19
1,6,19
1,7,19
1,8,10
1,9,10
1,10,16
1,11,23
1,12,23
1,13,21
1,14,21
1,15,23
1,16,22
1,17,23
1,18,-1
1,19,108
1,20,24
1,21,32
1,22,-1
1,23,11
1,24,10
1,25,12
1,26,12
1,27,44
1,28,38
1,29,38
1,30,37
1,31,38
1,32,20
1,33,22
1,34,21
1,35,57
1,36,16
1,37,30
1,38,30
1,39,22
1,40,45
1,41,17
1,42,45
1,43,16
1,44,19
1,45,61
1,46,37
1,47,31
1,48,15
1,49,18
1,50,17
1,51,25
1,52,60
1,53,40
1,54,40
1,55,40
1,56,45
1,57,30
1,58,25
1,59,36
1,60,15
1,61,26
1,62,37
1,63,44
1,64,19
1,65,14
1,66,14
1,67,32
1,68,24
1,69,36
1,70,33
1,71,31
1,72,56
1,73,26
1,74,24
1,75,57
1,76,45
1,77,45
1,78,55
1,79,55
1,80,56
1,81,54
1,82,34
1,83,69
1,84,33
1,85,33
1,86,33
1,87,29
1,88,29
1,89,69
1,90,19
1,91,20
1,92,91
1,93,54
1,94,59
1,95,58
1,96,23
1,97,25
1,98,29
1,99,14
1,100,33
1,101,61
1,102,-1
1,103,33
1,104,29
1,105,29
1,106,29
1,107,30
1,108,32
1,109,26
1,110,26
1,111,-1
1,112,21
1,113,34
1,114,33
1,115,33
1,116,27
1,117,29
1,118,29
1,119,21
1,120,21
1,121,21
1,122,-1
1,123,-1
1,124,-1
1,125,18
1,126,17
1,127,39
1,128,21
1,129,22
1,130,23
1,131,22
1,132,13
1,133,13
1,134,23
1,135,25
1,136,26
1,137,17
1,138,28
1,139,17
1,140,22
1,141,29
1,142,30
1,143,50
1,144,18
1,145,56
1,146,20
1,147,39
1,148,66
1,149,33
1,150,-1
1,151,-1
1,152,-1
1,153,11
1,154,12
1,155,27
1,156,27
1,157,32
1,158,40
1,159,108
1,160,11
1,161,16
1,162,20
1,163,22
1,164,18
1,165,18
1,166,24
1,167,29
1,168,-1
1,169,-1
1,170,-1
1,171,32
1,172,13
1,173,26
1,174,23
1,175,26
1,176,23
1,177,-1
1,178,37
1,179,31
1,180,62
1,181,23
1,182,69
1,183,69
1,184,-1
1,185,-1
1,186,-1
1,187,-1
1,188,-1
1,189,37
1,190,37
1,191,16
1,192,33
1,193,17
1,194,19
1,195,17
1,196,19
1,197,18
1,198,20
1,199,18
1,200,18
1,201,17
1,202,34
1,203,10
1,204,19
1,205,76
1,206,-1
1,207,-1
1,208,-1
1,209,8
1,210,19
1,211,19
1,212,19
1,213,-1
1,214,9
1,215,37
1,216,37
1,217,37
1,218,15
1,219,14
1,220,75
1,221,37
1,222,23
1,223,-1
1,224,-1
1,225,35
1,226,37
1,227,24
1,228,50
1,229,30
1,230,30
1,231,16
1,232,33
1,233,33
1,234,11
1,235,11
1,236,-1
1,237,28
1,238,30
1,239,29
1,240,12
1,241,11
1,242,23
1,243,29
1,244,15
1,245,15
1,246,21
1,247,24
1,248,24
1,249,34
1,250,20
1,251,20
1,252,11
1,253,11
1,254,26
1,255,18
1,256,17
1,257,17
1,258,24
1,259,26
1,260,26
1,261,17
1,262,37
1,263,36
1,264,38
1,265,35
1,266,38
1,267,38
1,268,38
1,269,23
1,270,23
1,271,24
1,272,38
1,273,24
1,274,25
1,275,13
1,276,30
1,277,19
1,278,20
1,279,19
1,280,25
1,281,28
1,282,29
1,283,26
1,284,28
1,285,9
1,286,11
1,287,12
1,288,11
1,289,10
1,290,12
1,291,10
1,292,10
1,293,10
1,294,10
1,295,10
1,296,11
1,297,-1
1,298,10
1,299,36
1,300,26
1,301,26
1,302,26
1,303,25
1,304,32
1,305,25
1,306,-1
1,307,30
1,308,68
1,309,30
1,310,32
1,311,-1
1,312,-1
1,313,13
1,314,14
1,315,24
1,316,23
1,317,11
1,318,10
1,319,14
1,320,12
1,321,11
1,322,33
1,323,-1
1,324,19
1,325,-1
1,326,10
1,327,23
1,328,21
1,329,19
1,330,19
1,331,32
1,332,35
1,333,40
1,334,21
1,335,91
1,336,21
1,337,15
1,338,22
1,339,30
1,340,-1
1,341,10
1,342,34
1,343,-1
1,344,19
1,345,18
1,346,17
1,347,58
1,348,-1
1,349,-1
1,350,31
2,0,0
2,1,29
2,2,0
2,3,81
2,4,46
2,5,44
2,6,44
2,7,44
2,8,45
2,9,45
2,10,28
2,11,56
2,12,56
2,13,54
2,14,57
2,15,56
2,16,57
2,17,64
2,18,40
2,19,116
2,20,32
2,21,32
2,22,55
2,23,43
2,24,44
2,25,44
2,26,44
2,27,98
2,28,57
2,29,57
2,30,56
2,31,57
2,32,31
2,33,26
2,34,29
2,35,82
2,36,41
2,37,38
2,38,38
2,39,51
2,40,68
2,41,46
2,42,68
2,43,44
2,44,61
2,45,33
2,46,25
2,47,30
2,48,27
2,49,29
2,50,29
2,51,60
2,52,88
2,53,38
2,54,38
2,55,38
2,56,47
2,57,73
2,58,67
2,59,67
2,60,44
2,61,85
2,62,76
2,63,16
2,64,28
2,65,26
2,66,26
2,67,70
2,68,16
2,69,66
2,70,63
2,71,64
2,72,97
2,73,59
2,74,58
2,75,44
2,76,66
2,77,66
2,78,82
2,79,82
2,80,82
2,81,69
2,82,72
2,83,91
2,84,30
2,85,71
2,86,30
2,87,68
2,88,68
2,89,82
2,90,49
2,91,50
2,92,126
2,93,56
2,94,79
2,95,88
2,96,51
2,97,58
2,98,57
2,99,40
2,100,52
2,101,78
2,102,40
2,103,71
2,104,62
2,105,65
2,106,65
2,107,68
2,108,70
2,109,59
2,110,60
2,111,49
2,112,47
2,113,72
2,114,71
2,115,71
2,116,70
2,117,65
2,118,65
2,119,53
2,120,54
2,121,54
2,122,53
2,123,51
2,124,40
2,125,58
2,126,45
2,127,40
2,128,48
2,129,52
2,130,56
2,131,52
2,132,41
2,133,41
2,134,56
2,135,58
2,136,59
2,137,45
2,138,70
2,139,45
2,140,48
2,141,57
2,142,57
2,143,53
2,144,35
2,145,58
2,146,41
2,147,38
2,148,82
2,149,75
2,150,47
2,151,35
2,152,33
2,153,33
2,154,33
2,155,31
2,156,31
2,157,39
2,158,82
2,159,124
2,160,32
2,161,27
2,162,24
2,163,28
2,164,35
2,165,35
2,166,29
2,167,37
2,168,44
2,169,44
2,170,44
2,171,21
2,172,42
2,173,42
2,174,35
2,175,30
2,176,33
2,177,51
2,178,79
2,179,21
2,180,68
2,181,32
2,182,83
2,183,83
2,184,38
2,185,38
2,186,44
2,187,44
2,188,45
2,189,92
2,190,92
2,191,27
2,192,40
2,193,30
2,194,30
2,195,31
2,196,31
2,197,31
2,198,31
2,199,29
2,200,31
2,201,31
2,202,89
2,203,30
2,204,39
2,205,82
2,206,56
2,207,55
2,208,57
2,209,44
2,210,30
2,211,30
2,212,31
2,213,35
2,214,34
2,215,-1
2,216,-1
2,217,-1
2,218,39
2,219,39
2,220,80
2,221,44
2,222,43
2,223,51
2,224,51
2,225,40
2,226,40
2,227,43
2,228,145
2,229,37
2,230,37
2,231,27
2,232,35
2,233,35
2,234,47
2,235,32
2,236,54
2,237,36
2,238,38
2,239,37
2,240,32
2,241,32
2,242,31
2,243,36
2,244,30
2,245,30
2,246,33
2,247,37
2,248,37
2,249,76
2,250,35
2,251,35
2,252,31
2,253,31
2,254,34
2,255,30
2,256,33
2,257,33
2,258,34
2,259,35
2,260,35
2,261,23
2,262,79
2,263,78
2,264,56
2,265,54
2,266,57
2,267,57
2,268,57
2,269,38
2,270,38
2,271,37
2,272,93
2,273,37
2,274,35
2,275,28
2,276,85
2,277,31
2,278,32
2,279,31
2,280,37
2,281,36
2,282,37
2,283,41
2,284,36
2,285,33
2,286,26
2,287,27
2,288,27
2,289,28
2,290,31
2,291,29
2,292,29
2,293,29
2,294,31
2,295,31
2,296,31
2,297,35
2,298,35
2,299,52
2,300,34
2,301,34
2,302,34
2,303,42
2,304,34
2,305,43
2,306,44
2,307,37
2,308,82
2,309,37
2,310,39
2,311,35
2,312,36
2,313,30
2,314,32
2,315,35
2,316,34
2,317,27
2,318,46
2,319,23
2,320,29
2,321,28
2,322,37
2,323,47
2,324,33
2,325,52
2,326,46
2,327,43
2,328,37
2,329,29
2,330,29
2,331,39
2,332,-1
2,333,67
2,334,42
2,335,70
2,336,32
2,337,31
2,338,34
2,339,13
2,340,51
2,341,41
2,342,36
2,343,49
2,344,30
2,345,30
2,346,29
2,347,96
2,348,55
2,349,51
2,350,39
3,0,0
3,1,77
3,2,81
3,3,0
3,4,68
3,5,80
3,6,80
3,7,80
3,8,82
3,9,82
3,10,82
3,11,74
3,12,74
3,13,76
3,14,75
3,15,74
3,16,75
3,17,74
3,18,73
3,19,92
3,20,82
3,21,83
3,22,74
3,23,71
3,24,71
3,25,69
3,26,68
3,27,87
3,28,78
3,29,78
3,30,77
3,31,78
3,32,83
3,33,86
3,34,85
3,35,89
3,36,86
3,37,88
3,38,88
3,39,88
3,40,91
3,41,92
3,42,91
3,43,91
3,44,86
3,45,102
3,46,73
3,47,84
3,48,81
3,49,80
3,50,80
3,51,89
3,52,92
3,53,90
3,54,90
3,55,90
3,56,86
3,57,93
3,58,86
3,59,119
3,60,83
3,61,76
3,62,88
3,63,85
3,64,78
3,65,80
3,66,80
3,67,82
3,68,111
3,69,84
3,70,80
3,71,82
3,72,88
3,73,86
3,74,87
3,75,89
3,76,64
3,77,64
3,78,87
3,79,87
3,80,88
3,81,99
3,82,105
3,83,121
3,84,82
3,85,82
3,86,82
3,87,80
3,88,80
3,89,56
3,90,91
3,91,92
3,92,102
3,93,77
3,94,91
3,95,90
3,96,93
3,97,83
3,98,98
3,99,83
3,100,75
3,101,93
3,102,81
3,103,104
3,104,87
3,105,87
3,106,86
3,107,82
3,108,82
3,109,87
3,110,87
3,111,80
3,112,86
3,113,105
3,114,104
3,115,104
3,116,88
3,117,85
3,118,85
3,119,85
3,120,85
3,121,85
3,122,81
3,123,69
3,124,81
3,125,100
3,126,91
3,127,91
3,128,101
3,129,84
3,130,82
3,131,84
3,132,80
3,133,80
3,134,83
3,135,84
3,136,82
3,137,88
3,138,89
3,139,84
3,140,88
3,141,99
3,142,100
3,143,81
3,144,87
3,145,87
3,146,86
3,147,99
3,148,48
3,149,104
3,150,77
3,151,87
3,152,88
3,153,89
3,154,91
3,155,86
3,156,86
3,157,94
3,158,111
3,159,94
3,160,89
3,161,85
3,162,83
3,163,87
3,164,85
3,165,85
3,166,84
3,167,89
3,168,78
3,169,78
3,170,78
3,171,69
3,172,71
3,173,85
3,174,98
3,175,94
3,176,96
3,177,81
3,178,108
3,179,69
3,180,36
3,181,86
3,182,59
3,183,59
3,184,82
3,185,82
3,186,83
3,187,83
3,188,83
3,189,97
3,190,97
3,191,88
3,192,95
3,193,92
3,194,91
3,195,92
3,196,92
3,197,92
3,198,92
3,199,91
3,200,92
3,201,92
3,202,94
3,203,91
3,204,88
3,205,10
3,206,73
3,207,73
3,208,73
3,209,78
3,210,91
3,211,92
3,212,95
3,213,86
3,214,87
3,215,85
3,216,85
3,217,85
3,218,83
3,219,82
3,220,12
3,221,99
3,222,93
3,223,81
3,224,81
3,225,98
3,226,98
3,227,80
3,228,104
3,229,92
3,230,92
3,231,85
3,232,80
3,233,80
3,234,77
3,235,98
3,236,71
3,237,87
3,238,84
3,239,85
3,240,92
3,241,98
3,242,81
3,243,94
3,244,86
3,245,97
3,246,95
3,247,89
3,248,89
3,249,105
3,250,87
3,251,87
3,252,89
3,253,89
3,254,83
3,255,91
3,256,93
3,257,93
3,258,92
3,259,91
3,260,91
3,261,83
3,262,108
3,263,107
3,264,80
3,265,76
3,266,79
3,267,79
3,268,79
3,269,89
3,270,88
3,271,89
3,272,98
3,273,90
3,274,91
3,275,95
3,276,90
3,277,95
3,278,96
3,279,95
3,280,100
3,281,88
3,282,89
3,283,86
3,284,88
3,285,89
3,286,95
3,287,97
3,288,93
3,289,98
3,290,96
3,291,99
3,292,99
3,293,99
3,294,91
3,295,90
3,296,90
3,297,86
3,298,86
3,299,79
3,300,87
3,301,87
3,302,87
3,303,86
3,304,84
3,305,85
3,306,86
3,307,92
3,308,56
3,309,92
3,310,94
3,311,86
3,312,85
3,313,85
3,314,84
3,315,97
3,316,95
3,317,79
3,318,78
3,319,83
3,320,98
3,321,97
3,322,92
3,323,77
3,324,83
3,325,82
3,326,76
3,327,82
3,328,90
3,329,89
3,330,89
3,331,94
3,332,83
3,333,92
3,334,90
3,335,90
3,336,87
3,337,98
3,338,96
3,339,73
3,340,81
3,341,72
3,342,91
3,343,71
3,344,92
3,345,93
3,346,90
3,347,121
3,348,72
3,349,81
3,350,99
4,0,0
4,1,9
4,2,46
4,3,68
4,4,0
4,5,16
4,6,16
4,7,16
4,8,6
4,9,6
4,10,12
4,11,18
4,12,18
4,13,16
4,14,17
4,15,18
4,16,18
4,17,20
4,18,-1
4,19,55
4,20,17
4,21,24
4,22,-1
4,23,-1
4,24,-1
4,25,-1
4,26,-1
4,27,35
4,28,29
4,29,29
4,30,28
4,31,29
4,32,16
4,33,8
4,34,9
4,35,42
4,36,-1
4,37,18
4,38,18
4,39,18
4,40,17
4,41,16
4,42,17
4,43,14
4,44,16
4,45,42
4,46,29
4,47,14
4,48,11
4,49,14
4,50,13
4,51,21
4,52,48
4,53,21
4,54,21
4,55,21
4,56,37
4,57,27
4,58,22
4,59,25
4,60,12
4,61,17
4,62,36
4,63,51
4,64,15
4,65,10
4,66,10
4,67,30
4,68,23
4,69,26
4,70,23
4,71,24
4,72,46
4,73,21
4,74,20
4,75,47
4,76,32
4,77,32
4,78,42
4,79,42
4,80,42
4,81,29
4,82,25
4,83,51
4,84,15
4,85,31
4,86,15
4,87,28
4,88,28
4,89,59
4,90,18
4,91,16
4,92,93
4,93,36
4,94,39
4,95,48
4,96,19
4,97,20
4,98,18
4,99,-1
4,100,24
4,101,38
4,102,-1
4,103,24
4,104,24
4,105,25
4,106,25
4,107,28
4,108,30
4,109,21
4,110,22
4,111,-1
4,112,20
4,113,25
4,114,24
4,115,24
4,116,24
4,117,24
4,118,24
4,119,17
4,120,17
4,121,17
4,122,-1
4,123,7
4,124,-1
4,125,13
4,126,13
4,127,24
4,128,13
4,129,17
4,130,18
4,131,17
4,132,11
4,133,11
4,134,18
4,135,20
4,136,20
4,137,12
4,138,31
4,139,13
4,140,14
4,141,14
4,142,15
4,143,26
4,144,15
4,145,43
4,146,15
4,147,21
4,148,60
4,149,19
4,150,-1
4,151,8
4,152,7
4,153,7
4,154,8
4,155,22
4,156,22
4,157,30
4,158,26
4,159,55
4,160,7
4,161,12
4,162,16
4,163,17
4,164,13
4,165,13
4,166,18
4,167,24
4,168,-1
4,169,-1
4,170,-1
4,171,24
4,172,14
4,173,21
4,174,19
4,175,22
4,176,23
4,177,-1
4,178,23
4,179,23
4,180,60
4,181,22
4,182,60
4,183,60
4,184,-1
4,185,-1
4,186,-1
4,187,-1
4,188,-1
4,189,27
4,190,27
4,191,12
4,192,26
4,193,13
4,194,15
4,195,13
4,196,15
4,197,14
4,198,16
4,199,14
4,200,14
4,201,13
4,202,24
4,203,6
4,204,14
4,205,69
4,206,11
4,207,11
4,208,11
4,209,-1
4,210,15
4,211,15
4,212,15
4,213,7
4,214,6
4,215,36
4,216,36
4,217,36
4,218,-1
4,219,-1
4,220,67
4,221,29
4,222,19
4,223,-1
4,224,-1
4,225,30
4,226,32
4,227,14
4,228,32
4,229,28
4,230,28
4,231,12
4,232,25
4,233,25
4,234,-1
4,235,7
4,236,-1
4,237,23
4,238,24
4,239,24
4,240,8
4,241,7
4,242,18
4,243,17
4,244,11
4,245,11
4,246,17
4,247,19
4,248,19
4,249,20
4,250,15
4,251,15
4,252,7
4,253,7
4,254,20
4,255,14
4,256,13
4,257,13
4,258,19
4,259,21
4,260,21
4,261,12
4,262,23
4,263,22
4,264,46
4,265,25
4,266,28
4,267,28
4,268,28
4,269,18
4,270,18
4,271,19
4,272,28
4,273,19
4,274,20
4,275,9
4,276,20
4,277,15
4,278,16
4,279,15
4,280,21
4,281,23
4,282,24
4,283,21
4,284,23
4,285,5
4,286,7
4,287,8
4,288,7
4,289,6
4,290,8
4,291,6
4,292,6
4,293,6
4,294,6
4,295,6
4,296,7
4,297,4
4,298,5
4,299,42
4,300,21
4,301,21
4,302,21
4,303,20
4,304,26
4,305,20
4,306,6
4,307,26
4,308,59
4,309,29
4,310,29
4,311,7
4,312,5
4,313,9
4,314,10
4,315,20
4,316,19
4,317,-1
4,318,-1
4,319,-1
4,320,8
4,321,7
4,322,26
4,323,-1
4,324,13
4,325,-1
4,326,-1
4,327,14
4,328,15
4,329,15
4,330,15
4,331,29
4,332,34
4,333,34
4,334,15
4,335,38
4,336,15
4,337,11
4,338,18
4,339,22
4,340,-1
4,341,14
4,342,27
4,343,-1
4,344,15
4,345,14
4,346,13
4,347,51
4,348,10
4,349,-1
4,350,18
5,0,0
5,1,19
5,2,44
5,3,80
5,4,16
5,5,0
5,6,-1
5,7,-1
5,8,-1
5,9,-1
5,10,11
5,11,16
5,12,16
5,13,14
5,14,17
5,15,16
5,16,17
5,17,24
5,18,10
5,19,50
5,20,19
5,21,33
5,22,22
5,23,12
5,24,12
5,25,11
5,26,10
5,27,48
5,28,36
5,29,36
5,30,35
5,31,36
5,32,15
5,33,-1
5,34,-1
5,35,36
5,36,-1
5,37,20
5,38,20
5,39,16
5,40,19
5,41,-1
5,42,19
5,43,-1
5,44,15
5,45,36
5,46,38
5,47,13
5,48,10
5,49,13
5,50,12
5,51,16
5,52,42
5,53,23
5,54,23
5,55,23
5,56,46
5,57,25
5,58,20
5,59,30
5,60,10
5,61,39
5,62,30
5,63,30
5,64,14
5,65,9
5,66,9
5,67,24
5,68,18
5,69,20
5,70,17
5,71,18
5,72,41
5,73,19
5,74,19
5,75,42
5,76,53
5,77,53
5,78,36
5,79,36
5,80,36
5,81,23
5,82,18
5,83,45
5,84,14
5,85,25
5,86,14
5,87,22
5,88,22
5,89,71
5,90,15
5,91,15
5,92,106
5,93,49
5,94,33
5,95,42
5,96,-1
5,97,17
5,98,11
5,99,-1
5,100,37
5,101,32
5,102,10
5,103,17
5,104,20
5,105,19
5,106,19
5,107,22
5,108,24
5,109,19
5,110,19
5,111,15
5,112,-1
5,113,18
5,114,17
5,115,17
5,116,22
5,117,19
5,118,19
5,119,15
5,120,15
5,121,15
5,122,17
5,123,18
5,124,-1
5,125,12
5,126,-1
5,127,23
5,128,14
5,129,14
5,130,15
5,131,14
5,132,-1
5,133,-1
5,134,15
5,135,16
5,136,15
5,137,-1
5,138,23
5,139,-1
5,140,15
5,141,12
5,142,13
5,143,39
5,144,-1
5,145,49
5,146,14
5,147,21
5,148,73
5,149,17
5,150,13
5,151,-1
5,152,-1
5,153,-1
5,154,-1
5,155,20
5,156,20
5,157,24
5,158,24
5,159,50
5,160,-1
5,161,18
5,162,10
5,163,-1
5,164,-1
5,165,-1
5,166,17
5,167,22
5,168,11
5,169,11
5,170,11
5,171,33
5,172,19
5,173,19
5,174,18
5,175,16
5,176,17
5,177,17
5,178,21
5,179,32
5,180,68
5,181,16
5,182,72
5,183,72
5,184,10
5,185,10
5,186,10
5,187,10
5,188,11
5,189,41
5,190,41
5,191,18
5,192,20
5,193,24
5,194,24
5,195,25
5,196,25
5,197,25
5,198,25
5,199,24
5,200,25
5,201,25
5,202,38
5,203,-1
5,204,16
5,205,82
5,206,17
5,207,17
5,208,17
5,209,12
5,210,21
5,211,22
5,212,14
5,213,-1
5,214,-1
5,215,31
5,216,31
5,217,31
5,218,-1
5,219,-1
5,220,80
5,221,23
5,222,13
5,223,17
5,224,17
5,225,-1
5,226,-1
5,227,22
5,228,30
5,229,22
5,230,22
5,231,18
5,232,34
5,233,34
5,234,13
5,235,-1
5,236,15
5,237,20
5,238,20
5,239,20
5,240,-1
5,241,-1
5,242,19
5,243,15
5,244,-1
5,245,-1
5,246,16
5,247,-1
5,248,-1
5,249,18
5,250,-1
5,251,-1
5,252,-1
5,253,-1
5,254,16
5,255,13
5,256,-1
5,257,-1
5,258,-1
5,259,-1
5,260,-1
5,261,-1
5,262,21
5,263,20
5,264,42
5,265,33
5,266,36
5,267,36
5,268,36
5,269,16
5,270,16
5,271,-1
5,272,42
5,273,-1
5,274,-1
5,275,-1
5,276,34
5,277,14
5,278,15
5,279,14
5,280,20
5,281,22
5,282,22
5,283,21
5,284,24
5,285,-1
5,286,-1
5,287,-1
5,288,-1
5,289,-1
5,290,-1
5,291,-1
5,292,-1
5,293,-1
5,294,-1
5,295,-1
5,296,-1
5,297,7
5,298,-1
5,299,40
5,300,22
5,301,22
5,302,22
5,303,21
5,304,19
5,305,20
5,306,13
5,307,20
5,308,76
5,309,23
5,310,23
5,311,-1
5,312,-1
5,313,-1
5,314,-1
5,315,19
5,316,20
5,317,13
5,318,12
5,319,-1
5,320,-1
5,321,-1
5,322,21
5,323,14
5,324,-1
5,325,17
5,326,13
5,327,22
5,328,-1
5,329,14
5,330,14
5,331,23
5,332,29
5,333,24
5,334,18
5,335,79
5,336,-1
5,337,-1
5,338,17
5,339,43
5,340,17
5,341,25
5,342,21
5,343,15
5,344,14
5,345,13
5,346,12
5,347,44
5,348,21
5,349,17
5,350,26
6,0,0
6,1,19
6,2,44
6,3,80
6,4,16
6,5,-1
6,6,0
6,7,-1
6,8,-1
6,9,-1
6,10,11
6,11,17
6,12,17
6,13,17
6,14,18
6,15,17
6,16,17
6,17,18
6,18,10
6,19,50
6,20,19
6,21,33
6,22,20
6,23,12
6,24,12
6,25,13
6,26,12
6,27,48
6,28,36
6,29,36
6,30,35
6,31,36
6,32,15
6,33,-1
6,34,-1
6,35,35
6,36,-1
6,37,25
6,38,25
6,39,16
6,40,28
6,41,-1
6,42,28
6,43,-1
6,44,15
6,45,36
6,46,38
6,47,13
6,48,10
6,49,13
6,50,12
6,51,16
6,52,42
6,53,22
6,54,22
6,55,22
6,56,46
6,57,26
6,58,21
6,59,31
6,60,11
6,61,31
6,62,33
6,63,30
6,64,14
6,65,9
6,66,9
6,67,24
6,68,18
6,69,20
6,70,17
6,71,18
6,72,41
6,73,19
6,74,20
6,75,42
6,76,43
6,77,43
6,78,36
6,79,36
6,80,36
6,81,22
6,82,18
6,83,44
6,84,14
6,85,29
6,86,14
6,87,25
6,88,25
6,89,83
6,90,15
6,91,16
6,92,140
6,93,49
6,94,33
6,95,38
6,96,-1
6,97,18
6,98,-1
6,99,-1
6,100,47
6,101,30
6,102,10
6,103,17
6,104,21
6,105,20
6,106,20
6,107,22
6,108,28
6,109,20
6,110,20
6,111,14
6,112,-1
6,113,18
6,114,17
6,115,17
6,116,23
6,117,19
6,118,19
6,119,17
6,120,17
6,121,17
6,122,17
6,123,18
6,124,-1
6,125,13
6,126,-1
6,127,23
6,128,18
6,129,21
6,130,16
6,131,21
6,132,-1
6,133,-1
6,134,16
6,135,18
6,136,19
6,137,16
6,138,30
6,139,16
6,140,19
6,141,-1
6,142,-1
6,143,48
6,144,-1
6,145,54
6,146,13
6,147,21
6,148,70
6,149,17
6,150,13
6,151,-1
6,152,-1
6,153,-1
6,154,-1
6,155,20
6,156,20
6,157,28
6,158,24
6,159,50
6,160,-1
6,161,11
6,162,-1
6,163,-1
6,164,-1
6,165,-1
6,166,17
6,167,22
6,168,10
6,169,10
6,170,10
6,171,33
6,172,25
6,173,19
6,174,18
6,175,19
6,176,25
6,177,17
6,178,21
6,179,32
6,180,71
6,181,25
6,182,84
6,183,84
6,184,10
6,185,10
6,186,10
6,187,10
6,188,11
6,189,41
6,190,41
6,191,11
6,192,26
6,193,12
6,194,14
6,195,12
6,196,14
6,197,13
6,198,15
6,199,13
6,200,13
6,201,12
6,202,38
6,203,-1
6,204,19
6,205,84
6,206,22
6,207,21
6,208,23
6,209,10
6,210,14
6,211,14
6,212,14
6,213,-1
6,214,-1
6,215,31
6,216,31
6,217,31
6,218,-1
6,219,-1
6,220,83
6,221,33
6,222,15
6,223,17
6,224,17
6,225,-1
6,226,-1
6,227,22
6,228,30
6,229,26
6,230,26
6,231,11
6,232,34
6,233,34
6,234,13
6,235,-1
6,236,20
6,237,21
6,238,23
6,239,22
6,240,-1
6,241,-1
6,242,16
6,243,-1
6,244,-1
6,245,-1
6,246,16
6,247,-1
6,248,-1
6,249,18
6,250,-1
6,251,-1
6,252,-1
6,253,-1
6,254,19
6,255,13
6,256,-1
6,257,-1
6,258,-1
6,259,-1
6,260,-1
6,261,-1
6,262,21
6,263,20
6,264,51
6,265,33
6,266,36
6,267,36
6,268,36
6,269,16
6,270,16
6,271,-1
6,272,42
6,273,-1
6,274,-1
6,275,-1
6,276,34
6,277,14
6,278,15
6,279,14
6,280,20
6,281,21
6,282,22
6,283,19
6,284,21
6,285,-1
6,286,-1
6,287,-1
6,288,-1
6,289,-1
6,290,-1
6,291,-1
6,292,-1
6,293,-1
6,294,-1
6,295,-1
6,296,-1
6,297,6
6,298,-1
6,299,47
6,300,19
6,301,19
6,302,19
6,303,18
6,304,25
6,305,18
6,306,10
6,307,26
6,308,85
6,309,26
6,310,28
6,311,-1
6,312,-1
6,313,-1
6,314,-1
6,315,19
6,316,18
6,317,13
6,318,12
6,319,-1
6,320,-1
6,321,-1
6,322,26
6,323,13
6,324,-1
6,325,18
6,326,12
6,327,22
6,328,-1
6,329,14
6,330,14
6,331,28
6,332,25
6,333,33
6,334,21
6,335,46
6,336,-1
6,337,-1
6,338,17
6,339,31
6,340,17
6,341,25
6,342,25
6,343,15
6,344,14
6,345,13
6,346,12
6,347,45
6,348,21
6,349,17
6,350,26
7,0,0
7,1,19
7,2,44
7,3,80
7,4,16
7,5,-1
7,6,-1
7,7,0
7,8,-1
7,9,-1
7,10,10
7,11,22
7,12,23
7,13,14
7,14,23
7,15,16
7,16,23
7,17,24
7,18,10
7,19,50
7,20,18
7,21,29
7,22,20
7,23,12
7,24,12
7,25,13
7,26,14
7,27,49
7,28,36
7,29,36
7,30,35
7,31,36
7,32,14
7,33,-1
7,34,-1
7,35,33
7,36,-1
7,37,24
7,38,24
7,39,21
7,40,27
7,41,-1
7,42,27
7,43,-1
7,44,24
7,45,36
7,46,34
7,47,12
7,48,9
7,49,12
7,50,11
7,51,20
7,52,36
7,53,21
7,54,21
7,55,21
7,56,42
7,57,33
7,58,27
7,59,38
7,60,-1
7,61,31
7,62,32
7,63,30
7,64,13
7,65,8
7,66,8
7,67,26
7,68,31
7,69,28
7,70,24
7,71,23
7,72,32
7,73,19
7,74,18
7,75,33
7,76,43
7,77,43
7,78,31
7,79,31
7,80,32
7,81,23
7,82,18
7,83,45
7,84,13
7,85,26
7,86,13
7,87,24
7,88,24
7,89,74
7,90,-1
7,91,-1
7,92,117
7,93,51
7,94,35
7,95,34
7,96,-1
7,97,18
7,98,11
7,99,-1
7,100,47
7,101,37
7,102,10
7,103,17
7,104,22
7,105,23
7,106,23
7,107,27
7,108,26
7,109,19
7,110,20
7,111,14
7,112,-1
7,113,18
7,114,17
7,115,17
7,116,30
7,117,22
7,118,22
7,119,22
7,120,23
7,121,23
7,122,17
7,123,18
7,124,-1
7,125,21
7,126,-1
7,127,22
7,128,18
7,129,21
7,130,16
7,131,21
7,132,-1
7,133,-1
7,134,23
7,135,18
7,136,19
7,137,16
7,138,30
7,139,16
7,140,19
7,141,12
7,142,13
7,143,48
7,144,-1
7,145,54
7,146,13
7,147,20
7,148,70
7,149,17
7,150,15
7,151,-1
7,152,-1
7,153,-1
7,154,-1
7,155,20
7,156,20
7,157,28
7,158,24
7,159,62
7,160,-1
7,161,10
7,162,10
7,163,-1
7,164,-1
7,165,-1
7,166,17
7,167,22
7,168,10
7,169,10
7,170,11
7,171,29
7,172,26
7,173,19
7,174,17
7,175,19
7,176,20
7,177,19
7,178,21
7,179,28
7,180,71
7,181,20
7,182,74
7,183,75
7,184,10
7,185,10
7,186,10
7,187,10
7,188,11
7,189,41
7,190,41
7,191,10
7,192,26
7,193,11
7,194,13
7,195,11
7,196,13
7,197,12
7,198,14
7,199,12
7,200,12
7,201,11
7,202,38
7,203,-1
7,204,12
7,205,84
7,206,23
7,207,23
7,208,23
7,209,12
7,210,13
7,211,13
7,212,13
7,213,-1
7,214,-1
7,215,28
7,216,28
7,217,28
7,218,-1
7,219,-1
7,220,83
7,221,23
7,222,19
7,223,19
7,224,19
7,225,-1
7,226,-1
7,227,22
7,228,30
7,229,37
7,230,37
7,231,10
7,232,30
7,233,30
7,234,13
7,235,-1
7,236,21
7,237,21
7,238,23
7,239,22
7,240,-1
7,241,-1
7,242,16
7,243,-1
7,244,-1
7,245,-1
7,246,15
7,247,-1
7,248,-1
7,249,18
7,250,-1
7,251,-1
7,252,-1
7,253,-1
7,254,19
7,255,12
7,256,-1
7,257,-1
7,258,-1
7,259,-1
7,260,-1
7,261,-1
7,262,21
7,263,20
7,264,51
7,265,33
7,266,36
7,267,36
7,268,36
7,269,16
7,270,16
7,271,-1
7,272,42
7,273,-1
7,274,-1
7,275,-1
7,276,34
7,277,13
7,278,14
7,279,13
7,280,19
7,281,21
7,282,22
7,283,19
7,284,21
7,285,-1
7,286,-1
7,287,-1
7,288,-1
7,289,-1
7,290,-1
7,291,-1
7,292,-1
7,293,-1
7,294,-1
7,295,-1
7,296,-1
7,297,6
7,298,-1
7,299,47
7,300,19
7,301,19
7,302,19
7,303,18
7,304,21
7,305,18
7,306,10
7,307,20
7,308,75
7,309,23
7,310,23
7,311,-1
7,312,-1
7,313,-1
7,314,-1
7,315,18
7,316,17
7,317,13
7,318,12
7,319,-1
7,320,-1
7,321,-1
7,322,20
7,323,12
7,324,-1
7,325,18
7,326,11
7,327,22
7,328,-1
7,329,13
7,330,13
7,331,23
7,332,25
7,333,26
7,334,21
7,335,46
7,336,-1
7,337,-1
7,338,16
7,339,27
7,340,17
7,341,20
7,342,21
7,343,18
7,344,13
7,345,12
7,346,11
7,347,45
7,348,21
7,349,17
7,350,25
8,0,-1
8,1,10
8,2,45
8,3,82
8,4,6
8,5,-1
8,6,-1
8,7,-1
8,8,0
8,9,-1
8,10,8
8,11,21
8,12,21
8,13,16
8,14,20
8,15,21
8,16,21
8,17,23
8,18,8
8,19,64
8,20,16
8,21,28
8,22,21
8,23,10
8,24,10
8,25,12
8,26,12
8,27,49
8,28,38
8,29,38
8,30,37
8,31,38
8,32,12
8,33,-1
8,34,5
8,35,32
8,36,-1
8,37,22
8,38,22
8,39,19
8,40,25
8,41,-1
8,42,25
8,43,-1
8,44,19
8,45,37
8,46,33
8,47,10
8,48,7
8,49,10
8,50,9
8,51,22
8,52,35
8,53,19
8,54,19
8,55,19
8,56,41
8,57,30
8,58,30
8,59,36
8,60,16
8,61,35
8,62,31
8,63,31
8,64,11
8,65,6
8,66,6
8,67,25
8,68,27
8,69,26
8,70,23
8,71,24
8,72,31
8,73,21
8,74,20
8,75,32
8,76,42
8,77,42
8,78,30
8,79,30
8,80,31
8,81,29
8,82,20
8,83,51
8,84,11
8,85,25
8,86,11
8,87,23
8,88,23
8,89,84
8,90,20
8,91,21
8,92,119
8,93,50
8,94,39
8,95,45
8,96,20
8,97,20
8,98,13
8,99,-1
8,100,46
8,101,38
8,102,8
8,103,19
8,104,24
8,105,25
8,106,25
8,107,28
8,108,25
8,109,21
8,110,22
8,111,12
8,112,19
8,113,20
8,114,19
8,115,19
8,116,32
8,117,24
8,118,24
8,119,20
8,120,21
8,121,21
8,122,15
8,123,19
8,124,11
8,125,19
8,126,15
8,127,20
8,128,16
8,129,19
8,130,18
8,131,19
8,132,12
8,133,12
8,134,21
8,135,20
8,136,21
8,137,14
8,138,33
8,139,14
8,140,17
8,141,14
8,142,15
8,143,42
8,144,-1
8,145,48
8,146,15
8,147,18
8,148,78
8,149,19
8,150,11
8,151,-1
8,152,-1
8,153,-1
8,154,-1
8,155,22
8,156,22
8,157,30
8,158,26
8,159,64
8,160,-1
8,161,8
8,162,16
8,163,20
8,164,15
8,165,15
8,166,22
8,167,24
8,168,8
8,169,8
8,170,8
8,171,28
8,172,26
8,173,21
8,174,15
8,175,22
8,176,23
8,177,15
8,178,23
8,179,27
8,180,76
8,181,23
8,182,85
8,183,86
8,184,8
8,185,8
8,186,8
8,187,8
8,188,9
8,189,41
8,190,41
8,191,8
8,192,26
8,193,9
8,194,11
8,195,9
8,196,11
8,197,10
8,198,12
8,199,10
8,200,10
8,201,9
8,202,38
8,203,-1
8,204,17
8,205,93
8,206,23
8,207,23
8,208,23
8,209,8
8,210,11
8,211,11
8,212,11
8,213,-1
8,214,-1
8,215,28
8,216,28
8,217,28
8,218,13
8,219,13
8,220,91
8,221,29
8,222,19
8,223,15
8,224,15
8,225,20
8,226,20
8,227,60
8,228,32
8,229,28
8,230,28
8,231,8
8,232,29
8,233,29
8,234,11
8,235,-1
8,236,21
8,237,23
8,238,28
8,239,29
8,240,-1
8,241,-1
8,242,18
8,243,17
8,244,-1
8,245,-1
8,246,13
8,247,13
8,248,13
8,249,20
8,250,-1
8,251,-1
8,252,-1
8,253,-1
8,254,21
8,255,10
8,256,9
8,257,9
8,258,10
8,259,11
8,260,11
8,261,15
8,262,23
8,263,22
8,264,41
8,265,258
8,266,261
8,267,261
8,268,261
8,269,18
8,270,20
8,271,13
8,272,54
8,273,21
8,274,11
8,275,-1
8,276,46
8,277,11
8,278,12
8,279,11
8,280,17
8,281,23
8,282,24
8,283,21
8,284,23
8,285,-1
8,286,-1
8,287,-1
8,288,-1
8,289,-1
8,290,-1
8,291,-1
8,292,-1
8,293,-1
8,294,-1
8,295,-1
8,296,-1
8,297,-1
8,298,-1
8,299,45
8,300,21
8,301,21
8,302,21
8,303,20
8,304,26
8,305,20
8,306,8
8,307,26
8,308,86
8,309,29
8,310,29
8,311,-1
8,312,-1
8,313,-1
8,314,-1
8,315,16
8,316,15
8,317,11
8,318,10
8,319,12
8,320,-1
8,321,-1
8,322,26
8,323,11
8,324,-1
8,325,16
8,326,10
8,327,62
8,328,18
8,329,11
8,330,11
8,331,29
8,332,26
8,333,31
8,334,19
8,335,48
8,336,-1
8,337,-1
8,338,14
8,339,26
8,340,15
8,341,26
8,342,27
8,343,19
8,344,11
8,345,10
8,346,9
8,347,51
8,348,22
8,349,15
8,350,23
9,0,-1
9,1,10
9,2,45
9,3,82
9,4,6
9,5,-1
9,6,-1
9,7,-1
9,8,-1
9,9,0
9,10,8
9,11,20
9,12,21
9,13,16
9,14,21
9,15,20
9,16,21
9,17,26
9,18,8
9,19,64
9,20,16
9,21,28
9,22,23
9,23,10
9,24,10
9,25,12
9,26,12
9,27,53
9,28,260
9,29,260
9,30,259
9,31,260
9,32,12
9,33,-1
9,34,-1
9,35,32
9,36,-1
9,37,22
9,38,22
9,39,19
9,40,25
9,41,-1
9,42,25
9,43,-1
9,44,22
9,45,75
9,46,33
9,47,10
9,48,7
9,49,10
9,50,9
9,51,22
9,52,35
9,53,19
9,54,19
9,55,19
9,56,41
9,57,35
9,58,29
9,59,36
9,60,16
9,61,35
9,62,31
9,63,58
9,64,11
9,65,6
9,66,6
9,67,25
9,68,15
9,69,26
9,70,23
9,71,24
9,72,31
9,73,21
9,74,20
9,75,32
9,76,50
9,77,50
9,78,30
9,79,30
9,80,31
9,81,29
9,82,20
9,83,51
9,84,11
9,85,25
9,86,11
9,87,23
9,88,23
9,89,84
9,90,20
9,91,21
9,92,119
9,93,50
9,94,39
9,95,45
9,96,20
9,97,20
9,98,13
9,99,-1
9,100,42
9,101,38
9,102,8
9,103,19
9,104,24
9,105,25
9,106,25
9,107,28
9,108,25
9,109,21
9,110,22
9,111,12
9,112,19
9,113,20
9,114,19
9,115,19
9,116,32
9,117,24
9,118,24
9,119,20
9,120,21
9,121,21
9,122,15
9,123,18
9,124,11
9,125,19
9,126,15
9,127,20
9,128,16
9,129,19
9,130,18
9,131,19
9,132,12
9,133,12
9,134,21
9,135,20
9,136,21
9,137,14
9,138,32
9,139,14
9,140,17
9,141,14
9,142,15
9,143,44
9,144,-1
9,145,54
9,146,15
9,147,18
9,148,76
9,149,19
9,150,11
9,151,-1
9,152,-1
9,153,-1
9,154,-1
9,155,22
9,156,22
9,157,30
9,158,26
9,159,64
9,160,-1
9,161,8
9,162,16
9,163,20
9,164,15
9,165,15
9,166,22
9,167,24
9,168,8
9,169,8
9,170,8
9,171,28
9,172,23
9,173,21
9,174,15
9,175,22
9,176,23
9,177,15
9,178,23
9,179,27
9,180,75
9,181,23
9,182,85
9,183,86
9,184,8
9,185,8
9,186,8
9,187,8
9,188,9
9,189,53
9,190,53
9,191,8
9,192,26
9,193,9
9,194,11
9,195,9
9,196,11
9,197,10
9,198,12
9,199,10
9,200,10
9,201,9
9,202,50
9,203,-1
9,204,17
9,205,84
9,206,20
9,207,19
9,208,21
9,209,8
9,210,11
9,211,11
9,212,11
9,213,-1
9,214,-1
9,215,28
9,216,28
9,217,28
9,218,13
9,219,13
9,220,84
9,221,29
9,222,19
9,223,15
9,224,15
9,225,20
9,226,20
9,227,60
9,228,32
9,229,28
9,230,28
9,231,8
9,232,29
9,233,29
9,234,11
9,235,-1
9,236,18
9,237,23
9,238,25
9,239,24
9,240,-1
9,241,-1
9,242,18
9,243,17
9,244,-1
9,245,-1
9,246,13
9,247,13
9,248,13
9,249,20
9,250,-1
9,251,-1
9,252,-1
9,253,-1
9,254,21
9,255,10
9,256,9
9,257,9
9,258,10
9,259,11
9,260,11
9,261,15
9,262,23
9,263,22
9,264,47
9,265,258
9,266,261
9,267,261
9,268,261
9,269,18
9,270,20
9,271,21
9,272,54
9,273,21
9,274,11
9,275,-1
9,276,46
9,277,11
9,278,12
9,279,11
9,280,17
9,281,23
9,282,24
9,283,21
9,284,23
9,285,-1
9,286,-1
9,287,-1
9,288,-1
9,289,-1
9,290,-1
9,291,-1
9,292,-1
9,293,-1
9,294,-1
9,295,-1
9,296,-1
9,297,4
9,298,4
9,299,45
9,300,21
9,301,21
9,302,21
9,303,20
9,304,26
9,305,20
9,306,8
9,307,26
9,308,86
9,309,29
9,310,29
9,311,-1
9,312,-1
9,313,-1
9,314,-1
9,315,16
9,316,15
9,317,11
9,318,10
9,319,12
9,320,-1
9,321,-1
9,322,26
9,323,11
9,324,-1
9,325,16
9,326,10
9,327,62
9,328,18
9,329,11
9,330,11
9,331,29
9,332,26
9,333,31
9,334,19
9,335,48
9,336,-1
9,337,-1
9,338,14
9,339,26
9,340,15
9,341,24
9,342,27
9,343,13
9,344,11
9,345,10
9,346,9
9,347,51
9,348,19
9,349,15
9,350,23
10,0,19
10,1,16
10,2,28
10,3,82
10,4,12
10,5,11
10,6,11
10,7,10
10,8,8
10,9,8
10,10,0
10,11,16
10,12,16
10,13,-1
10,14,24
10,15,-1
10,16,25
10,17,26
10,18,18
10,19,72
10,20,-1
10,21,40
10,22,21
10,23,19
10,24,19
10,25,20
10,26,16
10,27,59
10,28,268
10,29,268
10,30,267
10,31,268
10,32,-1
10,33,-1
10,34,-1
10,35,24
10,36,17
10,37,14
10,38,14
10,39,-1
10,40,13
10,41,-1
10,42,14
10,43,-1
10,44,23
10,45,84
10,46,45
10,47,-1
10,48,-1
10,49,10
10,50,9
10,51,19
10,52,27
10,53,15
10,54,15
10,55,15
10,56,53
10,57,28
10,58,23
10,59,39
10,60,21
10,61,48
10,62,23
10,63,67
10,64,-1
10,65,-1
10,66,-1
10,67,17
10,68,24
10,69,19
10,70,15
10,71,17
10,72,23
10,73,22
10,74,22
10,75,24
10,76,34
10,77,34
10,78,22
10,79,22
10,80,23
10,81,26
10,82,28
10,83,48
10,84,-1
10,85,17
10,86,-1
10,87,15
10,88,15
10,89,82
10,90,26
10,91,27
10,92,138
10,93,40
10,94,26
10,95,25
10,96,-1
10,97,-1
10,98,21
10,99,19
10,100,38
10,101,28
10,102,18
10,103,27
10,104,23
10,105,22
10,106,22
10,107,17
10,108,17
10,109,22
10,110,22
10,111,18
10,112,24
10,113,28
10,114,27
10,115,27
10,116,25
10,117,22
10,118,20
10,119,24
10,120,24
10,121,24
10,122,19
10,123,28
10,124,19
10,125,20
10,126,-1
10,127,-1
10,128,24
10,129,16
10,130,18
10,131,16
10,132,21
10,133,21
10,134,17
10,135,19
10,136,18
10,137,23
10,138,26
10,139,23
10,140,26
10,141,22
10,142,23
10,143,34
10,144,16
10,145,40
10,146,-1
10,147,-1
10,148,68
10,149,27
10,150,15
10,151,16
10,152,14
10,153,12
10,154,13
10,155,-1
10,156,-1
10,157,19
10,158,30
10,159,72
10,160,12
10,161,-1
10,162,21
10,163,25
10,164,-1
10,165,-1
10,166,24
10,167,-1
10,168,17
10,169,17
10,170,17
10,171,40
10,172,27
10,173,-1
10,174,-1
10,175,25
10,176,25
10,177,19
10,178,31
10,179,39
10,180,68
10,181,24
10,182,83
10,183,84
10,184,17
10,185,17
10,186,20
10,187,20
10,188,20
10,189,42
10,190,42
10,191,-1
10,192,20
10,193,9
10,194,11
10,195,9
10,196,11
10,197,10
10,198,12
10,199,10
10,200,10
10,201,9
10,202,39
10,203,10
10,204,16
10,205,80
10,206,24
10,207,24
10,208,24
10,209,17
10,210,-1
10,211,-1
10,212,-1
10,213,15
10,214,13
10,215,37
10,216,37
10,217,37
10,218,20
10,219,19
10,220,78
10,221,36
10,222,21
10,223,19
10,224,19
10,225,-1
10,226,-1
10,227,75
10,228,40
10,229,28
10,230,28
10,231,-1
10,232,41
10,233,41
10,234,15
10,235,12
10,236,21
10,237,22
10,238,24
10,239,23
10,240,12
10,241,11
10,242,18
10,243,33
10,244,-1
10,245,-1
10,246,-1
10,247,-1
10,248,-1
10,249,28
10,250,17
10,251,16
10,252,12
10,253,12
10,254,20
10,255,-1
10,256,-1
10,257,-1
10,258,-1
10,259,-1
10,260,-1
10,261,20
10,262,28
10,263,30
10,264,33
10,265,266
10,266,269
10,267,269
10,268,269
10,269,-1
10,270,-1
10,271,-1
10,272,43
10,273,-1
10,274,-1
10,275,-1
10,276,35
10,277,-1
10,278,-1
10,279,-1
10,280,-1
10,281,-1
10,282,-1
10,283,-1
10,284,-1
10,285,13
10,286,-1
10,287,-1
10,288,-1
10,289,11
10,290,13
10,291,11
10,292,11
10,293,11
10,294,10
10,295,11
10,296,11
10,297,13
10,298,13
10,299,58
10,300,-1
10,301,-1
10,302,-1
10,303,-1
10,304,27
10,305,-1
10,306,19
10,307,29
10,308,84
10,309,31
10,310,33
10,311,16
10,312,16
10,313,-1
10,314,15
10,315,-1
10,316,-1
10,317,22
10,318,21
10,319,21
10,320,13
10,321,12
10,322,24
10,323,14
10,324,-1
10,325,20
10,326,13
10,327,75
10,328,-1
10,329,-1
10,330,-1
10,331,27
10,332,35
10,333,32
10,334,27
10,335,85
10,336,-1
10,337,-1
10,338,-1
10,339,49
10,340,19
10,341,28
10,342,25
10,343,21
10,344,-1
10,345,-1
10,346,-1
10,347,64
10,348,25
10,349,19
10,350,15
11,0,16
11,1,23
11,2,56
11,3,74
11,4,18
11,5,16
11,6,17
11,7,22
11,8,21
11,9,20
11,10,16
11,11,0
11,12,-1
11,13,-1
11,14,-1
11,15,-1
11,16,-1
11,17,-1
11,18,29
11,19,68
11,20,-1
11,21,55
11,22,34
11,23,22
11,24,22
11,25,24
11,26,24
11,27,41
11,28,260
11,29,260
11,30,259
11,31,260
11,32,-1
11,33,-1
11,34,-1
11,35,26
11,36,16
11,37,-1
11,38,-1
11,39,-1
11,40,-1
11,41,11
11,42,-1
11,43,13
11,44,-1
11,45,111
11,46,66
11,47,-1
11,48,-1
11,49,39
11,50,38
11,51,5
11,52,31
11,53,-1
11,54,-1
11,55,-1
11,56,41
11,57,15
11,58,-1
11,59,22
11,60,13
11,61,42
11,62,19
11,63,94
11,64,-1
11,65,-1
11,66,-1
11,67,13
11,68,50
11,69,9
11,70,6
11,71,7
11,72,41
11,73,8
11,74,8
11,75,42
11,76,38
11,77,38
11,78,25
11,79,25
11,80,25
11,81,12
11,82,26
11,83,34
11,84,-1
11,85,14
11,86,-1
11,87,11
11,88,11
11,89,70
11,90,18
11,91,17
11,92,98
11,93,42
11,94,22
11,95,28
11,96,-1
11,97,-1
11,98,18
11,99,14
11,100,30
11,101,21
11,102,21
11,103,30
11,104,9
11,105,8
11,106,8
11,107,11
11,108,13
11,109,8
11,110,8
11,111,21
11,112,18
11,113,27
11,114,26
11,115,26
11,116,15
11,117,8
11,118,8
11,119,-1
11,120,-1
11,121,-1
11,122,25
11,123,20
11,124,21
11,125,-1
11,126,-1
11,127,-1
11,128,-1
11,129,-1
11,130,-1
11,131,-1
11,132,9
11,133,9
11,134,-1
11,135,5
11,136,4
11,137,-1
11,138,15
11,139,-1
11,140,-1
11,141,17
11,142,18
11,143,32
11,144,14
11,145,42
11,146,-1
11,147,-1
11,148,58
11,149,24
11,150,16
11,151,17
11,152,19
11,153,20
11,154,23
11,155,-1
11,156,-1
11,157,13
11,158,26
11,159,99
11,160,20
11,161,-1
11,162,14
11,163,19
11,164,9
11,165,9
11,166,-1
11,167,11
11,168,15
11,169,15
11,170,16
11,171,62
11,172,27
11,173,-1
11,174,-1
11,175,-1
11,176,9
11,177,20
11,178,27
11,179,62
11,180,64
11,181,-1
11,182,71
11,183,71
11,184,20
11,185,20
11,186,19
11,187,20
11,188,20
11,189,26
11,190,26
11,191,-1
11,192,9
11,193,38
11,194,40
11,195,38
11,196,40
11,197,39
11,198,41
11,199,39
11,200,39
11,201,38
11,202,23
11,203,19
11,204,-1
11,205,74
11,206,24
11,207,24
11,208,24
11,209,17
11,210,-1
11,211,-1
11,212,-1
11,213,17
11,214,19
11,215,63
11,216,63
11,217,63
11,218,14
11,219,13
11,220,73
11,221,25
11,222,-1
11,223,20
11,224,20
11,225,-1
11,226,-1
11,227,27
11,228,36
11,229,17
11,230,17
11,231,-1
11,232,55
11,233,56
11,234,14
11,235,21
11,236,22
11,237,11
11,238,-1
11,239,-1
11,240,21
11,241,20
11,242,-1
11,243,18
11,244,18
11,245,-1
11,246,-1
11,247,-1
11,248,-1
11,249,24
11,250,14
11,251,14
11,252,18
11,253,18
11,254,9
11,255,-1
11,256,-1
11,257,-1
11,258,-1
11,259,-1
11,260,-1
11,261,14
11,262,24
11,263,26
11,264,35
11,265,258
11,266,261
11,267,261
11,268,261
11,269,-1
11,270,-1
11,271,-1
11,272,27
11,273,-1
11,274,-1
11,275,-1
11,276,19
11,277,-1
11,278,-1
11,279,-1
11,280,-1
11,281,12
11,282,12
11,283,-1
11,284,12
11,285,20
11,286,-1
11,287,19
11,288,-1
11,289,18
11,290,20
11,291,19
11,292,19
11,293,19
11,294,19
11,295,20
11,296,20
11,297,20
11,298,19
11,299,33
11,300,-1
11,301,-1
11,302,10
11,303,-1
11,304,-1
11,305,-1
11,306,25
11,307,18
11,308,71
11,309,20
11,310,22
11,311,17
11,312,18
11,313,16
11,314,15
11,315,-1
11,316,-1
11,317,14
11,318,14
11,319,13
11,320,17
11,321,17
11,322,13
11,323,15
11,324,13
11,325,21
11,326,14
11,327,30
11,328,-1
11,329,-1
11,330,-1
11,331,16
11,332,61
11,333,-1
11,334,-1
11,335,72
11,336,-1
11,337,14
11,338,-1
11,339,71
11,340,20
11,341,27
11,342,14
11,343,20
11,344,-1
11,345,-1
11,346,-1
11,347,53
11,348,23
11,349,20
11,350,-1
12,0,0
12,1,0
12,2,0
12,3,0
12,4,0
12,5,0
12,6,0
12,7,0
12,8,0
12,9,0
12,10,0
12,11,0
12,12,0
12,13,-1
12,14,-1
12,15,-1
12,16,-1
12,17,-1
12,18,18
12,19,99
12,20,-1
12,21,55
12,22,24
12,23,11
12,24,11
12,25,13
12,26,12
12,27,41
12,28,260
12,29,260
12,30,259
12,31,260
12,32,-1
12,33,-1
12,34,-1
12,35,38
12,36,16
12,37,-1
12,38,-1
12,39,-1
12,40,-1
12,41,11
12,42,-1
12,43,13
12,44,-1
12,45,111
12,46,66
12,47,-1
12,48,-1
12,49,39
12,50,38
12,51,9
12,52,41
12,53,-1
12,54,-1
12,55,-1
12,56,41
12,57,16
12,58,-1
12,59,23
12,60,13
12,61,23
12,62,21
12,63,94
12,64,-1
12,65,-1
12,66,-1
12,67,16
12,68,50
12,69,20
12,70,17
12,71,15
12,72,37
12,73,10
12,74,8
12,75,38
12,76,38
12,77,38
12,78,36
12,79,36
12,80,37
12,81,38
12,82,26
12,83,53
12,84,-1
12,85,17
12,86,-1
12,87,13
12,88,13
12,89,70
12,90,18
12,91,17
12,92,98
12,93,42
12,94,40
12,95,39
12,96,-1
12,97,-1
12,98,18
12,99,14
12,100,30
12,101,42
12,102,19
12,103,30
12,104,13
12,105,13
12,106,13
12,107,14
12,108,16
12,109,10
12,110,10
12,111,19
12,112,18
12,113,27
12,114,26
12,115,26
12,116,-1
12,117,13
12,118,13
12,119,-1
12,120,-1
12,121,-1
12,122,20
12,123,20
12,124,16
12,125,-1
12,126,-1
12,127,-1
12,128,-1
12,129,-1
12,130,-1
12,131,-1
12,132,9
12,133,9
12,134,-1
12,135,9
12,136,10
12,137,-1
12,138,-1
12,139,-1
12,140,-1
12,141,17
12,142,18
12,143,32
12,144,14
12,145,42
12,146,-1
12,147,-1
12,148,58
12,149,24
12,150,16
12,151,17
12,152,19
12,153,20
12,154,23
12,155,-1
12,156,-1
12,157,22
12,158,26
12,159,99
12,160,20
12,161,-1
12,162,14
12,163,19
12,164,9
12,165,9
12,166,-1
12,167,13
12,168,15
12,169,15
12,170,16
12,171,62
12,172,27
12,173,-1
12,174,-1
12,175,10
12,176,9
12,177,20
12,178,27
12,179,62
12,180,64
12,181,-1
12,182,71
12,183,71
12,184,20
12,185,20
12,186,19
12,187,20
12,188,20
12,189,26
12,190,26
12,191,-1
12,192,11
12,193,38
12,194,40
12,195,38
12,196,40
12,197,39
12,198,41
12,199,39
12,200,39
12,201,38
12,202,23
12,203,19
12,204,-1
12,205,74
12,206,24
12,207,24
12,208,24
12,209,17
12,210,-1
12,211,-1
12,212,-1
12,213,17
12,214,19
12,215,63
12,216,63
12,217,63
12,218,14
12,219,13
12,220,73
12,221,38
12,222,-1
12,223,20
12,224,20
12,225,-1
12,226,-1
12,227,27
12,228,36
12,229,28
12,230,27
12,231,-1
12,232,51
12,233,52
12,234,14
12,235,21
12,236,22
12,237,12
12,238,-1
12,239,-1
12,240,21
12,241,20
12,242,-1
12,243,18
12,244,16
12,245,-1
12,246,-1
12,247,-1
12,248,-1
12,249,24
12,250,14
12,251,14
12,252,18
12,253,18
12,254,10
12,255,-1
12,256,-1
12,257,-1
12,258,-1
12,259,-1
12,260,-1
12,261,14
12,262,24
12,263,26
12,264,35
12,265,258
12,266,261
12,267,261
12,268,261
12,269,-1
12,270,-1
12,271,-1
12,272,27
12,273,-1
12,274,-1
12,275,-1
12,276,19
12,277,-1
12,278,-1
12,279,-1
12,280,-1
12,281,12
12,282,13
12,283,-1
12,284,12
12,285,20
12,286,-1
12,287,19
12,288,-1
12,289,18
12,290,20
12,291,19
12,292,19
12,293,19
12,294,19
12,295,20
12,296,20
12,297,20
12,298,19
12,299,33
12,300,-1
12,301,-1
12,302,10
12,303,-1
12,304,-1
12,305,-1
12,306,25
12,307,28
12,308,71
12,309,31
12,310,33
12,311,17
12,312,18
12,313,16
12,314,15
12,315,-1
12,316,-1
12,317,14
12,318,14
12,319,13
12,320,17
12,321,17
12,322,17
12,323,15
12,324,13
12,325,21
12,326,14
12,327,30
12,328,-1
12,329,-1
12,330,40
12,331,29
12,332,61
12,333,-1
12,334,-1
12,335,72
12,336,-1
12,337,14
12,338,-1
12,339,67
12,340,20
12,341,27
12,342,18
12,343,20
12,344,-1
12,345,-1
12,346,-1
12,347,163
12,348,23
12,349,20
12,350,-1
13,0,0
13,1,0
13,2,0
13,3,0
13,4,0
13,5,0
13,6,0
13,7,0
13,8,0
13,9,0
13,10,0
13,11,0
13,12,-1
13,13,0
13,14,-1
13,15,-1
13,16,-1
13,17,-1
13,18,18
13,19,100
13,20,-1
13,21,47
13,22,24
13,23,11
13,24,11
13,25,13
13,26,12
13,27,42
13,28,262
13,29,262
13,30,261
13,31,262
13,32,-1
13,33,-1
13,34,-1
13,35,38
13,36,16
13,37,-1
13,38,-1
13,39,-1
13,40,-1
13,41,-1
13,42,-1
13,43,13
13,44,-1
13,45,122
13,46,58
13,47,-1
13,48,-1
13,49,23
13,50,22
13,51,9
13,52,41
13,53,-1
13,54,-1
13,55,-1
13,56,42
13,57,20
13,58,14
13,59,20
13,60,12
13,61,24
13,62,30
13,63,105
13,64,24
13,65,-1
13,66,-1
13,67,24
13,68,32
13,69,28
13,70,15
13,71,12
13,72,37
13,73,8
13,74,7
13,75,38
13,76,39
13,77,39
13,78,36
13,79,36
13,80,37
13,81,53
13,82,27
13,83,133
13,84,-1
13,85,19
13,86,-1
13,87,21
13,88,21
13,89,71
13,90,17
13,91,18
13,92,99
13,93,43
13,94,40
13,95,39
13,96,-1
13,97,-1
13,98,19
13,99,18
13,100,31
13,101,42
13,102,18
13,103,31
13,104,11
13,105,12
13,106,12
13,107,16
13,108,18
13,109,8
13,110,9
13,111,17
13,112,22
13,113,28
13,114,27
13,115,27
13,116,17
13,117,11
13,118,11
13,119,-1
13,120,-1
13,121,-1
13,122,18
13,123,23
13,124,18
13,125,-1
13,126,-1
13,127,-1
13,128,-1
13,129,-1
13,130,-1
13,131,-1
13,132,14
13,133,14
13,134,-1
13,135,7
13,136,8
13,137,-1
13,138,17
13,139,-1
13,140,-1
13,141,18
13,142,19
13,143,33
13,144,18
13,145,43
13,146,-1
13,147,-1
13,148,59
13,149,25
13,150,14
13,151,21
13,152,22
13,153,21
13,154,21
13,155,-1
13,156,-1
13,157,28
13,158,27
13,159,100
13,160,24
13,161,-1
13,162,12
13,163,20
13,164,-1
13,165,-1
13,166,-1
13,167,11
13,168,15
13,169,15
13,170,15
13,171,93
13,172,30
13,173,-1
13,174,-1
13,175,-1
13,176,11
13,177,18
13,178,28
13,179,93
13,180,65
13,181,-1
13,182,72
13,183,72
13,184,19
13,185,19
13,186,20
13,187,20
13,188,20
13,189,27
13,190,27
13,191,-1
13,192,15
13,193,22
13,194,24
13,195,22
13,196,24
13,197,23
13,198,25
13,199,23
13,200,23
13,201,22
13,202,24
13,203,18
13,204,-1
13,205,75
13,206,23
13,207,23
13,208,23
13,209,15
13,210,-1
13,211,-1
13,212,-1
13,213,20
13,214,31
13,215,45
13,216,45
13,217,45
13,218,17
13,219,17
13,220,74
13,221,33
13,222,6
13,223,18
13,224,18
13,225,-1
13,226,-1
13,227,28
13,228,37
13,229,26
13,230,26
13,231,-1
13,232,57
13,233,58
13,234,14
13,235,20
13,236,21
13,237,10
13,238,12
13,239,11
13,240,20
13,241,19
13,242,-1
13,243,19
13,244,-1
13,245,-1
13,246,-1
13,247,-1
13,248,-1
13,249,25
13,250,18
13,251,18
13,252,22
13,253,22
13,254,8
13,255,-1
13,256,-1
13,257,-1
13,258,-1
13,259,-1
13,260,-1
13,261,23
13,262,25
13,263,27
13,264,36
13,265,260
13,266,263
13,267,263
13,268,263
13,269,-1
13,270,-1
13,271,-1
13,272,28
13,273,-1
13,274,-1
13,275,-1
13,276,20
13,277,-1
13,278,-1
13,279,-1
13,280,-1
13,281,10
13,282,11
13,283,-1
13,284,10
13,285,31
13,286,-1
13,287,-1
13,288,-1
13,289,19
13,290,21
13,291,19
13,292,19
13,293,19
13,294,18
13,295,18
13,296,19
13,297,32
13,298,32
13,299,34
13,300,8
13,301,8
13,302,8
13,303,-1
13,304,-1
13,305,-1
13,306,23
13,307,26
13,308,72
13,309,26
13,310,28
13,311,21
13,312,21
13,313,16
13,314,19
13,315,-1
13,316,-1
13,317,16
13,318,15
13,319,17
13,320,18
13,321,18
13,322,15
13,323,14
13,324,-1
13,325,19
13,326,13
13,327,31
13,328,-1
13,329,24
13,330,24
13,331,27
13,332,43
13,333,20
13,334,-1
13,335,73
13,336,-1
13,337,-1
13,338,-1
13,339,84
13,340,23
13,341,30
13,342,16
13,343,23
13,344,-1
13,345,-1
13,346,-1
13,347,133
13,348,26
13,349,23
13,350,-1
14,0,0
14,1,0
14,2,0
14,3,0
14,4,0
14,5,0
14,6,0
14,7,0
14,8,0
14,9,0
14,10,0
14,11,0
14,12,-1
14,13,-1
14,14,0
14,15,-1
14,16,-1
14,17,-1
14,18,18
14,19,99
14,20,-1
14,21,56
14,22,19
14,23,11
14,24,12
14,25,14
14,26,13
14,27,41
14,28,261
14,29,261
14,30,260
14,31,261
14,32,-1
14,33,-1
14,34,-1
14,35,38
14,36,17
14,37,-1
14,38,-1
14,39,-1
14,40,-1
14,41,13
14,42,-1
14,43,14
14,44,-1
14,45,111
14,46,82
14,47,-1
14,48,-1
14,49,38
14,50,37
14,51,12
14,52,41
14,53,-1
14,54,-1
14,55,-1
14,56,41
14,57,16
14,58,-1
14,59,18
14,60,9
14,61,23
14,62,33
14,63,94
14,64,39
14,65,-1
14,66,-1
14,67,27
14,68,49
14,69,31
14,70,18
14,71,15
14,72,37
14,73,11
14,74,10
14,75,38
14,76,38
14,77,38
14,78,36
14,79,36
14,80,37
14,81,54
14,82,27
14,83,163
14,84,-1
14,85,22
14,86,-1
14,87,24
14,88,24
14,89,76
14,90,15
14,91,16
14,92,98
14,93,42
14,94,40
14,95,39
14,96,-1
14,97,-1
14,98,17
14,99,15
14,100,30
14,101,42
14,102,28
14,103,31
14,104,14
14,105,-1
14,106,-1
14,107,-1
14,108,21
14,109,11
14,110,12
14,111,19
14,112,15
14,113,28
14,114,27
14,115,27
14,116,-1
14,117,-1
14,118,-1
14,119,-1
14,120,-1
14,121,-1
14,122,20
14,123,20
14,124,16
14,125,-1
14,126,-1
14,127,-1
14,128,-1
14,129,-1
14,130,-1
14,131,-1
14,132,11
14,133,11
14,134,-1
14,135,10
14,136,11
14,137,-1
14,138,-1
14,139,-1
14,140,-1
14,141,16
14,142,17
14,143,32
14,144,15
14,145,42
14,146,-1
14,147,-1
14,148,71
14,149,25
14,150,16
14,151,18
14,152,19
14,153,21
14,154,23
14,155,-1
14,156,-1
14,157,33
14,158,27
14,159,99
14,160,21
14,161,-1
14,162,9
14,163,18
14,164,11
14,165,11
14,166,-1
14,167,14
14,168,15
14,169,15
14,170,16
14,171,78
14,172,27
14,173,-1
14,174,-1
14,175,-1
14,176,8
14,177,20
14,178,28
14,179,78
14,180,69
14,181,-1
14,182,78
14,183,78
14,184,20
14,185,20
14,186,19
14,187,20
14,188,20
14,189,26
14,190,26
14,191,-1
14,192,18
14,193,-1
14,194,-1
14,195,-1
14,196,-1
14,197,-1
14,198,-1
14,199,-1
14,200,-1
14,201,-1
14,202,23
14,203,20
14,204,-1
14,205,80
14,206,24
14,207,24
14,208,24
14,209,17
14,210,-1
14,211,-1
14,212,-1
14,213,17
14,214,19
14,215,53
14,216,53
14,217,53
14,218,14
14,219,14
14,220,79
14,221,38
14,222,-1
14,223,20
14,224,20
14,225,-1
14,226,-1
14,227,28
14,228,37
14,229,-1
14,230,-1
14,231,-1
14,232,56
14,233,57
14,234,14
14,235,22
14,236,22
14,237,13
14,238,-1
14,239,-1
14,240,22
14,241,21
14,242,-1
14,243,25
14,244,17
14,245,-1
14,246,-1
14,247,-1
14,248,-1
14,249,25
14,250,15
14,251,15
14,252,19
14,253,19
14,254,11
14,255,-1
14,256,-1
14,257,-1
14,258,-1
14,259,-1
14,260,-1
14,261,15
14,262,25
14,263,27
14,264,35
14,265,259
14,266,262
14,267,262
14,268,262
14,269,-1
14,270,-1
14,271,-1
14,272,27
14,273,-1
14,274,-1
14,275,-1
14,276,19
14,277,-1
14,278,-1
14,279,-1
14,280,-1
14,281,13
14,282,14
14,283,-1
14,284,13
14,285,21
14,286,-1
14,287,20
14,288,-1
14,289,19
14,290,21
14,291,20
14,292,20
14,293,20
14,294,20
14,295,21
14,296,22
14,297,21
14,298,20
14,299,33
14,300,-1
14,301,-1
14,302,11
14,303,-1
14,304,-1
14,305,-1
14,306,25
14,307,29
14,308,79
14,309,32
14,310,33
14,311,18
14,312,18
14,313,17
14,314,16
14,315,-1
14,316,-1
14,317,15
14,318,15
14,319,14
14,320,18
14,321,18
14,322,18
14,323,15
14,324,14
14,325,21
14,326,14
14,327,31
14,328,-1
14,329,-1
14,330,-1
14,331,30
14,332,51
14,333,-1
14,334,-1
14,335,91
14,336,-1
14,337,17
14,338,-1
14,339,91
14,340,20
14,341,27
14,342,-1
14,343,20
14,344,-1
14,345,-1
14,346,-1
14,347,163
14,348,23
14,349,20
14,350,-1
15,0,0
15,1,0
15,2,0
15,3,0
15,4,0
15,5,0
15,6,0
15,7,0
15,8,0
15,9,0
15,10,0
15,11,0
15,12,-1
15,13,-1
15,14,-1
15,15,0
15,16,-1
15,17,-1
15,18,19
15,19,98
15,20,-1
15,21,55
15,22,25
15,23,12
15,24,13
15,25,14
15,26,14
15,27,40
15,28,260
15,29,260
15,30,259
15,31,260
15,32,-1
15,33,-1
15,34,-1
15,35,37
15,36,18
15,37,-1
15,38,-1
15,39,-1
15,40,-1
15,41,-1
15,42,-1
15,43,15
15,44,-1
15,45,124
15,46,81
15,47,-1
15,48,-1
15,49,25
15,50,24
15,51,10
15,52,40
15,53,-1
15,54,-1
15,55,-1
15,56,40
15,57,16
15,58,-1
15,59,21
15,60,10
15,61,22
15,62,33
15,63,107
15,64,26
15,65,-1
15,66,-1
15,67,25
15,68,34
15,69,33
15,70,16
15,71,13
15,72,36
15,73,9
15,74,8
15,75,37
15,76,37
15,77,37
15,78,35
15,79,35
15,80,36
15,81,53
15,82,26
15,83,162
15,84,-1
15,85,20
15,86,-1
15,87,22
15,88,22
15,89,67
15,90,10
15,91,11
15,92,97
15,93,41
15,94,39
15,95,38
15,96,-1
15,97,-1
15,98,17
15,99,13
15,100,29
15,101,41
15,102,18
15,103,30
15,104,12
15,105,13
15,106,13
15,107,17
15,108,19
15,109,9
15,110,10
15,111,18
15,112,13
15,113,27
15,114,26
15,115,26
15,116,-1
15,117,12
15,118,12
15,119,-1
15,120,-1
15,121,-1
15,122,19
15,123,19
15,124,15
15,125,-1
15,126,-1
15,127,-1
15,128,-1
15,129,-1
15,130,-1
15,131,-1
15,132,8
15,133,8
15,134,-1
15,135,8
15,136,9
15,137,-1
15,138,-1
15,139,-1
15,140,-1
15,141,17
15,142,18
15,143,31
15,144,13
15,145,41
15,146,-1
15,147,-1
15,148,63
15,149,24
15,150,15
15,151,16
15,152,18
15,153,19
15,154,23
15,155,-1
15,156,-1
15,157,32
15,158,26
15,159,98
15,160,18
15,161,-1
15,162,6
15,163,15
15,164,8
15,165,8
15,166,-1
15,167,12
15,168,14
15,169,14
15,170,15
15,171,77
15,172,26
15,173,-1
15,174,-1
15,175,10
15,176,9
15,177,19
15,178,27
15,179,77
15,180,64
15,181,-1
15,182,67
15,183,68
15,184,19
15,185,19
15,186,18
15,187,19
15,188,19
15,189,25
15,190,25
15,191,-1
15,192,16
15,193,24
15,194,26
15,195,24
15,196,26
15,197,25
15,198,27
15,199,25
15,200,25
15,201,24
15,202,22
15,203,17
15,204,-1
15,205,77
15,206,23
15,207,23
15,208,23
15,209,16
15,210,-1
15,211,-1
15,212,-1
15,213,16
15,214,18
15,215,47
15,216,47
15,217,47
15,218,13
15,219,12
15,220,75
15,221,37
15,222,6
15,223,19
15,224,19
15,225,-1
15,226,-1
15,227,27
15,228,36
15,229,27
15,230,26
15,231,-1
15,232,55
15,233,56
15,234,13
15,235,22
15,236,21
15,237,11
15,238,13
15,239,13
15,240,22
15,241,21
15,242,-1
15,243,18
15,244,16
15,245,-1
15,246,-1
15,247,-1
15,248,-1
15,249,24
15,250,12
15,251,13
15,252,17
15,253,18
15,254,9
15,255,-1
15,256,-1
15,257,-1
15,258,-1
15,259,-1
15,260,-1
15,261,12
15,262,24
15,263,26
15,264,34
15,265,258
15,266,261
15,267,261
15,268,261
15,269,-1
15,270,-1
15,271,-1
15,272,26
15,273,-1
15,274,-1
15,275,-1
15,276,18
15,277,-1
15,278,-1
15,279,-1
15,280,-1
15,281,11
15,282,12
15,283,-1
15,284,11
15,285,23
15,286,-1
15,287,18
15,288,-1
15,289,18
15,290,20
15,291,18
15,292,18
15,293,18
15,294,20
15,295,21
15,296,21
15,297,23
15,298,18
15,299,32
15,300,9
15,301,9
15,302,9
15,303,-1
15,304,-1
15,305,-1
15,306,24
15,307,27
15,308,68
15,309,30
15,310,32
15,311,16
15,312,17
15,313,15
15,314,14
15,315,-1
15,316,-1
15,317,13
15,318,13
15,319,12
15,320,17
15,321,17
15,322,16
15,323,14
15,324,13
15,325,20
15,326,13
15,327,30
15,328,-1
15,329,-1
15,330,-1
15,331,28
15,332,91
15,333,-1
15,334,-1
15,335,72
15,336,-1
15,337,16
15,338,-1
15,339,81
15,340,19
15,341,26
15,342,17
15,343,19
15,344,-1
15,345,-1
15,346,-1
15,347,162
15,348,22
15,349,19
15,350,-1
16,0,0
16,1,0
16,2,0
16,3,0
16,4,0
16,5,0
16,6,0
16,7,0
16,8,0
16,9,0
16,10,0
16,11,0
16,12,-1
16,13,-1
16,14,-1
16,15,-1
16,16,0
16,17,-1
16,18,18
16,19,99
16,20,-1
16,21,56
16,22,24
16,23,11
16,24,11
16,25,13
16,26,12
16,27,41
16,28,260
16,29,260
16,30,259
16,31,260
16,32,-1
16,33,-1
16,34,-1
16,35,38
16,36,16
16,37,-1
16,38,-1
16,39,-1
16,40,-1
16,41,11
16,42,-1
16,43,14
16,44,-1
16,45,111
16,46,82
16,47,-1
16,48,-1
16,49,-1
16,50,-1
16,51,11
16,52,41
16,53,-1
16,54,-1
16,55,-1
16,56,41
16,57,16
16,58,-1
16,59,19
16,60,7
16,61,23
16,62,34
16,63,94
16,64,-1
16,65,-1
16,66,-1
16,67,26
16,68,57
16,69,33
16,70,17
16,71,14
16,72,37
16,73,10
16,74,9
16,75,38
16,76,38
16,77,38
16,78,36
16,79,36
16,80,37
16,81,54
16,82,27
16,83,163
16,84,-1
16,85,21
16,86,-1
16,87,23
16,88,23
16,89,68
16,90,11
16,91,12
16,92,98
16,93,42
16,94,40
16,95,39
16,96,-1
16,97,-1
16,98,17
16,99,14
16,100,30
16,101,42
16,102,19
16,103,31
16,104,13
16,105,14
16,106,14
16,107,18
16,108,20
16,109,10
16,110,11
16,111,19
16,112,14
16,113,28
16,114,27
16,115,27
16,116,-1
16,117,13
16,118,13
16,119,-1
16,120,-1
16,121,-1
16,122,20
16,123,20
16,124,16
16,125,-1
16,126,-1
16,127,-1
16,128,-1
16,129,-1
16,130,-1
16,131,-1
16,132,10
16,133,10
16,134,-1
16,135,9
16,136,10
16,137,-1
16,138,-1
16,139,-1
16,140,-1
16,141,17
16,142,18
16,143,32
16,144,14
16,145,42
16,146,-1
16,147,-1
16,148,64
16,149,25
16,150,16
16,151,17
16,152,19
16,153,20
16,154,22
16,155,-1
16,156,-1
16,157,33
16,158,27
16,159,99
16,160,19
16,161,-1
16,162,7
16,163,16
16,164,9
16,165,9
16,166,-1
16,167,13
16,168,15
16,169,15
16,170,16
16,171,78
16,172,27
16,173,-1
16,174,-1
16,175,11
16,176,9
16,177,20
16,178,28
16,179,78
16,180,65
16,181,-1
16,182,68
16,183,69
16,184,20
16,185,20
16,186,19
16,187,20
16,188,20
16,189,26
16,190,26
16,191,-1
16,192,17
16,193,-1
16,194,-1
16,195,-1
16,196,-1
16,197,-1
16,198,-1
16,199,-1
16,200,-1
16,201,-1
16,202,23
16,203,19
16,204,-1
16,205,78
16,206,24
16,207,24
16,208,24
16,209,17
16,210,-1
16,211,-1
16,212,-1
16,213,17
16,214,19
16,215,94
16,216,94
16,217,94
16,218,14
16,219,13
16,220,76
16,221,35
16,222,-1
16,223,20
16,224,20
16,225,-1
16,226,-1
16,227,28
16,228,37
16,229,28
16,230,27
16,231,-1
16,232,56
16,233,57
16,234,14
16,235,21
16,236,22
16,237,12
16,238,-1
16,239,-1
16,240,21
16,241,20
16,242,-1
16,243,18
16,244,-1
16,245,-1
16,246,-1
16,247,-1
16,248,-1
16,249,25
16,250,14
16,251,14
16,252,18
16,253,18
16,254,10
16,255,-1
16,256,-1
16,257,-1
16,258,-1
16,259,-1
16,260,-1
16,261,14
16,262,25
16,263,27
16,264,35
16,265,258
16,266,261
16,267,261
16,268,261
16,269,-1
16,270,-1
16,271,-1
16,272,27
16,273,-1
16,274,-1
16,275,-1
16,276,19
16,277,-1
16,278,-1
16,279,-1
16,280,-1
16,281,12
16,282,13
16,283,-1
16,284,12
16,285,20
16,286,-1
16,287,19
16,288,-1
16,289,18
16,290,20
16,291,19
16,292,19
16,293,19
16,294,19
16,295,20
16,296,20
16,297,20
16,298,19
16,299,33
16,300,-1
16,301,-1
16,302,10
16,303,-1
16,304,-1
16,305,-1
16,306,25
16,307,28
16,308,69
16,309,28
16,310,30
16,311,17
16,312,18
16,313,16
16,314,15
16,315,-1
16,316,-1
16,317,15
16,318,14
16,319,24
16,320,19
16,321,-1
16,322,17
16,323,13
16,324,-1
16,325,18
16,326,12
16,327,31
16,328,-1
16,329,-1
16,330,-1
16,331,29
16,332,92
16,333,-1
16,334,-1
16,335,73
16,336,-1
16,337,-1
16,338,-1
16,339,82
16,340,17
16,341,26
16,342,18
16,343,19
16,344,-1
16,345,-1
16,346,-1
16,347,163
16,348,23
16,349,17
16,350,-1
17,0,0
17,1,0
17,2,0
17,3,0
17,4,0
17,5,0
17,6,0
17,7,0
17,8,0
17,9,0
17,10,0
17,11,0
17,12,-1
17,13,-1
17,14,-1
17,15,-1
17,16,-1
17,17,0
17,18,17
17,19,98
17,20,-1
17,21,55
17,22,18
17,23,15
17,24,15
17,25,13
17,26,12
17,27,40
17,28,259
17,29,259
17,30,258
17,31,259
17,32,-1
17,33,-1
17,34,17
17,35,37
17,36,21
17,37,-1
17,38,-1
17,39,-1
17,40,-1
17,41,14
17,42,-1
17,43,19
17,44,-1
17,45,110
17,46,81
17,47,17
17,48,-1
17,49,-1
17,50,-1
17,51,-1
17,52,40
17,53,-1
17,54,-1
17,55,-1
17,56,40
17,57,-1
17,58,-1
17,59,20
17,60,11
17,61,22
17,62,31
17,63,93
17,64,-1
17,65,-1
17,66,-1
17,67,26
17,68,77
17,69,30
17,70,17
17,71,14
17,72,36
17,73,10
17,74,9
17,75,37
17,76,37
17,77,37
17,78,35
17,79,35
17,80,36
17,81,52
17,82,36
17,83,162
17,84,-1
17,85,20
17,86,-1
17,87,23
17,88,24
17,89,67
17,90,17
17,91,17
17,92,97
17,93,41
17,94,39
17,95,38
17,96,9
17,97,-1
17,98,18
17,99,18
17,100,29
17,101,41
17,102,16
17,103,40
17,104,13
17,105,14
17,106,14
17,107,-1
17,108,21
17,109,10
17,110,11
17,111,15
17,112,22
17,113,37
17,114,36
17,115,36
17,116,-1
17,117,13
17,118,13
17,119,-1
17,120,-1
17,121,-1
17,122,16
17,123,21
17,124,16
17,125,4
17,126,11
17,127,-1
17,128,7
17,129,-1
17,130,-1
17,131,-1
17,132,13
17,133,13
17,134,-1
17,135,-1
17,136,-1
17,137,10
17,138,-1
17,139,10
17,140,8
17,141,18
17,142,19
17,143,31
17,144,22
17,145,41
17,146,-1
17,147,-1
17,148,63
17,149,34
17,150,12
17,151,22
17,152,23
17,153,24
17,154,26
17,155,-1
17,156,-1
17,157,30
17,158,36
17,159,98
17,160,24
17,161,-1
17,162,11
17,163,20
17,164,12
17,165,12
17,166,-1
17,167,-1
17,168,13
17,169,13
17,170,13
17,171,77
17,172,24
17,173,-1
17,174,18
17,175,11
17,176,10
17,177,16
17,178,37
17,179,77
17,180,64
17,181,-1
17,182,68
17,183,69
17,184,32
17,185,32
17,186,35
17,187,35
17,188,35
17,189,25
17,190,25
17,191,-1
17,192,19
17,193,-1
17,194,-1
17,195,-1
17,196,-1
17,197,-1
17,198,-1
17,199,-1
17,200,-1
17,201,-1
17,202,22
17,203,31
17,204,8
17,205,75
17,206,38
17,207,38
17,208,38
17,209,29
17,210,-1
17,211,-1
17,212,16
17,213,29
17,214,31
17,215,92
17,216,92
17,217,92
17,218,26
17,219,25
17,220,73
17,221,37
17,222,7
17,223,33
17,224,33
17,225,21
17,226,-1
17,227,37
17,228,56
17,229,30
17,230,30
17,231,27
17,232,55
17,233,56
17,234,26
17,235,27
17,236,36
17,237,-1
17,238,-1
17,239,-1
17,240,27
17,241,27
17,242,-1
17,243,29
17,244,18
17,245,18
17,246,17
17,247,-1
17,248,-1
17,249,34
17,250,16
17,251,17
17,252,24
17,253,24
17,254,-1
17,255,-1
17,256,14
17,257,13
17,258,13
17,259,12
17,260,12
17,261,18
17,262,34
17,263,36
17,264,34
17,265,257
17,266,260
17,267,260
17,268,260
17,269,-1
17,270,9
17,271,10
17,272,26
17,273,10
17,274,11
17,275,19
17,276,18
17,277,17
17,278,16
17,279,16
17,280,-1
17,281,-1
17,282,-1
17,283,-1
17,284,-1
17,285,24
17,286,21
17,287,22
17,288,21
17,289,22
17,290,24
17,291,22
17,292,22
17,293,22
17,294,26
17,295,25
17,296,25
17,297,21
17,298,21
17,299,32
17,300,-1
17,301,-1
17,302,-1
17,303,-1
17,304,-1
17,305,-1
17,306,21
17,307,31
17,308,69
17,309,11
17,310,13
17,311,21
17,312,20
17,313,20
17,314,18
17,315,-1
17,316,-1
17,317,14
17,318,13
17,319,18
17,320,21
17,321,21
17,322,-1
17,323,12
17,324,17
17,325,17
17,326,11
17,327,40
17,328,11
17,329,-1
17,330,-1
17,331,29
17,332,90
17,333,-1
17,334,9
17,335,81
17,336,14
17,337,18
17,338,18
17,339,68
17,340,16
17,341,25
17,342,-1
17,343,18
17,344,-1
17,345,19
17,346,-1
17,347,162
17,348,22
17,349,16
17,350,-1
18,0,0
18,1,0
18,2,0
18,3,0
18,4,0
18,5,0
18,6,0
18,7,0
18,8,0
18,9,0
18,10,0
18,11,0
18,12,18
18,13,18
18,14,18
18,15,19
18,16,18
18,17,17
18,18,0
18,19,131
18,20,-1
18,21,55
18,22,13
18,23,-1
18,24,-1
18,25,-1
18,26,-1
18,27,40
18,28,256
18,29,256
18,30,255
18,31,256
18,32,-1
18,33,-1
18,34,-1
18,35,41
18,36,-1
18,37,37
18,38,37
18,39,18
18,40,38
18,41,13
18,42,38
18,43,-1
18,44,21
18,45,284
18,46,63
18,47,-1
18,48,-1
18,49,-1
18,50,-1
18,51,19
18,52,44
18,53,34
18,54,34
18,55,34
18,56,40
18,57,26
18,58,21
18,59,37
18,60,14
18,61,22
18,62,43
18,63,54
18,64,-1
18,65,-1
18,66,-1
18,67,37
18,68,17
18,69,43
18,70,29
18,71,27
18,72,40
18,73,22
18,74,22
18,75,41
18,76,37
18,77,37
18,78,39
18,79,39
18,80,40
18,81,45
18,82,18
18,83,136
18,84,-1
18,85,31
18,86,-1
18,87,32
18,88,32
18,89,67
18,90,21
18,91,22
18,92,109
18,93,41
18,94,43
18,95,42
18,96,18
18,97,18
18,98,24
18,99,-1
18,100,29
18,101,45
18,102,-1
18,103,22
18,104,26
18,105,26
18,106,26
18,107,29
18,108,31
18,109,23
18,110,23
18,111,-1
18,112,14
18,113,19
18,114,18
18,115,18
18,116,36
18,117,26
18,118,26
18,119,25
18,120,26
18,121,26
18,122,11
18,123,-1
18,124,-1
18,125,25
18,126,12
18,127,33
18,128,20
18,129,24
18,130,17
18,131,24
18,132,13
18,133,13
18,134,26
18,135,19
18,136,17
18,137,17
18,138,24
18,139,17
18,140,20
18,141,24
18,142,24
18,143,31
18,144,-1
18,145,41
18,146,20
18,147,34
18,148,64
18,149,16
18,150,-1
18,151,-1
18,152,-1
18,153,-1
18,154,-1
18,155,21
18,156,21
18,157,36
18,158,18
18,159,131
18,160,-1
18,161,18
18,162,16
18,163,15
18,164,13
18,165,12
18,166,27
18,167,35
18,168,-1
18,169,-1
18,170,-1
18,171,59
18,172,-1
18,173,20
18,174,25
18,175,22
18,176,25
18,177,11
18,178,19
18,179,59
18,180,60
18,181,29
18,182,68
18,183,69
18,184,-1
18,185,-1
18,186,-1
18,187,-1
18,188,-1
18,189,32
18,190,32
18,191,-1
18,192,28
18,193,24
18,194,24
18,195,25
18,196,25
18,197,25
18,198,25
18,199,24
18,200,25
18,201,25
18,202,29
18,203,-1
18,204,20
18,205,75
18,206,-1
18,207,-1
18,208,-1
18,209,-1
18,210,21
18,211,22
18,212,22
18,213,-1
18,214,-1
18,215,32
18,216,32
18,217,32
18,218,-1
18,219,-1
18,220,73
18,221,41
18,222,20
18,223,11
18,224,11
18,225,31
18,226,33
18,227,19
18,228,37
18,229,34
18,230,34
18,231,18
18,232,55
18,233,56
18,234,-1
18,235,-1
18,236,-1
18,237,22
18,238,19
18,239,20
18,240,-1
18,241,-1
18,242,16
18,243,23
18,244,-1
18,245,-1
18,246,23
18,247,24
18,248,24
18,249,16
18,250,-1
18,251,-1
18,252,-1
18,253,-1
18,254,18
18,255,21
18,256,-1
18,257,-1
18,258,-1
18,259,-1
18,260,-1
18,261,10
18,262,16
18,263,18
18,264,34
18,265,254
18,266,257
18,267,257
18,268,257
18,269,23
18,270,20
18,271,21
18,272,33
18,273,21
18,274,-1
18,275,-1
18,276,25
18,277,21
18,278,22
18,279,22
18,280,27
18,281,23
18,282,24
18,283,21
18,284,23
18,285,-1
18,286,-1
18,287,-1
18,288,-1
18,289,-1
18,290,-1
18,291,-1
18,292,-1
18,293,-1
18,294,-1
18,295,-1
18,296,-1
18,297,-1
18,298,-1
18,299,32
18,300,22
18,301,22
18,302,22
18,303,21
18,304,19
18,305,20
18,306,-1
18,307,34
18,308,69
18,309,34
18,310,36
18,311,-1
18,312,-1
18,313,-1
18,314,-1
18,315,27
18,316,25
18,317,-1
18,318,-1
18,319,-1
18,320,-1
18,321,-1
18,322,28
18,323,-1
18,324,11
18,325,12
18,326,-1
18,327,22
18,328,16
18,329,22
18,330,23
18,331,36
18,332,30
18,333,27
18,334,17
18,335,81
18,336,15
18,337,-1
18,338,24
18,339,68
18,340,11
18,341,-1
18,342,30
18,343,-1
18,344,21
18,345,20
18,346,20
18,347,136
18,348,-1
18,349,11
18,350,37
19,0,0
19,1,0
19,2,0
19,3,0
19,4,0
19,5,0
19,6,0
19,7,0
19,8,0
19,9,0
19,10,0
19,11,0
19,12,99
19,13,100
19,14,99
19,15,98
19,16,99
19,17,98
19,18,131
19,19,0
19,20,199
19,21,120
19,22,142
19,23,140
19,24,140
19,25,138
19,26,137
19,27,155
19,28,279
19,29,279
19,30,278
19,31,279
19,32,196
19,33,184
19,34,183
19,35,199
19,36,145
19,37,206
19,38,206
19,39,183
19,40,207
19,41,179
19,42,207
19,43,149
19,44,182
19,45,307
19,46,128
19,47,192
19,48,188
19,49,197
19,50,197
19,51,182
19,52,213
19,53,204
19,54,204
19,55,204
19,56,116
19,57,187
19,58,182
19,59,201
19,60,150
19,61,161
19,62,191
19,63,307
19,64,195
19,65,188
19,66,188
19,67,185
19,68,202
19,69,186
19,70,184
19,71,186
19,72,218
19,73,186
19,74,185
19,75,219
19,76,108
19,77,108
19,78,208
19,79,208
19,80,208
19,81,206
19,82,221
19,83,284
19,84,192
19,85,186
19,86,192
19,87,183
19,88,183
19,89,61
19,90,152
19,91,153
19,92,153
19,93,122
19,94,199
19,95,213
19,96,184
19,97,179
19,98,157
19,99,142
19,100,116
19,101,196
19,102,141
19,103,225
19,104,189
19,105,191
19,106,190
19,107,186
19,108,186
19,109,186
19,110,187
19,111,139
19,112,147
19,113,222
19,114,221
19,115,221
19,116,184
19,117,189
19,118,189
19,119,179
19,120,179
19,121,180
19,122,140
19,123,144
19,124,140
19,125,185
19,126,179
19,127,198
19,128,182
19,129,179
19,130,177
19,131,179
19,132,175
19,133,175
19,134,177
19,135,183
19,136,181
19,137,179
19,138,185
19,139,179
19,140,183
19,141,157
19,142,157
19,143,113
19,144,146
19,145,123
19,146,180
19,147,200
19,148,74
19,149,219
19,150,136
19,151,146
19,152,148
19,153,148
19,154,151
19,155,182
19,156,182
19,157,185
19,158,221
19,159,-1
19,160,149
19,161,193
19,162,150
19,163,148
19,164,179
19,165,179
19,166,179
19,167,187
19,168,137
19,169,137
19,170,137
19,171,124
19,172,148
19,173,181
19,174,194
19,175,184
19,176,186
19,177,140
19,178,222
19,179,124
19,180,82
19,181,182
19,182,62
19,183,62
19,184,142
19,185,142
19,186,142
19,187,142
19,188,142
19,189,176
19,190,176
19,191,192
19,192,189
19,193,198
19,194,198
19,195,199
19,196,199
19,197,199
19,198,199
19,199,198
19,200,199
19,201,199
19,202,171
19,203,150
19,204,183
19,205,92
19,206,145
19,207,145
19,208,145
19,209,138
19,210,196
19,211,195
19,212,191
19,213,146
19,214,147
19,215,217
19,216,217
19,217,217
19,218,143
19,219,142
19,220,93
19,221,191
19,222,182
19,223,140
19,224,140
19,225,196
19,226,196
19,227,185
19,228,169
19,229,184
19,230,184
19,231,193
19,232,120
19,233,121
19,234,136
19,235,152
19,236,143
19,237,186
19,238,184
19,239,184
19,240,151
19,241,151
19,242,179
19,243,155
19,244,181
19,245,182
19,246,192
19,247,185
19,248,185
19,249,219
19,250,146
19,251,147
19,252,149
19,253,149
19,254,182
19,255,193
19,256,186
19,257,187
19,258,188
19,259,187
19,260,187
19,261,144
19,262,219
19,263,221
19,264,116
19,265,277
19,266,280
19,267,280
19,268,280
19,269,184
19,270,184
19,271,185
19,272,177
19,273,185
19,274,186
19,275,183
19,276,168
19,277,192
19,278,191
19,279,191
19,280,195
19,281,186
19,282,186
19,283,182
19,284,186
19,285,148
19,286,185
19,287,183
19,288,185
19,289,183
19,290,185
19,291,183
19,292,183
19,293,183
19,294,150
19,295,150
19,296,149
19,297,146
19,298,146
19,299,116
19,300,183
19,301,183
19,302,184
19,303,182
19,304,180
19,305,181
19,306,146
19,307,184
19,308,63
19,309,184
19,310,186
19,311,146
19,312,145
19,313,181
19,314,150
19,315,196
19,316,197
19,317,138
19,318,138
19,319,142
19,320,182
19,321,182
19,322,186
19,323,135
19,324,178
19,325,141
19,326,134
19,327,187
19,328,182
19,329,195
19,330,196
19,331,186
19,332,215
19,333,188
19,334,185
19,335,112
19,336,182
19,337,181
19,338,193
19,339,133
19,340,140
19,341,149
19,342,185
19,343,142
19,344,193
19,345,191
19,346,193
19,347,284
19,348,146
19,349,140
19,350,206
20,0,0
20,1,0
20,2,0
20,3,0
20,4,0
20,5,0
20,6,0
20,7,0
20,8,0
20,9,0
20,10,0
20,11,0
20,12,-1
20,13,-1
20,14,-1
20,15,-1
20,16,-1
20,17,-1
20,18,-1
20,19,199
20,20,0
20,21,45
20,22,44
20,23,26
20,24,26
20,25,31
20,26,32
20,27,61
20,28,276
20,29,276
20,30,275
20,31,276
20,32,-1
20,33,11
20,34,14
20,35,24
20,36,21
20,37,-1
20,38,-1
20,39,-1
20,40,-1
20,41,-1
20,42,-1
20,43,18
20,44,-1
20,45,297
20,46,53
20,47,-1
20,48,-1
20,49,-1
20,50,-1
20,51,24
20,52,27
20,53,-1
20,54,-1
20,55,-1
20,56,49
20,57,28
20,58,-1
20,59,42
20,60,26
20,61,55
20,62,23
20,63,67
20,64,-1
20,65,-1
20,66,-1
20,67,17
20,68,38
20,69,19
20,70,15
20,71,17
20,72,23
20,73,21
20,74,22
20,75,24
20,76,34
20,77,34
20,78,22
20,79,22
20,80,23
20,81,59
20,82,38
20,83,119
20,84,-1
20,85,17
20,86,-1
20,87,15
20,88,15
20,89,76
20,90,-1
20,91,-1
20,92,138
20,93,40
20,94,26
20,95,25
20,96,-1
20,97,-1
20,98,43
20,99,23
20,100,38
20,101,28
20,102,24
20,103,42
20,104,22
20,105,22
20,106,21
20,107,17
20,108,17
20,109,22
20,110,22
20,111,38
20,112,33
20,113,39
20,114,38
20,115,38
20,116,31
20,117,20
20,118,20
20,119,-1
20,120,-1
20,121,-1
20,122,43
20,123,41
20,124,25
20,125,-1
20,126,-1
20,127,-1
20,128,-1
20,129,-1
20,130,-1
20,131,-1
20,132,-1
20,133,-1
20,134,-1
20,135,25
20,136,26
20,137,-1
20,138,32
20,139,-1
20,140,-1
20,141,43
20,142,43
20,143,34
20,144,20
20,145,40
20,146,-1
20,147,-1
20,148,66
20,149,36
20,150,37
20,151,20
20,152,18
20,153,18
20,154,18
20,155,-1
20,156,-1
20,157,19
20,158,38
20,159,181
20,160,17
20,161,-1
20,162,26
20,163,34
20,164,-1
20,165,-1
20,166,-1
20,167,-1
20,168,34
20,169,34
20,170,34
20,171,49
20,172,48
20,173,-1
20,174,-1
20,175,-1
20,176,-1
20,177,43
20,178,39
20,179,49
20,180,68
20,181,-1
20,182,77
20,183,77
20,184,23
20,185,23
20,186,31
20,187,31
20,188,32
20,189,47
20,190,47
20,191,-1
20,192,20
20,193,-1
20,194,-1
20,195,-1
20,196,-1
20,197,-1
20,198,-1
20,199,-1
20,200,-1
20,201,-1
20,202,44
20,203,15
20,204,-1
20,205,81
20,206,44
20,207,44
20,208,44
20,209,27
20,210,-1
20,211,-1
20,212,-1
20,213,20
20,214,19
20,215,27
20,216,27
20,217,27
20,218,24
20,219,24
20,220,80
20,221,24
20,222,-1
20,223,43
20,224,43
20,225,-1
20,226,-1
20,227,39
20,228,48
20,229,17
20,230,17
20,231,-1
20,232,45
20,233,46
20,234,34
20,235,17
20,236,42
20,237,24
20,238,25
20,239,25
20,240,17
20,241,17
20,242,-1
20,243,41
20,244,15
20,245,15
20,246,-1
20,247,-1
20,248,-1
20,249,36
20,250,20
20,251,20
20,252,16
20,253,16
20,254,25
20,255,-1
20,256,-1
20,257,-1
20,258,-1
20,259,-1
20,260,-1
20,261,26
20,262,36
20,263,38
20,264,33
20,265,274
20,266,277
20,267,277
20,268,277
20,269,-1
20,270,-1
20,271,-1
20,272,48
20,273,-1
20,274,-1
20,275,13
20,276,40
20,277,-1
20,278,-1
20,279,-1
20,280,-1
20,281,-1
20,282,-1
20,283,-1
20,284,-1
20,285,18
20,286,11
20,287,12
20,288,-1
20,289,13
20,290,16
20,291,14
20,292,14
20,293,14
20,294,16
20,295,16
20,296,16
20,297,20
20,298,20
20,299,42
20,300,-1
20,301,-1
20,302,-1
20,303,-1
20,304,-1
20,305,-1
20,306,26
20,307,17
20,308,78
20,309,17
20,310,19
20,311,20
20,312,21
20,313,15
20,314,17
20,315,-1
20,316,-1
20,317,28
20,318,27
20,319,24
20,320,14
20,321,13
20,322,17
20,323,37
20,324,18
20,325,44
20,326,35
20,327,42
20,328,-1
20,329,-1
20,330,-1
20,331,19
20,332,25
20,333,-1
20,334,-1
20,335,96
20,336,-1
20,337,16
20,338,-1
20,339,58
20,340,43
20,341,50
20,342,16
20,343,37
20,344,-1
20,345,-1
20,346,-1
20,347,119
20,348,43
20,349,43
20,350,-1
21,0,0
21,1,0
21,2,0
21,3,0
21,4,0
21,5,0
21,6,0
21,7,0
21,8,0
21,9,0
21,10,0
21,11,0
21,12,55
21,13,47
21,14,56
21,15,55
21,16,56
21,17,55
21,18,55
21,19,120
21,20,45
21,21,0
21,22,23
21,23,21
21,24,21
21,25,19
21,26,18
21,27,45
21,28,245
21,29,245
21,30,244
21,31,245
21,32,47
21,33,35
21,34,34
21,35,50
21,36,26
21,37,58
21,38,58
21,39,34
21,40,57
21,41,30
21,42,57
21,43,29
21,44,33
21,45,54
21,46,9
21,47,43
21,48,39
21,49,48
21,50,48
21,51,33
21,52,64
21,53,56
21,54,56
21,55,56
21,56,38
21,57,38
21,58,33
21,59,52
21,60,29
21,61,40
21,62,42
21,63,37
21,64,46
21,65,39
21,66,39
21,67,36
21,68,83
21,69,37
21,70,35
21,71,37
21,72,49
21,73,37
21,74,36
21,75,50
21,76,16
21,77,16
21,78,59
21,79,59
21,80,59
21,81,57
21,82,72
21,83,175
21,84,43
21,85,37
21,86,43
21,87,34
21,88,34
21,89,76
21,90,33
21,91,34
21,92,133
21,93,51
21,94,50
21,95,64
21,96,35
21,97,30
21,98,38
21,99,23
21,100,11
21,101,47
21,102,22
21,103,76
21,104,40
21,105,42
21,106,41
21,107,37
21,108,37
21,109,37
21,110,38
21,111,20
21,112,28
21,113,73
21,114,72
21,115,72
21,116,35
21,117,40
21,118,40
21,119,30
21,120,30
21,121,31
21,122,21
21,123,25
21,124,21
21,125,36
21,126,30
21,127,49
21,128,33
21,129,30
21,130,28
21,131,30
21,132,26
21,133,26
21,134,28
21,135,34
21,136,32
21,137,30
21,138,36
21,139,30
21,140,34
21,141,38
21,142,38
21,143,10
21,144,27
21,145,51
21,146,31
21,147,51
21,148,90
21,149,70
21,150,17
21,151,27
21,152,29
21,153,29
21,154,32
21,155,33
21,156,33
21,157,36
21,158,72
21,159,137
21,160,30
21,161,44
21,162,29
21,163,29
21,164,30
21,165,30
21,166,30
21,167,38
21,168,18
21,169,18
21,170,18
21,171,5
21,172,29
21,173,32
21,174,45
21,175,35
21,176,37
21,177,21
21,178,73
21,179,5
21,180,75
21,181,33
21,182,77
21,183,77
21,184,23
21,185,23
21,186,23
21,187,23
21,188,23
21,189,49
21,190,49
21,191,43
21,192,40
21,193,49
21,194,49
21,195,50
21,196,50
21,197,50
21,198,50
21,199,49
21,200,50
21,201,50
21,202,46
21,203,31
21,204,34
21,205,91
21,206,26
21,207,26
21,208,26
21,209,19
21,210,47
21,211,46
21,212,42
21,213,27
21,214,28
21,215,37
21,216,37
21,217,37
21,218,24
21,219,23
21,220,94
21,221,42
21,222,33
21,223,21
21,224,21
21,225,47
21,226,47
21,227,73
21,228,255
21,229,35
21,230,35
21,231,44
21,232,-1
21,233,-1
21,234,17
21,235,33
21,236,24
21,237,37
21,238,35
21,239,35
21,240,32
21,241,32
21,242,30
21,243,36
21,244,32
21,245,33
21,246,43
21,247,36
21,248,36
21,249,70
21,250,27
21,251,28
21,252,30
21,253,30
21,254,33
21,255,44
21,256,37
21,257,38
21,258,39
21,259,38
21,260,38
21,261,25
21,262,70
21,263,72
21,264,13
21,265,243
21,266,246
21,267,246
21,268,246
21,269,35
21,270,35
21,271,36
21,272,50
21,273,36
21,274,37
21,275,34
21,276,42
21,277,43
21,278,42
21,279,42
21,280,46
21,281,37
21,282,37
21,283,33
21,284,37
21,285,29
21,286,36
21,287,34
21,288,36
21,289,34
21,290,36
21,291,34
21,292,34
21,293,34
21,294,31
21,295,31
21,296,30
21,297,27
21,298,27
21,299,11
21,300,34
21,301,34
21,302,35
21,303,33
21,304,31
21,305,32
21,306,27
21,307,35
21,308,78
21,309,35
21,310,37
21,311,27
21,312,26
21,313,32
21,314,30
21,315,47
21,316,48
21,317,19
21,318,19
21,319,23
21,320,33
21,321,33
21,322,37
21,323,16
21,324,29
21,325,22
21,326,15
21,327,76
21,328,33
21,329,46
21,330,47
21,331,37
21,332,35
21,333,39
21,334,36
21,335,92
21,336,33
21,337,32
21,338,44
21,339,25
21,340,21
21,341,30
21,342,36
21,343,23
21,344,44
21,345,42
21,346,44
21,347,175
21,348,27
21,349,21
21,350,58
22,0,0
22,1,0
22,2,0
22,3,0
22,4,0
22,5,0
22,6,0
22,7,0
22,8,0
22,9,0
22,10,0
22,11,0
22,12,24
22,13,24
22,14,19
22,15,25
22,16,24
22,17,18
22,18,13
22,19,142
22,20,44
22,21,23
22,22,0
22,23,-1
22,24,-1
22,25,-1
22,26,-1
22,27,76
22,28,257
22,29,257
22,30,256
22,31,257
22,32,24
22,33,23
22,34,23
22,35,39
22,36,-1
22,37,32
22,38,32
22,39,32
22,40,34
22,41,19
22,42,35
22,43,18
22,44,37
22,45,285
22,46,35
22,47,39
22,48,36
22,49,24
22,50,24
22,51,22
22,52,53
22,53,31
22,54,31
22,55,31
22,56,41
22,57,27
22,58,22
22,59,47
22,60,18
22,61,74
22,62,31
22,63,91
22,64,22
22,65,17
22,66,17
22,67,25
22,68,18
22,69,26
22,70,24
22,71,26
22,72,79
22,73,26
22,74,25
22,75,80
22,76,47
22,77,47
22,78,48
22,79,48
22,80,48
22,81,46
22,82,19
22,83,173
22,84,22
22,85,26
22,86,22
22,87,23
22,88,23
22,89,63
22,90,22
22,91,23
22,92,164
22,93,46
22,94,39
22,95,53
22,96,33
22,97,19
22,98,-1
22,99,-1
22,100,42
22,101,36
22,102,-1
22,103,58
22,104,29
22,105,31
22,106,30
22,107,26
22,108,26
22,109,26
22,110,27
22,111,-1
22,112,21
22,113,20
22,114,19
22,115,19
22,116,24
22,117,29
22,118,29
22,119,35
22,120,35
22,121,35
22,122,-1
22,123,-1
22,124,-1
22,125,34
22,126,19
22,127,32
22,128,22
22,129,34
22,130,17
22,131,34
22,132,15
22,133,15
22,134,35
22,135,23
22,136,21
22,137,19
22,138,25
22,139,19
22,140,23
22,141,-1
22,142,31
22,143,41
22,144,18
22,145,48
22,146,35
22,147,30
22,148,77
22,149,17
22,150,-1
22,151,-1
22,152,-1
22,153,-1
22,154,-1
22,155,22
22,156,22
22,157,25
22,158,19
22,159,124
22,160,23
22,161,19
22,162,18
22,163,22
22,164,19
22,165,19
22,166,37
22,167,27
22,168,-1
22,169,-1
22,170,-1
22,171,30
22,172,-1
22,173,21
22,174,26
22,175,24
22,176,26
22,177,-1
22,178,20
22,179,29
22,180,62
22,181,38
22,182,64
22,183,64
22,184,-1
22,185,-1
22,186,-1
22,187,-1
22,188,-1
22,189,34
22,190,34
22,191,19
22,192,29
22,193,25
22,194,25
22,195,26
22,196,26
22,197,26
22,198,26
22,199,25
22,200,26
22,201,26
22,202,31
22,203,22
22,204,23
22,205,78
22,206,-1
22,207,-1
22,208,-1
22,209,-1
22,210,22
22,211,23
22,212,23
22,213,-1
22,214,-1
22,215,33
22,216,33
22,217,33
22,218,-1
22,219,-1
22,220,81
22,221,31
22,222,22
22,223,-1
22,224,-1
22,225,32
22,226,32
22,227,20
22,228,38
22,229,24
22,230,24
22,231,19
22,232,32
22,233,32
22,234,-1
22,235,25
22,236,-1
22,237,26
22,238,24
22,239,24
22,240,25
22,241,24
22,242,19
22,243,30
22,244,25
22,245,25
22,246,24
22,247,37
22,248,37
22,249,17
22,250,17
22,251,18
22,252,22
22,253,23
22,254,22
22,255,22
22,256,34
22,257,34
22,258,35
22,259,36
22,260,36
22,261,17
22,262,17
22,263,19
22,264,44
22,265,255
22,266,258
22,267,258
22,268,258
22,269,37
22,270,35
22,271,36
22,272,35
22,273,36
22,274,37
22,275,22
22,276,27
22,277,22
22,278,23
22,279,23
22,280,28
22,281,26
22,282,26
22,283,22
22,284,26
22,285,-1
22,286,22
22,287,24
22,288,21
22,289,26
22,290,27
22,291,26
22,292,26
22,293,26
22,294,23
22,295,24
22,296,-1
22,297,-1
22,298,-1
22,299,42
22,300,23
22,301,23
22,302,24
22,303,22
22,304,20
22,305,21
22,306,-1
22,307,24
22,308,65
22,309,24
22,310,26
22,311,-1
22,312,-1
22,313,21
22,314,19
22,315,28
22,316,26
22,317,-1
22,318,-1
22,319,-1
22,320,22
22,321,25
22,322,26
22,323,-1
22,324,18
22,325,-1
22,326,-1
22,327,23
22,328,22
22,329,23
22,330,24
22,331,26
22,332,31
22,333,28
22,334,25
22,335,123
22,336,25
22,337,25
22,338,25
22,339,34
22,340,-1
22,341,-1
22,342,25
22,343,-1
22,344,22
22,345,21
22,346,21
22,347,173
22,348,-1
22,349,-1
22,350,33
23,0,0
23,1,0
23,2,0
23,3,0
23,4,0
23,5,0
23,6,0
23,7,0
23,8,0
23,9,0
23,10,0
23,11,0
23,12,11
23,13,11
23,14,11
23,15,12
23,16,11
23,17,15
23,18,-1
23,19,140
23,20,26
23,21,21
23,22,-1
23,23,0
23,24,-1
23,25,-1
23,26,-1
23,27,73
23,28,256
23,29,256
23,30,255
23,31,256
23,32,21
23,33,-1
23,34,-1
23,35,32
23,36,-1
23,37,36
23,38,36
23,39,16
23,40,37
23,41,-1
23,42,38
23,43,-1
23,44,15
23,45,282
23,46,32
23,47,18
23,48,15
23,49,21
23,50,21
23,51,15
23,52,46
23,53,28
23,54,28
23,55,28
23,56,38
23,57,33
23,58,15
23,59,27
23,60,-1
23,61,41
23,62,24
23,63,88
23,64,19
23,65,14
23,66,14
23,67,18
23,68,15
23,69,19
23,70,17
23,71,36
23,72,40
23,73,32
23,74,32
23,75,41
23,76,44
23,77,44
23,78,41
23,79,41
23,80,41
23,81,39
23,82,18
23,83,136
23,84,19
23,85,19
23,86,19
23,87,16
23,88,16
23,89,61
23,90,-1
23,91,-1
23,92,154
23,93,43
23,94,32
23,95,46
23,96,17
23,97,12
23,98,-1
23,99,-1
23,100,39
23,101,29
23,102,-1
23,103,54
23,104,36
23,105,36
23,106,35
23,107,19
23,108,19
23,109,32
23,110,33
23,111,-1
23,112,-1
23,113,19
23,114,18
23,115,18
23,116,17
23,117,35
23,118,35
23,119,12
23,120,12
23,121,13
23,122,-1
23,123,-1
23,124,-1
23,125,9
23,126,-1
23,127,29
23,128,13
23,129,12
23,130,10
23,131,12
23,132,-1
23,133,-1
23,134,10
23,135,16
23,136,14
23,137,-1
23,138,18
23,139,-1
23,140,-1
23,141,-1
23,142,-1
23,143,38
23,144,-1
23,145,45
23,146,13
23,147,27
23,148,75
23,149,16
23,150,-1
23,151,-1
23,152,-1
23,153,-1
23,154,-1
23,155,15
23,156,15
23,157,18
23,158,18
23,159,122
23,160,-1
23,161,16
23,162,-1
23,163,-1
23,164,-1
23,165,-1
23,166,12
23,167,20
23,168,-1
23,169,-1
23,170,-1
23,171,27
23,172,-1
23,173,14
23,174,23
23,175,14
23,176,14
23,177,-1
23,178,19
23,179,26
23,180,60
23,181,15
23,182,62
23,183,62
23,184,-1
23,185,-1
23,186,-1
23,187,-1
23,188,-1
23,189,30
23,190,30
23,191,16
23,192,38
23,193,22
23,194,22
23,195,23
23,196,23
23,197,23
23,198,23
23,199,22
23,200,23
23,201,23
23,202,27
23,203,-1
23,204,-1
23,205,76
23,206,-1
23,207,-1
23,208,-1
23,209,-1
23,210,19
23,211,20
23,212,20
23,213,-1
23,214,-1
23,215,30
23,216,30
23,217,30
23,218,-1
23,219,-1
23,220,79
23,221,24
23,222,10
23,223,-1
23,224,-1
23,225,29
23,226,29
23,227,19
23,228,28
23,229,17
23,230,17
23,231,16
23,232,29
23,233,29
23,234,-1
23,235,-1
23,236,-1
23,237,32
23,238,30
23,239,30
23,240,-1
23,241,-1
23,242,12
23,243,-1
23,244,-1
23,245,-1
23,246,21
23,247,18
23,248,18
23,249,16
23,250,-1
23,251,-1
23,252,-1
23,253,-1
23,254,15
23,255,19
23,256,-1
23,257,-1
23,258,-1
23,259,20
23,260,20
23,261,-1
23,262,16
23,263,18
23,264,41
23,265,254
23,266,257
23,267,257
23,268,257
23,269,17
23,270,17
23,271,18
23,272,31
23,273,18
23,274,24
23,275,-1
23,276,23
23,277,19
23,278,20
23,279,20
23,280,25
23,281,19
23,282,19
23,283,15
23,284,19
23,285,-1
23,286,-1
23,287,-1
23,288,18
23,289,-1
23,290,-1
23,291,-1
23,292,-1
23,293,-1
23,294,-1
23,295,-1
23,296,-1
23,297,-1
23,298,-1
23,299,39
23,300,16
23,301,16
23,302,17
23,303,15
23,304,13
23,305,14
23,306,-1
23,307,17
23,308,63
23,309,17
23,310,19
23,311,-1
23,312,-1
23,313,-1
23,314,-1
23,315,25
23,316,23
23,317,-1
23,318,-1
23,319,-1
23,320,-1
23,321,-1
23,322,19
23,323,-1
23,324,-1
23,325,-1
23,326,-1
23,327,22
23,328,-1
23,329,20
23,330,21
23,331,19
23,332,28
23,333,21
23,334,-1
23,335,113
23,336,-1
23,337,-1
23,338,22
23,339,31
23,340,-1
23,341,-1
23,342,18
23,343,-1
23,344,19
23,345,18
23,346,18
23,347,136
23,348,-1
23,349,-1
23,350,37
24,0,0
24,1,0
24,2,0
24,3,0
24,4,0
24,5,0
24,6,0
24,7,0
24,8,0
24,9,0
24,10,0
24,11,0
24,12,11
24,13,11
24,14,12
24,15,13
24,16,11
24,17,15
24,18,-1
24,19,140
24,20,26
24,21,21
24,22,-1
24,23,-1
24,24,0
24,25,-1
24,26,-1
24,27,72
24,28,256
24,29,256
24,30,255
24,31,256
24,32,20
24,33,-1
24,34,-1
24,35,32
24,36,-1
24,37,36
24,38,36
24,39,16
24,40,38
24,41,-1
24,42,38
24,43,-1
24,44,15
24,45,281
24,46,31
24,47,17
24,48,14
24,49,20
24,50,20
24,51,15
24,52,46
24,53,27
24,54,27
24,55,27
24,56,37
24,57,33
24,58,15
24,59,27
24,60,-1
24,61,41
24,62,24
24,63,88
24,64,18
24,65,13
24,66,13
24,67,18
24,68,14
24,69,19
24,70,17
24,71,19
24,72,41
24,73,32
24,74,32
24,75,42
24,76,43
24,77,43
24,78,41
24,79,41
24,80,41
24,81,39
24,82,18
24,83,137
24,84,18
24,85,19
24,86,18
24,87,16
24,88,16
24,89,61
24,90,-1
24,91,-1
24,92,154
24,93,42
24,94,32
24,95,46
24,96,17
24,97,12
24,98,-1
24,99,-1
24,100,38
24,101,29
24,102,-1
24,103,22
24,104,36
24,105,36
24,106,36
24,107,19
24,108,19
24,109,33
24,110,33
24,111,-1
24,112,-1
24,113,19
24,114,18
24,115,18
24,116,17
24,117,35
24,118,22
24,119,12
24,120,12
24,121,13
24,122,-1
24,123,-1
24,124,-1
24,125,18
24,126,-1
24,127,28
24,128,13
24,129,12
24,130,10
24,131,12
24,132,-1
24,133,-1
24,134,10
24,135,16
24,136,14
24,137,-1
24,138,18
24,139,-1
24,140,-1
24,141,-1
24,142,-1
24,143,37
24,144,-1
24,145,44
24,146,13
24,147,26
24,148,75
24,149,16
24,150,-1
24,151,-1
24,152,-1
24,153,-1
24,154,-1
24,155,15
24,156,15
24,157,18
24,158,18
24,159,122
24,160,-1
24,161,15
24,162,-1
24,163,-1
24,164,-1
24,165,-1
24,166,12
24,167,20
24,168,-1
24,169,-1
24,170,-1
24,171,26
24,172,-1
24,173,14
24,174,22
24,175,14
24,176,14
24,177,-1
24,178,19
24,179,25
24,180,60
24,181,15
24,182,62
24,183,62
24,184,-1
24,185,-1
24,186,-1
24,187,-1
24,188,-1
24,189,30
24,190,30
24,191,15
24,192,22
24,193,21
24,194,21
24,195,22
24,196,22
24,197,22
24,198,22
24,199,21
24,200,22
24,201,22
24,202,27
24,203,-1
24,204,-1
24,205,74
24,206,-1
24,207,-1
24,208,-1
24,209,-1
24,210,18
24,211,19
24,212,19
24,213,-1
24,214,-1
24,215,29
24,216,29
24,217,29
24,218,-1
24,219,-1
24,220,79
24,221,24
24,222,10
24,223,-1
24,224,-1
24,225,28
24,226,28
24,227,19
24,228,28
24,229,17
24,230,17
24,231,15
24,232,28
24,233,28
24,234,-1
24,235,-1
24,236,-1
24,237,19
24,238,17
24,239,17
24,240,-1
24,241,-1
24,242,12
24,243,-1
24,244,-1
24,245,-1
24,246,20
24,247,18
24,248,18
24,249,16
24,250,-1
24,251,-1
24,252,-1
24,253,-1
24,254,15
24,255,18
24,256,-1
24,257,-1
24,258,-1
24,259,23
24,260,23
24,261,-1
24,262,16
24,263,18
24,264,40
24,265,254
24,266,257
24,267,257
24,268,257
24,269,17
24,270,17
24,271,18
24,272,31
24,273,18
24,274,23
24,275,-1
24,276,23
24,277,18
24,278,19
24,279,19
24,280,24
24,281,19
24,282,19
24,283,15
24,284,19
24,285,-1
24,286,18
24,287,-1
24,288,17
24,289,-1
24,290,-1
24,291,-1
24,292,-1
24,293,-1
24,294,-1
24,295,-1
24,296,-1
24,297,-1
24,298,-1
24,299,38
24,300,16
24,301,16
24,302,17
24,303,15
24,304,13
24,305,14
24,306,-1
24,307,17
24,308,63
24,309,17
24,310,19
24,311,-1
24,312,-1
24,313,-1
24,314,-1
24,315,24
24,316,22
24,317,-1
24,318,-1
24,319,-1
24,320,-1
24,321,-1
24,322,19
24,323,-1
24,324,-1
24,325,-1
24,326,-1
24,327,22
24,328,-1
24,329,19
24,330,20
24,331,19
24,332,27
24,333,21
24,334,-1
24,335,113
24,336,-1
24,337,-1
24,338,21
24,339,30
24,340,-1
24,341,-1
24,342,18
24,343,-1
24,344,18
24,345,17
24,346,17
24,347,137
24,348,-1
24,349,-1
24,350,29
25,0,0
25,1,0
25,2,0
25,3,0
25,4,0
25,5,0
25,6,0
25,7,0
25,8,0
25,9,0
25,10,0
25,11,0
25,12,13
25,13,13
25,14,14
25,15,14
25,16,13
25,17,13
25,18,-1
25,19,138
25,20,31
25,21,19
25,22,-1
25,23,-1
25,24,-1
25,25,0
25,26,-1
25,27,71
25,28,252
25,29,252
25,30,251
25,31,252
25,32,19
25,33,18
25,34,18
25,35,34
25,36,-1
25,37,27
25,38,27
25,39,18
25,40,29
25,41,-1
25,42,30
25,43,-1
25,44,17
25,45,280
25,46,30
25,47,16
25,48,13
25,49,19
25,50,19
25,51,17
25,52,48
25,53,26
25,54,26
25,55,26
25,56,36
25,57,22
25,58,17
25,59,36
25,60,-1
25,61,69
25,62,26
25,63,86
25,64,17
25,65,12
25,66,12
25,67,20
25,68,13
25,69,21
25,70,19
25,71,21
25,72,43
25,73,21
25,74,20
25,75,44
25,76,42
25,77,42
25,78,43
25,79,43
25,80,43
25,81,41
25,82,14
25,83,139
25,84,17
25,85,21
25,86,17
25,87,18
25,88,18
25,89,58
25,90,-1
25,91,-1
25,92,159
25,93,41
25,94,34
25,95,48
25,96,19
25,97,14
25,98,-1
25,99,-1
25,100,37
25,101,31
25,102,-1
25,103,18
25,104,24
25,105,26
25,106,25
25,107,21
25,108,21
25,109,21
25,110,22
25,111,-1
25,112,-1
25,113,15
25,114,14
25,115,14
25,116,19
25,117,24
25,118,24
25,119,14
25,120,14
25,121,15
25,122,-1
25,123,-1
25,124,-1
25,125,20
25,126,14
25,127,27
25,128,17
25,129,14
25,130,12
25,131,14
25,132,10
25,133,10
25,134,12
25,135,18
25,136,16
25,137,14
25,138,20
25,139,14
25,140,18
25,141,-1
25,142,-1
25,143,36
25,144,-1
25,145,43
25,146,15
25,147,25
25,148,72
25,149,12
25,150,-1
25,151,-1
25,152,-1
25,153,-1
25,154,-1
25,155,17
25,156,17
25,157,20
25,158,14
25,159,119
25,160,-1
25,161,14
25,162,-1
25,163,-1
25,164,14
25,165,14
25,166,14
25,167,22
25,168,-1
25,169,-1
25,170,-1
25,171,25
25,172,-1
25,173,16
25,174,21
25,175,16
25,176,16
25,177,-1
25,178,15
25,179,24
25,180,57
25,181,17
25,182,59
25,183,59
25,184,-1
25,185,-1
25,186,-1
25,187,-1
25,188,-1
25,189,28
25,190,28
25,191,14
25,192,24
25,193,20
25,194,20
25,195,21
25,196,21
25,197,21
25,198,21
25,199,20
25,200,21
25,201,21
25,202,25
25,203,-1
25,204,18
25,205,73
25,206,-1
25,207,-1
25,208,-1
25,209,-1
25,210,17
25,211,18
25,212,18
25,213,-1
25,214,-1
25,215,28
25,216,28
25,217,28
25,218,-1
25,219,-1
25,220,76
25,221,26
25,222,17
25,223,-1
25,224,-1
25,225,27
25,226,27
25,227,15
25,228,34
25,229,19
25,230,19
25,231,14
25,232,27
25,233,27
25,234,-1
25,235,-1
25,236,-1
25,237,21
25,238,19
25,239,19
25,240,-1
25,241,-1
25,242,14
25,243,-1
25,244,-1
25,245,-1
25,246,19
25,247,20
25,248,20
25,249,12
25,250,-1
25,251,-1
25,252,-1
25,253,-1
25,254,17
25,255,17
25,256,21
25,257,21
25,258,22
25,259,22
25,260,22
25,261,-1
25,262,12
25,263,14
25,264,39
25,265,250
25,266,253
25,267,253
25,268,253
25,269,19
25,270,19
25,271,20
25,272,29
25,273,20
25,274,22
25,275,17
25,276,21
25,277,17
25,278,18
25,279,18
25,280,23
25,281,21
25,282,21
25,283,17
25,284,21
25,285,-1
25,286,17
25,287,19
25,288,16
25,289,-1
25,290,-1
25,291,-1
25,292,-1
25,293,-1
25,294,-1
25,295,-1
25,296,-1
25,297,-1
25,298,-1
25,299,37
25,300,18
25,301,18
25,302,19
25,303,17
25,304,15
25,305,16
25,306,-1
25,307,19
25,308,60
25,309,19
25,310,21
25,311,-1
25,312,-1
25,313,-1
25,314,-1
25,315,23
25,316,21
25,317,-1
25,318,-1
25,319,-1
25,320,-1
25,321,-1
25,322,21
25,323,-1
25,324,-1
25,325,-1
25,326,-1
25,327,18
25,328,-1
25,329,18
25,330,19
25,331,21
25,332,26
25,333,23
25,334,20
25,335,118
25,336,-1
25,337,-1
25,338,20
25,339,29
25,340,-1
25,341,-1
25,342,20
25,343,-1
25,344,17
25,345,16
25,346,16
25,347,139
25,348,-1
25,349,-1
25,350,28
26,0,0
26,1,0
26,2,0
26,3,0
26,4,0
26,5,0
26,6,0
26,7,0
26,8,0
26,9,0
26,10,0
26,11,0
26,12,12
26,13,12
26,14,13
26,15,14
26,16,12
26,17,12
26,18,-1
26,19,137
26,20,32
26,21,18
26,22,-1
26,23,-1
26,24,-1
26,25,-1
26,26,0
26,27,70
26,28,251
26,29,251
26,30,250
26,31,251
26,32,18
26,33,17
26,34,17
26,35,33
26,36,-1
26,37,26
26,38,26
26,39,17
26,40,28
26,41,13
26,42,29
26,43,12
26,44,16
26,45,279
26,46,29
26,47,15
26,48,12
26,49,18
26,50,18
26,51,16
26,52,47
26,53,25
26,54,25
26,55,25
26,56,35
26,57,21
26,58,16
26,59,35
26,60,12
26,61,67
26,62,25
26,63,85
26,64,16
26,65,11
26,66,11
26,67,19
26,68,12
26,69,20
26,70,18
26,71,20
26,72,44
26,73,20
26,74,19
26,75,45
26,76,41
26,77,41
26,78,42
26,79,42
26,80,42
26,81,40
26,82,13
26,83,140
26,84,16
26,85,20
26,86,16
26,87,17
26,88,17
26,89,56
26,90,16
26,91,17
26,92,158
26,93,40
26,94,33
26,95,47
26,96,18
26,97,13
26,98,-1
26,99,-1
26,100,36
26,101,30
26,102,-1
26,103,17
26,104,23
26,105,25
26,106,24
26,107,20
26,108,20
26,109,20
26,110,21
26,111,-1
26,112,-1
26,113,14
26,114,13
26,115,13
26,116,18
26,117,23
26,118,23
26,119,13
26,120,13
26,121,14
26,122,-1
26,123,-1
26,124,-1
26,125,19
26,126,13
26,127,26
26,128,16
26,129,13
26,130,11
26,131,13
26,132,9
26,133,9
26,134,11
26,135,17
26,136,15
26,137,13
26,138,19
26,139,13
26,140,17
26,141,-1
26,142,-1
26,143,35
26,144,-1
26,145,42
26,146,14
26,147,24
26,148,70
26,149,11
26,150,-1
26,151,-1
26,152,-1
26,153,-1
26,154,-1
26,155,16
26,156,16
26,157,19
26,158,13
26,159,117
26,160,-1
26,161,13
26,162,12
26,163,-1
26,164,13
26,165,13
26,166,13
26,167,21
26,168,-1
26,169,-1
26,170,-1
26,171,24
26,172,-1
26,173,15
26,174,20
26,175,18
26,176,20
26,177,-1
26,178,14
26,179,23
26,180,55
26,181,16
26,182,57
26,183,57
26,184,-1
26,185,-1
26,186,-1
26,187,-1
26,188,-1
26,189,27
26,190,27
26,191,13
26,192,23
26,193,19
26,194,19
26,195,20
26,196,20
26,197,20
26,198,20
26,199,19
26,200,20
26,201,20
26,202,24
26,203,-1
26,204,17
26,205,71
26,206,-1
26,207,-1
26,208,-1
26,209,-1
26,210,16
26,211,17
26,212,17
26,213,-1
26,214,-1
26,215,27
26,216,27
26,217,27
26,218,-1
26,219,-1
26,220,74
26,221,25
26,222,16
26,223,-1
26,224,-1
26,225,26
26,226,26
26,227,14
26,228,33
26,229,18
26,230,18
26,231,13
26,232,26
26,233,26
26,234,-1
26,235,-1
26,236,-1
26,237,20
26,238,18
26,239,18
26,240,-1
26,241,-1
26,242,13
26,243,-1
26,244,15
26,245,19
26,246,18
26,247,19
26,248,19
26,249,11
26,250,-1
26,251,-1
26,252,-1
26,253,-1
26,254,16
26,255,16
26,256,20
26,257,20
26,258,21
26,259,21
26,260,21
26,261,-1
26,262,11
26,263,13
26,264,38
26,265,249
26,266,252
26,267,252
26,268,252
26,269,18
26,270,18
26,271,19
26,272,28
26,273,19
26,274,21
26,275,16
26,276,20
26,277,16
26,278,17
26,279,17
26,280,22
26,281,20
26,282,20
26,283,16
26,284,20
26,285,-1
26,286,16
26,287,18
26,288,15
26,289,20
26,290,21
26,291,-1
26,292,-1
26,293,-1
26,294,-1
26,295,-1
26,296,-1
26,297,-1
26,298,-1
26,299,36
26,300,17
26,301,17
26,302,18
26,303,16
26,304,14
26,305,15
26,306,-1
26,307,18
26,308,58
26,309,18
26,310,20
26,311,-1
26,312,-1
26,313,15
26,314,13
26,315,22
26,316,20
26,317,-1
26,318,-1
26,319,-1
26,320,16
26,321,16
26,322,20
26,323,-1
26,324,12
26,325,-1
26,326,-1
26,327,17
26,328,16
26,329,17
26,330,18
26,331,20
26,332,25
26,333,22
26,334,19
26,335,117
26,336,19
26,337,15
26,338,19
26,339,28
26,340,-1
26,341,-1
26,342,19
26,343,-1
26,344,16
26,345,15
26,346,15
26,347,140
26,348,-1
26,349,-1
26,350,27
27,0,0
27,1,0
27,2,0
27,3,0
27,4,0
27,5,0
27,6,0
27,7,0
27,8,0
27,9,0
27,10,0
27,11,0
27,12,41
27,13,42
27,14,41
27,15,40
27,16,41
27,17,40
27,18,40
27,19,155
27,20,61
27,21,45
27,22,76
27,23,73
27,24,72
27,25,71
27,26,70
27,27,0
27,28,223
27,29,223
27,30,222
27,31,223
27,32,65
27,33,54
27,34,53
27,35,61
27,36,44
27,37,73
27,38,73
27,39,45
27,40,75
27,41,49
27,42,76
27,43,47
27,44,44
27,45,260
27,46,76
27,47,62
27,48,59
27,49,65
27,50,65
27,51,44
27,52,75
27,53,72
27,54,72
27,55,72
27,56,46
27,57,49
27,58,44
27,59,63
27,60,47
27,61,34
27,62,53
27,63,249
27,64,63
27,65,58
27,66,58
27,67,47
27,68,59
27,69,48
27,70,46
27,71,48
27,72,68
27,73,48
27,74,47
27,75,69
27,76,42
27,77,42
27,78,70
27,79,70
27,80,70
27,81,68
27,82,48
27,83,166
27,84,63
27,85,48
27,86,63
27,87,45
27,88,45
27,89,72
27,90,49
27,91,50
27,92,174
27,93,47
27,94,61
27,95,75
27,96,46
27,97,41
27,98,54
27,99,41
27,100,24
27,101,58
27,102,39
27,103,52
27,104,51
27,105,53
27,106,52
27,107,48
27,108,48
27,109,48
27,110,49
27,111,38
27,112,44
27,113,49
27,114,48
27,115,48
27,116,46
27,117,51
27,118,51
27,119,41
27,120,41
27,121,42
27,122,39
27,123,44
27,124,39
27,125,47
27,126,50
27,127,73
27,128,44
27,129,41
27,130,39
27,131,41
27,132,46
27,133,46
27,134,39
27,135,45
27,136,43
27,137,50
27,138,47
27,139,50
27,140,53
27,141,54
27,142,54
27,143,38
27,144,45
27,145,48
27,146,42
27,147,71
27,148,66
27,149,46
27,150,35
27,151,45
27,152,46
27,153,47
27,154,49
27,155,44
27,156,44
27,157,47
27,158,48
27,159,119
27,160,47
27,161,60
27,162,47
27,163,45
27,164,50
27,165,50
27,166,41
27,167,49
27,168,36
27,169,36
27,170,36
27,171,71
27,172,47
27,173,43
27,174,67
27,175,52
27,176,55
27,177,39
27,178,49
27,179,70
27,180,62
27,181,44
27,182,73
27,183,73
27,184,40
27,185,40
27,186,41
27,187,41
27,188,41
27,189,68
27,190,68
27,191,60
27,192,51
27,193,66
27,194,66
27,195,67
27,196,67
27,197,67
27,198,67
27,199,66
27,200,67
27,201,67
27,202,63
27,203,49
27,204,53
27,205,77
27,206,44
27,207,44
27,208,44
27,209,36
27,210,63
27,211,64
27,212,64
27,213,44
27,214,45
27,215,74
27,216,74
27,217,74
27,218,41
27,219,40
27,220,76
27,221,53
27,222,51
27,223,39
27,224,39
27,225,73
27,226,73
27,227,49
27,228,68
27,229,46
27,230,46
27,231,60
27,232,72
27,233,72
27,234,35
27,235,50
27,236,42
27,237,48
27,238,46
27,239,46
27,240,50
27,241,50
27,242,41
27,243,52
27,244,51
27,245,52
27,246,65
27,247,47
27,248,47
27,249,46
27,250,45
27,251,45
27,252,47
27,253,47
27,254,44
27,255,63
27,256,67
27,257,67
27,258,50
27,259,49
27,260,49
27,261,41
27,262,46
27,263,48
27,264,40
27,265,224
27,266,224
27,267,224
27,268,224
27,269,46
27,270,46
27,271,47
27,272,69
27,273,47
27,274,48
27,275,53
27,276,60
27,277,63
27,278,64
27,279,64
27,280,69
27,281,48
27,282,48
27,283,44
27,284,48
27,285,47
27,286,54
27,287,52
27,288,62
27,289,51
27,290,52
27,291,50
27,292,50
27,293,50
27,294,49
27,295,48
27,296,48
27,297,44
27,298,44
27,299,38
27,300,45
27,301,45
27,302,46
27,303,44
27,304,42
27,305,43
27,306,44
27,307,46
27,308,74
27,309,46
27,310,48
27,311,44
27,312,43
27,313,50
27,314,49
27,315,69
27,316,67
27,317,37
27,318,36
27,319,40
27,320,50
27,321,50
27,322,48
27,323,35
27,324,48
27,325,40
27,326,34
27,327,52
27,328,53
27,329,64
27,330,65
27,331,48
27,332,72
27,333,50
27,334,54
27,335,83
27,336,53
27,337,51
27,338,66
27,339,75
27,340,39
27,341,48
27,342,47
27,343,41
27,344,63
27,345,62
27,346,62
27,347,166
27,348,45
27,349,39
27,350,74
28,0,0
28,1,0
28,2,0
28,3,0
28,4,0
28,5,0
28,6,0
28,7,0
28,8,0
28,9,0
28,10,0
28,11,0
28,12,260
28,13,262
28,14,261
28,15,260
28,16,260
28,17,259
28,18,256
28,19,279
28,20,276
28,21,245
28,22,257
28,23,256
28,24,256
28,25,252
28,26,251
28,27,223
28,28,0
28,29,-1
28,30,-1
28,31,-1
28,32,50
28,33,38
28,34,37
28,35,130
28,36,34
28,37,60
28,38,60
28,39,36
28,40,61
28,41,33
28,42,61
28,43,32
28,44,34
28,45,114
28,46,60
28,47,45
28,48,42
28,49,51
28,50,51
28,51,46
28,52,133
28,53,58
28,54,58
28,55,58
28,56,68
28,57,45
28,58,40
28,59,49
28,60,32
28,61,56
28,62,97
28,63,97
28,64,49
28,65,42
28,66,42
28,67,91
28,68,60
28,69,87
28,70,84
28,71,78
28,72,178
28,73,49
28,74,49
28,75,179
28,76,104
28,77,104
28,78,128
28,79,128
28,80,129
28,81,90
28,82,61
28,83,112
28,84,46
28,85,57
28,86,46
28,87,89
28,88,89
28,89,70
28,90,36
28,91,37
28,92,144
28,93,77
28,94,100
28,95,131
28,96,37
28,97,42
28,98,45
28,99,32
28,100,103
28,101,99
28,102,30
28,103,60
28,104,57
28,105,57
28,106,57
28,107,56
28,108,84
28,109,50
28,110,50
28,111,29
28,112,35
28,113,61
28,114,60
28,115,60
28,116,42
28,117,57
28,118,57
28,119,35
28,120,35
28,121,35
28,122,30
28,123,27
28,124,30
28,125,31
28,126,33
28,127,55
28,128,35
28,129,36
28,130,38
28,131,36
28,132,29
28,133,29
28,134,37
28,135,46
28,136,44
28,137,33
28,138,43
28,139,33
28,140,35
28,141,45
28,142,45
28,143,105
28,144,32
28,145,116
28,146,36
28,147,57
28,148,75
28,149,60
28,150,26
28,151,36
28,152,37
28,153,38
28,154,40
28,155,45
28,156,45
28,157,91
28,158,67
28,159,102
28,160,37
28,161,47
28,162,32
28,163,36
28,164,33
28,165,33
28,166,35
28,167,50
28,168,26
28,169,26
28,170,27
28,171,55
28,172,24
28,173,43
28,174,46
28,175,36
28,176,36
28,177,30
28,178,64
28,179,54
28,180,63
28,181,35
28,182,71
28,183,71
28,184,31
28,185,31
28,186,31
28,187,31
28,188,32
28,189,104
28,190,104
28,191,46
28,192,55
28,193,52
28,194,52
28,195,53
28,196,53
28,197,53
28,198,53
28,199,52
28,200,53
28,201,53
28,202,101
28,203,36
28,204,36
28,205,86
28,206,26
28,207,26
28,208,26
28,209,27
28,210,49
28,211,49
28,212,44
28,213,36
28,214,37
28,215,88
28,216,88
28,217,88
28,218,32
28,219,32
28,220,84
28,221,90
28,222,32
28,223,30
28,224,30
28,225,49
28,226,53
28,227,44
28,228,77
28,229,89
28,230,89
28,231,47
28,232,56
28,233,56
28,234,26
28,235,39
28,236,29
28,237,49
28,238,47
28,239,47
28,240,39
28,241,38
28,242,43
28,243,44
28,244,35
28,245,36
28,246,45
28,247,39
28,248,39
28,249,61
28,250,31
28,251,32
28,252,36
28,253,37
28,254,45
28,255,47
28,256,41
28,257,41
28,258,41
28,259,40
28,260,40
28,261,31
28,262,64
28,263,63
28,264,109
28,265,-1
28,266,-1
28,267,-1
28,268,-1
28,269,39
28,270,37
28,271,37
28,272,105
28,273,38
28,274,39
28,275,37
28,276,97
28,277,44
28,278,44
28,279,44
28,280,52
28,281,49
28,282,50
28,283,43
28,284,49
28,285,38
28,286,39
28,287,37
28,288,39
28,289,37
28,290,39
28,291,37
28,292,37
28,293,37
28,294,37
28,295,38
28,296,38
28,297,35
28,298,35
28,299,73
28,300,47
28,301,47
28,302,47
28,303,42
28,304,38
28,305,42
28,306,35
28,307,87
28,308,72
28,309,90
28,310,90
28,311,37
28,312,34
28,313,35
28,314,33
28,315,52
28,316,54
28,317,28
28,318,28
28,319,31
28,320,36
28,321,36
28,322,55
28,323,25
28,324,32
28,325,31
28,326,24
28,327,46
28,328,36
28,329,49
28,330,50
28,331,90
28,332,86
28,333,43
28,334,37
28,335,156
28,336,36
28,337,35
28,338,46
28,339,53
28,340,30
28,341,25
28,342,88
28,343,31
28,344,47
28,345,46
28,346,47
28,347,112
28,348,24
28,349,30
28,350,60
29,0,0
29,1,0
29,2,0
29,3,0
29,4,0
29,5,0
29,6,0
29,7,0
29,8,0
29,9,0
29,10,0
29,11,0
29,12,260
29,13,262
29,14,261
29,15,260
29,16,260
29,17,259
29,18,256
29,19,279
29,20,276
29,21,245
29,22,257
29,23,256
29,24,256
29,25,252
29,26,251
29,27,223
29,28,-1
29,29,0
29,30,-1
29,31,-1
29,32,50
29,33,38
29,34,37
29,35,130
29,36,34
29,37,60
29,38,60
29,39,36
29,40,61
29,41,33
29,42,61
29,43,32
29,44,34
29,45,114
29,46,60
29,47,45
29,48,42
29,49,51
29,50,51
29,51,46
29,52,133
29,53,58
29,54,58
29,55,58
29,56,68
29,57,45
29,58,40
29,59,49
29,60,32
29,61,56
29,62,97
29,63,97
29,64,49
29,65,42
29,66,42
29,67,91
29,68,60
29,69,87
29,70,84
29,71,78
29,72,178
29,73,49
29,74,49
29,75,179
29,76,104
29,77,104
29,78,128
29,79,128
29,80,129
29,81,90
29,82,61
29,83,112
29,84,46
29,85,57
29,86,46
29,87,89
29,88,89
29,89,70
29,90,36
29,91,37
29,92,144
29,93,77
29,94,100
29,95,131
29,96,37
29,97,42
29,98,45
29,99,32
29,100,103
29,101,99
29,102,30
29,103,60
29,104,57
29,105,57
29,106,57
29,107,56
29,108,84
29,109,50
29,110,50
29,111,29
29,112,35
29,113,61
29,114,60
29,115,60
29,116,42
29,117,57
29,118,57
29,119,35
29,120,35
29,121,35
29,122,30
29,123,27
29,124,30
29,125,31
29,126,33
29,127,55
29,128,35
29,129,36
29,130,38
29,131,36
29,132,29
29,133,29
29,134,37
29,135,46
29,136,44
29,137,33
29,138,43
29,139,33
29,140,35
29,141,45
29,142,45
29,143,105
29,144,32
29,145,116
29,146,36
29,147,57
29,148,75
29,149,60
29,150,26
29,151,36
29,152,37
29,153,38
29,154,40
29,155,45
29,156,45
29,157,91
29,158,67
29,159,102
29,160,37
29,161,47
29,162,32
29,163,36
29,164,33
29,165,33
29,166,35
29,167,50
29,168,26
29,169,26
29,170,27
29,171,55
29,172,24
29,173,43
29,174,46
29,175,36
29,176,36
29,177,30
29,178,64
29,179,54
29,180,63
29,181,35
29,182,71
29,183,71
29,184,31
29,185,31
29,186,31
29,187,31
29,188,32
29,189,104
29,190,104
29,191,46
29,192,55
29,193,52
29,194,52
29,195,53
29,196,53
29,197,53
29,198,53
29,199,52
29,200,53
29,201,53
29,202,101
29,203,36
29,204,36
29,205,86
29,206,26
29,207,26
29,208,26
29,209,27
29,210,49
29,211,49
29,212,44
29,213,36
29,214,37
29,215,88
29,216,88
29,217,88
29,218,32
29,219,32
29,220,84
29,221,90
29,222,32
29,223,30
29,224,30
29,225,49
29,226,53
29,227,44
29,228,77
29,229,89
29,230,89
29,231,47
29,232,56
29,233,56
29,234,26
29,235,39
29,236,29
29,237,49
29,238,47
29,239,47
29,240,39
29,241,38
29,242,43
29,243,44
29,244,35
29,245,36
29,246,45
29,247,39
29,248,39
29,249,61
29,250,31
29,251,32
29,252,36
29,253,37
29,254,45
29,255,47
29,256,41
29,257,41
29,258,41
29,259,40
29,260,40
29,261,31
29,262,64
29,263,63
29,264,109
29,265,-1
29,266,-1
29,267,-1
29,268,-1
29,269,39
29,270,37
29,271,37
29,272,105
29,273,38
29,274,39
29,275,37
29,276,97
29,277,44
29,278,44
29,279,44
29,280,52
29,281,49
29,282,50
29,283,43
29,284,49
29,285,38
29,286,39
29,287,37
29,288,39
29,289,37
29,290,39
29,291,37
29,292,37
29,293,37
29,294,37
29,295,38
29,296,38
29,297,35
29,298,35
29,299,73
29,300,47
29,301,47
29,302,47
29,303,42
29,304,38
29,305,42
29,306,35
29,307,87
29,308,72
29,309,90
29,310,90
29,311,37
29,312,34
29,313,35
29,314,33
29,315,52
29,316,54
29,317,28
29,318,28
29,319,31
29,320,36
29,321,36
29,322,55
29,323,25
29,324,32
29,325,31
29,326,24
29,327,46
29,328,36
29,329,49
29,330,50
29,331,90
29,332,86
29,333,43
29,334,37
29,335,156
29,336,36
29,337,35
29,338,46
29,339,53
29,340,30
29,341,25
29,342,88
29,343,31
29,344,47
29,345,46
29,346,47
29,347,112
29,348,24
29,349,30
29,350,60
30,0,0
30,1,0
30,2,0
30,3,0
30,4,0
30,5,0
30,6,0
30,7,0
30,8,0
30,9,0
30,10,0
30,11,0
30,12,259
30,13,261
30,14,260
30,15,259
30,16,259
30,17,258
30,18,255
30,19,278
30,20,275
30,21,244
30,22,256
30,23,255
30,24,255
30,25,251
30,26,250
30,27,222
30,28,-1
30,29,-1
30,30,0
30,31,-1
30,32,49
30,33,37
30,34,36
30,35,129
30,36,33
30,37,59
30,38,59
30,39,35
30,40,60
30,41,32
30,42,60
30,43,31
30,44,33
30,45,113
30,46,59
30,47,44
30,48,41
30,49,50
30,50,50
30,51,45
30,52,132
30,53,57
30,54,57
30,55,57
30,56,67
30,57,44
30,58,39
30,59,48
30,60,31
30,61,55
30,62,96
30,63,96
30,64,48
30,65,41
30,66,41
30,67,90
30,68,59
30,69,86
30,70,83
30,71,77
30,72,177
30,73,48
30,74,48
30,75,178
30,76,103
30,77,103
30,78,127
30,79,127
30,80,128
30,81,89
30,82,60
30,83,111
30,84,45
30,85,56
30,86,45
30,87,88
30,88,88
30,89,69
30,90,35
30,91,36
30,92,143
30,93,76
30,94,99
30,95,130
30,96,36
30,97,41
30,98,44
30,99,31
30,100,102
30,101,98
30,102,29
30,103,59
30,104,56
30,105,56
30,106,56
30,107,55
30,108,83
30,109,49
30,110,49
30,111,28
30,112,34
30,113,60
30,114,59
30,115,59
30,116,41
30,117,56
30,118,56
30,119,34
30,120,34
30,121,34
30,122,29
30,123,26
30,124,29
30,125,30
30,126,32
30,127,54
30,128,34
30,129,35
30,130,37
30,131,35
30,132,28
30,133,28
30,134,36
30,135,45
30,136,43
30,137,32
30,138,42
30,139,32
30,140,34
30,141,44
30,142,44
30,143,104
30,144,31
30,145,115
30,146,35
30,147,56
30,148,74
30,149,59
30,150,25
30,151,35
30,152,36
30,153,37
30,154,39
30,155,44
30,156,44
30,157,90
30,158,66
30,159,101
30,160,36
30,161,46
30,162,31
30,163,35
30,164,32
30,165,32
30,166,34
30,167,49
30,168,25
30,169,25
30,170,26
30,171,54
30,172,23
30,173,42
30,174,45
30,175,35
30,176,35
30,177,29
30,178,63
30,179,53
30,180,62
30,181,34
30,182,70
30,183,70
30,184,30
30,185,30
30,186,30
30,187,30
30,188,31
30,189,103
30,190,103
30,191,45
30,192,54
30,193,51
30,194,51
30,195,52
30,196,52
30,197,52
30,198,52
30,199,51
30,200,52
30,201,52
30,202,100
30,203,35
30,204,35
30,205,85
30,206,25
30,207,25
30,208,25
30,209,26
30,210,48
30,211,48
30,212,43
30,213,35
30,214,36
30,215,87
30,216,87
30,217,87
30,218,31
30,219,31
30,220,83
30,221,89
30,222,31
30,223,29
30,224,29
30,225,48
30,226,52
30,227,43
30,228,76
30,229,88
30,230,88
30,231,46
30,232,55
30,233,55
30,234,25
30,235,38
30,236,28
30,237,48
30,238,46
30,239,46
30,240,38
30,241,37
30,242,42
30,243,43
30,244,34
30,245,35
30,246,44
30,247,38
30,248,38
30,249,60
30,250,30
30,251,31
30,252,35
30,253,36
30,254,44
30,255,46
30,256,40
30,257,40
30,258,40
30,259,39
30,260,39
30,261,30
30,262,63
30,263,62
30,264,108
30,265,-1
30,266,-1
30,267,-1
30,268,-1
30,269,38
30,270,36
30,271,36
30,272,104
30,273,37
30,274,38
30,275,36
30,276,96
30,277,43
30,278,43
30,279,43
30,280,51
30,281,48
30,282,49
30,283,42
30,284,48
30,285,37
30,286,38
30,287,36
30,288,38
30,289,36
30,290,38
30,291,36
30,292,36
30,293,36
30,294,36
30,295,37
30,296,37
30,297,34
30,298,34
30,299,72
30,300,46
30,301,46
30,302,46
30,303,41
30,304,37
30,305,41
30,306,34
30,307,86
30,308,71
30,309,89
30,310,89
30,311,36
30,312,33
30,313,34
30,314,32
30,315,51
30,316,53
30,317,27
30,318,27
30,319,30
30,320,35
30,321,35
30,322,54
30,323,24
30,324,31
30,325,30
30,326,23
30,327,46
30,328,35
30,329,48
30,330,49
30,331,89
30,332,85
30,333,42
30,334,36
30,335,155
30,336,35
30,337,34
30,338,45
30,339,52
30,340,29
30,341,24
30,342,87
30,343,30
30,344,46
30,345,45
30,346,46
30,347,111
30,348,23
30,349,29
30,350,59
31,0,0
31,1,0
31,2,0
31,3,0
31,4,0
31,5,0
31,6,0
31,7,0
31,8,0
31,9,0
31,10,0
31,11,0
31,12,260
31,13,262
31,14,261
31,15,260
31,16,260
31,17,259
31,18,256
31,19,279
31,20,276
31,21,245
31,22,257
31,23,256
31,24,256
31,25,252
31,26,251
31,27,223
31,28,-1
31,29,-1
31,30,-1
31,31,0
31,32,50
31,33,38
31,34,37
31,35,130
31,36,34
31,37,60
31,38,60
31,39,36
31,40,61
31,41,33
31,42,61
31,43,32
31,44,34
31,45,114
31,46,60
31,47,45
31,48,42
31,49,51
31,50,51
31,51,46
31,52,133
31,53,58
31,54,58
31,55,58
31,56,68
31,57,45
31,58,40
31,59,49
31,60,32
31,61,56
31,62,97
31,63,97
31,64,49
31,65,42
31,66,42
31,67,91
31,68,60
31,69,87
31,70,84
31,71,78
31,72,178
31,73,49
31,74,49
31,75,179
31,76,104
31,77,104
31,78,128
31,79,128
31,80,129
31,81,90
31,82,61
31,83,112
31,84,46
31,85,57
31,86,46
31,87,89
31,88,89
31,89,70
31,90,36
31,91,37
31,92,144
31,93,77
31,94,100
31,95,131
31,96,37
31,97,42
31,98,45
31,99,32
31,100,103
31,101,99
31,102,30
31,103,60
31,104,57
31,105,57
31,106,57
31,107,56
31,108,84
31,109,50
31,110,50
31,111,29
31,112,35
31,113,61
31,114,60
31,115,60
31,116,42
31,117,57
31,118,57
31,119,35
31,120,35
31,121,35
31,122,30
31,123,27
31,124,30
31,125,31
31,126,33
31,127,55
31,128,35
31,129,36
31,130,38
31,131,36
31,132,29
31,133,29
31,134,37
31,135,46
31,136,44
31,137,33
31,138,43
31,139,33
31,140,35
31,141,45
31,142,45
31,143,105
31,144,32
31,145,116
31,146,36
31,147,57
31,148,75
31,149,60
31,150,26
31,151,36
31,152,37
31,153,38
31,154,40
31,155,45
31,156,45
31,157,91
31,158,67
31,159,102
31,160,37
31,161,47
31,162,32
31,163,36
31,164,33
31,165,33
31,166,35
31,167,50
31,168,26
31,169,26
31,170,27
31,171,55
31,172,24
31,173,43
31,174,46
31,175,36
31,176,36
31,177,30
31,178,64
31,179,54
31,180,63
31,181,35
31,182,71
31,183,71
31,184,31
31,185,31
31,186,31
31,187,31
31,188,32
31,189,104
31,190,104
31,191,46
31,192,55
31,193,52
31,194,52
31,195,53
31,196,53
31,197,53
31,198,53
31,199,52
31,200,53
31,201,53
31,202,101
31,203,36
31,204,36
31,205,86
31,206,26
31,207,26
31,208,26
31,209,27
31,210,49
31,211,49
31,212,44
31,213,36
31,214,37
31,215,88
31,216,88
31,217,88
31,218,32
31,219,32
31,220,84
31,221,90
31,222,32
31,223,30
31,224,30
31,225,49
31,226,53
31,227,44
31,228,77
31,229,89
31,230,89
31,231,47
31,232,56
31,233,56
31,234,26
31,235,39
31,236,29
31,237,49
31,238,47
31,239,47
31,240,39
31,241,38
31,242,43
31,243,44
31,244,35
31,245,36
31,246,45
31,247,39
31,248,39
31,249,61
31,250,31
31,251,32
31,252,36
31,253,37
31,254,45
31,255,47
31,256,41
31,257,41
31,258,41
31,259,40
31,260,40
31,261,31
31,262,64
31,263,63
31,264,109
31,265,-1
31,266,-1
31,267,-1
31,268,-1
31,269,39
31,270,37
31,271,37
31,272,105
31,273,38
31,274,39
31,275,37
31,276,97
31,277,44
31,278,44
31,279,44
31,280,52
31,281,49
31,282,50
31,283,43
31,284,49
31,285,38
31,286,39
31,287,37
31,288,39
31,289,37
31,290,39
31,291,37
31,292,37
31,293,37
31,294,37
31,295,38
31,296,38
31,297,35
31,298,35
31,299,73
31,300,47
31,301,47
31,302,47
31,303,42
31,304,38
31,305,42
31,306,35
31,307,87
31,308,72
31,309,90
31,310,90
31,311,37
31,312,34
31,313,35
31,314,33
31,315,52
31,316,54
31,317,28
31,318,28
31,319,31
31,320,36
31,321,36
31,322,55
31,323,25
31,324,32
31,325,31
31,326,24
31,327,46
31,328,36
31,329,49
31,330,50
31,331,90
31,332,86
31,333,43
31,334,37
31,335,156
31,336,36
31,337,35
31,338,46
31,339,53
31,340,30
31,341,25
31,342,88
31,343,31
31,344,47
31,345,46
31,346,47
31,347,112
31,348,24
31,349,30
31,350,60
32,0,0
32,1,0
32,2,0
32,3,0
32,4,0
32,5,0
32,6,0
32,7,0
32,8,0
32,9,0
32,10,0
32,11,0
32,12,-1
32,13,-1
32,14,-1
32,15,-1
32,16,-1
32,17,-1
32,18,-1
32,19,196
32,20,-1
32,21,47
32,22,24
32,23,21
32,24,20
32,25,19
32,26,18
32,27,65
32,28,50
32,29,50
32,30,49
32,31,50
32,32,0
32,33,-1
32,34,-1
32,35,50
32,36,-1
32,37,-1
32,38,-1
32,39,-1
32,40,-1
32,41,-1
32,42,-1
32,43,-1
32,44,-1
32,45,295
32,46,27
32,47,-1
32,48,-1
32,49,-1
32,50,-1
32,51,-1
32,52,64
32,53,-1
32,54,-1
32,55,-1
32,56,33
32,57,-1
32,58,-1
32,59,39
32,60,-1
32,61,60
32,62,42
32,63,65
32,64,-1
32,65,-1
32,66,-1
32,67,36
32,68,10
32,69,37
32,70,16
32,71,18
32,72,24
32,73,-1
32,74,-1
32,75,25
32,76,39
32,77,39
32,78,59
32,79,59
32,80,59
32,81,57
32,82,36
32,83,120
32,84,-1
32,85,36
32,86,-1
32,87,34
32,88,34
32,89,103
32,90,-1
32,91,-1
32,92,156
32,93,38
32,94,50
32,95,64
32,96,-1
32,97,-1
32,98,41
32,99,-1
32,100,35
32,101,47
32,102,-1
32,103,40
32,104,-1
32,105,-1
32,106,-1
32,107,-1
32,108,35
32,109,-1
32,110,-1
32,111,37
32,112,-1
32,113,37
32,114,36
32,115,36
32,116,-1
32,117,-1
32,118,-1
32,119,-1
32,120,-1
32,121,-1
32,122,41
32,123,39
32,124,-1
32,125,-1
32,126,-1
32,127,-1
32,128,-1
32,129,-1
32,130,-1
32,131,-1
32,132,-1
32,133,-1
32,134,-1
32,135,-1
32,136,-1
32,137,-1
32,138,-1
32,139,-1
32,140,-1
32,141,41
32,142,41
32,143,34
32,144,-1
32,145,41
32,146,-1
32,147,-1
32,148,97
32,149,34
32,150,35
32,151,-1
32,152,-1
32,153,-1
32,154,-1
32,155,-1
32,156,-1
32,157,36
32,158,36
32,159,184
32,160,-1
32,161,-1
32,162,-1
32,163,-1
32,164,-1
32,165,-1
32,166,-1
32,167,-1
32,168,30
32,169,30
32,170,30
32,171,22
32,172,47
32,173,-1
32,174,-1
32,175,-1
32,176,-1
32,177,41
32,178,37
32,179,21
32,180,91
32,181,-1
32,182,104
32,183,104
32,184,-1
32,185,-1
32,186,-1
32,187,-1
32,188,-1
32,189,44
32,190,44
32,191,-1
32,192,-1
32,193,-1
32,194,-1
32,195,-1
32,196,-1
32,197,-1
32,198,-1
32,199,-1
32,200,-1
32,201,-1
32,202,39
32,203,-1
32,204,-1
32,205,98
32,206,42
32,207,42
32,208,42
32,209,-1
32,210,-1
32,211,-1
32,212,-1
32,213,-1
32,214,-1
32,215,25
32,216,25
32,217,25
32,218,-1
32,219,-1
32,220,96
32,221,42
32,222,-1
32,223,41
32,224,41
32,225,-1
32,226,-1
32,227,37
32,228,46
32,229,35
32,230,35
32,231,-1
32,232,23
32,233,23
32,234,29
32,235,-1
32,236,40
32,237,-1
32,238,-1
32,239,-1
32,240,-1
32,241,-1
32,242,-1
32,243,40
32,244,-1
32,245,-1
32,246,-1
32,247,-1
32,248,-1
32,249,34
32,250,-1
32,251,-1
32,252,-1
32,253,-1
32,254,-1
32,255,-1
32,256,-1
32,257,-1
32,258,-1
32,259,-1
32,260,-1
32,261,-1
32,262,34
32,263,36
32,264,39
32,265,272
32,266,275
32,267,275
32,268,275
32,269,-1
32,270,-1
32,271,-1
32,272,45
32,273,-1
32,274,-1
32,275,-1
32,276,36
32,277,-1
32,278,-1
32,279,-1
32,280,-1
32,281,-1
32,282,-1
32,283,-1
32,284,-1
32,285,-1
32,286,-1
32,287,-1
32,288,-1
32,289,-1
32,290,-1
32,291,-1
32,292,-1
32,293,-1
32,294,-1
32,295,-1
32,296,-1
32,297,-1
32,298,-1
32,299,34
32,300,-1
32,301,-1
32,302,-1
32,303,-1
32,304,-1
32,305,-1
32,306,-1
32,307,35
32,308,105
32,309,35
32,310,37
32,311,-1
32,312,-1
32,313,-1
32,314,-1
32,315,-1
32,316,-1
32,317,-1
32,318,-1
32,319,-1
32,320,-1
32,321,-1
32,322,-1
32,323,35
32,324,-1
32,325,42
32,326,34
32,327,40
32,328,-1
32,329,-1
32,330,-1
32,331,37
32,332,23
32,333,-1
32,334,-1
32,335,115
32,336,-1
32,337,-1
32,338,-1
32,339,26
32,340,41
32,341,48
32,342,17
32,343,35
32,344,-1
32,345,-1
32,346,-1
32,347,120
32,348,41
32,349,41
32,350,-1
33,0,0
33,1,0
33,2,0
33,3,0
33,4,0
33,5,0
33,6,0
33,7,0
33,8,0
33,9,0
33,10,0
33,11,0
33,12,-1
33,13,-1
33,14,-1
33,15,-1
33,16,-1
33,17,-1
33,18,-1
33,19,184
33,20,11
33,21,35
33,22,23
33,23,-1
33,24,-1
33,25,18
33,26,17
33,27,54
33,28,38
33,29,38
33,30,37
33,31,38
33,32,-1
33,33,0
33,34,-1
33,35,38
33,36,-1
33,37,-1
33,38,-1
33,39,-1
33,40,-1
33,41,-1
33,42,-1
33,43,-1
33,44,18
33,45,296
33,46,28
33,47,-1
33,48,-1
33,49,-1
33,50,-1
33,51,21
33,52,52
33,53,-1
33,54,-1
33,55,-1
33,56,34
33,57,26
33,58,21
33,59,33
33,60,-1
33,61,61
33,62,30
33,63,52
33,64,-1
33,65,-1
33,66,-1
33,67,24
33,68,11
33,69,25
33,70,23
33,71,25
33,72,28
33,73,25
33,74,24
33,75,29
33,76,40
33,77,40
33,78,47
33,79,47
33,80,47
33,81,45
33,82,25
33,83,124
33,84,-1
33,85,25
33,86,-1
33,87,22
33,88,22
33,89,104
33,90,-1
33,91,-1
33,92,145
33,93,39
33,94,38
33,95,52
33,96,-1
33,97,18
33,98,-1
33,99,-1
33,100,36
33,101,35
33,102,-1
33,103,29
33,104,-1
33,105,-1
33,106,29
33,107,25
33,108,25
33,109,25
33,110,26
33,111,21
33,112,-1
33,113,26
33,114,25
33,115,25
33,116,23
33,117,28
33,118,28
33,119,-1
33,120,-1
33,121,-1
33,122,22
33,123,-1
33,124,-1
33,125,15
33,126,-1
33,127,-1
33,128,-1
33,129,-1
33,130,16
33,131,-1
33,132,-1
33,133,-1
33,134,16
33,135,22
33,136,20
33,137,-1
33,138,24
33,139,-1
33,140,-1
33,141,-1
33,142,-1
33,143,35
33,144,-1
33,145,42
33,146,-1
33,147,-1
33,148,81
33,149,23
33,150,18
33,151,-1
33,152,-1
33,153,-1
33,154,-1
33,155,-1
33,156,-1
33,157,24
33,158,25
33,159,128
33,160,-1
33,161,-1
33,162,-1
33,163,-1
33,164,-1
33,165,-1
33,166,18
33,167,-1
33,168,19
33,169,19
33,170,19
33,171,23
33,172,33
33,173,-1
33,174,-1
33,175,20
33,176,20
33,177,22
33,178,26
33,179,22
33,180,71
33,181,21
33,182,68
33,183,68
33,184,-1
33,185,-1
33,186,-1
33,187,-1
33,188,-1
33,189,32
33,190,32
33,191,-1
33,192,28
33,193,-1
33,194,-1
33,195,-1
33,196,-1
33,197,-1
33,198,-1
33,199,-1
33,200,-1
33,201,-1
33,202,27
33,203,-1
33,204,-1
33,205,82
33,206,27
33,207,27
33,208,27
33,209,-1
33,210,-1
33,211,-1
33,212,-1
33,213,-1
33,214,-1
33,215,26
33,216,26
33,217,26
33,218,-1
33,219,-1
33,220,82
33,221,30
33,222,-1
33,223,22
33,224,22
33,225,-1
33,226,-1
33,227,26
33,228,35
33,229,23
33,230,23
33,231,-1
33,232,24
33,233,24
33,234,18
33,235,-1
33,236,25
33,237,25
33,238,23
33,239,23
33,240,-1
33,241,-1
33,242,18
33,243,-1
33,244,-1
33,245,-1
33,246,-1
33,247,-1
33,248,-1
33,249,23
33,250,-1
33,251,-1
33,252,-1
33,253,-1
33,254,21
33,255,-1
33,256,-1
33,257,-1
33,258,-1
33,259,-1
33,260,-1
33,261,-1
33,262,23
33,263,25
33,264,40
33,265,261
33,266,264
33,267,264
33,268,264
33,269,-1
33,270,-1
33,271,-1
33,272,33
33,273,-1
33,274,-1
33,275,-1
33,276,24
33,277,-1
33,278,-1
33,279,-1
33,280,-1
33,281,-1
33,282,-1
33,283,-1
33,284,-1
33,285,-1
33,286,-1
33,287,-1
33,288,-1
33,289,-1
33,290,-1
33,291,-1
33,292,-1
33,293,-1
33,294,-1
33,295,-1
33,296,-1
33,297,-1
33,298,-1
33,299,35
33,300,-1
33,301,-1
33,302,-1
33,303,-1
33,304,19
33,305,-1
33,306,-1
33,307,23
33,308,69
33,309,23
33,310,25
33,311,-1
33,312,-1
33,313,-1
33,314,-1
33,315,-1
33,316,-1
33,317,-1
33,318,-1
33,319,-1
33,320,-1
33,321,-1
33,322,25
33,323,17
33,324,-1
33,325,23
33,326,16
33,327,29
33,328,-1
33,329,-1
33,330,-1
33,331,25
33,332,24
33,333,27
33,334,-1
33,335,116
33,336,-1
33,337,-1
33,338,-1
33,339,27
33,340,22
33,341,34
33,342,24
33,343,-1
33,344,-1
33,345,-1
33,346,-1
33,347,124
33,348,-1
33,349,22
33,350,-1
34,0,0
34,1,0
34,2,0
34,3,0
34,4,0
34,5,0
34,6,0
34,7,0
34,8,0
34,9,0
34,10,0
34,11,0
34,12,-1
34,13,-1
34,14,-1
34,15,-1
34,16,-1
34,17,17
34,18,-1
34,19,183
34,20,14
34,21,34
34,22,23
34,23,-1
34,24,-1
34,25,18
34,26,17
34,27,53
34,28,37
34,29,37
34,30,36
34,31,37
34,32,-1
34,33,-1
34,34,0
34,35,37
34,36,-1
34,37,-1
34,38,-1
34,39,-1
34,40,-1
34,41,-1
34,42,-1
34,43,-1
34,44,17
34,45,290
34,46,27
34,47,-1
34,48,-1
34,49,-1
34,50,-1
34,51,20
34,52,51
34,53,-1
34,54,-1
34,55,-1
34,56,33
34,57,25
34,58,20
34,59,32
34,60,-1
34,61,47
34,62,29
34,63,55
34,64,-1
34,65,-1
34,66,-1
34,67,23
34,68,10
34,69,24
34,70,22
34,71,24
34,72,27
34,73,24
34,74,23
34,75,28
34,76,39
34,77,39
34,78,46
34,79,46
34,80,46
34,81,44
34,82,24
34,83,123
34,84,-1
34,85,24
34,86,-1
34,87,21
34,88,21
34,89,66
34,90,-1
34,91,-1
34,92,144
34,93,38
34,94,37
34,95,51
34,96,-1
34,97,-1
34,98,-1
34,99,-1
34,100,35
34,101,34
34,102,-1
34,103,28
34,104,-1
34,105,-1
34,106,-1
34,107,24
34,108,24
34,109,24
34,110,25
34,111,20
34,112,-1
34,113,25
34,114,24
34,115,24
34,116,22
34,117,27
34,118,27
34,119,-1
34,120,-1
34,121,-1
34,122,21
34,123,25
34,124,-1
34,125,14
34,126,-1
34,127,-1
34,128,-1
34,129,-1
34,130,15
34,131,-1
34,132,-1
34,133,-1
34,134,15
34,135,21
34,136,19
34,137,-1
34,138,23
34,139,-1
34,140,-1
34,141,-1
34,142,-1
34,143,34
34,144,-1
34,145,41
34,146,-1
34,147,-1
34,148,80
34,149,22
34,150,17
34,151,-1
34,152,-1
34,153,-1
34,154,-1
34,155,-1
34,156,-1
34,157,23
34,158,24
34,159,127
34,160,-1
34,161,-1
34,162,-1
34,163,-1
34,164,-1
34,165,-1
34,166,17
34,167,-1
34,168,18
34,169,18
34,170,18
34,171,22
34,172,34
34,173,-1
34,174,-1
34,175,-1
34,176,19
34,177,21
34,178,25
34,179,21
34,180,70
34,181,18
34,182,67
34,183,67
34,184,-1
34,185,-1
34,186,-1
34,187,-1
34,188,-1
34,189,31
34,190,31
34,191,-1
34,192,27
34,193,-1
34,194,-1
34,195,-1
34,196,-1
34,197,-1
34,198,-1
34,199,-1
34,200,-1
34,201,-1
34,202,26
34,203,-1
34,204,-1
34,205,81
34,206,26
34,207,26
34,208,26
34,209,-1
34,210,-1
34,211,-1
34,212,-1
34,213,-1
34,214,-1
34,215,25
34,216,25
34,217,25
34,218,-1
34,219,-1
34,220,81
34,221,29
34,222,-1
34,223,21
34,224,21
34,225,-1
34,226,-1
34,227,25
34,228,34
34,229,22
34,230,22
34,231,-1
34,232,23
34,233,23
34,234,17
34,235,-1
34,236,24
34,237,24
34,238,22
34,239,22
34,240,-1
34,241,-1
34,242,17
34,243,-1
34,244,-1
34,245,-1
34,246,-1
34,247,-1
34,248,-1
34,249,22
34,250,-1
34,251,-1
34,252,-1
34,253,-1
34,254,20
34,255,-1
34,256,-1
34,257,-1
34,258,-1
34,259,-1
34,260,-1
34,261,-1
34,262,22
34,263,24
34,264,39
34,265,260
34,266,263
34,267,263
34,268,263
34,269,-1
34,270,-1
34,271,-1
34,272,32
34,273,-1
34,274,-1
34,275,-1
34,276,23
34,277,-1
34,278,-1
34,279,-1
34,280,-1
34,281,-1
34,282,-1
34,283,-1
34,284,-1
34,285,-1
34,286,-1
34,287,-1
34,288,-1
34,289,-1
34,290,-1
34,291,-1
34,292,-1
34,293,-1
34,294,-1
34,295,-1
34,296,-1
34,297,-1
34,298,-1
34,299,34
34,300,-1
34,301,-1
34,302,-1
34,303,-1
34,304,18
34,305,-1
34,306,-1
34,307,22
34,308,68
34,309,22
34,310,24
34,311,-1
34,312,-1
34,313,-1
34,314,-1
34,315,-1
34,316,-1
34,317,-1
34,318,-1
34,319,-1
34,320,-1
34,321,-1
34,322,24
34,323,16
34,324,-1
34,325,22
34,326,15
34,327,28
34,328,-1
34,329,-1
34,330,-1
34,331,24
34,332,23
34,333,27
34,334,-1
34,335,115
34,336,-1
34,337,-1
34,338,-1
34,339,26
34,340,21
34,341,35
34,342,34
34,343,23
34,344,-1
34,345,-1
34,346,-1
34,347,123
34,348,27
34,349,21
34,350,-1
35,0,0
35,1,0
35,2,0
35,3,0
35,4,0
35,5,0
35,6,0
35,7,0
35,8,0
35,9,0
35,10,0
35,11,0
35,12,38
35,13,38
35,14,38
35,15,37
35,16,38
35,17,37
35,18,41
35,19,199
35,20,24
35,21,50
35,22,39
35,23,32
35,24,32
35,25,34
35,26,33
35,27,61
35,28,130
35,29,130
35,30,129
35,31,130
35,32,50
35,33,38
35,34,37
35,35,0
35,36,27
35,37,57
35,38,57
35,39,23
35,40,59
35,41,27
35,42,60
35,43,25
35,44,22
35,45,298
35,46,60
35,47,32
35,48,35
35,49,49
35,50,49
35,51,19
35,52,-1
35,53,56
35,54,56
35,55,56
35,56,66
35,57,26
35,58,21
35,59,41
35,60,25
35,61,55
35,62,24
35,63,97
35,64,47
35,65,35
35,66,36
35,67,18
35,68,43
35,69,20
35,70,16
35,71,18
35,72,18
35,73,23
35,74,22
35,75,19
35,76,72
35,77,72
35,78,-1
35,79,-1
35,80,-1
35,81,41
35,82,32
35,83,34
35,84,34
35,85,18
35,86,34
35,87,16
35,88,16
35,89,81
35,90,30
35,91,31
35,92,159
35,93,71
35,94,-1
35,95,-1
35,96,24
35,97,18
35,98,38
35,99,27
35,100,62
35,101,-1
35,102,30
35,103,36
35,104,23
35,105,23
35,106,22
35,107,18
35,108,18
35,109,23
35,110,24
35,111,28
35,112,28
35,113,33
35,114,32
35,115,32
35,116,24
35,117,21
35,118,21
35,119,20
35,120,20
35,121,21
35,122,29
35,123,33
35,124,29
35,125,25
35,126,26
35,127,35
35,128,23
35,129,19
35,130,18
35,131,20
35,132,22
35,133,22
35,134,18
35,135,19
35,136,18
35,137,26
35,138,24
35,139,26
35,140,24
35,141,38
35,142,38
35,143,62
35,144,25
35,145,72
35,146,21
35,147,37
35,148,95
35,149,30
35,150,25
35,151,28
35,152,30
35,153,31
35,154,33
35,155,22
35,156,22
35,157,20
35,158,32
35,159,142
35,160,30
35,161,44
35,162,25
35,163,29
35,164,27
35,165,26
35,166,20
35,167,24
35,168,26
35,169,26
35,170,26
35,171,55
35,172,37
35,173,21
35,174,34
35,175,31
35,176,34
35,177,29
35,178,33
35,179,54
35,180,85
35,181,22
35,182,82
35,183,82
35,184,31
35,185,31
35,186,31
35,187,31
35,188,31
35,189,47
35,190,47
35,191,44
35,192,21
35,193,50
35,194,50
35,195,51
35,196,51
35,197,51
35,198,51
35,199,50
35,200,51
35,201,51
35,202,42
35,203,29
35,204,24
35,205,96
35,206,34
35,207,34
35,208,34
35,209,27
35,210,36
35,211,48
35,212,31
35,213,30
35,214,32
35,215,58
35,216,58
35,217,58
35,218,25
35,219,26
35,220,96
35,221,25
35,222,29
35,223,29
35,224,29
35,225,34
35,226,33
35,227,33
35,228,205
35,229,18
35,230,18
35,231,44
35,232,56
35,233,56
35,234,25
35,235,32
35,236,32
35,237,23
35,238,20
35,239,21
35,240,32
35,241,31
35,242,16
35,243,37
35,244,28
35,245,29
35,246,32
35,247,25
35,248,25
35,249,30
35,250,24
35,251,25
35,252,29
35,253,30
35,254,19
35,255,35
35,256,29
35,257,29
35,258,28
35,259,27
35,260,27
35,261,24
35,262,30
35,263,32
35,264,65
35,265,268
35,266,271
35,267,271
35,268,271
35,269,24
35,270,24
35,271,25
35,272,48
35,273,25
35,274,26
35,275,30
35,276,39
35,277,32
35,278,31
35,279,31
35,280,35
35,281,23
35,282,24
35,283,22
35,284,23
35,285,32
35,286,32
35,287,30
35,288,32
35,289,30
35,290,32
35,291,30
35,292,30
35,293,30
35,294,30
35,295,30
35,296,31
35,297,35
35,298,33
35,299,67
35,300,22
35,301,22
35,302,21
35,303,21
35,304,20
35,305,21
35,306,35
35,307,18
35,308,83
35,309,18
35,310,20
35,311,30
35,312,31
35,313,27
35,314,26
35,315,36
35,316,37
35,317,27
35,318,27
35,319,24
35,320,29
35,321,29
35,322,18
35,323,24
35,324,25
35,325,30
35,326,23
35,327,36
35,328,26
35,329,48
35,330,49
35,331,20
35,332,56
35,333,27
35,334,26
35,335,148
35,336,29
35,337,28
35,338,33
35,339,59
35,340,29
35,341,38
35,342,17
35,343,31
35,344,35
35,345,34
35,346,36
35,347,34
35,348,35
35,349,29
35,350,58
36,0,0
36,1,0
36,2,0
36,3,0
36,4,0
36,5,0
36,6,0
36,7,0
36,8,0
36,9,0
36,10,0
36,11,0
36,12,16
36,13,16
36,14,17
36,15,18
36,16,16
36,17,21
36,18,-1
36,19,145
36,20,21
36,21,26
36,22,-1
36,23,-1
36,24,-1
36,25,-1
36,26,-1
36,27,44
36,28,34
36,29,34
36,30,33
36,31,34
36,32,-1
36,33,-1
36,34,-1
36,35,27
36,36,0
36,37,34
36,38,34
36,39,-1
36,40,36
36,41,-1
36,42,37
36,43,-1
36,44,15
36,45,286
36,46,37
36,47,-1
36,48,-1
36,49,26
36,50,26
36,51,27
36,52,48
36,53,33
36,54,33
36,55,33
36,56,43
36,57,26
36,58,21
36,59,30
36,60,-1
36,61,43
36,62,53
36,63,54
36,64,24
36,65,-1
36,66,-1
36,67,47
36,68,20
36,69,51
36,70,38
36,71,35
36,72,36
36,73,31
36,74,30
36,75,37
36,76,49
36,77,49
36,78,43
36,79,43
36,80,43
36,81,41
36,82,20
36,83,132
36,84,-1
36,85,38
36,86,-1
36,87,44
36,88,44
36,89,63
36,90,-1
36,91,-1
36,92,141
36,93,48
36,94,34
36,95,48
36,96,-1
36,97,14
36,98,-1
36,99,-1
36,100,50
36,101,31
36,102,-1
36,103,24
36,104,35
36,105,35
36,106,35
36,107,37
36,108,41
36,109,31
36,110,32
36,111,-1
36,112,-1
36,113,21
36,114,20
36,115,20
36,116,23
36,117,34
36,118,34
36,119,16
36,120,16
36,121,16
36,122,17
36,123,-1
36,124,-1
36,125,12
36,126,-1
36,127,-1
36,128,15
36,129,17
36,130,19
36,131,17
36,132,-1
36,133,-1
36,134,18
36,135,27
36,136,25
36,137,-1
36,138,24
36,139,-1
36,140,-1
36,141,-1
36,142,-1
36,143,50
36,144,-1
36,145,51
36,146,17
36,147,32
36,148,77
36,149,18
36,150,-1
36,151,-1
36,152,-1
36,153,-1
36,154,-1
36,155,17
36,156,17
36,157,51
36,158,20
36,159,124
36,160,-1
36,161,21
36,162,-1
36,163,-1
36,164,-1
36,165,-1
36,166,16
36,167,22
36,168,-1
36,169,-1
36,170,-1
36,171,32
36,172,-1
36,173,16
36,174,-1
36,175,17
36,176,17
36,177,17
36,178,21
36,179,31
36,180,67
36,181,16
36,182,64
36,183,64
36,184,-1
36,185,-1
36,186,-1
36,187,-1
36,188,-1
36,189,28
36,190,28
36,191,21
36,192,36
36,193,27
36,194,27
36,195,28
36,196,28
36,197,28
36,198,28
36,199,27
36,200,28
36,201,28
36,202,23
36,203,-1
36,204,-1
36,205,78
36,206,-1
36,207,-1
36,208,-1
36,209,-1
36,210,24
36,211,25
36,212,-1
36,213,-1
36,214,-1
36,215,35
36,216,35
36,217,35
36,218,-1
36,219,-1
36,220,78
36,221,56
36,222,13
36,223,17
36,224,17
36,225,-1
36,226,-1
36,227,21
36,228,30
36,229,49
36,230,48
36,231,21
36,232,33
36,233,33
36,234,-1
36,235,-1
36,236,-1
36,237,30
36,238,28
36,239,28
36,240,-1
36,241,-1
36,242,24
36,243,-1
36,244,-1
36,245,-1
36,246,-1
36,247,-1
36,248,-1
36,249,18
36,250,-1
36,251,-1
36,252,-1
36,253,-1
36,254,26
36,255,-1
36,256,-1
36,257,-1
36,258,-1
36,259,-1
36,260,-1
36,261,-1
36,262,18
36,263,20
36,264,53
36,265,256
36,266,259
36,267,259
36,268,259
36,269,-1
36,270,-1
36,271,-1
36,272,29
36,273,-1
36,274,-1
36,275,-1
36,276,20
36,277,-1
36,278,-1
36,279,-1
36,280,-1
36,281,21
36,282,21
36,283,17
36,284,21
36,285,-1
36,286,-1
36,287,-1
36,288,-1
36,289,-1
36,290,-1
36,291,-1
36,292,-1
36,293,-1
36,294,-1
36,295,-1
36,296,-1
36,297,-1
36,298,-1
36,299,44
36,300,18
36,301,18
36,302,19
36,303,17
36,304,15
36,305,16
36,306,-1
36,307,49
36,308,65
36,309,49
36,310,51
36,311,-1
36,312,-1
36,313,-1
36,314,-1
36,315,-1
36,316,28
36,317,-1
36,318,-1
36,319,-1
36,320,-1
36,321,-1
36,322,38
36,323,-1
36,324,-1
36,325,18
36,326,11
36,327,24
36,328,-1
36,329,25
36,330,26
36,331,50
36,332,33
36,333,23
36,334,-1
36,335,87
36,336,-1
36,337,-1
36,338,-1
36,339,36
36,340,17
36,341,-1
36,342,39
36,343,-1
36,344,-1
36,345,-1
36,346,23
36,347,132
36,348,-1
36,349,17
36,350,35
37,0,0
37,1,0
37,2,0
37,3,0
37,4,0
37,5,0
37,6,0
37,7,0
37,8,0
37,9,0
37,10,0
37,11,0
37,12,-1
37,13,-1
37,14,-1
37,15,-1
37,16,-1
37,17,-1
37,18,37
37,19,206
37,20,-1
37,21,58
37,22,32
37,23,36
37,24,36
37,25,27
37,26,26
37,27,73
37,28,60
37,29,60
37,30,59
37,31,60
37,32,-1
37,33,-1
37,34,-1
37,35,57
37,36,34
37,37,0
37,38,-1
37,39,-1
37,40,-1
37,41,-1
37,42,-1
37,43,-1
37,44,-1
37,45,303
37,46,35
37,47,-1
37,48,-1
37,49,-1
37,50,-1
37,51,-1
37,52,73
37,53,-1
37,54,-1
37,55,-1
37,56,41
37,57,-1
37,58,-1
37,59,45
37,60,-1
37,61,68
37,62,43
37,63,113
37,64,-1
37,65,-1
37,66,-1
37,67,37
37,68,18
37,69,42
37,70,20
37,71,22
37,72,28
37,73,-1
37,74,-1
37,75,29
37,76,47
37,77,47
37,78,68
37,79,68
37,80,68
37,81,66
37,82,45
37,83,124
37,84,-1
37,85,22
37,86,-1
37,87,20
37,88,20
37,89,88
37,90,38
37,91,-1
37,92,166
37,93,46
37,94,59
37,95,73
37,96,-1
37,97,-1
37,98,48
37,99,-1
37,100,43
37,101,56
37,102,35
37,103,49
37,104,-1
37,105,-1
37,106,-1
37,107,22
37,108,22
37,109,-1
37,110,-1
37,111,44
37,112,39
37,113,46
37,114,45
37,115,45
37,116,-1
37,117,-1
37,118,-1
37,119,-1
37,120,-1
37,121,-1
37,122,48
37,123,46
37,124,35
37,125,-1
37,126,-1
37,127,-1
37,128,-1
37,129,-1
37,130,-1
37,131,-1
37,132,-1
37,133,-1
37,134,-1
37,135,-1
37,136,-1
37,137,-1
37,138,-1
37,139,-1
37,140,-1
37,141,49
37,142,49
37,143,42
37,144,-1
37,145,49
37,146,-1
37,147,-1
37,148,88
37,149,43
37,150,43
37,151,-1
37,152,-1
37,153,-1
37,154,-1
37,155,-1
37,156,-1
37,157,41
37,158,45
37,159,177
37,160,-1
37,161,-1
37,162,-1
37,163,39
37,164,-1
37,165,-1
37,166,-1
37,167,-1
37,168,40
37,169,40
37,170,40
37,171,30
37,172,54
37,173,-1
37,174,-1
37,175,-1
37,176,-1
37,177,48
37,178,46
37,179,29
37,180,91
37,181,-1
37,182,97
37,183,97
37,184,34
37,185,34
37,186,37
37,187,37
37,188,37
37,189,53
37,190,53
37,191,-1
37,192,-1
37,193,-1
37,194,-1
37,195,-1
37,196,-1
37,197,-1
37,198,-1
37,199,-1
37,200,-1
37,201,-1
37,202,48
37,203,-1
37,204,-1
37,205,99
37,206,50
37,207,49
37,208,49
37,209,38
37,210,-1
37,211,-1
37,212,-1
37,213,24
37,214,22
37,215,33
37,216,33
37,217,33
37,218,-1
37,219,-1
37,220,99
37,221,46
37,222,-1
37,223,48
37,224,48
37,225,-1
37,226,-1
37,227,46
37,228,55
37,229,39
37,230,39
37,231,-1
37,232,31
37,233,31
37,234,40
37,235,-1
37,236,48
37,237,-1
37,238,-1
37,239,-1
37,240,-1
37,241,-1
37,242,-1
37,243,47
37,244,-1
37,245,21
37,246,-1
37,247,-1
37,248,-1
37,249,43
37,250,-1
37,251,-1
37,252,-1
37,253,-1
37,254,-1
37,255,-1
37,256,-1
37,257,-1
37,258,-1
37,259,-1
37,260,-1
37,261,-1
37,262,43
37,263,45
37,264,47
37,265,281
37,266,284
37,267,284
37,268,284
37,269,-1
37,270,-1
37,271,-1
37,272,54
37,273,-1
37,274,-1
37,275,19
37,276,45
37,277,-1
37,278,-1
37,279,-1
37,280,-1
37,281,-1
37,282,-1
37,283,-1
37,284,-1
37,285,22
37,286,17
37,287,18
37,288,-1
37,289,20
37,290,21
37,291,19
37,292,19
37,293,19
37,294,-1
37,295,-1
37,296,-1
37,297,22
37,298,22
37,299,42
37,300,-1
37,301,-1
37,302,-1
37,303,-1
37,304,-1
37,305,-1
37,306,37
37,307,39
37,308,98
37,309,39
37,310,41
37,311,-1
37,312,-1
37,313,-1
37,314,-1
37,315,-1
37,316,-1
37,317,38
37,318,38
37,319,-1
37,320,20
37,321,19
37,322,22
37,323,43
37,324,-1
37,325,50
37,326,41
37,327,49
37,328,-1
37,329,-1
37,330,-1
37,331,40
37,332,31
37,333,-1
37,334,-1
37,335,123
37,336,-1
37,337,-1
37,338,-1
37,339,34
37,340,48
37,341,56
37,342,21
37,343,43
37,344,-1
37,345,-1
37,346,-1
37,347,124
37,348,48
37,349,48
37,350,-1
38,0,0
38,1,0
38,2,0
38,3,0
38,4,0
38,5,0
38,6,0
38,7,0
38,8,0
38,9,0
38,10,0
38,11,0
38,12,-1
38,13,-1
38,14,-1
38,15,-1
38,16,-1
38,17,-1
38,18,37
38,19,206
38,20,-1
38,21,58
38,22,32
38,23,36
38,24,36
38,25,27
38,26,26
38,27,73
38,28,60
38,29,60
38,30,59
38,31,60
38,32,-1
38,33,-1
38,34,-1
38,35,57
38,36,34
38,37,-1
38,38,0
38,39,-1
38,40,-1
38,41,-1
38,42,-1
38,43,-1
38,44,-1
38,45,303
38,46,35
38,47,-1
38,48,-1
38,49,-1
38,50,-1
38,51,-1
38,52,73
38,53,-1
38,54,-1
38,55,-1
38,56,41
38,57,-1
38,58,-1
38,59,45
38,60,-1
38,61,68
38,62,43
38,63,113
38,64,-1
38,65,-1
38,66,-1
38,67,37
38,68,18
38,69,42
38,70,20
38,71,22
38,72,28
38,73,-1
38,74,-1
38,75,29
38,76,47
38,77,47
38,78,68
38,79,68
38,80,68
38,81,66
38,82,45
38,83,124
38,84,-1
38,85,22
38,86,-1
38,87,20
38,88,20
38,89,96
38,90,38
38,91,-1
38,92,185
38,93,46
38,94,59
38,95,73
38,96,-1
38,97,-1
38,98,48
38,99,-1
38,100,43
38,101,56
38,102,35
38,103,49
38,104,-1
38,105,-1
38,106,-1
38,107,22
38,108,22
38,109,-1
38,110,-1
38,111,44
38,112,38
38,113,46
38,114,45
38,115,45
38,116,-1
38,117,-1
38,118,-1
38,119,-1
38,120,-1
38,121,-1
38,122,48
38,123,46
38,124,35
38,125,-1
38,126,-1
38,127,-1
38,128,-1
38,129,-1
38,130,-1
38,131,-1
38,132,-1
38,133,-1
38,134,-1
38,135,-1
38,136,-1
38,137,-1
38,138,-1
38,139,-1
38,140,-1
38,141,48
38,142,49
38,143,42
38,144,-1
38,145,49
38,146,-1
38,147,-1
38,148,88
38,149,43
38,150,43
38,151,-1
38,152,-1
38,153,-1
38,154,-1
38,155,-1
38,156,-1
38,157,41
38,158,45
38,159,177
38,160,-1
38,161,-1
38,162,-1
38,163,39
38,164,-1
38,165,-1
38,166,-1
38,167,-1
38,168,40
38,169,40
38,170,40
38,171,30
38,172,54
38,173,-1
38,174,-1
38,175,-1
38,176,-1
38,177,48
38,178,46
38,179,29
38,180,91
38,181,-1
38,182,97
38,183,97
38,184,34
38,185,34
38,186,37
38,187,37
38,188,37
38,189,53
38,190,53
38,191,-1
38,192,-1
38,193,-1
38,194,-1
38,195,-1
38,196,-1
38,197,-1
38,198,-1
38,199,-1
38,200,-1
38,201,-1
38,202,48
38,203,-1
38,204,-1
38,205,99
38,206,50
38,207,49
38,208,49
38,209,38
38,210,-1
38,211,-1
38,212,-1
38,213,24
38,214,22
38,215,33
38,216,33
38,217,33
38,218,-1
38,219,-1
38,220,99
38,221,46
38,222,-1
38,223,48
38,224,48
38,225,-1
38,226,-1
38,227,46
38,228,55
38,229,39
38,230,39
38,231,-1
38,232,31
38,233,31
38,234,40
38,235,-1
38,236,48
38,237,-1
38,238,-1
38,239,-1
38,240,-1
38,241,-1
38,242,-1
38,243,47
38,244,-1
38,245,21
38,246,-1
38,247,-1
38,248,-1
38,249,43
38,250,-1
38,251,-1
38,252,-1
38,253,-1
38,254,-1
38,255,-1
38,256,-1
38,257,-1
38,258,-1
38,259,-1
38,260,-1
38,261,-1
38,262,43
38,263,45
38,264,47
38,265,281
38,266,284
38,267,284
38,268,284
38,269,-1
38,270,-1
38,271,-1
38,272,54
38,273,-1
38,274,-1
38,275,19
38,276,45
38,277,-1
38,278,-1
38,279,-1
38,280,-1
38,281,-1
38,282,-1
38,283,-1
38,284,-1
38,285,22
38,286,17
38,287,18
38,288,-1
38,289,20
38,290,21
38,291,19
38,292,19
38,293,19
38,294,-1
38,295,-1
38,296,-1
38,297,22
38,298,22
38,299,42
38,300,-1
38,301,-1
38,302,-1
38,303,-1
38,304,-1
38,305,-1
38,306,37
38,307,39
38,308,98
38,309,39
38,310,41
38,311,-1
38,312,-1
38,313,-1
38,314,-1
38,315,-1
38,316,-1
38,317,38
38,318,38
38,319,-1
38,320,20
38,321,19
38,322,22
38,323,43
38,324,-1
38,325,50
38,326,41
38,327,49
38,328,-1
38,329,-1
38,330,-1
38,331,41
38,332,31
38,333,-1
38,334,-1
38,335,123
38,336,-1
38,337,-1
38,338,-1
38,339,34
38,340,48
38,341,55
38,342,21
38,343,43
38,344,-1
38,345,-1
38,346,-1
38,347,124
38,348,48
38,349,48
38,350,-1
39,0,0
39,1,0
39,2,0
39,3,0
39,4,0
39,5,0
39,6,0
39,7,0
39,8,0
39,9,0
39,10,0
39,11,0
39,12,-1
39,13,-1
39,14,-1
39,15,-1
39,16,-1
39,17,-1
39,18,18
39,19,183
39,20,-1
39,21,34
39,22,32
39,23,16
39,24,16
39,25,18
39,26,17
39,27,45
39,28,36
39,29,36
39,30,35
39,31,36
39,32,-1
39,33,-1
39,34,-1
39,35,23
39,36,-1
39,37,-1
39,38,-1
39,39,0
39,40,-1
39,41,-1
39,42,-1
39,43,-1
39,44,-1
39,45,290
39,46,35
39,47,-1
39,48,-1
39,49,-1
39,50,-1
39,51,-1
39,52,45
39,53,-1
39,54,-1
39,55,-1
39,56,41
39,57,-1
39,58,-1
39,59,-1
39,60,-1
39,61,68
39,62,38
39,63,64
39,64,-1
39,65,-1
39,66,-1
39,67,32
39,68,18
39,69,36
39,70,16
39,71,18
39,72,35
39,73,-1
39,74,-1
39,75,36
39,76,47
39,77,47
39,78,40
39,79,40
39,80,40
39,81,56
39,82,27
39,83,131
39,84,-1
39,85,18
39,86,-1
39,87,15
39,88,15
39,89,66
39,90,-1
39,91,-1
39,92,144
39,93,46
39,94,31
39,95,45
39,96,-1
39,97,-1
39,98,-1
39,99,-1
39,100,43
39,101,28
39,102,20
39,103,31
39,104,-1
39,105,-1
39,106,-1
39,107,18
39,108,18
39,109,-1
39,110,-1
39,111,18
39,112,-1
39,113,28
39,114,27
39,115,27
39,116,-1
39,117,-1
39,118,-1
39,119,-1
39,120,-1
39,121,-1
39,122,19
39,123,24
39,124,-1
39,125,-1
39,126,-1
39,127,-1
39,128,-1
39,129,-1
39,130,-1
39,131,-1
39,132,-1
39,133,-1
39,134,-1
39,135,-1
39,136,-1
39,137,-1
39,138,-1
39,139,-1
39,140,-1
39,141,-1
39,142,-1
39,143,42
39,144,-1
39,145,49
39,146,-1
39,147,-1
39,148,80
39,149,25
39,150,15
39,151,-1
39,152,-1
39,153,-1
39,154,-1
39,155,-1
39,156,-1
39,157,36
39,158,27
39,159,127
39,160,-1
39,161,-1
39,162,-1
39,163,-1
39,164,-1
39,165,-1
39,166,-1
39,167,-1
39,168,16
39,169,16
39,170,16
39,171,30
39,172,27
39,173,-1
39,174,-1
39,175,-1
39,176,-1
39,177,19
39,178,28
39,179,29
39,180,70
39,181,-1
39,182,67
39,183,67
39,184,21
39,185,21
39,186,21
39,187,21
39,188,21
39,189,25
39,190,25
39,191,-1
39,192,21
39,193,-1
39,194,-1
39,195,-1
39,196,-1
39,197,-1
39,198,-1
39,199,-1
39,200,-1
39,201,-1
39,202,20
39,203,-1
39,204,-1
39,205,81
39,206,24
39,207,24
39,208,24
39,209,17
39,210,-1
39,211,-1
39,212,-1
39,213,-1
39,214,-1
39,215,33
39,216,33
39,217,33
39,218,-1
39,219,-1
39,220,81
39,221,41
39,222,-1
39,223,19
39,224,19
39,225,-1
39,226,-1
39,227,28
39,228,34
39,229,34
39,230,33
39,231,-1
39,232,31
39,233,31
39,234,15
39,235,-1
39,236,22
39,237,-1
39,238,-1
39,239,-1
39,240,-1
39,241,-1
39,242,-1
39,243,-1
39,244,-1
39,245,-1
39,246,-1
39,247,-1
39,248,-1
39,249,25
39,250,-1
39,251,-1
39,252,-1
39,253,-1
39,254,-1
39,255,-1
39,256,-1
39,257,-1
39,258,-1
39,259,-1
39,260,-1
39,261,-1
39,262,25
39,263,27
39,264,47
39,265,263
39,266,266
39,267,266
39,268,266
39,269,-1
39,270,-1
39,271,-1
39,272,26
39,273,-1
39,274,-1
39,275,-1
39,276,17
39,277,-1
39,278,-1
39,279,-1
39,280,-1
39,281,-1
39,282,-1
39,283,-1
39,284,-1
39,285,-1
39,286,-1
39,287,-1
39,288,-1
39,289,-1
39,290,-1
39,291,-1
39,292,-1
39,293,-1
39,294,-1
39,295,-1
39,296,-1
39,297,-1
39,298,-1
39,299,42
39,300,-1
39,301,-1
39,302,-1
39,303,-1
39,304,-1
39,305,-1
39,306,25
39,307,34
39,308,98
39,309,34
39,310,36
39,311,-1
39,312,-1
39,313,-1
39,314,-1
39,315,-1
39,316,-1
39,317,17
39,318,17
39,319,-1
39,320,-1
39,321,-1
39,322,18
39,323,14
39,324,-1
39,325,29
39,326,13
39,327,31
39,328,-1
39,329,-1
39,330,-1
39,331,35
39,332,31
39,333,-1
39,334,-1
39,335,90
39,336,-1
39,337,-1
39,338,-1
39,339,34
39,340,19
39,341,36
39,342,17
39,343,21
39,344,-1
39,345,-1
39,346,-1
39,347,131
39,348,30
39,349,19
39,350,-1
40,0,0
40,1,0
40,2,0
40,3,0
40,4,0
40,5,0
40,6,0
40,7,0
40,8,0
40,9,0
40,10,0
40,11,0
40,12,-1
40,13,-1
40,14,-1
40,15,-1
40,16,-1
40,17,-1
40,18,38
40,19,207
40,20,-1
40,21,57
40,22,34
40,23,37
40,24,38
40,25,29
40,26,28
40,27,75
40,28,61
40,29,61
40,30,60
40,31,61
40,32,-1
40,33,-1
40,34,-1
40,35,59
40,36,36
40,37,-1
40,38,-1
40,39,-1
40,40,0
40,41,-1
40,42,-1
40,43,-1
40,44,-1
40,45,305
40,46,37
40,47,-1
40,48,-1
40,49,-1
40,50,-1
40,51,-1
40,52,73
40,53,-1
40,54,-1
40,55,-1
40,56,43
40,57,-1
40,58,-1
40,59,46
40,60,-1
40,61,70
40,62,42
40,63,115
40,64,-1
40,65,-1
40,66,-1
40,67,36
40,68,20
40,69,40
40,70,23
40,71,-1
40,72,31
40,73,-1
40,74,-1
40,75,32
40,76,49
40,77,49
40,78,68
40,79,68
40,80,68
40,81,66
40,82,46
40,83,127
40,84,-1
40,85,25
40,86,-1
40,87,23
40,88,23
40,89,98
40,90,39
40,91,38
40,92,187
40,93,48
40,94,59
40,95,73
40,96,-1
40,97,-1
40,98,49
40,99,34
40,100,45
40,101,56
40,102,36
40,103,50
40,104,-1
40,105,-1
40,106,-1
40,107,25
40,108,25
40,109,-1
40,110,-1
40,111,45
40,112,39
40,113,47
40,114,46
40,115,46
40,116,-1
40,117,-1
40,118,-1
40,119,-1
40,120,-1
40,121,-1
40,122,41
40,123,47
40,124,36
40,125,-1
40,126,-1
40,127,-1
40,128,-1
40,129,-1
40,130,-1
40,131,-1
40,132,-1
40,133,-1
40,134,-1
40,135,-1
40,136,-1
40,137,-1
40,138,-1
40,139,-1
40,140,-1
40,141,49
40,142,50
40,143,44
40,144,-1
40,145,51
40,146,-1
40,147,-1
40,148,90
40,149,44
40,150,44
40,151,-1
40,152,-1
40,153,-1
40,154,-1
40,155,-1
40,156,-1
40,157,39
40,158,46
40,159,179
40,160,-1
40,161,-1
40,162,-1
40,163,40
40,164,-1
40,165,-1
40,166,-1
40,167,-1
40,168,41
40,169,41
40,170,41
40,171,32
40,172,55
40,173,-1
40,174,-1
40,175,-1
40,176,-1
40,177,41
40,178,47
40,179,31
40,180,93
40,181,-1
40,182,99
40,183,99
40,184,35
40,185,35
40,186,38
40,187,38
40,188,38
40,189,53
40,190,53
40,191,-1
40,192,-1
40,193,-1
40,194,-1
40,195,-1
40,196,-1
40,197,-1
40,198,-1
40,199,-1
40,200,-1
40,201,-1
40,202,48
40,203,-1
40,204,-1
40,205,101
40,206,51
40,207,50
40,208,50
40,209,39
40,210,-1
40,211,-1
40,212,-1
40,213,31
40,214,24
40,215,35
40,216,35
40,217,35
40,218,35
40,219,35
40,220,101
40,221,45
40,222,-1
40,223,41
40,224,41
40,225,-1
40,226,-1
40,227,47
40,228,56
40,229,25
40,230,25
40,231,-1
40,232,33
40,233,33
40,234,41
40,235,-1
40,236,49
40,237,-1
40,238,-1
40,239,-1
40,240,-1
40,241,-1
40,242,-1
40,243,48
40,244,-1
40,245,-1
40,246,-1
40,247,-1
40,248,-1
40,249,44
40,250,-1
40,251,-1
40,252,-1
40,253,-1
40,254,-1
40,255,-1
40,256,-1
40,257,-1
40,258,-1
40,259,-1
40,260,-1
40,261,35
40,262,44
40,263,46
40,264,49
40,265,282
40,266,285
40,267,285
40,268,285
40,269,-1
40,270,-1
40,271,-1
40,272,54
40,273,-1
40,274,-1
40,275,-1
40,276,45
40,277,-1
40,278,-1
40,279,-1
40,280,-1
40,281,-1
40,282,-1
40,283,-1
40,284,-1
40,285,24
40,286,19
40,287,20
40,288,-1
40,289,22
40,290,23
40,291,21
40,292,21
40,293,21
40,294,-1
40,295,-1
40,296,-1
40,297,32
40,298,32
40,299,44
40,300,-1
40,301,-1
40,302,-1
40,303,-1
40,304,-1
40,305,-1
40,306,38
40,307,25
40,308,92
40,309,25
40,310,40
40,311,-1
40,312,32
40,313,-1
40,314,-1
40,315,-1
40,316,-1
40,317,39
40,318,39
40,319,34
40,320,22
40,321,21
40,322,25
40,323,36
40,324,-1
40,325,42
40,326,35
40,327,50
40,328,-1
40,329,-1
40,330,-1
40,331,39
40,332,33
40,333,-1
40,334,-1
40,335,112
40,336,-1
40,337,-1
40,338,-1
40,339,36
40,340,41
40,341,50
40,342,24
40,343,44
40,344,-1
40,345,-1
40,346,-1
40,347,127
40,348,49
40,349,41
40,350,-1
41,0,0
41,1,0
41,2,0
41,3,0
41,4,0
41,5,0
41,6,0
41,7,0
41,8,0
41,9,0
41,10,0
41,11,0
41,12,11
41,13,-1
41,14,13
41,15,-1
41,16,11
41,17,14
41,18,13
41,19,179
41,20,-1
41,21,30
41,22,19
41,23,-1
41,24,-1
41,25,-1
41,26,13
41,27,49
41,28,33
41,29,33
41,30,32
41,31,33
41,32,-1
41,33,-1
41,34,-1
41,35,27
41,36,-1
41,37,-1
41,38,-1
41,39,-1
41,40,-1
41,41,0
41,42,-1
41,43,-1
41,44,13
41,45,285
41,46,33
41,47,-1
41,48,-1
41,49,-1
41,50,-1
41,51,16
41,52,47
41,53,-1
41,54,-1
41,55,-1
41,56,39
41,57,21
41,58,16
41,59,28
41,60,-1
41,61,66
41,62,25
41,63,61
41,64,-1
41,65,-1
41,66,-1
41,67,19
41,68,16
41,69,20
41,70,18
41,71,20
41,72,33
41,73,20
41,74,19
41,75,34
41,76,45
41,77,45
41,78,42
41,79,42
41,80,42
41,81,40
41,82,19
41,83,129
41,84,-1
41,85,33
41,86,-1
41,87,17
41,88,17
41,89,94
41,90,-1
41,91,-1
41,92,148
41,93,44
41,94,33
41,95,47
41,96,-1
41,97,13
41,98,-1
41,99,-1
41,100,41
41,101,30
41,102,-1
41,103,23
41,104,23
41,105,25
41,106,24
41,107,20
41,108,32
41,109,20
41,110,21
41,111,14
41,112,-1
41,113,20
41,114,19
41,115,19
41,116,18
41,117,23
41,118,23
41,119,-1
41,120,-1
41,121,-1
41,122,15
41,123,20
41,124,-1
41,125,10
41,126,-1
41,127,-1
41,128,-1
41,129,-1
41,130,11
41,131,-1
41,132,-1
41,133,-1
41,134,11
41,135,17
41,136,15
41,137,-1
41,138,19
41,139,-1
41,140,-1
41,141,-1
41,142,-1
41,143,40
41,144,-1
41,145,47
41,146,-1
41,147,-1
41,148,73
41,149,17
41,150,11
41,151,-1
41,152,-1
41,153,-1
41,154,-1
41,155,16
41,156,16
41,157,19
41,158,19
41,159,140
41,160,-1
41,161,-1
41,162,-1
41,163,-1
41,164,-1
41,165,-1
41,166,13
41,167,21
41,168,12
41,169,12
41,170,12
41,171,28
41,172,30
41,173,-1
41,174,-1
41,175,-1
41,176,15
41,177,15
41,178,20
41,179,27
41,180,64
41,181,16
41,182,66
41,183,66
41,184,-1
41,185,-1
41,186,-1
41,187,-1
41,188,-1
41,189,27
41,190,27
41,191,-1
41,192,23
41,193,-1
41,194,-1
41,195,-1
41,196,-1
41,197,-1
41,198,-1
41,199,-1
41,200,-1
41,201,-1
41,202,22
41,203,-1
41,204,-1
41,205,71
41,206,20
41,207,20
41,208,20
41,209,-1
41,210,-1
41,211,-1
41,212,-1
41,213,-1
41,214,-1
41,215,31
41,216,31
41,217,31
41,218,-1
41,219,-1
41,220,71
41,221,25
41,222,-1
41,223,15
41,224,15
41,225,-1
41,226,-1
41,227,20
41,228,29
41,229,18
41,230,18
41,231,-1
41,232,29
41,233,29
41,234,11
41,235,-1
41,236,18
41,237,20
41,238,18
41,239,18
41,240,-1
41,241,-1
41,242,13
41,243,-1
41,244,-1
41,245,-1
41,246,-1
41,247,-1
41,248,-1
41,249,17
41,250,-1
41,251,-1
41,252,-1
41,253,-1
41,254,16
41,255,-1
41,256,-1
41,257,-1
41,258,-1
41,259,-1
41,260,-1
41,261,-1
41,262,17
41,263,19
41,264,45
41,265,255
41,266,258
41,267,258
41,268,258
41,269,-1
41,270,-1
41,271,-1
41,272,28
41,273,-1
41,274,-1
41,275,-1
41,276,19
41,277,-1
41,278,-1
41,279,-1
41,280,-1
41,281,20
41,282,20
41,283,-1
41,284,20
41,285,-1
41,286,-1
41,287,-1
41,288,-1
41,289,-1
41,290,-1
41,291,-1
41,292,-1
41,293,-1
41,294,-1
41,295,-1
41,296,-1
41,297,-1
41,298,-1
41,299,40
41,300,17
41,301,17
41,302,18
41,303,-1
41,304,14
41,305,-1
41,306,-1
41,307,18
41,308,66
41,309,18
41,310,20
41,311,-1
41,312,-1
41,313,-1
41,314,-1
41,315,-1
41,316,-1
41,317,-1
41,318,-1
41,319,-1
41,320,-1
41,321,-1
41,322,20
41,323,10
41,324,-1
41,325,16
41,326,9
41,327,23
41,328,-1
41,329,-1
41,330,-1
41,331,20
41,332,29
41,333,22
41,334,-1
41,335,86
41,336,-1
41,337,-1
41,338,-1
41,339,32
41,340,15
41,341,31
41,342,19
41,343,17
41,344,-1
41,345,-1
41,346,-1
41,347,129
41,348,21
41,349,15
41,350,-1
42,0,0
42,1,0
42,2,0
42,3,0
42,4,0
42,5,0
42,6,0
42,7,0
42,8,0
42,9,0
42,10,0
42,11,0
42,12,-1
42,13,-1
42,14,-1
42,15,-1
42,16,-1
42,17,-1
42,18,38
42,19,207
42,20,-1
42,21,57
42,22,35
42,23,38
42,24,38
42,25,30
42,26,29
42,27,76
42,28,61
42,29,61
42,30,60
42,31,61
42,32,-1
42,33,-1
42,34,-1
42,35,60
42,36,37
42,37,-1
42,38,-1
42,39,-1
42,40,-1
42,41,-1
42,42,0
42,43,28
42,44,-1
42,45,306
42,46,38
42,47,-1
42,48,-1
42,49,-1
42,50,-1
42,51,-1
42,52,74
42,53,-1
42,54,-1
42,55,-1
42,56,44
42,57,-1
42,58,-1
42,59,47
42,60,-1
42,61,69
42,62,41
42,63,116
42,64,-1
42,65,-1
42,66,-1
42,67,36
42,68,21
42,69,40
42,70,23
42,71,-1
42,72,31
42,73,-1
42,74,-1
42,75,32
42,76,50
42,77,50
42,78,69
42,79,69
42,80,69
42,81,67
42,82,46
42,83,127
42,84,-1
42,85,25
42,86,-1
42,87,23
42,88,23
42,89,99
42,90,40
42,91,39
42,92,162
42,93,49
42,94,60
42,95,74
42,96,-1
42,97,-1
42,98,50
42,99,35
42,100,46
42,101,57
42,102,36
42,103,50
42,104,-1
42,105,-1
42,106,-1
42,107,25
42,108,25
42,109,-1
42,110,-1
42,111,46
42,112,40
42,113,47
42,114,46
42,115,46
42,116,-1
42,117,-1
42,118,-1
42,119,-1
42,120,-1
42,121,-1
42,122,50
42,123,48
42,124,36
42,125,-1
42,126,-1
42,127,-1
42,128,-1
42,129,-1
42,130,-1
42,131,-1
42,132,-1
42,133,-1
42,134,-1
42,135,-1
42,136,-1
42,137,-1
42,138,-1
42,139,-1
42,140,-1
42,141,50
42,142,50
42,143,45
42,144,-1
42,145,52
42,146,-1
42,147,-1
42,148,95
42,149,44
42,150,44
42,151,-1
42,152,26
42,153,24
42,154,25
42,155,-1
42,156,-1
42,157,39
42,158,46
42,159,146
42,160,24
42,161,-1
42,162,-1
42,163,41
42,164,-1
42,165,-1
42,166,-1
42,167,-1
42,168,41
42,169,41
42,170,42
42,171,33
42,172,56
42,173,-1
42,174,-1
42,175,-1
42,176,-1
42,177,50
42,178,47
42,179,32
42,180,101
42,181,-1
42,182,100
42,183,100
42,184,36
42,185,36
42,186,38
42,187,39
42,188,39
42,189,54
42,190,54
42,191,-1
42,192,-1
42,193,-1
42,194,-1
42,195,-1
42,196,-1
42,197,-1
42,198,-1
42,199,-1
42,200,-1
42,201,-1
42,202,49
42,203,22
42,204,-1
42,205,107
42,206,51
42,207,51
42,208,51
42,209,39
42,210,-1
42,211,-1
42,212,-1
42,213,32
42,214,25
42,215,36
42,216,36
42,217,36
42,218,35
42,219,36
42,220,106
42,221,45
42,222,-1
42,223,50
42,224,50
42,225,-1
42,226,-1
42,227,47
42,228,56
42,229,25
42,230,25
42,231,-1
42,232,34
42,233,34
42,234,41
42,235,24
42,236,49
42,237,-1
42,238,-1
42,239,-1
42,240,24
42,241,23
42,242,-1
42,243,49
42,244,-1
42,245,-1
42,246,-1
42,247,-1
42,248,-1
42,249,44
42,250,-1
42,251,-1
42,252,24
42,253,24
42,254,-1
42,255,-1
42,256,-1
42,257,-1
42,258,-1
42,259,-1
42,260,-1
42,261,36
42,262,44
42,263,46
42,264,50
42,265,282
42,266,285
42,267,285
42,268,285
42,269,-1
42,270,-1
42,271,-1
42,272,55
42,273,-1
42,274,-1
42,275,-1
42,276,46
42,277,-1
42,278,-1
42,279,-1
42,280,-1
42,281,-1
42,282,-1
42,283,-1
42,284,-1
42,285,25
42,286,20
42,287,21
42,288,-1
42,289,23
42,290,24
42,291,22
42,292,22
42,293,22
42,294,22
42,295,23
42,296,23
42,297,33
42,298,33
42,299,45
42,300,-1
42,301,-1
42,302,-1
42,303,-1
42,304,-1
42,305,-1
42,306,38
42,307,25
42,308,101
42,309,25
42,310,39
42,311,31
42,312,33
42,313,24
42,314,26
42,315,-1
42,316,-1
42,317,39
42,318,39
42,319,35
42,320,23
42,321,22
42,322,25
42,323,45
42,324,-1
42,325,51
42,326,43
42,327,50
42,328,-1
42,329,-1
42,330,-1
42,331,39
42,332,34
42,333,-1
42,334,-1
42,335,126
42,336,-1
42,337,-1
42,338,-1
42,339,37
42,340,50
42,341,57
42,342,24
42,343,45
42,344,-1
42,345,-1
42,346,-1
42,347,127
42,348,50
42,349,50
42,350,-1
43,0,0
43,1,0
43,2,0
43,3,0
43,4,0
43,5,0
43,6,0
43,7,0
43,8,0
43,9,0
43,10,0
43,11,0
43,12,13
43,13,13
43,14,14
43,15,15
43,16,14
43,17,19
43,18,-1
43,19,149
43,20,18
43,21,29
43,22,18
43,23,-1
43,24,-1
43,25,-1
43,26,12
43,27,47
43,28,32
43,29,32
43,30,31
43,31,32
43,32,-1
43,33,-1
43,34,-1
43,35,25
43,36,-1
43,37,-1
43,38,-1
43,39,-1
43,40,-1
43,41,-1
43,42,28
43,43,0
43,44,15
43,45,284
43,46,32
43,47,-1
43,48,-1
43,49,-1
43,50,-1
43,51,15
43,52,46
43,53,-1
43,54,-1
43,55,-1
43,56,38
43,57,20
43,58,15
43,59,27
43,60,-1
43,61,74
43,62,24
43,63,55
43,64,-1
43,65,-1
43,66,-1
43,67,18
43,68,15
43,69,19
43,70,17
43,71,19
43,72,32
43,73,19
43,74,18
43,75,33
43,76,44
43,77,44
43,78,41
43,79,41
43,80,41
43,81,39
43,82,18
43,83,128
43,84,-1
43,85,19
43,86,-1
43,87,16
43,88,16
43,89,64
43,90,-1
43,91,-1
43,92,147
43,93,43
43,94,32
43,95,46
43,96,-1
43,97,12
43,98,-1
43,99,-1
43,100,40
43,101,29
43,102,-1
43,103,22
43,104,22
43,105,24
43,106,23
43,107,19
43,108,19
43,109,19
43,110,20
43,111,13
43,112,-1
43,113,19
43,114,18
43,115,18
43,116,17
43,117,22
43,118,22
43,119,12
43,120,12
43,121,13
43,122,14
43,123,-1
43,124,-1
43,125,18
43,126,-1
43,127,-1
43,128,-1
43,129,12
43,130,10
43,131,12
43,132,-1
43,133,-1
43,134,10
43,135,16
43,136,14
43,137,-1
43,138,18
43,139,-1
43,140,-1
43,141,-1
43,142,-1
43,143,39
43,144,-1
43,145,46
43,146,13
43,147,-1
43,148,72
43,149,16
43,150,10
43,151,-1
43,152,-1
43,153,-1
43,154,-1
43,155,15
43,156,15
43,157,18
43,158,18
43,159,139
43,160,-1
43,161,-1
43,162,-1
43,163,-1
43,164,-1
43,165,-1
43,166,12
43,167,20
43,168,11
43,169,11
43,170,11
43,171,27
43,172,22
43,173,14
43,174,-1
43,175,14
43,176,14
43,177,14
43,178,19
43,179,26
43,180,63
43,181,15
43,182,65
43,183,65
43,184,-1
43,185,-1
43,186,-1
43,187,-1
43,188,-1
43,189,26
43,190,26
43,191,-1
43,192,22
43,193,-1
43,194,-1
43,195,-1
43,196,-1
43,197,-1
43,198,-1
43,199,-1
43,200,-1
43,201,-1
43,202,21
43,203,-1
43,204,-1
43,205,70
43,206,19
43,207,19
43,208,19
43,209,-1
43,210,-1
43,211,-1
43,212,-1
43,213,-1
43,214,-1
43,215,30
43,216,30
43,217,30
43,218,-1
43,219,-1
43,220,70
43,221,24
43,222,10
43,223,14
43,224,14
43,225,-1
43,226,-1
43,227,19
43,228,28
43,229,17
43,230,17
43,231,-1
43,232,28
43,233,28
43,234,10
43,235,-1
43,236,17
43,237,19
43,238,17
43,239,17
43,240,-1
43,241,-1
43,242,12
43,243,-1
43,244,-1
43,245,-1
43,246,-1
43,247,-1
43,248,-1
43,249,16
43,250,-1
43,251,-1
43,252,-1
43,253,-1
43,254,15
43,255,-1
43,256,-1
43,257,-1
43,258,-1
43,259,-1
43,260,-1
43,261,-1
43,262,16
43,263,18
43,264,44
43,265,254
43,266,257
43,267,257
43,268,257
43,269,-1
43,270,-1
43,271,-1
43,272,27
43,273,-1
43,274,-1
43,275,-1
43,276,18
43,277,-1
43,278,-1
43,279,-1
43,280,-1
43,281,19
43,282,19
43,283,15
43,284,19
43,285,-1
43,286,-1
43,287,-1
43,288,-1
43,289,-1
43,290,-1
43,291,-1
43,292,-1
43,293,-1
43,294,-1
43,295,-1
43,296,-1
43,297,-1
43,298,-1
43,299,39
43,300,16
43,301,16
43,302,17
43,303,15
43,304,13
43,305,14
43,306,-1
43,307,17
43,308,65
43,309,17
43,310,19
43,311,-1
43,312,-1
43,313,-1
43,314,-1
43,315,-1
43,316,-1
43,317,-1
43,318,-1
43,319,-1
43,320,-1
43,321,-1
43,322,19
43,323,9
43,324,-1
43,325,15
43,326,8
43,327,22
43,328,-1
43,329,-1
43,330,-1
43,331,19
43,332,28
43,333,21
43,334,-1
43,335,85
43,336,-1
43,337,-1
43,338,-1
43,339,31
43,340,14
43,341,23
43,342,18
43,343,-1
43,344,-1
43,345,-1
43,346,-1
43,347,128
43,348,20
43,349,14
43,350,-1
44,0,0
44,1,0
44,2,0
44,3,0
44,4,0
44,5,0
44,6,0
44,7,0
44,8,0
44,9,0
44,10,0
44,11,0
44,12,-1
44,13,-1
44,14,-1
44,15,-1
44,16,-1
44,17,-1
44,18,21
44,19,182
44,20,-1
44,21,33
44,22,37
44,23,15
44,24,15
44,25,17
44,26,16
44,27,44
44,28,34
44,29,34
44,30,33
44,31,34
44,32,-1
44,33,18
44,34,17
44,35,22
44,36,15
44,37,-1
44,38,-1
44,39,-1
44,40,-1
44,41,13
44,42,-1
44,43,15
44,44,0
44,45,291
44,46,59
44,47,-1
44,48,-1
44,49,-1
44,50,-1
44,51,-1
44,52,44
44,53,-1
44,54,-1
44,55,-1
44,56,65
44,57,-1
44,58,-1
44,59,-1
44,60,-1
44,61,76
44,62,22
44,63,98
44,64,-1
44,65,-1
44,66,-1
44,67,16
44,68,42
44,69,17
44,70,15
44,71,17
44,72,39
44,73,-1
44,74,-1
44,75,40
44,76,71
44,77,71
44,78,39
44,79,39
44,80,39
44,81,37
44,82,25
44,83,165
44,84,-1
44,85,17
44,86,-1
44,87,14
44,88,14
44,89,66
44,90,-1
44,91,-1
44,92,149
44,93,70
44,94,30
44,95,44
44,96,-1
44,97,-1
44,98,26
44,99,15
44,100,67
44,101,27
44,102,17
44,103,29
44,104,-1
44,105,-1
44,106,-1
44,107,17
44,108,17
44,109,-1
44,110,-1
44,111,15
44,112,16
44,113,26
44,114,25
44,115,25
44,116,-1
44,117,-1
44,118,-1
44,119,-1
44,120,-1
44,121,-1
44,122,16
44,123,21
44,124,16
44,125,-1
44,126,-1
44,127,-1
44,128,-1
44,129,-1
44,130,-1
44,131,-1
44,132,10
44,133,10
44,134,-1
44,135,-1
44,136,-1
44,137,-1
44,138,-1
44,139,-1
44,140,-1
44,141,26
44,142,26
44,143,66
44,144,13
44,145,73
44,146,-1
44,147,-1
44,148,74
44,149,23
44,150,12
44,151,17
44,152,18
44,153,19
44,154,21
44,155,-1
44,156,-1
44,157,16
44,158,25
44,159,141
44,160,18
44,161,-1
44,162,-1
44,163,17
44,164,-1
44,165,-1
44,166,-1
44,167,-1
44,168,13
44,169,13
44,170,13
44,171,54
44,172,24
44,173,-1
44,174,-1
44,175,-1
44,176,-1
44,177,16
44,178,26
44,179,53
44,180,65
44,181,-1
44,182,67
44,183,67
44,184,18
44,185,18
44,186,18
44,187,18
44,188,18
44,189,22
44,190,22
44,191,-1
44,192,20
44,193,-1
44,194,-1
44,195,-1
44,196,-1
44,197,-1
44,198,-1
44,199,-1
44,200,-1
44,201,-1
44,202,17
44,203,17
44,204,-1
44,205,72
44,206,21
44,207,21
44,208,21
44,209,14
44,210,-1
44,211,-1
44,212,-1
44,213,18
44,214,20
44,215,57
44,216,57
44,217,57
44,218,13
44,219,14
44,220,72
44,221,22
44,222,-1
44,223,16
44,224,16
44,225,-1
44,226,-1
44,227,26
44,228,38
44,229,15
44,230,15
44,231,-1
44,232,55
44,233,55
44,234,12
44,235,20
44,236,19
44,237,-1
44,238,-1
44,239,-1
44,240,20
44,241,19
44,242,-1
44,243,25
44,244,16
44,245,17
44,246,-1
44,247,-1
44,248,-1
44,249,23
44,250,12
44,251,13
44,252,17
44,253,18
44,254,-1
44,255,-1
44,256,-1
44,257,-1
44,258,-1
44,259,-1
44,260,-1
44,261,12
44,262,23
44,263,25
44,264,71
44,265,261
44,266,264
44,267,264
44,268,264
44,269,-1
44,270,-1
44,271,-1
44,272,23
44,273,-1
44,274,-1
44,275,-1
44,276,14
44,277,-1
44,278,-1
44,279,-1
44,280,-1
44,281,-1
44,282,-1
44,283,-1
44,284,-1
44,285,20
44,286,-1
44,287,18
44,288,-1
44,289,18
44,290,20
44,291,18
44,292,18
44,293,18
44,294,18
44,295,19
44,296,19
44,297,22
44,298,21
44,299,66
44,300,-1
44,301,-1
44,302,-1
44,303,-1
44,304,-1
44,305,-1
44,306,22
44,307,15
44,308,67
44,309,15
44,310,17
44,311,18
44,312,19
44,313,16
44,314,14
44,315,-1
44,316,-1
44,317,14
44,318,14
44,319,12
44,320,17
44,321,17
44,322,17
44,323,11
44,324,13
44,325,17
44,326,10
44,327,29
44,328,-1
44,329,-1
44,330,-1
44,331,17
44,332,94
44,333,-1
44,334,-1
44,335,111
44,336,-1
44,337,16
44,338,-1
44,339,97
44,340,31
44,341,41
44,342,16
44,343,32
44,344,-1
44,345,-1
44,346,-1
44,347,165
44,348,38
44,349,31
44,350,-1
45,0,0
45,1,0
45,2,0
45,3,0
45,4,0
45,5,0
45,6,0
45,7,0
45,8,0
45,9,0
45,10,0
45,11,0
45,12,111
45,13,122
45,14,111
45,15,124
45,16,111
45,17,110
45,18,284
45,19,307
45,20,297
45,21,54
45,22,285
45,23,282
45,24,281
45,25,280
45,26,279
45,27,260
45,28,114
45,29,114
45,30,113
45,31,114
45,32,295
45,33,296
45,34,290
45,35,298
45,36,286
45,37,303
45,38,303
45,39,290
45,40,305
45,41,285
45,42,306
45,43,284
45,44,291
45,45,0
45,46,53
45,47,32
45,48,29
45,49,32
45,50,31
45,51,55
45,52,75
45,53,41
45,54,41
45,55,41
45,56,90
45,57,57
45,58,52
45,59,61
45,60,37
45,61,78
45,62,71
45,63,9
45,64,31
45,65,28
45,66,28
45,67,65
45,68,28
45,69,67
45,70,63
45,71,65
45,72,71
45,73,59
45,74,58
45,75,72
45,76,67
45,77,67
45,78,70
45,79,70
45,80,71
45,81,112
45,82,48
45,83,134
45,84,32
45,85,65
45,86,33
45,87,63
45,88,63
45,89,110
45,90,42
45,91,43
45,92,166
45,93,73
45,94,74
45,95,73
45,96,34
45,97,41
45,98,40
45,99,39
45,100,71
45,101,76
45,102,44
45,103,48
45,104,62
45,105,63
45,106,62
45,107,65
45,108,65
45,109,59
45,110,60
45,111,47
45,112,40
45,113,49
45,114,48
45,115,48
45,116,54
45,117,68
45,118,68
45,119,41
45,120,41
45,121,41
45,122,49
45,123,53
45,124,41
45,125,43
45,126,32
45,127,42
45,128,36
45,129,40
45,130,41
45,131,39
45,132,34
45,133,34
45,134,41
45,135,55
45,136,54
45,137,33
45,138,55
45,139,33
45,140,36
45,141,41
45,142,42
45,143,67
45,144,37
45,145,73
45,146,38
45,147,40
45,148,103
45,149,46
45,150,44
45,151,38
45,152,39
45,153,40
45,154,40
45,155,44
45,156,44
45,157,67
45,158,48
45,159,136
45,160,39
45,161,29
45,162,37
45,163,41
45,164,31
45,165,31
45,166,42
45,167,59
45,168,44
45,169,44
45,170,44
45,171,49
45,172,57
45,173,41
45,174,37
45,175,43
45,176,46
45,177,49
45,178,49
45,179,49
45,180,101
45,181,47
45,182,111
45,183,112
45,184,45
45,185,45
45,186,48
45,187,48
45,188,48
45,189,126
45,190,126
45,191,29
45,192,68
45,193,33
45,194,33
45,195,33
45,196,34
45,197,34
45,198,34
45,199,32
45,200,34
45,201,33
45,202,123
45,203,38
45,204,35
45,205,98
45,206,54
45,207,54
45,208,54
45,209,42
45,210,32
45,211,32
45,212,33
45,213,39
45,214,41
45,215,21
45,216,21
45,217,21
45,218,37
45,219,38
45,220,96
45,221,72
45,222,39
45,223,49
45,224,49
45,225,42
45,226,43
45,227,52
45,228,99
45,229,65
45,230,65
45,231,29
45,232,50
45,233,50
45,234,41
45,235,39
45,236,52
45,237,59
45,238,56
45,239,57
45,240,39
45,241,39
45,242,45
45,243,44
45,244,31
45,245,30
45,246,35
45,247,35
45,248,35
45,249,46
45,250,36
45,251,37
45,252,37
45,253,38
45,254,55
45,255,32
45,256,33
45,257,33
45,258,33
45,259,35
45,260,35
45,261,36
45,262,46
45,263,48
45,264,66
45,265,82
45,266,85
45,267,85
45,268,85
45,269,36
45,270,36
45,271,35
45,272,127
45,273,35
45,274,35
45,275,31
45,276,119
45,277,33
45,278,34
45,279,33
45,280,39
45,281,58
45,282,59
45,283,41
45,284,58
45,285,40
45,286,34
45,287,34
45,288,32
45,289,36
45,290,38
45,291,36
45,292,36
45,293,36
45,294,38
45,295,38
45,296,39
45,297,43
45,298,41
45,299,75
45,300,56
45,301,56
45,302,57
45,303,40
45,304,50
45,305,40
45,306,49
45,307,65
45,308,112
45,309,65
45,310,67
45,311,38
45,312,40
45,313,34
45,314,34
45,315,37
45,316,36
45,317,40
45,318,40
45,319,36
45,320,35
45,321,35
45,322,65
45,323,44
45,324,34
45,325,50
45,326,43
45,327,55
45,328,33
45,329,32
45,330,32
45,331,67
45,332,19
45,333,55
45,334,38
45,335,105
45,336,28
45,337,32
45,338,36
45,339,41
45,340,49
45,341,69
45,342,64
45,343,50
45,344,32
45,345,32
45,346,31
45,347,134
45,348,55
45,349,49
45,350,41
46,0,0
46,1,0
46,2,0
46,3,0
46,4,0
46,5,0
46,6,0
46,7,0
46,8,0
46,9,0
46,10,0
46,11,0
46,12,66
46,13,58
46,14,82
46,15,81
46,16,82
46,17,81
46,18,63
46,19,128
46,20,53
46,21,9
46,22,35
46,23,32
46,24,31
46,25,30
46,26,29
46,27,76
46,28,60
46,29,60
46,30,59
46,31,60
46,32,27
46,33,28
46,34,27
46,35,60
46,36,37
46,37,35
46,38,35
46,39,35
46,40,37
46,41,33
46,42,38
46,43,32
46,44,59
46,45,53
46,46,0
46,47,58
46,48,55
46,49,64
46,50,64
46,51,59
46,52,112
46,53,71
46,54,71
46,55,71
46,56,19
46,57,58
46,58,53
46,59,62
46,60,34
46,61,68
46,62,90
46,63,30
46,64,62
46,65,55
46,66,55
46,67,84
46,68,101
46,69,85
46,70,83
46,71,85
46,72,57
46,73,62
46,74,62
46,75,58
46,76,25
46,77,25
46,78,107
46,79,107
46,80,107
46,81,105
46,82,45
46,83,183
46,84,59
46,85,85
46,86,59
46,87,82
46,88,82
46,89,74
46,90,36
46,91,37
46,92,137
46,93,24
46,94,98
46,95,112
46,96,50
46,97,55
46,98,41
46,99,26
46,100,21
46,101,95
46,102,25
46,103,49
46,104,70
46,105,90
46,106,89
46,107,85
46,108,85
46,109,63
46,110,63
46,111,23
46,112,31
46,113,46
46,114,45
46,115,45
46,116,55
46,117,88
46,118,88
46,119,48
46,120,48
46,121,48
46,122,24
46,123,28
46,124,24
46,125,44
46,126,46
46,127,68
46,128,48
46,129,49
46,130,51
46,131,49
46,132,42
46,133,42
46,134,50
46,135,59
46,136,57
46,137,46
46,138,56
46,139,46
46,140,48
46,141,41
46,142,41
46,143,20
46,144,30
46,145,27
46,146,49
46,147,70
46,148,70
46,149,43
46,150,20
46,151,30
46,152,32
46,153,32
46,154,35
46,155,58
46,156,58
46,157,84
46,158,45
46,159,196
46,160,33
46,161,60
46,162,34
46,163,32
46,164,46
46,165,46
46,166,48
46,167,63
46,168,21
46,169,21
46,170,21
46,171,-1
46,172,32
46,173,56
46,174,59
46,175,49
46,176,49
46,177,24
46,178,46
46,179,-1
46,180,76
46,181,48
46,182,75
46,183,75
46,184,26
46,185,26
46,186,26
46,187,26
46,188,26
46,189,75
46,190,75
46,191,87
46,192,83
46,193,93
46,194,93
46,195,94
46,196,94
46,197,94
46,198,94
46,199,93
46,200,94
46,201,94
46,202,70
46,203,34
46,204,64
46,205,82
46,206,29
46,207,29
46,208,29
46,209,22
46,210,90
46,211,91
46,212,72
46,213,30
46,214,31
46,215,101
46,216,101
46,217,101
46,218,27
46,219,26
46,220,81
46,221,58
46,222,60
46,223,24
46,224,24
46,225,77
46,226,81
46,227,139
46,228,158
46,229,51
46,230,51
46,231,87
46,232,9
46,233,9
46,234,20
46,235,36
46,236,27
46,237,77
46,238,75
46,239,75
46,240,35
46,241,35
46,242,71
46,243,39
46,244,63
46,245,64
46,246,73
46,247,67
46,248,67
46,249,146
46,250,30
46,251,31
46,252,33
46,253,33
46,254,73
46,255,90
46,256,69
46,257,69
46,258,69
46,259,68
46,260,68
46,261,28
46,262,149
46,263,148
46,264,25
46,265,251
46,266,254
46,267,254
46,268,254
46,269,67
46,270,65
46,271,65
46,272,76
46,273,66
46,274,67
46,275,65
46,276,67
46,277,72
46,278,72
46,279,72
46,280,80
46,281,77
46,282,78
46,283,71
46,284,77
46,285,32
46,286,67
46,287,65
46,288,67
46,289,65
46,290,67
46,291,65
46,292,65
46,293,65
46,294,34
46,295,34
46,296,33
46,297,30
46,298,30
46,299,20
46,300,75
46,301,75
46,302,75
46,303,70
46,304,66
46,305,70
46,306,30
46,307,51
46,308,76
46,309,51
46,310,53
46,311,30
46,312,29
46,313,63
46,314,34
46,315,96
46,316,94
46,317,22
46,318,22
46,319,26
46,320,64
46,321,64
46,322,83
46,323,19
46,324,60
46,325,25
46,326,18
46,327,141
46,328,64
46,329,91
46,330,92
46,331,53
46,332,99
46,333,71
46,334,65
46,335,101
46,336,64
46,337,63
46,338,74
46,339,17
46,340,24
46,341,33
46,342,50
46,343,26
46,344,90
46,345,74
46,346,89
46,347,183
46,348,30
46,349,24
46,350,101
47,0,0
47,1,0
47,2,0
47,3,0
47,4,0
47,5,0
47,6,0
47,7,0
47,8,0
47,9,0
47,10,0
47,11,0
47,12,-1
47,13,-1
47,14,-1
47,15,-1
47,16,-1
47,17,17
47,18,-1
47,19,192
47,20,-1
47,21,43
47,22,39
47,23,18
47,24,17
47,25,16
47,26,15
47,27,62
47,28,45
47,29,45
47,30,44
47,31,45
47,32,-1
47,33,-1
47,34,-1
47,35,32
47,36,-1
47,37,-1
47,38,-1
47,39,-1
47,40,-1
47,41,-1
47,42,-1
47,43,-1
47,44,-1
47,45,32
47,46,58
47,47,0
47,48,-1
47,49,-1
47,50,-1
47,51,-1
47,52,56
47,53,-1
47,54,-1
47,55,-1
47,56,31
47,57,-1
47,58,-1
47,59,36
47,60,-1
47,61,54
47,62,46
47,63,60
47,64,-1
47,65,-1
47,66,-1
47,67,40
47,68,8
47,69,44
47,70,27
47,71,19
47,72,25
47,73,-1
47,74,-1
47,75,26
47,76,37
47,77,37
47,78,51
47,79,51
47,80,51
47,81,49
47,82,31
47,83,121
47,84,-1
47,85,29
47,86,-1
47,87,37
47,88,37
47,89,86
47,90,-1
47,91,-1
47,92,149
47,93,36
47,94,42
47,95,56
47,96,-1
47,97,-1
47,98,36
47,99,-1
47,100,33
47,101,39
47,102,-1
47,103,35
47,104,-1
47,105,-1
47,106,-1
47,107,29
47,108,29
47,109,-1
47,110,-1
47,111,27
47,112,-1
47,113,32
47,114,31
47,115,31
47,116,-1
47,117,-1
47,118,-1
47,119,-1
47,120,-1
47,121,-1
47,122,28
47,123,34
47,124,-1
47,125,-1
47,126,-1
47,127,-1
47,128,-1
47,129,-1
47,130,-1
47,131,-1
47,132,-1
47,133,-1
47,134,-1
47,135,-1
47,136,-1
47,137,-1
47,138,-1
47,139,-1
47,140,-1
47,141,36
47,142,36
47,143,32
47,144,-1
47,145,39
47,146,-1
47,147,-1
47,148,82
47,149,29
47,150,24
47,151,-1
47,152,-1
47,153,-1
47,154,14
47,155,-1
47,156,-1
47,157,43
47,158,31
47,159,139
47,160,-1
47,161,-1
47,162,-1
47,163,-1
47,164,-1
47,165,-1
47,166,-1
47,167,-1
47,168,25
47,169,25
47,170,25
47,171,20
47,172,36
47,173,-1
47,174,-1
47,175,-1
47,176,-1
47,177,28
47,178,32
47,179,19
47,180,88
47,181,-1
47,182,87
47,183,87
47,184,-1
47,185,-1
47,186,-1
47,187,-1
47,188,-1
47,189,35
47,190,35
47,191,-1
47,192,22
47,193,-1
47,194,-1
47,195,-1
47,196,-1
47,197,-1
47,198,-1
47,199,-1
47,200,-1
47,201,-1
47,202,30
47,203,-1
47,204,-1
47,205,94
47,206,33
47,207,33
47,208,33
47,209,27
47,210,-1
47,211,-1
47,212,-1
47,213,-1
47,214,-1
47,215,23
47,216,23
47,217,23
47,218,-1
47,219,-1
47,220,93
47,221,49
47,222,-1
47,223,28
47,224,28
47,225,-1
47,226,-1
47,227,32
47,228,41
47,229,42
47,230,41
47,231,-1
47,232,21
47,233,21
47,234,24
47,235,13
47,236,31
47,237,-1
47,238,-1
47,239,-1
47,240,13
47,241,12
47,242,-1
47,243,-1
47,244,-1
47,245,-1
47,246,-1
47,247,-1
47,248,-1
47,249,29
47,250,-1
47,251,-1
47,252,-1
47,253,-1
47,254,-1
47,255,-1
47,256,-1
47,257,-1
47,258,-1
47,259,-1
47,260,-1
47,261,-1
47,262,29
47,263,31
47,264,37
47,265,267
47,266,270
47,267,270
47,268,270
47,269,-1
47,270,-1
47,271,-1
47,272,36
47,273,-1
47,274,-1
47,275,-1
47,276,27
47,277,-1
47,278,-1
47,279,-1
47,280,-1
47,281,-1
47,282,-1
47,283,-1
47,284,-1
47,285,14
47,286,-1
47,287,-1
47,288,-1
47,289,12
47,290,13
47,291,11
47,292,11
47,293,11
47,294,11
47,295,12
47,296,12
47,297,-1
47,298,-1
47,299,32
47,300,-1
47,301,-1
47,302,-1
47,303,-1
47,304,-1
47,305,-1
47,306,-1
47,307,42
47,308,88
47,309,42
47,310,44
47,311,-1
47,312,-1
47,313,-1
47,314,-1
47,315,-1
47,316,-1
47,317,23
47,318,27
47,319,-1
47,320,13
47,321,13
47,322,29
47,323,23
47,324,-1
47,325,37
47,326,22
47,327,153
47,328,-1
47,329,-1
47,330,-1
47,331,43
47,332,21
47,333,-1
47,334,-1
47,335,113
47,336,-1
47,337,-1
47,338,-1
47,339,24
47,340,36
47,341,43
47,342,28
47,343,30
47,344,-1
47,345,-1
47,346,-1
47,347,121
47,348,36
47,349,36
47,350,-1
48,0,0
48,1,0
48,2,0
48,3,0
48,4,0
48,5,0
48,6,0
48,7,0
48,8,0
48,9,0
48,10,0
48,11,0
48,12,-1
48,13,-1
48,14,-1
48,15,-1
48,16,-1
48,17,-1
48,18,-1
48,19,188
48,20,-1
48,21,39
48,22,36
48,23,15
48,24,14
48,25,13
48,26,12
48,27,59
48,28,42
48,29,42
48,30,41
48,31,42
48,32,-1
48,33,-1
48,34,-1
48,35,35
48,36,-1
48,37,-1
48,38,-1
48,39,-1
48,40,-1
48,41,-1
48,42,-1
48,43,-1
48,44,-1
48,45,29
48,46,55
48,47,-1
48,48,0
48,49,-1
48,50,-1
48,51,25
48,52,56
48,53,-1
48,54,-1
48,55,-1
48,56,28
48,57,30
48,58,25
48,59,38
48,60,-1
48,61,51
48,62,49
48,63,57
48,64,-1
48,65,-1
48,66,-1
48,67,43
48,68,5
48,69,47
48,70,27
48,71,29
48,72,22
48,73,20
48,74,21
48,75,23
48,76,34
48,77,34
48,78,51
48,79,51
48,80,51
48,81,49
48,82,28
48,83,118
48,84,-1
48,85,38
48,86,-1
48,87,40
48,88,40
48,89,83
48,90,-1
48,91,-1
48,92,146
48,93,33
48,94,42
48,95,56
48,96,-1
48,97,-1
48,98,33
48,99,17
48,100,30
48,101,39
48,102,16
48,103,32
48,104,21
48,105,21
48,106,20
48,107,35
48,108,37
48,109,21
48,110,21
48,111,24
48,112,-1
48,113,26
48,114,25
48,115,25
48,116,27
48,117,19
48,118,19
48,119,-1
48,120,-1
48,121,-1
48,122,25
48,123,29
48,124,17
48,125,-1
48,126,-1
48,127,-1
48,128,-1
48,129,-1
48,130,-1
48,131,-1
48,132,-1
48,133,-1
48,134,-1
48,135,-1
48,136,24
48,137,-1
48,138,28
48,139,-1
48,140,-1
48,141,33
48,142,33
48,143,29
48,144,-1
48,145,36
48,146,-1
48,147,-1
48,148,79
48,149,25
48,150,21
48,151,14
48,152,12
48,153,10
48,154,11
48,155,-1
48,156,-1
48,157,28
48,158,32
48,159,142
48,160,10
48,161,-1
48,162,-1
48,163,-1
48,164,-1
48,165,-1
48,166,-1
48,167,-1
48,168,21
48,169,21
48,170,21
48,171,17
48,172,39
48,173,-1
48,174,-1
48,175,-1
48,176,24
48,177,25
48,178,29
48,179,16
48,180,85
48,181,-1
48,182,84
48,183,84
48,184,15
48,185,15
48,186,18
48,187,18
48,188,18
48,189,36
48,190,36
48,191,-1
48,192,32
48,193,-1
48,194,-1
48,195,-1
48,196,-1
48,197,-1
48,198,-1
48,199,-1
48,200,-1
48,201,-1
48,202,31
48,203,8
48,204,-1
48,205,91
48,206,34
48,207,34
48,208,34
48,209,19
48,210,-1
48,211,-1
48,212,-1
48,213,13
48,214,11
48,215,20
48,216,20
48,217,20
48,218,18
48,219,17
48,220,90
48,221,34
48,222,-1
48,223,25
48,224,25
48,225,-1
48,226,-1
48,227,148
48,228,38
48,229,27
48,230,27
48,231,-1
48,232,18
48,233,18
48,234,20
48,235,10
48,236,27
48,237,29
48,238,27
48,239,27
48,240,10
48,241,9
48,242,-1
48,243,-1
48,244,-1
48,245,-1
48,246,-1
48,247,-1
48,248,-1
48,249,26
48,250,14
48,251,14
48,252,10
48,253,10
48,254,25
48,255,-1
48,256,-1
48,257,-1
48,258,-1
48,259,-1
48,260,-1
48,261,-1
48,262,29
48,263,28
48,264,35
48,265,54
48,266,57
48,267,57
48,268,57
48,269,-1
48,270,-1
48,271,-1
48,272,37
48,273,-1
48,274,-1
48,275,-1
48,276,28
48,277,-1
48,278,-1
48,279,-1
48,280,-1
48,281,-1
48,282,-1
48,283,-1
48,284,-1
48,285,11
48,286,-1
48,287,-1
48,288,-1
48,289,9
48,290,10
48,291,8
48,292,8
48,293,8
48,294,8
48,295,9
48,296,9
48,297,11
48,298,11
48,299,29
48,300,-1
48,301,-1
48,302,-1
48,303,-1
48,304,23
48,305,-1
48,306,17
48,307,27
48,308,90
48,309,27
48,310,29
48,311,14
48,312,14
48,313,-1
48,314,-1
48,315,-1
48,316,-1
48,317,20
48,318,19
48,319,19
48,320,10
48,321,10
48,322,29
48,323,20
48,324,-1
48,325,26
48,326,19
48,327,30
48,328,-1
48,329,-1
48,330,-1
48,331,29
48,332,18
48,333,-1
48,334,-1
48,335,129
48,336,-1
48,337,-1
48,338,-1
48,339,21
48,340,25
48,341,40
48,342,35
48,343,26
48,344,-1
48,345,-1
48,346,-1
48,347,118
48,348,33
48,349,25
48,350,-1
49,0,0
49,1,0
49,2,0
49,3,0
49,4,0
49,5,0
49,6,0
49,7,0
49,8,0
49,9,0
49,10,0
49,11,0
49,12,39
49,13,23
49,14,38
49,15,25
49,16,-1
49,17,-1
49,18,-1
49,19,197
49,20,-1
49,21,48
49,22,24
49,23,21
49,24,20
49,25,19
49,26,18
49,27,65
49,28,51
49,29,51
49,30,50
49,31,51
49,32,-1
49,33,-1
49,34,-1
49,35,49
49,36,26
49,37,-1
49,38,-1
49,39,-1
49,40,-1
49,41,-1
49,42,-1
49,43,-1
49,44,-1
49,45,32
49,46,64
49,47,-1
49,48,-1
49,49,0
49,50,-1
49,51,21
49,52,64
49,53,-1
49,54,-1
49,55,-1
49,56,33
49,57,38
49,58,33
49,59,46
49,60,24
49,61,51
49,62,42
49,63,65
49,64,-1
49,65,-1
49,66,-1
49,67,36
49,68,10
49,69,37
49,70,38
49,71,37
49,72,20
49,73,18
49,74,19
49,75,21
49,76,66
49,77,66
49,78,59
49,79,59
49,80,59
49,81,57
49,82,34
49,83,116
49,84,-1
49,85,42
49,86,-1
49,87,34
49,88,34
49,89,96
49,90,-1
49,91,-1
49,92,159
49,93,38
49,94,50
49,95,64
49,96,-1
49,97,-1
49,98,41
49,99,20
49,100,38
49,101,47
49,102,19
49,103,33
49,104,19
49,105,19
49,106,18
49,107,39
49,108,41
49,109,19
49,110,19
49,111,36
49,112,-1
49,113,34
49,114,33
49,115,33
49,116,35
49,117,17
49,118,17
49,119,-1
49,120,-1
49,121,-1
49,122,41
49,123,38
49,124,20
49,125,-1
49,126,-1
49,127,-1
49,128,-1
49,129,-1
49,130,-1
49,131,-1
49,132,-1
49,133,-1
49,134,-1
49,135,22
49,136,32
49,137,-1
49,138,36
49,139,-1
49,140,-1
49,141,41
49,142,41
49,143,40
49,144,17
49,145,41
49,146,-1
49,147,-1
49,148,90
49,149,33
49,150,35
49,151,17
49,152,15
49,153,13
49,154,14
49,155,-1
49,156,-1
49,157,36
49,158,40
49,159,150
49,160,13
49,161,-1
49,162,24
49,163,31
49,164,-1
49,165,-1
49,166,-1
49,167,25
49,168,30
49,169,30
49,170,30
49,171,22
49,172,46
49,173,-1
49,174,-1
49,175,-1
49,176,32
49,177,41
49,178,37
49,179,21
49,180,86
49,181,-1
49,182,97
49,183,97
49,184,18
49,185,18
49,186,21
49,187,21
49,188,21
49,189,44
49,190,44
49,191,-1
49,192,38
49,193,-1
49,194,-1
49,195,-1
49,196,-1
49,197,-1
49,198,-1
49,199,-1
49,200,-1
49,201,-1
49,202,39
49,203,11
49,204,-1
49,205,101
49,206,42
49,207,42
49,208,42
49,209,22
49,210,-1
49,211,-1
49,212,-1
49,213,16
49,214,14
49,215,51
49,216,51
49,217,51
49,218,21
49,219,20
49,220,100
49,221,42
49,222,-1
49,223,41
49,224,41
49,225,-1
49,226,-1
49,227,43
49,228,46
49,229,35
49,230,35
49,231,-1
49,232,23
49,233,23
49,234,29
49,235,13
49,236,40
49,237,21
49,238,35
49,239,35
49,240,13
49,241,12
49,242,25
49,243,39
49,244,13
49,245,13
49,246,-1
49,247,-1
49,248,-1
49,249,34
49,250,17
49,251,17
49,252,13
49,253,13
49,254,22
49,255,-1
49,256,-1
49,257,-1
49,258,-1
49,259,-1
49,260,-1
49,261,23
49,262,37
49,263,36
49,264,40
49,265,62
49,266,65
49,267,65
49,268,65
49,269,-1
49,270,-1
49,271,-1
49,272,45
49,273,-1
49,274,-1
49,275,11
49,276,36
49,277,-1
49,278,-1
49,279,-1
49,280,-1
49,281,25
49,282,25
49,283,-1
49,284,25
49,285,14
49,286,9
49,287,10
49,288,-1
49,289,12
49,290,13
49,291,11
49,292,11
49,293,11
49,294,11
49,295,12
49,296,12
49,297,14
49,298,14
49,299,34
49,300,26
49,301,26
49,302,25
49,303,-1
49,304,31
49,305,-1
49,306,20
49,307,35
49,308,98
49,309,35
49,310,37
49,311,17
49,312,17
49,313,13
49,314,15
49,315,-1
49,316,-1
49,317,23
49,318,22
49,319,22
49,320,12
49,321,11
49,322,38
49,323,35
49,324,16
49,325,42
49,326,33
49,327,38
49,328,-1
49,329,-1
49,330,-1
49,331,37
49,332,49
49,333,39
49,334,-1
49,335,134
49,336,-1
49,337,14
49,338,-1
49,339,26
49,340,41
49,341,48
49,342,39
49,343,35
49,344,-1
49,345,-1
49,346,-1
49,347,116
49,348,40
49,349,41
49,350,-1
50,0,0
50,1,0
50,2,0
50,3,0
50,4,0
50,5,0
50,6,0
50,7,0
50,8,0
50,9,0
50,10,0
50,11,0
50,12,38
50,13,22
50,14,37
50,15,24
50,16,-1
50,17,-1
50,18,-1
50,19,197
50,20,-1
50,21,48
50,22,24
50,23,21
50,24,20
50,25,19
50,26,18
50,27,65
50,28,51
50,29,51
50,30,50
50,31,51
50,32,-1
50,33,-1
50,34,-1
50,35,49
50,36,26
50,37,-1
50,38,-1
50,39,-1
50,40,-1
50,41,-1
50,42,-1
50,43,-1
50,44,-1
50,45,31
50,46,64
50,47,-1
50,48,-1
50,49,-1
50,50,0
50,51,21
50,52,64
50,53,-1
50,54,-1
50,55,-1
50,56,33
50,57,39
50,58,33
50,59,46
50,60,24
50,61,51
50,62,42
50,63,65
50,64,-1
50,65,-1
50,66,-1
50,67,36
50,68,10
50,69,37
50,70,37
50,71,35
50,72,20
50,73,18
50,74,19
50,75,21
50,76,66
50,77,66
50,78,59
50,79,59
50,80,59
50,81,57
50,82,34
50,83,116
50,84,-1
50,85,42
50,86,-1
50,87,34
50,88,34
50,89,96
50,90,-1
50,91,-1
50,92,159
50,93,38
50,94,50
50,95,64
50,96,-1
50,97,-1
50,98,41
50,99,20
50,100,38
50,101,47
50,102,19
50,103,33
50,104,19
50,105,19
50,106,18
50,107,39
50,108,41
50,109,19
50,110,19
50,111,36
50,112,-1
50,113,34
50,114,33
50,115,33
50,116,35
50,117,17
50,118,17
50,119,-1
50,120,-1
50,121,-1
50,122,40
50,123,38
50,124,20
50,125,-1
50,126,-1
50,127,-1
50,128,-1
50,129,-1
50,130,-1
50,131,-1
50,132,-1
50,133,-1
50,134,-1
50,135,22
50,136,32
50,137,-1
50,138,36
50,139,-1
50,140,-1
50,141,41
50,142,41
50,143,40
50,144,17
50,145,41
50,146,-1
50,147,-1
50,148,90
50,149,33
50,150,35
50,151,17
50,152,15
50,153,13
50,154,14
50,155,-1
50,156,-1
50,157,36
50,158,40
50,159,150
50,160,13
50,161,-1
50,162,24
50,163,31
50,164,-1
50,165,-1
50,166,-1
50,167,25
50,168,30
50,169,30
50,170,30
50,171,22
50,172,46
50,173,-1
50,174,-1
50,175,-1
50,176,32
50,177,40
50,178,37
50,179,21
50,180,86
50,181,-1
50,182,97
50,183,97
50,184,18
50,185,18
50,186,21
50,187,21
50,188,21
50,189,44
50,190,44
50,191,-1
50,192,38
50,193,-1
50,194,-1
50,195,-1
50,196,-1
50,197,-1
50,198,-1
50,199,-1
50,200,-1
50,201,-1
50,202,39
50,203,11
50,204,-1
50,205,101
50,206,42
50,207,41
50,208,41
50,209,22
50,210,-1
50,211,-1
50,212,-1
50,213,16
50,214,14
50,215,25
50,216,25
50,217,25
50,218,21
50,219,20
50,220,100
50,221,42
50,222,-1
50,223,40
50,224,40
50,225,-1
50,226,-1
50,227,43
50,228,46
50,229,35
50,230,35
50,231,-1
50,232,23
50,233,23
50,234,29
50,235,13
50,236,40
50,237,21
50,238,35
50,239,35
50,240,13
50,241,12
50,242,25
50,243,39
50,244,13
50,245,13
50,246,-1
50,247,-1
50,248,-1
50,249,34
50,250,17
50,251,17
50,252,13
50,253,13
50,254,22
50,255,-1
50,256,-1
50,257,-1
50,258,-1
50,259,-1
50,260,-1
50,261,23
50,262,37
50,263,36
50,264,40
50,265,62
50,266,65
50,267,65
50,268,65
50,269,-1
50,270,-1
50,271,-1
50,272,45
50,273,-1
50,274,-1
50,275,11
50,276,36
50,277,-1
50,278,-1
50,279,-1
50,280,-1
50,281,25
50,282,25
50,283,-1
50,284,25
50,285,14
50,286,9
50,287,10
50,288,-1
50,289,12
50,290,13
50,291,11
50,292,11
50,293,11
50,294,11
50,295,12
50,296,12
50,297,14
50,298,14
50,299,34
50,300,26
50,301,26
50,302,25
50,303,-1
50,304,31
50,305,-1
50,306,20
50,307,35
50,308,98
50,309,35
50,310,37
50,311,17
50,312,17
50,313,13
50,314,15
50,315,-1
50,316,-1
50,317,23
50,318,22
50,319,22
50,320,12
50,321,11
50,322,38
50,323,35
50,324,16
50,325,42
50,326,27
50,327,38
50,328,-1
50,329,-1
50,330,-1
50,331,37
50,332,23
50,333,39
50,334,-1
50,335,134
50,336,-1
50,337,14
50,338,-1
50,339,26
50,340,40
50,341,48
50,342,36
50,343,35
50,344,-1
50,345,-1
50,346,-1
50,347,116
50,348,40
50,349,40
50,350,-1
51,0,0
51,1,0
51,2,0
51,3,0
51,4,0
51,5,0
51,6,0
51,7,0
51,8,0
51,9,0
51,10,0
51,11,0
51,12,9
51,13,9
51,14,12
51,15,10
51,16,11
51,17,-1
51,18,19
51,19,182
51,20,24
51,21,33
51,22,22
51,23,15
51,24,15
51,25,17
51,26,16
51,27,44
51,28,46
51,29,46
51,30,45
51,31,46
51,32,-1
51,33,21
51,34,20
51,35,19
51,36,27
51,37,-1
51,38,-1
51,39,-1
51,40,-1
51,41,16
51,42,-1
51,43,15
51,44,-1
51,45,55
51,46,59
51,47,-1
51,48,25
51,49,21
51,50,21
51,51,0
51,52,44
51,53,-1
51,54,-1
51,55,-1
51,56,59
51,57,-1
51,58,-1
51,59,-1
51,60,15
51,61,41
51,62,22
51,63,94
51,64,32
51,65,25
51,66,26
51,67,16
51,68,63
51,69,17
51,70,-1
51,71,-1
51,72,27
51,73,-1
51,74,-1
51,75,28
51,76,56
51,77,56
51,78,39
51,79,39
51,80,39
51,81,44
51,82,45
51,83,56
51,84,-1
51,85,-1
51,86,-1
51,87,14
51,88,14
51,89,86
51,90,20
51,91,21
51,92,149
51,93,60
51,94,30
51,95,44
51,96,-1
51,97,-1
51,98,40
51,99,27
51,100,48
51,101,27
51,102,32
51,103,44
51,104,-1
51,105,-1
51,106,-1
51,107,-1
51,108,-1
51,109,-1
51,110,-1
51,111,37
51,112,18
51,113,45
51,114,44
51,115,44
51,116,-1
51,117,-1
51,118,-1
51,119,-1
51,120,-1
51,121,-1
51,122,39
51,123,41
51,124,29
51,125,-1
51,126,16
51,127,-1
51,128,-1
51,129,-1
51,130,-1
51,131,-1
51,132,12
51,133,12
51,134,-1
51,135,-1
51,136,-1
51,137,16
51,138,-1
51,139,16
51,140,-1
51,141,40
51,142,40
51,143,50
51,144,15
51,145,60
51,146,-1
51,147,-1
51,148,80
51,149,44
51,150,34
51,151,18
51,152,20
51,153,32
51,154,32
51,155,-1
51,156,-1
51,157,16
51,158,51
51,159,125
51,160,20
51,161,30
51,162,15
51,163,31
51,164,17
51,165,16
51,166,-1
51,167,-1
51,168,34
51,169,34
51,170,34
51,171,75
51,172,47
51,173,-1
51,174,-1
51,175,21
51,176,-1
51,177,39
51,178,48
51,179,74
51,180,76
51,181,-1
51,182,87
51,183,87
51,184,33
51,185,33
51,186,36
51,187,36
51,188,36
51,189,34
51,190,34
51,191,29
51,192,-1
51,193,36
51,194,35
51,195,36
51,196,36
51,197,36
51,198,36
51,199,35
51,200,36
51,201,36
51,202,29
51,203,19
51,204,-1
51,205,91
51,206,44
51,207,44
51,208,44
51,209,32
51,210,24
51,211,25
51,212,-1
51,213,30
51,214,32
51,215,78
51,216,78
51,217,78
51,218,15
51,219,28
51,220,90
51,221,22
51,222,19
51,223,39
51,224,39
51,225,-1
51,226,-1
51,227,46
51,228,57
51,229,15
51,230,15
51,231,30
51,232,76
51,233,76
51,234,31
51,235,22
51,236,41
51,237,-1
51,238,-1
51,239,-1
51,240,31
51,241,21
51,242,-1
51,243,39
51,244,18
51,245,19
51,246,-1
51,247,-1
51,248,-1
51,249,45
51,250,14
51,251,15
51,252,19
51,253,20
51,254,-1
51,255,-1
51,256,-1
51,257,-1
51,258,-1
51,259,-1
51,260,-1
51,261,14
51,262,48
51,263,47
51,264,53
51,265,65
51,266,68
51,267,68
51,268,68
51,269,-1
51,270,-1
51,271,-1
51,272,35
51,273,-1
51,274,-1
51,275,20
51,276,26
51,277,-1
51,278,-1
51,279,-1
51,280,-1
51,281,-1
51,282,-1
51,283,-1
51,284,-1
51,285,32
51,286,22
51,287,20
51,288,22
51,289,20
51,290,22
51,291,20
51,292,20
51,293,20
51,294,20
51,295,20
51,296,30
51,297,33
51,298,32
51,299,51
51,300,-1
51,301,-1
51,302,-1
51,303,-1
51,304,-1
51,305,-1
51,306,39
51,307,15
51,308,88
51,309,15
51,310,17
51,311,30
51,312,31
51,313,17
51,314,16
51,315,-1
51,316,-1
51,317,30
51,318,30
51,319,14
51,320,19
51,321,19
51,322,-1
51,323,34
51,324,15
51,325,40
51,326,33
51,327,41
51,328,-1
51,329,22
51,330,22
51,331,17
51,332,76
51,333,-1
51,334,-1
51,335,127
51,336,19
51,337,18
51,338,-1
51,339,79
51,340,39
51,341,48
51,342,-1
51,343,37
51,344,-1
51,345,-1
51,346,23
51,347,56
51,348,44
51,349,39
51,350,-1
52,0,0
52,1,0
52,2,0
52,3,0
52,4,0
52,5,0
52,6,0
52,7,0
52,8,0
52,9,0
52,10,0
52,11,0
52,12,41
52,13,41
52,14,41
52,15,40
52,16,41
52,17,40
52,18,44
52,19,213
52,20,27
52,21,64
52,22,53
52,23,46
52,24,46
52,25,48
52,26,47
52,27,75
52,28,133
52,29,133
52,30,132
52,31,133
52,32,64
52,33,52
52,34,51
52,35,-1
52,36,48
52,37,73
52,38,73
52,39,45
52,40,73
52,41,47
52,42,74
52,43,46
52,44,44
52,45,75
52,46,112
52,47,56
52,48,56
52,49,64
52,50,64
52,51,44
52,52,0
52,53,65
52,54,65
52,55,65
52,56,83
52,57,40
52,58,35
52,59,55
52,60,39
52,61,65
52,62,38
52,63,99
52,64,56
52,65,49
52,66,50
52,67,32
52,68,87
52,69,34
52,70,30
52,71,32
52,72,20
52,73,37
52,74,36
52,75,21
52,76,80
52,77,80
52,78,-1
52,79,-1
52,80,-1
52,81,55
52,82,80
52,83,40
52,84,48
52,85,32
52,86,48
52,87,30
52,88,30
52,89,110
52,90,44
52,91,45
52,92,173
52,93,84
52,94,11
52,95,-1
52,96,38
52,97,32
52,98,52
52,99,41
52,100,72
52,101,13
52,102,44
52,103,79
52,104,37
52,105,37
52,106,36
52,107,32
52,108,32
52,109,37
52,110,38
52,111,42
52,112,42
52,113,80
52,114,79
52,115,79
52,116,38
52,117,35
52,118,35
52,119,34
52,120,34
52,121,35
52,122,43
52,123,47
52,124,43
52,125,39
52,126,40
52,127,49
52,128,37
52,129,33
52,130,32
52,131,34
52,132,36
52,133,36
52,134,32
52,135,33
52,136,32
52,137,40
52,138,38
52,139,40
52,140,38
52,141,52
52,142,52
52,143,74
52,144,39
52,145,84
52,146,35
52,147,51
52,148,104
52,149,79
52,150,39
52,151,42
52,152,44
52,153,45
52,154,47
52,155,36
52,156,36
52,157,34
52,158,86
52,159,257
52,160,44
52,161,54
52,162,39
52,163,43
52,164,41
52,165,40
52,166,34
52,167,38
52,168,40
52,169,40
52,170,40
52,171,99
52,172,51
52,173,35
52,174,48
52,175,45
52,176,48
52,177,43
52,178,83
52,179,98
52,180,100
52,181,36
52,182,111
52,183,111
52,184,45
52,185,45
52,186,45
52,187,45
52,188,45
52,189,76
52,190,76
52,191,53
52,192,35
52,193,60
52,194,59
52,195,60
52,196,60
52,197,60
52,198,60
52,199,59
52,200,60
52,201,60
52,202,71
52,203,43
52,204,38
52,205,115
52,206,48
52,207,48
52,208,48
52,209,41
52,210,50
52,211,57
52,212,45
52,213,44
52,214,46
52,215,102
52,216,102
52,217,102
52,218,39
52,219,40
52,220,114
52,221,39
52,222,43
52,223,43
52,224,43
52,225,48
52,226,47
52,227,81
52,228,92
52,229,32
52,230,32
52,231,54
52,232,100
52,233,100
52,234,39
52,235,46
52,236,46
52,237,37
52,238,34
52,239,35
52,240,46
52,241,45
52,242,30
52,243,51
52,244,42
52,245,43
52,246,46
52,247,39
52,248,39
52,249,80
52,250,38
52,251,39
52,252,43
52,253,44
52,254,33
52,255,49
52,256,43
52,257,43
52,258,42
52,259,41
52,260,41
52,261,38
52,262,83
52,263,82
52,264,77
52,265,100
52,266,103
52,267,103
52,268,103
52,269,38
52,270,38
52,271,39
52,272,77
52,273,39
52,274,40
52,275,44
52,276,68
52,277,46
52,278,45
52,279,45
52,280,49
52,281,37
52,282,38
52,283,36
52,284,37
52,285,46
52,286,46
52,287,44
52,288,46
52,289,44
52,290,46
52,291,44
52,292,44
52,293,44
52,294,44
52,295,44
52,296,45
52,297,49
52,298,47
52,299,75
52,300,36
52,301,36
52,302,35
52,303,35
52,304,34
52,305,35
52,306,49
52,307,32
52,308,112
52,309,32
52,310,34
52,311,44
52,312,45
52,313,41
52,314,40
52,315,50
52,316,51
52,317,41
52,318,41
52,319,38
52,320,43
52,321,43
52,322,32
52,323,38
52,324,39
52,325,44
52,326,37
52,327,76
52,328,40
52,329,57
52,330,57
52,331,34
52,332,100
52,333,41
52,334,40
52,335,151
52,336,43
52,337,42
52,338,47
52,339,103
52,340,43
52,341,52
52,342,31
52,343,45
52,344,49
52,345,48
52,346,50
52,347,40
52,348,49
52,349,43
52,350,68
53,0,0
53,1,0
53,2,0
53,3,0
53,4,0
53,5,0
53,6,0
53,7,0
53,8,0
53,9,0
53,10,0
53,11,0
53,12,-1
53,13,-1
53,14,-1
53,15,-1
53,16,-1
53,17,-1
53,18,34
53,19,204
53,20,-1
53,21,56
53,22,31
53,23,28
53,24,27
53,25,26
53,26,25
53,27,72
53,28,58
53,29,58
53,30,57
53,31,58
53,32,-1
53,33,-1
53,34,-1
53,35,56
53,36,33
53,37,-1
53,38,-1
53,39,-1
53,40,-1
53,41,-1
53,42,-1
53,43,-1
53,44,-1
53,45,41
53,46,71
53,47,-1
53,48,-1
53,49,-1
53,50,-1
53,51,-1
53,52,65
53,53,0
53,54,0
53,55,0
53,56,72
53,57,33
53,58,38
53,59,46
53,60,26
53,61,50
53,62,30
53,63,29
53,64,10
53,65,9
53,66,9
53,67,24
53,68,43
53,69,26
53,70,22
53,71,25
53,72,30
53,73,21
53,74,20
53,75,31
53,76,75
53,77,75
53,78,29
53,79,29
53,80,30
53,81,41
53,82,65
53,83,63
53,84,7
53,85,24
53,86,8
53,87,22
53,88,22
53,89,102
53,90,30
53,91,31
53,92,138
53,93,81
53,94,33
53,95,32
53,96,21
53,97,20
53,98,39
53,99,20
53,100,67
53,101,35
53,102,18
53,103,64
53,104,-1
53,105,-1
53,106,-1
53,107,29
53,108,31
53,109,21
53,110,22
53,111,22
53,112,29
53,113,65
53,114,64
53,115,64
53,116,41
53,117,24
53,118,24
53,119,30
53,120,31
53,121,31
53,122,25
53,123,26
53,124,21
53,125,29
53,126,25
53,127,-1
53,128,26
53,129,29
53,130,32
53,131,29
53,132,22
53,133,22
53,134,31
53,135,20
53,136,21
53,137,24
53,138,41
53,139,24
53,140,27
53,141,39
53,142,39
53,143,78
53,144,17
53,145,84
53,146,30
53,147,-1
53,148,100
53,149,64
53,150,21
53,151,17
53,152,16
53,153,14
53,154,15
53,155,22
53,156,22
53,157,39
53,158,71
53,159,153
53,160,14
53,161,10
53,162,26
53,163,30
53,164,25
53,165,25
53,166,32
53,167,-1
53,168,18
53,169,18
53,170,18
53,171,59
53,172,33
53,173,22
53,174,-1
53,175,32
53,176,33
53,177,25
53,178,68
53,179,58
53,180,100
53,181,33
53,182,103
53,183,104
53,184,18
53,185,18
53,186,18
53,187,18
53,188,19
53,189,48
53,190,48
53,191,6
53,192,28
53,193,14
53,194,13
53,195,15
53,196,14
53,197,14
53,198,14
53,199,13
53,200,15
53,201,15
