0,15,24,74,-1,-1,-1,-1,-1,-1,19,16,16,14,17,16,16,17,-1,57,27,27,17,-1,-1,-1,-1,41,37,37,36,37,23,15,16,36,-1,33,33,14,36,-1,36,-1,15,56,32,21,14,17,16,16,42,26,26,26,40,25,20,24,11,36,31,39,18,13,13,26,19,30,26,23,38,19,18,39,38,38,37,37,38,48,18,63,18,30,18,23,23,66,13,14,106,49,41,40,16,18,11,-1,30,43,-1,17,22,23,23,27,29,19,20,14,-1,18,17,17,30,22,22,16,17,17,13,13,-1,14,11,27,11,15,16,15,-1,-1,16,18,19,10,30,11,12,12,13,46,-1,52,13,25,71,17,9,-1,-1,-1,-1,20,20,32,24,57,-1,15,9,-1,10,10,17,23,-1,-1,-1,27,20,21,25,21,18,13,21,26,64,18,67,68,-1,-1,-1,-1,-1,26,26,19,21,20,22,20,22,21,23,21,21,20,23,-1,12,72,17,17,17,-1,27,27,22,-1,-1,30,30,30,-1,-1,71,35,14,13,13,27,27,23,30,27,27,19,28,28,-1,-1,15,21,25,22,-1,-1,17,15,-1,-1,23,17,17,18,-1,-1,-1,-1,19,21,17,18,17,18,18,-1,21,20,49,34,37,37,37,17,15,16,28,16,17,16,20,23,22,22,26,22,22,21,22,-1,14,-1,14,-1,-1,-1,-1,-1,-1,-1,-1,-1,-1,45,20,20,20,19,19,19,13,28,68,30,32,-1,-1,-1,-1,29,30,-1,-1,-1,-1,-1,23,8,-1,14,7,22,14,22,22,26,28,24,17,46,14,-1,26,25,13,20,24,13,22,21,20,63,16,13,34
15,0,29,77,9,19,19,19,10,10,16,23,23,21,21,23,22,23,-1,108,24,32,-1,11,10,12,12,44,38,38,37,38,20,22,21,57,16,30,30,22,45,17,45,16,19,61,37,31,15,18,17,25,60,40,40,40,45,30,25,36,15,26,37,44,19,14,14,32,24,36,33,31,56,26,24,57,45,45,55,55,56,54,34,69,33,33,33,29,29,69,19,20,91,54,59,58,23,25,29,14,33,61,-1,33,29,29,29,30,32,26,26,-1,21,34,33,33,27,29,29,21,21,21,-1,-1,-1,18,17,39,21,22,23,22,13,13,23,25,26,17,28,17,22,29,30,50,18,56,20,39,66,33,-1,-1,-1,11,12,27,27,32,40,108,11,16,20,22,18,18,24,29,-1,-1,-1,32,13,26,23,26,23,-1,37,31,62,23,69,69,-1,-1,-1,-1,-1,37,37,16,33,17,19,17,19,18,20,18,18,17,34,10,19,76,-1,-1,-1,8,19,19,19,-1,9,37,37,37,15,14,75,37,23,-1,-1,35,37,24,50,30,30,16,33,33,11,11,-1,28,30,29,12,11,23,29,15,15,21,24,24,34,20,20,11,11,26,18,17,17,24,26,26,17,37,36,38,35,38,38,38,23,23,24,38,24,25,13,30,19,20,19,25,28,29,26,28,9,11,12,11,10,12,10,10,10,10,10,11,-1,10,36,26,26,26,25,32,25,-1,30,68,30,32,-1,-1,13,14,24,23,11,10,14,12,11,33,-1,19,-1,10,23,21,19,19,32,35,40,21,91,21,15,22,30,-1,10,34,-1,19,18,17,58,-1,-1,31
24,29,0,81,46,44,44,44,45,45,28,56,56,54,57,56,57,64,40,116,32,32,55,43,44,44,44,98,57,57,56,57,31,26,29,82,41,38,38,51,68,46,68,44,61,33,25,30,27,29,29,60,88,38,38,38,47,73,67,67,44,85,76,16,28,26,26,70,16,66,63,64,97,59,58,44,66,66,82,82,82,69,72,91,30,71,30,68,68,82,49,50,126,56,79,88,51,58,57,40,52,78,40,71,62,65,65,68,70,59,60,49,47,72,71,71,70,65,65,53,54,54,53,51,40,58,45,40,48,52,56,52,41,41,56,58,59,45,70,45,48,57,57,53,35,58,41,38,82,75,47,35,33,33,33,31,31,39,82,124,32,27,24,28,35,35,29,37,44,44,44,21,42,42,35,30,33,51,79,21,68,32,83,83,38,38,44,44,45,92,92,27,40,30,30,31,31,31,31,29,31,31,89,30,39,82,56,55,57,44,30,30,31,35,34,-1,-1,-1,39,39,80,44,43,51,51,40,40,43,145,37,37,27,35,35,47,32,54,36,38,37,32,32,31,36,30,30,33,37,37,76,35,35,31,31,34,30,33,33,34,35,35,23,79,78,56,54,57,57,57,38,38,37,93,37,35,28,85,31,32,31,37,36,37,41,36,33,26,27,27,28,31,29,29,29,31,31,31,35,35,52,34,34,34,42,34,43,44,37,82,37,39,35,36,30,32,35,34,27,46,23,29,28,37,47,33,52,46,43,37,29,29,39,-1,67,42,70,32,31,34,13,51,41,36,49,30,30,29,96,55,51,39
74,77,81,0,68,80,80,80,82,82,82,74,74,76,75,74,75,74,73,92,82,83,74,71,71,69,68,87,78,78,77,78,83,86,85,89,86,88,88,88,91,92,91,91,86,102,73,84,81,80,80,89,92,90,90,90,86,93,86,119,83,76,88,85,78,80,80,82,111,84,80,82,88,86,87,89,64,64,87,87,88,99,105,121,82,82,82,80,80,56,91,92,102,77,91,90,93,83,98,83,75,93,81,104,87,87,86,82,82,87,87,80,86,105,104,104,88,85,85,85,85,85,81,69,81,100,91,91,101,84,82,84,80,80,83,84,82,88,89,84,88,99,100,81,87,87,86,99,48,104,77,87,88,89,91,86,86,94,111,94,89,85,83,87,85,85,84,89,78,78,78,69,71,85,98,94,96,81,108,69,36,86,59,59,82,82,83,83,83,97,97,88,95,92,91,92,92,92,92,91,92,92,94,91,88,10,73,73,73,78,91,92,95,86,87,85,85,85,83,82,12,99,93,81,81,98,98,80,104,92,92,85,80,80,77,98,71,87,84,85,92,98,81,94,86,97,95,89,89,105,87,87,89,89,83,91,93,93,92,91,91,83,108,107,80,76,79,79,79,89,88,89,98,90,91,95,90,95,96,95,100,88,89,86,88,89,95,97,93,98,96,99,99,99,91,90,90,86,86,79,87,87,87,86,84,85,86,92,56,92,94,86,85,85,84,97,95,79,78,83,98,97,92,77,83,82,76,82,90,89,89,94,83,92,90,90,87,98,96,73,81,72,91,71,92,93,90,121,72,81,99
-1,9,46,68,0,16,16,16,6,6,12,18,18,16,17,18,18,20,-1,55,17,24,-1,-1,-1,-1,-1,35,29,29,28,29,16,8,9,42,-1,18,18,18,17,16,17,14,16,42,29,14,11,14,13,21,48,21,21,21,37,27,22,25,12,17,36,51,15,10,10,30,23,26,23,24,46,21,20,47,32,32,42,42,42,29,25,51,15,31,15,28,28,59,18,16,93,36,39,48,19,20,18,-1,24,38,-1,24,24,25,25,28,30,21,22,-1,20,25,24,24,24,24,24,17,17,17,-1,7,-1,13,13,24,13,17,18,17,11,11,18,20,20,12,31,13,14,14,15,26,15,43,15,21,60,19,-1,8,7,7,8,22,22,30,26,55,7,12,16,17,13,13,18,24,-1,-1,-1,24,14,21,19,22,23,-1,23,23,60,22,60,60,-1,-1,-1,-1,-1,27,27,12,26,13,15,13,15,14,16,14,14,13,24,6,14,69,11,11,11,-1,15,15,15,7,6,36,36,36,-1,-1,67,29,19,-1,-1,30,32,14,32,28,28,12,25,25,-1,7,-1,23,24,24,8,7,18,17,11,11,17,19,19,20,15,15,7,7,20,14,13,13,19,21,21,12,23,22,46,25,28,28,28,18,18,19,28,19,20,9,20,15,16,15,21,23,24,21,23,5,7,8,7,6,8,6,6,6,6,6,7,4,5,42,21,21,21,20,26,20,6,26,59,29,29,7,5,9,10,20,19,-1,-1,-1,8,7,26,-1,13,-1,-1,14,15,15,15,29,34,34,15,38,15,11,18,22,-1,14,27,-1,15,14,13,51,10,-1,18
-1,19,44,80,16,0,-1,-1,-1,-1,11,16,16,14,17,16,17,24,10,50,19,33,22,12,12,11,10,48,36,36,35,36,15,-1,-1,36,-1,20,20,16,19,-1,19,-1,15,36,38,13,10,13,12,16,42,23,23,23,46,25,20,30,10,39,30,30,14,9,9,24,18,20,17,18,41,19,19,42,53,53,36,36,36,23,18,45,14,25,14,22,22,71,15,15,106,49,33,42,-1,17,11,-1,37,32,10,17,20,19,19,22,24,19,19,15,-1,18,17,17,22,19,19,15,15,15,17,18,-1,12,-1,23,14,14,15,14,-1,-1,15,16,15,-1,23,-1,15,12,13,39,-1,49,14,21,73,17,13,-1,-1,-1,-1,20,20,24,24,50,-1,18,10,-1,-1,-1,17,22,11,11,11,33,19,19,18,16,17,17,21,32,68,16,72,72,10,10,10,10,11,41,41,18,20,24,24,25,25,25,25,24,25,25,38,-1,16,82,17,17,17,12,21,22,14,-1,-1,31,31,31,-1,-1,80,23,13,17,17,-1,-1,22,30,22,22,18,34,34,13,-1,15,20,20,20,-1,-1,19,15,-1,-1,16,-1,-1,18,-1,-1,-1,-1,16,13,-1,-1,-1,-1,-1,-1,21,20,42,33,36,36,36,16,16,-1,42,-1,-1,-1,34,14,15,14,20,22,22,21,24,-1,-1,-1,-1,-1,-1,-1,-1,-1,-1,-1,-1,7,-1,40,22,22,22,21,19,20,13,20,76,23,23,-1,-1,-1,-1,19,20,13,12,-1,-1,-1,21,14,-1,17,13,22,-1,14,14,23,29,24,18,79,-1,-1,17,43,17,25,21,15,14,13,12,44,21,17,26
-1,19,44,80,16,-1,0,-1,-1,-1,11,17,17,17,18,17,17,18,10,50,19,33,20,12,12,13,12,48,36,36,35,36,15,-1,-1,35,-1,25,25,16,28,-1,28,-1,15,36,38,13,10,13,12,16,42,22,22,22,46,26,21,31,11,31,33,30,14,9,9,24,18,20,17,18,41,19,20,42,43,43,36,36,36,22,18,44,14,29,14,25,25,83,15,16,140,49,33,38,-1,18,-1,-1,47,30,10,17,21,20,20,22,28,20,20,14,-1,18,17,17,23,19,19,17,17,17,17,18,-1,13,-1,23,18,21,16,21,-1,-1,16,18,19,16,30,16,19,-1,-1,48,-1,54,13,21,70,17,13,-1,-1,-1,-1,20,20,28,24,50,-1,11,-1,-1,-1,-1,17,22,10,10,10,33,25,19,18,19,25,17,21,32,71,25,84,84,10,10,10,10,11,41,41,11,26,12,14,12,14,13,15,13,13,12,38,-1,19,84,22,21,23,10,14,14,14,-1,-1,31,31,31,-1,-1,83,33,15,17,17,-1,-1,22,30,26,26,11,34,34,13,-1,20,21,23,22,-1,-1,16,-1,-1,-1,16,-1,-1,18,-1,-1,-1,-1,19,13,-1,-1,-1,-1,-1,-1,21,20,51,33,36,36,36,16,16,-1,42,-1,-1,-1,34,14,15,14,20,21,22,19,21,-1,-1,-1,-1,-1,-1,-1,-1,-1,-1,-1,-1,6,-1,47,19,19,19,18,25,18,10,26,85,26,28,-1,-1,-1,-1,19,18,13,12,-1,-1,-1,26,13,-1,18,12,22,-1,14,14,28,25,33,21,46,-1,-1,17,31,17,25,25,15,14,13,12,45,21,17,26
-1,19,44,80,16,-1,-1,0,-1,-1,10,22,23,14,23,16,23,24,10,50,18,29,20,12,12,13,14,49,36,36,35,36,14,-1,-1,33,-1,24,24,21,27,-1,27,-1,24,36,34,12,9,12,11,20,36,21,21,21,42,33,27,38,-1,31,32,30,13,8,8,26,31,28,24,23,32,19,18,33,43,43,31,31,32,23,18,45,13,26,13,24,24,74,-1,-1,117,51,35,34,-1,18,11,-1,47,37,10,17,22,23,23,27,26,19,20,14,-1,18,17,17,30,22,22,22,23,23,17,18,-1,21,-1,22,18,21,16,21,-1,-1,23,18,19,16,30,16,19,12,13,48,-1,54,13,20,70,17,15,-1,-1,-1,-1,20,20,28,24,62,-1,10,10,-1,-1,-1,17,22,10,10,11,29,26,19,17,19,20,19,21,28,71,20,74,75,10,10,10,10,11,41,41,10,26,11,13,11,13,12,14,12,12,11,38,-1,12,84,23,23,23,12,13,13,13,-1,-1,28,28,28,-1,-1,83,23,19,19,19,-1,-1,22,30,37,37,10,30,30,13,-1,21,21,23,22,-1,-1,16,-1,-1,-1,15,-1,-1,18,-1,-1,-1,-1,19,12,-1,-1,-1,-1,-1,-1,21,20,51,33,36,36,36,16,16,-1,42,-1,-1,-1,34,13,14,13,19,21,22,19,21,-1,-1,-1,-1,-1,-1,-1,-1,-1,-1,-1,-1,6,-1,47,19,19,19,18,21,18,10,20,75,23,23,-1,-1,-1,-1,18,17,13,12,-1,-1,-1,20,12,-1,18,11,22,-1,13,13,23,25,26,21,46,-1,-1,16,27,17,20,21,18,13,12,11,45,21,17,25
-1,10,45,82,6,-1,-1,-1,0,-1,8,21,21,16,20,21,21,23,8,64,16,28,21,10,10,12,12,49,38,38,37,38,12,-1,5,32,-1,22,22,19,25,-1,25,-1,19,37,33,10,7,10,9,22,35,19,19,19,41,30,30,36,16,35,31,31,11,6,6,25,27,26,23,24,31,21,20,32,42,42,30,30,31,29,20,51,11,25,11,23,23,84,20,21,119,50,39,45,20,20,13,-1,46,38,8,19,24,25,25,28,25,21,22,12,19,20,19,19,32,24,24,20,21,21,15,19,11,19,15,20,16,19,18,19,12,12,21,20,21,14,33,14,17,14,15,42,-1,48,15,18,78,19,11,-1,-1,-1,-1,22,22,30,26,64,-1,8,16,20,15,15,22,24,8,8,8,28,26,21,15,22,23,15,23,27,76,23,85,86,8,8,8,8,9,41,41,8,26,9,11,9,11,10,12,10,10,9,38,-1,17,93,23,23,23,8,11,11,11,-1,-1,28,28,28,13,13,91,29,19,15,15,20,20,60,32,28,28,8,29,29,11,-1,21,23,28,29,-1,-1,18,17,-1,-1,13,13,13,20,-1,-1,-1,-1,21,10,9,9,10,11,11,15,23,22,41,258,261,261,261,18,20,13,54,21,11,-1,46,11,12,11,17,23,24,21,23,-1,-1,-1,-1,-1,-1,-1,-1,-1,-1,-1,-1,-1,-1,45,21,21,21,20,26,20,8,26,86,29,29,-1,-1,-1,-1,16,15,11,10,12,-1,-1,26,11,-1,16,10,62,18,11,11,29,26,31,19,48,-1,-1,14,26,15,26,27,19,11,10,9,51,22,15,23
-1,10,45,82,6,-1,-1,-1,-1,0,8,20,21,16,21,20,21,26,8,64,16,28,23,10,10,12,12,53,260,260,259,260,12,-1,-1,32,-1,22,22,19,25,-1,25,-1,22,75,33,10,7,10,9,22,35,19,19,19,41,35,29,36,16,35,31,58,11,6,6,25,15,26,23,24,31,21,20,32,50,50,30,30,31,29,20,51,11,25,11,23,23,84,20,21,119,50,39,45,20,20,13,-1,42,38,8,19,24,25,25,28,25,21,22,12,19,20,19,19,32,24,24,20,21,21,15,18,11,19,15,20,16,19,18,19,12,12,21,20,21,14,32,14,17,14,15,44,-1,54,15,18,76,19,11,-1,-1,-1,-1,22,22,30,26,64,-1,8,16,20,15,15,22,24,8,8,8,28,23,21,15,22,23,15,23,27,75,23,85,86,8,8,8,8,9,53,53,8,26,9,11,9,11,10,12,10,10,9,50,-1,17,84,20,19,21,8,11,11,11,-1,-1,28,28,28,13,13,84,29,19,15,15,20,20,60,32,28,28,8,29,29,11,-1,18,23,25,24,-1,-1,18,17,-1,-1,13,13,13,20,-1,-1,-1,-1,21,10,9,9,10,11,11,15,23,22,47,258,261,261,261,18,20,21,54,21,11,-1,46,11,12,11,17,23,24,21,23,-1,-1,-1,-1,-1,-1,-1,-1,-1,-1,-1,-1,4,4,45,21,21,21,20,26,20,8,26,86,29,29,-1,-1,-1,-1,16,15,11,10,12,-1,-1,26,11,-1,16,10,62,18,11,11,29,26,31,19,48,-1,-1,14,26,15,24,27,13,11,10,9,51,19,15,23
19,16,28,82,12,11,11,10,8,8,0,16,16,-1,24,-1,25,26,18,72,-1,40,21,19,19,20,16,59,268,268,267,268,-1,-1,-1,24,17,14,14,-1,13,-1,14,-1,23,84,45,-1,-1,10,9,19,27,15,15,15,53,28,23,39,21,48,23,67,-1,-1,-1,17,24,19,15,17,23,22,22,24,34,34,22,22,23,26,28,48,-1,17,-1,15,15,82,26,27,138,40,26,25,-1,-1,21,19,38,28,18,27,23,22,22,17,17,22,22,18,24,28,27,27,25,22,20,24,24,24,19,28,19,20,-1,-1,24,16,18,16,21,21,17,19,18,23,26,23,26,22,23,34,16,40,-1,-1,68,27,15,16,14,12,13,-1,-1,19,30,72,12,-1,21,25,-1,-1,24,-1,17,17,17,40,27,-1,-1,25,25,19,31,39,68,24,83,84,17,17,20,20,20,42,42,-1,20,9,11,9,11,10,12,10,10,9,39,10,16,80,24,24,24,17,-1,-1,-1,15,13,37,37,37,20,19,78,36,21,19,19,-1,-1,75,40,28,28,-1,41,41,15,12,21,22,24,23,12,11,18,33,-1,-1,-1,-1,-1,28,17,16,12,12,20,-1,-1,-1,-1,-1,-1,20,28,30,33,266,269,269,269,-1,-1,-1,43,-1,-1,-1,35,-1,-1,-1,-1,-1,-1,-1,-1,13,-1,-1,-1,11,13,11,11,11,10,11,11,13,13,58,-1,-1,-1,-1,27,-1,19,29,84,31,33,16,16,-1,15,-1,-1,22,21,21,13,12,24,14,-1,20,13,75,-1,-1,-1,27,35,32,27,85,-1,-1,-1,49,19,28,25,21,-1,-1,-1,64,25,19,15
16,23,56,74,18,16,17,22,21,20,16,0,-1,-1,-1,-1,-1,-1,29,68,-1,55,34,22,22,24,24,41,260,260,259,260,-1,-1,-1,26,16,-1,-1,-1,-1,11,-1,13,-1,111,66,-1,-1,39,38,5,31,-1,-1,-1,41,15,-1,22,13,42,19,94,-1,-1,-1,13,50,9,6,7,41,8,8,42,38,38,25,25,25,12,26,34,-1,14,-1,11,11,70,18,17,98,42,22,28,-1,-1,18,14,30,21,21,30,9,8,8,11,13,8,8,21,18,27,26,26,15,8,8,-1,-1,-1,25,20,21,-1,-1,-1,-1,-1,-1,-1,9,9,-1,5,4,-1,15,-1,-1,17,18,32,14,42,-1,-1,58,24,16,17,19,20,23,-1,-1,13,26,99,20,-1,14,19,9,9,-1,11,15,15,16,62,27,-1,-1,-1,9,20,27,62,64,-1,71,71,20,20,19,20,20,26,26,-1,9,38,40,38,40,39,41,39,39,38,23,19,-1,74,24,24,24,17,-1,-1,-1,17,19,63,63,63,14,13,73,25,-1,20,20,-1,-1,27,36,17,17,-1,55,56,14,21,22,11,-1,-1,21,20,-1,18,18,-1,-1,-1,-1,24,14,14,18,18,9,-1,-1,-1,-1,-1,-1,14,24,26,35,258,261,261,261,-1,-1,-1,27,-1,-1,-1,19,-1,-1,-1,-1,12,12,-1,12,20,-1,19,-1,18,20,19,19,19,19,20,20,20,19,33,-1,-1,10,-1,-1,-1,25,18,71,20,22,17,18,16,15,-1,-1,14,14,13,17,17,13,15,13,21,14,30,-1,-1,-1,16,61,-1,-1,72,-1,14,-1,71,20,27,14,20,-1,-1,-1,53,23,20,-1
16,23,56,74,18,16,17,23,21,21,16,-1,0,-1,-1,-1,-1,-1,18,99,-1,55,24,11,11,13,12,41,260,260,259,260,-1,-1,-1,38,16,-1,-1,-1,-1,11,-1,13,-1,111,66,-1,-1,39,38,9,41,-1,-1,-1,41,16,-1,23,13,23,21,94,-1,-1,-1,16,50,20,17,15,37,10,8,38,38,38,36,36,37,38,26,53,-1,17,-1,13,13,70,18,17,98,42,40,39,-1,-1,18,14,30,42,19,30,13,13,13,14,16,10,10,19,18,27,26,26,-1,13,13,-1,-1,-1,20,20,16,-1,-1,-1,-1,-1,-1,-1,9,9,-1,9,10,-1,-1,-1,-1,17,18,32,14,42,-1,-1,58,24,16,17,19,20,23,-1,-1,22,26,99,20,-1,14,19,9,9,-1,13,15,15,16,62,27,-1,-1,10,9,20,27,62,64,-1,71,71,20,20,19,20,20,26,26,-1,11,38,40,38,40,39,41,39,39,38,23,19,-1,74,24,24,24,17,-1,-1,-1,17,19,63,63,63,14,13,73,38,-1,20,20,-1,-1,27,36,28,27,-1,51,52,14,21,22,12,-1,-1,21,20,-1,18,16,-1,-1,-1,-1,24,14,14,18,18,10,-1,-1,-1,-1,-1,-1,14,24,26,35,258,261,261,261,-1,-1,-1,27,-1,-1,-1,19,-1,-1,-1,-1,12,13,-1,12,20,-1,19,-1,18,20,19,19,19,19,20,20,20,19,33,-1,-1,10,-1,-1,-1,25,28,71,31,33,17,18,16,15,-1,-1,14,14,13,17,17,17,15,13,21,14,30,-1,-1,40,29,61,-1,-1,72,-1,14,-1,67,20,27,18,20,-1,-1,-1,163,23,20,-1
14,21,54,76,16,14,17,14,16,16,-1,-1,-1,0,-1,-1,-1,-1,18,100,-1,47,24,11,11,13,12,42,262,262,261,262,-1,-1,-1,38,16,-1,-1,-1,-1,-1,-1,13,-1,122,58,-1,-1,23,22,9,41,-1,-1,-1,42,20,14,20,12,24,30,105,24,-1,-1,24,32,28,15,12,37,8,7,38,39,39,36,36,37,53,27,133,-1,19,-1,21,21,71,17,18,99,43,40,39,-1,-1,19,18,31,42,18,31,11,12,12,16,18,8,9,17,22,28,27,27,17,11,11,-1,-1,-1,18,23,18,-1,-1,-1,-1,-1,-1,-1,14,14,-1,7,8,-1,17,-1,-1,18,19,33,18,43,-1,-1,59,25,14,21,22,21,21,-1,-1,28,27,100,24,-1,12,20,-1,-1,-1,11,15,15,15,93,30,-1,-1,-1,11,18,28,93,65,-1,72,72,19,19,20,20,20,27,27,-1,15,22,24,22,24,23,25,23,23,22,24,18,-1,75,23,23,23,15,-1,-1,-1,20,31,45,45,45,17,17,74,33,6,18,18,-1,-1,28,37,26,26,-1,57,58,14,20,21,10,12,11,20,19,-1,19,-1,-1,-1,-1,-1,25,18,18,22,22,8,-1,-1,-1,-1,-1,-1,23,25,27,36,260,263,263,263,-1,-1,-1,28,-1,-1,-1,20,-1,-1,-1,-1,10,11,-1,10,31,-1,-1,-1,19,21,19,19,19,18,18,19,32,32,34,8,8,8,-1,-1,-1,23,26,72,26,28,21,21,16,19,-1,-1,16,15,17,18,18,15,14,-1,19,13,31,-1,24,24,27,43,20,-1,73,-1,-1,-1,84,23,30,16,23,-1,-1,-1,133,26,23,-1
17,21,57,75,17,17,18,23,20,21,24,-1,-1,-1,0,-1,-1,-1,18,99,-1,56,19,11,12,14,13,41,261,261,260,261,-1,-1,-1,38,17,-1,-1,-1,-1,13,-1,14,-1,111,82,-1,-1,38,37,12,41,-1,-1,-1,41,16,-1,18,9,23,33,94,39,-1,-1,27,49,31,18,15,37,11,10,38,38,38,36,36,37,54,27,163,-1,22,-1,24,24,76,15,16,98,42,40,39,-1,-1,17,15,30,42,28,31,14,-1,-1,-1,21,11,12,19,15,28,27,27,-1,-1,-1,-1,-1,-1,20,20,16,-1,-1,-1,-1,-1,-1,-1,11,11,-1,10,11,-1,-1,-1,-1,16,17,32,15,42,-1,-1,71,25,16,18,19,21,23,-1,-1,33,27,99,21,-1,9,18,11,11,-1,14,15,15,16,78,27,-1,-1,-1,8,20,28,78,69,-1,78,78,20,20,19,20,20,26,26,-1,18,-1,-1,-1,-1,-1,-1,-1,-1,-1,23,20,-1,80,24,24,24,17,-1,-1,-1,17,19,53,53,53,14,14,79,38,-1,20,20,-1,-1,28,37,-1,-1,-1,56,57,14,22,22,13,-1,-1,22,21,-1,25,17,-1,-1,-1,-1,25,15,15,19,19,11,-1,-1,-1,-1,-1,-1,15,25,27,35,259,262,262,262,-1,-1,-1,27,-1,-1,-1,19,-1,-1,-1,-1,13,14,-1,13,21,-1,20,-1,19,21,20,20,20,20,21,22,21,20,33,-1,-1,11,-1,-1,-1,25,29,79,32,33,18,18,17,16,-1,-1,15,15,14,18,18,18,15,14,21,14,31,-1,-1,-1,30,51,-1,-1,91,-1,17,-1,91,20,27,-1,20,-1,-1,-1,163,23,20,-1
16,23,56,74,18,16,17,16,21,20,-1,-1,-1,-1,-1,0,-1,-1,19,98,-1,55,25,12,13,14,14,40,260,260,259,260,-1,-1,-1,37,18,-1,-1,-1,-1,-1,-1,15,-1,124,81,-1,-1,25,24,10,40,-1,-1,-1,40,16,-1,21,10,22,33,107,26,-1,-1,25,34,33,16,13,36,9,8,37,37,37,35,35,36,53,26,162,-1,20,-1,22,22,67,10,11,97,41,39,38,-1,-1,17,13,29,41,18,30,12,13,13,17,19,9,10,18,13,27,26,26,-1,12,12,-1,-1,-1,19,19,15,-1,-1,-1,-1,-1,-1,-1,8,8,-1,8,9,-1,-1,-1,-1,17,18,31,13,41,-1,-1,63,24,15,16,18,19,23,-1,-1,32,26,98,18,-1,6,15,8,8,-1,12,14,14,15,77,26,-1,-1,10,9,19,27,77,64,-1,67,68,19,19,18,19,19,25,25,-1,16,24,26,24,26,25,27,25,25,24,22,17,-1,77,23,23,23,16,-1,-1,-1,16,18,47,47,47,13,12,75,37,6,19,19,-1,-1,27,36,27,26,-1,55,56,13,22,21,11,13,13,22,21,-1,18,16,-1,-1,-1,-1,24,12,13,17,18,9,-1,-1,-1,-1,-1,-1,12,24,26,34,258,261,261,261,-1,-1,-1,26,-1,-1,-1,18,-1,-1,-1,-1,11,12,-1,11,23,-1,18,-1,18,20,18,18,18,20,21,21,23,18,32,9,9,9,-1,-1,-1,24,27,68,30,32,16,17,15,14,-1,-1,13,13,12,17,17,16,14,13,20,13,30,-1,-1,-1,28,91,-1,-1,72,-1,16,-1,81,19,26,17,19,-1,-1,-1,162,22,19,-1
16,22,57,75,18,17,17,23,21,21,25,-1,-1,-1,-1,-1,0,-1,18,99,-1,56,24,11,11,13,12,41,260,260,259,260,-1,-1,-1,38,16,-1,-1,-1,-1,11,-1,14,-1,111,82,-1,-1,-1,-1,11,41,-1,-1,-1,41,16,-1,19,7,23,34,94,-1,-1,-1,26,57,33,17,14,37,10,9,38,38,38,36,36,37,54,27,163,-1,21,-1,23,23,68,11,12,98,42,40,39,-1,-1,17,14,30,42,19,31,13,14,14,18,20,10,11,19,14,28,27,27,-1,13,13,-1,-1,-1,20,20,16,-1,-1,-1,-1,-1,-1,-1,10,10,-1,9,10,-1,-1,-1,-1,17,18,32,14,42,-1,-1,64,25,16,17,19,20,22,-1,-1,33,27,99,19,-1,7,16,9,9,-1,13,15,15,16,78,27,-1,-1,11,9,20,28,78,65,-1,68,69,20,20,19,20,20,26,26,-1,17,-1,-1,-1,-1,-1,-1,-1,-1,-1,23,19,-1,78,24,24,24,17,-1,-1,-1,17,19,94,94,94,14,13,76,35,-1,20,20,-1,-1,28,37,28,27,-1,56,57,14,21,22,12,-1,-1,21,20,-1,18,-1,-1,-1,-1,-1,25,14,14,18,18,10,-1,-1,-1,-1,-1,-1,14,25,27,35,258,261,261,261,-1,-1,-1,27,-1,-1,-1,19,-1,-1,-1,-1,12,13,-1,12,20,-1,19,-1,18,20,19,19,19,19,20,20,20,19,33,-1,-1,10,-1,-1,-1,25,28,69,28,30,17,18,16,15,-1,-1,15,14,24,19,-1,17,13,-1,18,12,31,-1,-1,-1,29,92,-1,-1,73,-1,-1,-1,82,17,26,18,19,-1,-1,-1,163,23,17,-1
17,23,64,74,20,24,18,24,23,26,26,-1,-1,-1,-1,-1,-1,0,17,98,-1,55,18,15,15,13,12,40,259,259,258,259,-1,-1,17,37,21,-1,-1,-1,-1,14,-1,19,-1,110,81,17,-1,-1,-1,-1,40,-1,-1,-1,40,-1,-1,20,11,22,31,93,-1,-1,-1,26,77,30,17,14,36,10,9,37,37,37,35,35,36,52,36,162,-1,20,-1,23,24,67,17,17,97,41,39,38,9,-1,18,18,29,41,16,40,13,14,14,-1,21,10,11,15,22,37,36,36,-1,13,13,-1,-1,-1,16,21,16,4,11,-1,7,-1,-1,-1,13,13,-1,-1,-1,10,-1,10,8,18,19,31,22,41,-1,-1,63,34,12,22,23,24,26,-1,-1,30,36,98,24,-1,11,20,12,12,-1,-1,13,13,13,77,24,-1,18,11,10,16,37,77,64,-1,68,69,32,32,35,35,35,25,25,-1,19,-1,-1,-1,-1,-1,-1,-1,-1,-1,22,31,8,75,38,38,38,29,-1,-1,16,29,31,92,92,92,26,25,73,37,7,33,33,21,-1,37,56,30,30,27,55,56,26,27,36,-1,-1,-1,27,27,-1,29,18,18,17,-1,-1,34,16,17,24,24,-1,-1,14,13,13,12,12,18,34,36,34,257,260,260,260,-1,9,10,26,10,11,19,18,17,16,16,-1,-1,-1,-1,-1,24,21,22,21,22,24,22,22,22,26,25,25,21,21,32,-1,-1,-1,-1,-1,-1,21,31,69,11,13,21,20,20,18,-1,-1,14,13,18,21,21,-1,12,17,17,11,40,11,-1,-1,29,90,-1,9,81,14,18,18,68,16,25,-1,18,-1,19,-1,162,22,16,-1
-1,-1,40,73,-1,10,10,10,8,8,18,29,18,18,18,19,18,17,0,131,-1,55,13,-1,-1,-1,-1,40,256,256,255,256,-1,-1,-1,41,-1,37,37,18,38,13,38,-1,21,284,63,-1,-1,-1,-1,19,44,34,34,34,40,26,21,37,14,22,43,54,-1,-1,-1,37,17,43,29,27,40,22,22,41,37,37,39,39,40,45,18,136,-1,31,-1,32,32,67,21,22,109,41,43,42,18,18,24,-1,29,45,-1,22,26,26,26,29,31,23,23,-1,14,19,18,18,36,26,26,25,26,26,11,-1,-1,25,12,33,20,24,17,24,13,13,26,19,17,17,24,17,20,24,24,31,-1,41,20,34,64,16,-1,-1,-1,-1,-1,21,21,36,18,131,-1,18,16,15,13,12,27,35,-1,-1,-1,59,-1,20,25,22,25,11,19,59,60,29,68,69,-1,-1,-1,-1,-1,32,32,-1,28,24,24,25,25,25,25,24,25,25,29,-1,20,75,-1,-1,-1,-1,21,22,22,-1,-1,32,32,32,-1,-1,73,41,20,11,11,31,33,19,37,34,34,18,55,56,-1,-1,-1,22,19,20,-1,-1,16,23,-1,-1,23,24,24,16,-1,-1,-1,-1,18,21,-1,-1,-1,-1,-1,10,16,18,34,254,257,257,257,23,20,21,33,21,-1,-1,25,21,22,22,27,23,24,21,23,-1,-1,-1,-1,-1,-1,-1,-1,-1,-1,-1,-1,-1,-1,32,22,22,22,21,19,20,-1,34,69,34,36,-1,-1,-1,-1,27,25,-1,-1,-1,-1,-1,28,-1,11,12,-1,22,16,22,23,36,30,27,17,81,15,-1,24,68,11,-1,30,-1,21,20,20,136,-1,11,37
57,108,116,92,55,50,50,50,64,64,72,68,99,100,99,98,99,98,131,0,199,120,142,140,140,138,137,155,279,279,278,279,196,184,183,199,145,206,206,183,207,179,207,149,182,307,128,192,188,197,197,182,213,204,204,204,116,187,182,201,150,161,191,307,195,188,188,185,202,186,184,186,218,186,185,219,108,108,208,208,208,206,221,284,192,186,192,183,183,61,152,153,153,122,199,213,184,179,157,142,116,196,141,225,189,191,190,186,186,186,187,139,147,222,221,221,184,189,189,179,179,180,140,144,140,185,179,198,182,179,177,179,175,175,177,183,181,179,185,179,183,157,157,113,146,123,180,200,74,219,136,146,148,148,151,182,182,185,221,-1,149,193,150,148,179,179,179,187,137,137,137,124,148,181,194,184,186,140,222,124,82,182,62,62,142,142,142,142,142,176,176,192,189,198,198,199,199,199,199,198,199,199,171,150,183,92,145,145,145,138,196,195,191,146,147,217,217,217,143,142,93,191,182,140,140,196,196,185,169,184,184,193,120,121,136,152,143,186,184,184,151,151,179,155,181,182,192,185,185,219,146,147,149,149,182,193,186,187,188,187,187,144,219,221,116,277,280,280,280,184,184,185,177,185,186,183,168,192,191,191,195,186,186,182,186,148,185,183,185,183,185,183,183,183,150,150,149,146,146,116,183,183,184,182,180,181,146,184,63,184,186,146,145,181,150,196,197,138,138,142,182,182,186,135,178,141,134,187,182,195,196,186,215,188,185,112,182,181,193,133,140,149,185,142,193,191,193,284,146,140,206
27,24,32,82,17,19,19,18,16,16,-1,-1,-1,-1,-1,-1,-1,-1,-1,199,0,45,44,26,26,31,32,61,276,276,275,276,-1,11,14,24,21,-1,-1,-1,-1,-1,-1,18,-1,297,53,-1,-1,-1,-1,24,27,-1,-1,-1,49,28,-1,42,26,55,23,67,-1,-1,-1,17,38,19,15,17,23,21,22,24,34,34,22,22,23,59,38,119,-1,17,-1,15,15,76,-1,-1,138,40,26,25,-1,-1,43,23,38,28,24,42,22,22,21,17,17,22,22,38,33,39,38,38,31,20,20,-1,-1,-1,43,41,25,-1,-1,-1,-1,-1,-1,-1,-1,-1,-1,25,26,-1,32,-1,-1,43,43,34,20,40,-1,-1,66,36,37,20,18,18,18,-1,-1,19,38,181,17,-1,26,34,-1,-1,-1,-1,34,34,34,49,48,-1,-1,-1,-1,43,39,49,68,-1,77,77,23,23,31,31,32,47,47,-1,20,-1,-1,-1,-1,-1,-1,-1,-1,-1,44,15,-1,81,44,44,44,27,-1,-1,-1,20,19,27,27,27,24,24,80,24,-1,43,43,-1,-1,39,48,17,17,-1,45,46,34,17,42,24,25,25,17,17,-1,41,15,15,-1,-1,-1,36,20,20,16,16,25,-1,-1,-1,-1,-1,-1,26,36,38,33,274,277,277,277,-1,-1,-1,48,-1,-1,13,40,-1,-1,-1,-1,-1,-1,-1,-1,18,11,12,-1,13,16,14,14,14,16,16,16,20,20,42,-1,-1,-1,-1,-1,-1,26,17,78,17,19,20,21,15,17,-1,-1,28,27,24,14,13,17,37,18,44,35,42,-1,-1,-1,19,25,-1,-1,96,-1,16,-1,58,43,50,16,37,-1,-1,-1,119,43,43,-1
27,32,32,83,24,33,33,29,28,28,40,55,55,47,56,55,56,55,55,120,45,0,23,21,21,19,18,45,245,245,244,245,47,35,34,50,26,58,58,34,57,30,57,29,33,54,9,43,39,48,48,33,64,56,56,56,38,38,33,52,29,40,42,37,46,39,39,36,83,37,35,37,49,37,36,50,16,16,59,59,59,57,72,175,43,37,43,34,34,76,33,34,133,51,50,64,35,30,38,23,11,47,22,76,40,42,41,37,37,37,38,20,28,73,72,72,35,40,40,30,30,31,21,25,21,36,30,49,33,30,28,30,26,26,28,34,32,30,36,30,34,38,38,10,27,51,31,51,90,70,17,27,29,29,32,33,33,36,72,137,30,44,29,29,30,30,30,38,18,18,18,5,29,32,45,35,37,21,73,5,75,33,77,77,23,23,23,23,23,49,49,43,40,49,49,50,50,50,50,49,50,50,46,31,34,91,26,26,26,19,47,46,42,27,28,37,37,37,24,23,94,42,33,21,21,47,47,73,255,35,35,44,-1,-1,17,33,24,37,35,35,32,32,30,36,32,33,43,36,36,70,27,28,30,30,33,44,37,38,39,38,38,25,70,72,13,243,246,246,246,35,35,36,50,36,37,34,42,43,42,42,46,37,37,33,37,29,36,34,36,34,36,34,34,34,31,31,30,27,27,11,34,34,35,33,31,32,27,35,78,35,37,27,26,32,30,47,48,19,19,23,33,33,37,16,29,22,15,76,33,46,47,37,35,39,36,92,33,32,44,25,21,30,36,23,44,42,44,175,27,21,58
17,-1,55,74,-1,22,20,20,21,23,21,34,24,24,19,25,24,18,13,142,44,23,0,-1,-1,-1,-1,76,257,257,256,257,24,23,23,39,-1,32,32,32,34,19,35,18,37,285,35,39,36,24,24,22,53,31,31,31,41,27,22,47,18,74,31,91,22,17,17,25,18,26,24,26,79,26,25,80,47,47,48,48,48,46,19,173,22,26,22,23,23,63,22,23,164,46,39,53,33,19,-1,-1,42,36,-1,58,29,31,30,26,26,26,27,-1,21,20,19,19,24,29,29,35,35,35,-1,-1,-1,34,19,32,22,34,17,34,15,15,35,23,21,19,25,19,23,-1,31,41,18,48,35,30,77,17,-1,-1,-1,-1,-1,22,22,25,19,124,23,19,18,22,19,19,37,27,-1,-1,-1,30,-1,21,26,24,26,-1,20,29,62,38,64,64,-1,-1,-1,-1,-1,34,34,19,29,25,25,26,26,26,26,25,26,26,31,22,23,78,-1,-1,-1,-1,22,23,23,-1,-1,33,33,33,-1,-1,81,31,22,-1,-1,32,32,20,38,24,24,19,32,32,-1,25,-1,26,24,24,25,24,19,30,25,25,24,37,37,17,17,18,22,23,22,22,34,34,35,36,36,17,17,19,44,255,258,258,258,37,35,36,35,36,37,22,27,22,23,23,28,26,26,22,26,-1,22,24,21,26,27,26,26,26,23,24,-1,-1,-1,42,23,23,24,22,20,21,-1,24,65,24,26,-1,-1,21,19,28,26,-1,-1,-1,22,25,26,-1,18,-1,-1,23,22,23,24,26,31,28,25,123,25,25,25,34,-1,-1,25,-1,22,21,21,173,-1,-1,33
-1,11,43,71,-1,12,12,12,10,10,19,22,11,11,11,12,11,15,-1,140,26,21,-1,0,-1,-1,-1,73,256,256,255,256,21,-1,-1,32,-1,36,36,16,37,-1,38,-1,15,282,32,18,15,21,21,15,46,28,28,28,38,33,15,27,-1,41,24,88,19,14,14,18,15,19,17,36,40,32,32,41,44,44,41,41,41,39,18,136,19,19,19,16,16,61,-1,-1,154,43,32,46,17,12,-1,-1,39,29,-1,54,36,36,35,19,19,32,33,-1,-1,19,18,18,17,35,35,12,12,13,-1,-1,-1,9,-1,29,13,12,10,12,-1,-1,10,16,14,-1,18,-1,-1,-1,-1,38,-1,45,13,27,75,16,-1,-1,-1,-1,-1,15,15,18,18,122,-1,16,-1,-1,-1,-1,12,20,-1,-1,-1,27,-1,14,23,14,14,-1,19,26,60,15,62,62,-1,-1,-1,-1,-1,30,30,16,38,22,22,23,23,23,23,22,23,23,27,-1,-1,76,-1,-1,-1,-1,19,20,20,-1,-1,30,30,30,-1,-1,79,24,10,-1,-1,29,29,19,28,17,17,16,29,29,-1,-1,-1,32,30,30,-1,-1,12,-1,-1,-1,21,18,18,16,-1,-1,-1,-1,15,19,-1,-1,-1,20,20,-1,16,18,41,254,257,257,257,17,17,18,31,18,24,-1,23,19,20,20,25,19,19,15,19,-1,-1,-1,18,-1,-1,-1,-1,-1,-1,-1,-1,-1,-1,39,16,16,17,15,13,14,-1,17,63,17,19,-1,-1,-1,-1,25,23,-1,-1,-1,-1,-1,19,-1,-1,-1,-1,22,-1,20,21,19,28,21,-1,113,-1,-1,22,31,-1,-1,18,-1,19,18,18,136,-1,-1,37
-1,10,44,71,-1,12,12,12,10,10,19,22,11,11,12,13,11,15,-1,140,26,21,-1,-1,0,-1,-1,72,256,256,255,256,20,-1,-1,32,-1,36,36,16,38,-1,38,-1,15,281,31,17,14,20,20,15,46,27,27,27,37,33,15,27,-1,41,24,88,18,13,13,18,14,19,17,19,41,32,32,42,43,43,41,41,41,39,18,137,18,19,18,16,16,61,-1,-1,154,42,32,46,17,12,-1,-1,38,29,-1,22,36,36,36,19,19,33,33,-1,-1,19,18,18,17,35,22,12,12,13,-1,-1,-1,18,-1,28,13,12,10,12,-1,-1,10,16,14,-1,18,-1,-1,-1,-1,37,-1,44,13,26,75,16,-1,-1,-1,-1,-1,15,15,18,18,122,-1,15,-1,-1,-1,-1,12,20,-1,-1,-1,26,-1,14,22,14,14,-1,19,25,60,15,62,62,-1,-1,-1,-1,-1,30,30,15,22,21,21,22,22,22,22,21,22,22,27,-1,-1,74,-1,-1,-1,-1,18,19,19,-1,-1,29,29,29,-1,-1,79,24,10,-1,-1,28,28,19,28,17,17,15,28,28,-1,-1,-1,19,17,17,-1,-1,12,-1,-1,-1,20,18,18,16,-1,-1,-1,-1,15,18,-1,-1,-1,23,23,-1,16,18,40,254,257,257,257,17,17,18,31,18,23,-1,23,18,19,19,24,19,19,15,19,-1,18,-1,17,-1,-1,-1,-1,-1,-1,-1,-1,-1,-1,38,16,16,17,15,13,14,-1,17,63,17,19,-1,-1,-1,-1,24,22,-1,-1,-1,-1,-1,19,-1,-1,-1,-1,22,-1,19,20,19,27,21,-1,113,-1,-1,21,30,-1,-1,18,-1,18,17,17,137,-1,-1,29
-1,12,44,69,-1,11,13,13,12,12,20,24,13,13,14,14,13,13,-1,138,31,19,-1,-1,-1,0,-1,71,252,252,251,252,19,18,18,34,-1,27,27,18,29,-1,30,-1,17,280,30,16,13,19,19,17,48,26,26,26,36,22,17,36,-1,69,26,86,17,12,12,20,13,21,19,21,43,21,20,44,42,42,43,43,43,41,14,139,17,21,17,18,18,58,-1,-1,159,41,34,48,19,14,-1,-1,37,31,-1,18,24,26,25,21,21,21,22,-1,-1,15,14,14,19,24,24,14,14,15,-1,-1,-1,20,14,27,17,14,12,14,10,10,12,18,16,14,20,14,18,-1,-1,36,-1,43,15,25,72,12,-1,-1,-1,-1,-1,17,17,20,14,119,-1,14,-1,-1,14,14,14,22,-1,-1,-1,25,-1,16,21,16,16,-1,15,24,57,17,59,59,-1,-1,-1,-1,-1,28,28,14,24,20,20,21,21,21,21,20,21,21,25,-1,18,73,-1,-1,-1,-1,17,18,18,-1,-1,28,28,28,-1,-1,76,26,17,-1,-1,27,27,15,34,19,19,14,27,27,-1,-1,-1,21,19,19,-1,-1,14,-1,-1,-1,19,20,20,12,-1,-1,-1,-1,17,17,21,21,22,22,22,-1,12,14,39,250,253,253,253,19,19,20,29,20,22,17,21,17,18,18,23,21,21,17,21,-1,17,19,16,-1,-1,-1,-1,-1,-1,-1,-1,-1,-1,37,18,18,19,17,15,16,-1,19,60,19,21,-1,-1,-1,-1,23,21,-1,-1,-1,-1,-1,21,-1,-1,-1,-1,18,-1,18,19,21,26,23,20,118,-1,-1,20,29,-1,-1,20,-1,17,16,16,139,-1,-1,28
-1,12,44,68,-1,10,12,14,12,12,16,24,12,12,13,14,12,12,-1,137,32,18,-1,-1,-1,-1,0,70,251,251,250,251,18,17,17,33,-1,26,26,17,28,13,29,12,16,279,29,15,12,18,18,16,47,25,25,25,35,21,16,35,12,67,25,85,16,11,11,19,12,20,18,20,44,20,19,45,41,41,42,42,42,40,13,140,16,20,16,17,17,56,16,17,158,40,33,47,18,13,-1,-1,36,30,-1,17,23,25,24,20,20,20,21,-1,-1,14,13,13,18,23,23,13,13,14,-1,-1,-1,19,13,26,16,13,11,13,9,9,11,17,15,13,19,13,17,-1,-1,35,-1,42,14,24,70,11,-1,-1,-1,-1,-1,16,16,19,13,117,-1,13,12,-1,13,13,13,21,-1,-1,-1,24,-1,15,20,18,20,-1,14,23,55,16,57,57,-1,-1,-1,-1,-1,27,27,13,23,19,19,20,20,20,20,19,20,20,24,-1,17,71,-1,-1,-1,-1,16,17,17,-1,-1,27,27,27,-1,-1,74,25,16,-1,-1,26,26,14,33,18,18,13,26,26,-1,-1,-1,20,18,18,-1,-1,13,-1,15,19,18,19,19,11,-1,-1,-1,-1,16,16,20,20,21,21,21,-1,11,13,38,249,252,252,252,18,18,19,28,19,21,16,20,16,17,17,22,20,20,16,20,-1,16,18,15,20,21,-1,-1,-1,-1,-1,-1,-1,-1,36,17,17,18,16,14,15,-1,18,58,18,20,-1,-1,15,13,22,20,-1,-1,-1,16,16,20,-1,12,-1,-1,17,16,17,18,20,25,22,19,117,19,15,19,28,-1,-1,19,-1,16,15,15,140,-1,-1,27
41,44,98,87,35,48,48,49,49,53,59,41,41,42,41,40,41,40,40,155,61,45,76,73,72,71,70,0,223,223,222,223,65,54,53,61,44,73,73,45,75,49,76,47,44,260,76,62,59,65,65,44,75,72,72,72,46,49,44,63,47,34,53,249,63,58,58,47,59,48,46,48,68,48,47,69,42,42,70,70,70,68,48,166,63,48,63,45,45,72,49,50,174,47,61,75,46,41,54,41,24,58,39,52,51,53,52,48,48,48,49,38,44,49,48,48,46,51,51,41,41,42,39,44,39,47,50,73,44,41,39,41,46,46,39,45,43,50,47,50,53,54,54,38,45,48,42,71,66,46,35,45,46,47,49,44,44,47,48,119,47,60,47,45,50,50,41,49,36,36,36,71,47,43,67,52,55,39,49,70,62,44,73,73,40,40,41,41,41,68,68,60,51,66,66,67,67,67,67,66,67,67,63,49,53,77,44,44,44,36,63,64,64,44,45,74,74,74,41,40,76,53,51,39,39,73,73,49,68,46,46,60,72,72,35,50,42,48,46,46,50,50,41,52,51,52,65,47,47,46,45,45,47,47,44,63,67,67,50,49,49,41,46,48,40,224,224,224,224,46,46,47,69,47,48,53,60,63,64,64,69,48,48,44,48,47,54,52,62,51,52,50,50,50,49,48,48,44,44,38,45,45,46,44,42,43,44,46,74,46,48,44,43,50,49,69,67,37,36,40,50,50,48,35,48,40,34,52,53,64,65,48,72,50,54,83,53,51,66,75,39,48,47,41,63,62,62,166,45,39,74
37,38,57,78,29,36,36,36,38,260,268,260,260,262,261,260,260,259,256,279,276,245,257,256,256,252,251,223,0,-1,-1,-1,50,38,37,130,34,60,60,36,61,33,61,32,34,114,60,45,42,51,51,46,133,58,58,58,68,45,40,49,32,56,97,97,49,42,42,91,60,87,84,78,178,49,49,179,104,104,128,128,129,90,61,112,46,57,46,89,89,70,36,37,144,77,100,131,37,42,45,32,103,99,30,60,57,57,57,56,84,50,50,29,35,61,60,60,42,57,57,35,35,35,30,27,30,31,33,55,35,36,38,36,29,29,37,46,44,33,43,33,35,45,45,105,32,116,36,57,75,60,26,36,37,38,40,45,45,91,67,102,37,47,32,36,33,33,35,50,26,26,27,55,24,43,46,36,36,30,64,54,63,35,71,71,31,31,31,31,32,104,104,46,55,52,52,53,53,53,53,52,53,53,101,36,36,86,26,26,26,27,49,49,44,36,37,88,88,88,32,32,84,90,32,30,30,49,53,44,77,89,89,47,56,56,26,39,29,49,47,47,39,38,43,44,35,36,45,39,39,61,31,32,36,37,45,47,41,41,41,40,40,31,64,63,109,-1,-1,-1,-1,39,37,37,105,38,39,37,97,44,44,44,52,49,50,43,49,38,39,37,39,37,39,37,37,37,37,38,38,35,35,73,47,47,47,42,38,42,35,87,72,90,90,37,34,35,33,52,54,28,28,31,36,36,55,25,32,31,24,46,36,49,50,90,86,43,37,156,36,35,46,53,30,25,88,31,47,46,47,112,24,30,60
37,38,57,78,29,36,36,36,38,260,268,260,260,262,261,260,260,259,256,279,276,245,257,256,256,252,251,223,-1,0,-1,-1,50,38,37,130,34,60,60,36,61,33,61,32,34,114,60,45,42,51,51,46,133,58,58,58,68,45,40,49,32,56,97,97,49,42,42,91,60,87,84,78,178,49,49,179,104,104,128,128,129,90,61,112,46,57,46,89,89,70,36,37,144,77,100,131,37,42,45,32,103,99,30,60,57,57,57,56,84,50,50,29,35,61,60,60,42,57,57,35,35,35,30,27,30,31,33,55,35,36,38,36,29,29,37,46,44,33,43,33,35,45,45,105,32,116,36,57,75,60,26,36,37,38,40,45,45,91,67,102,37,47,32,36,33,33,35,50,26,26,27,55,24,43,46,36,36,30,64,54,63,35,71,71,31,31,31,31,32,104,104,46,55,52,52,53,53,53,53,52,53,53,101,36,36,86,26,26,26,27,49,49,44,36,37,88,88,88,32,32,84,90,32,30,30,49,53,44,77,89,89,47,56,56,26,39,29,49,47,47,39,38,43,44,35,36,45,39,39,61,31,32,36,37,45,47,41,41,41,40,40,31,64,63,109,-1,-1,-1,-1,39,37,37,105,38,39,37,97,44,44,44,52,49,50,43,49,38,39,37,39,37,39,37,37,37,37,38,38,35,35,73,47,47,47,42,38,42,35,87,72,90,90,37,34,35,33,52,54,28,28,31,36,36,55,25,32,31,24,46,36,49,50,90,86,43,37,156,36,35,46,53,30,25,88,31,47,46,47,112,24,30,60
36,37,56,77,28,35,35,35,37,259,267,259,259,261,260,259,259,258,255,278,275,244,256,255,255,251,250,222,-1,-1,0,-1,49,37,36,129,33,59,59,35,60,32,60,31,33,113,59,44,41,50,50,45,132,57,57,57,67,44,39,48,31,55,96,96,48,41,41,90,59,86,83,77,177,48,48,178,103,103,127,127,128,89,60,111,45,56,45,88,88,69,35,36,143,76,99,130,36,41,44,31,102,98,29,59,56,56,56,55,83,49,49,28,34,60,59,59,41,56,56,34,34,34,29,26,29,30,32,54,34,35,37,35,28,28,36,45,43,32,42,32,34,44,44,104,31,115,35,56,74,59,25,35,36,37,39,44,44,90,66,101,36,46,31,35,32,32,34,49,25,25,26,54,23,42,45,35,35,29,63,53,62,34,70,70,30,30,30,30,31,103,103,45,54,51,51,52,52,52,52,51,52,52,100,35,35,85,25,25,25,26,48,48,43,35,36,87,87,87,31,31,83,89,31,29,29,48,52,43,76,88,88,46,55,55,25,38,28,48,46,46,38,37,42,43,34,35,44,38,38,60,30,31,35,36,44,46,40,40,40,39,39,30,63,62,108,-1,-1,-1,-1,38,36,36,104,37,38,36,96,43,43,43,51,48,49,42,48,37,38,36,38,36,38,36,36,36,36,37,37,34,34,72,46,46,46,41,37,41,34,86,71,89,89,36,33,34,32,51,53,27,27,30,35,35,54,24,31,30,23,46,35,48,49,89,85,42,36,155,35,34,45,52,29,24,87,30,46,45,46,111,23,29,59
37,38,57,78,29,36,36,36,38,260,268,260,260,262,261,260,260,259,256,279,276,245,257,256,256,252,251,223,-1,-1,-1,0,50,38,37,130,34,60,60,36,61,33,61,32,34,114,60,45,42,51,51,46,133,58,58,58,68,45,40,49,32,56,97,97,49,42,42,91,60,87,84,78,178,49,49,179,104,104,128,128,129,90,61,112,46,57,46,89,89,70,36,37,144,77,100,131,37,42,45,32,103,99,30,60,57,57,57,56,84,50,50,29,35,61,60,60,42,57,57,35,35,35,30,27,30,31,33,55,35,36,38,36,29,29,37,46,44,33,43,33,35,45,45,105,32,116,36,57,75,60,26,36,37,38,40,45,45,91,67,102,37,47,32,36,33,33,35,50,26,26,27,55,24,43,46,36,36,30,64,54,63,35,71,71,31,31,31,31,32,104,104,46,55,52,52,53,53,53,53,52,53,53,101,36,36,86,26,26,26,27,49,49,44,36,37,88,88,88,32,32,84,90,32,30,30,49,53,44,77,89,89,47,56,56,26,39,29,49,47,47,39,38,43,44,35,36,45,39,39,61,31,32,36,37,45,47,41,41,41,40,40,31,64,63,109,-1,-1,-1,-1,39,37,37,105,38,39,37,97,44,44,44,52,49,50,43,49,38,39,37,39,37,39,37,37,37,37,38,38,35,35,73,47,47,47,42,38,42,35,87,72,90,90,37,34,35,33,52,54,28,28,31,36,36,55,25,32,31,24,46,36,49,50,90,86,43,37,156,36,35,46,53,30,25,88,31,47,46,47,112,24,30,60
23,20,31,83,16,15,15,14,12,12,-1,-1,-1,-1,-1,-1,-1,-1,-1,196,-1,47,24,21,20,19,18,65,50,50,49,50,0,-1,-1,50,-1,-1,-1,-1,-1,-1,-1,-1,-1,295,27,-1,-1,-1,-1,-1,64,-1,-1,-1,33,-1,-1,39,-1,60,42,65,-1,-1,-1,36,10,37,16,18,24,-1,-1,25,39,39,59,59,59,57,36,120,-1,36,-1,34,34,103,-1,-1,156,38,50,64,-1,-1,41,-1,35,47,-1,40,-1,-1,-1,-1,35,-1,-1,37,-1,37,36,36,-1,-1,-1,-1,-1,-1,41,39,-1,-1,-1,-1,-1,-1,-1,-1,-1,-1,-1,-1,-1,-1,-1,-1,-1,41,41,34,-1,41,-1,-1,97,34,35,-1,-1,-1,-1,-1,-1,36,36,184,-1,-1,-1,-1,-1,-1,-1,-1,30,30,30,22,47,-1,-1,-1,-1,41,37,21,91,-1,104,104,-1,-1,-1,-1,-1,44,44,-1,-1,-1,-1,-1,-1,-1,-1,-1,-1,-1,39,-1,-1,98,42,42,42,-1,-1,-1,-1,-1,-1,25,25,25,-1,-1,96,42,-1,41,41,-1,-1,37,46,35,35,-1,23,23,29,-1,40,-1,-1,-1,-1,-1,-1,40,-1,-1,-1,-1,-1,34,-1,-1,-1,-1,-1,-1,-1,-1,-1,-1,-1,-1,34,36,39,272,275,275,275,-1,-1,-1,45,-1,-1,-1,36,-1,-1,-1,-1,-1,-1,-1,-1,-1,-1,-1,-1,-1,-1,-1,-1,-1,-1,-1,-1,-1,-1,34,-1,-1,-1,-1,-1,-1,-1,35,105,35,37,-1,-1,-1,-1,-1,-1,-1,-1,-1,-1,-1,-1,35,-1,42,34,40,-1,-1,-1,37,23,-1,-1,115,-1,-1,-1,26,41,48,17,35,-1,-1,-1,120,41,41,-1
15,22,26,86,8,-1,-1,-1,-1,-1,-1,-1,-1,-1,-1,-1,-1,-1,-1,184,11,35,23,-1,-1,18,17,54,38,38,37,38,-1,0,-1,38,-1,-1,-1,-1,-1,-1,-1,-1,18,296,28,-1,-1,-1,-1,21,52,-1,-1,-1,34,26,21,33,-1,61,30,52,-1,-1,-1,24,11,25,23,25,28,25,24,29,40,40,47,47,47,45,25,124,-1,25,-1,22,22,104,-1,-1,145,39,38,52,-1,18,-1,-1,36,35,-1,29,-1,-1,29,25,25,25,26,21,-1,26,25,25,23,28,28,-1,-1,-1,22,-1,-1,15,-1,-1,-1,-1,16,-1,-1,-1,16,22,20,-1,24,-1,-1,-1,-1,35,-1,42,-1,-1,81,23,18,-1,-1,-1,-1,-1,-1,24,25,128,-1,-1,-1,-1,-1,-1,18,-1,19,19,19,23,33,-1,-1,20,20,22,26,22,71,21,68,68,-1,-1,-1,-1,-1,32,32,-1,28,-1,-1,-1,-1,-1,-1,-1,-1,-1,27,-1,-1,82,27,27,27,-1,-1,-1,-1,-1,-1,26,26,26,-1,-1,82,30,-1,22,22,-1,-1,26,35,23,23,-1,24,24,18,-1,25,25,23,23,-1,-1,18,-1,-1,-1,-1,-1,-1,23,-1,-1,-1,-1,21,-1,-1,-1,-1,-1,-1,-1,23,25,40,261,264,264,264,-1,-1,-1,33,-1,-1,-1,24,-1,-1,-1,-1,-1,-1,-1,-1,-1,-1,-1,-1,-1,-1,-1,-1,-1,-1,-1,-1,-1,-1,35,-1,-1,-1,-1,19,-1,-1,23,69,23,25,-1,-1,-1,-1,-1,-1,-1,-1,-1,-1,-1,25,17,-1,23,16,29,-1,-1,-1,25,24,27,-1,116,-1,-1,-1,27,22,34,24,-1,-1,-1,-1,124,-1,22,-1
16,21,29,85,9,-1,-1,-1,5,-1,-1,-1,-1,-1,-1,-1,-1,17,-1,183,14,34,23,-1,-1,18,17,53,37,37,36,37,-1,-1,0,37,-1,-1,-1,-1,-1,-1,-1,-1,17,290,27,-1,-1,-1,-1,20,51,-1,-1,-1,33,25,20,32,-1,47,29,55,-1,-1,-1,23,10,24,22,24,27,24,23,28,39,39,46,46,46,44,24,123,-1,24,-1,21,21,66,-1,-1,144,38,37,51,-1,-1,-1,-1,35,34,-1,28,-1,-1,-1,24,24,24,25,20,-1,25,24,24,22,27,27,-1,-1,-1,21,25,-1,14,-1,-1,-1,-1,15,-1,-1,-1,15,21,19,-1,23,-1,-1,-1,-1,34,-1,41,-1,-1,80,22,17,-1,-1,-1,-1,-1,-1,23,24,127,-1,-1,-1,-1,-1,-1,17,-1,18,18,18,22,34,-1,-1,-1,19,21,25,21,70,18,67,67,-1,-1,-1,-1,-1,31,31,-1,27,-1,-1,-1,-1,-1,-1,-1,-1,-1,26,-1,-1,81,26,26,26,-1,-1,-1,-1,-1,-1,25,25,25,-1,-1,81,29,-1,21,21,-1,-1,25,34,22,22,-1,23,23,17,-1,24,24,22,22,-1,-1,17,-1,-1,-1,-1,-1,-1,22,-1,-1,-1,-1,20,-1,-1,-1,-1,-1,-1,-1,22,24,39,260,263,263,263,-1,-1,-1,32,-1,-1,-1,23,-1,-1,-1,-1,-1,-1,-1,-1,-1,-1,-1,-1,-1,-1,-1,-1,-1,-1,-1,-1,-1,-1,34,-1,-1,-1,-1,18,-1,-1,22,68,22,24,-1,-1,-1,-1,-1,-1,-1,-1,-1,-1,-1,24,16,-1,22,15,28,-1,-1,-1,24,23,27,-1,115,-1,-1,-1,26,21,35,34,23,-1,-1,-1,123,27,21,-1
36,57,82,89,42,36,35,33,32,32,24,26,38,38,38,37,38,37,41,199,24,50,39,32,32,34,33,61,130,130,129,130,50,38,37,0,27,57,57,23,59,27,60,25,22,298,60,32,35,49,49,19,-1,56,56,56,66,26,21,41,25,55,24,97,47,35,36,18,43,20,16,18,18,23,22,19,72,72,-1,-1,-1,41,32,34,34,18,34,16,16,81,30,31,159,71,-1,-1,24,18,38,27,62,-1,30,36,23,23,22,18,18,23,24,28,28,33,32,32,24,21,21,20,20,21,29,33,29,25,26,35,23,19,18,20,22,22,18,19,18,26,24,26,24,38,38,62,25,72,21,37,95,30,25,28,30,31,33,22,22,20,32,142,30,44,25,29,27,26,20,24,26,26,26,55,37,21,34,31,34,29,33,54,85,22,82,82,31,31,31,31,31,47,47,44,21,50,50,51,51,51,51,50,51,51,42,29,24,96,34,34,34,27,36,48,31,30,32,58,58,58,25,26,96,25,29,29,29,34,33,33,205,18,18,44,56,56,25,32,32,23,20,21,32,31,16,37,28,29,32,25,25,30,24,25,29,30,19,35,29,29,28,27,27,24,30,32,65,268,271,271,271,24,24,25,48,25,26,30,39,32,31,31,35,23,24,22,23,32,32,30,32,30,32,30,30,30,30,30,31,35,33,67,22,22,21,21,20,21,35,18,83,18,20,30,31,27,26,36,37,27,27,24,29,29,18,24,25,30,23,36,26,48,49,20,56,27,26,148,29,28,33,59,29,38,17,31,35,34,36,34,35,29,58
-1,16,41,86,-1,-1,-1,-1,-1,-1,17,16,16,16,17,18,16,21,-1,145,21,26,-1,-1,-1,-1,-1,44,34,34,33,34,-1,-1,-1,27,0,34,34,-1,36,-1,37,-1,15,286,37,-1,-1,26,26,27,48,33,33,33,43,26,21,30,-1,43,53,54,24,-1,-1,47,20,51,38,35,36,31,30,37,49,49,43,43,43,41,20,132,-1,38,-1,44,44,63,-1,-1,141,48,34,48,-1,14,-1,-1,50,31,-1,24,35,35,35,37,41,31,32,-1,-1,21,20,20,23,34,34,16,16,16,17,-1,-1,12,-1,-1,15,17,19,17,-1,-1,18,27,25,-1,24,-1,-1,-1,-1,50,-1,51,17,32,77,18,-1,-1,-1,-1,-1,17,17,51,20,124,-1,21,-1,-1,-1,-1,16,22,-1,-1,-1,32,-1,16,-1,17,17,17,21,31,67,16,64,64,-1,-1,-1,-1,-1,28,28,21,36,27,27,28,28,28,28,27,28,28,23,-1,-1,78,-1,-1,-1,-1,24,25,-1,-1,-1,35,35,35,-1,-1,78,56,13,17,17,-1,-1,21,30,49,48,21,33,33,-1,-1,-1,30,28,28,-1,-1,24,-1,-1,-1,-1,-1,-1,18,-1,-1,-1,-1,26,-1,-1,-1,-1,-1,-1,-1,18,20,53,256,259,259,259,-1,-1,-1,29,-1,-1,-1,20,-1,-1,-1,-1,21,21,17,21,-1,-1,-1,-1,-1,-1,-1,-1,-1,-1,-1,-1,-1,-1,44,18,18,19,17,15,16,-1,49,65,49,51,-1,-1,-1,-1,-1,28,-1,-1,-1,-1,-1,38,-1,-1,18,11,24,-1,25,26,50,33,23,-1,87,-1,-1,-1,36,17,-1,39,-1,-1,-1,23,132,-1,17,35
33,30,38,88,18,20,25,24,22,22,14,-1,-1,-1,-1,-1,-1,-1,37,206,-1,58,32,36,36,27,26,73,60,60,59,60,-1,-1,-1,57,34,0,-1,-1,-1,-1,-1,-1,-1,303,35,-1,-1,-1,-1,-1,73,-1,-1,-1,41,-1,-1,45,-1,68,43,113,-1,-1,-1,37,18,42,20,22,28,-1,-1,29,47,47,68,68,68,66,45,124,-1,22,-1,20,20,88,38,-1,166,46,59,73,-1,-1,48,-1,43,56,35,49,-1,-1,-1,22,22,-1,-1,44,39,46,45,45,-1,-1,-1,-1,-1,-1,48,46,35,-1,-1,-1,-1,-1,-1,-1,-1,-1,-1,-1,-1,-1,-1,-1,-1,49,49,42,-1,49,-1,-1,88,43,43,-1,-1,-1,-1,-1,-1,41,45,177,-1,-1,-1,39,-1,-1,-1,-1,40,40,40,30,54,-1,-1,-1,-1,48,46,29,91,-1,97,97,34,34,37,37,37,53,53,-1,-1,-1,-1,-1,-1,-1,-1,-1,-1,-1,48,-1,-1,99,50,49,49,38,-1,-1,-1,24,22,33,33,33,-1,-1,99,46,-1,48,48,-1,-1,46,55,39,39,-1,31,31,40,-1,48,-1,-1,-1,-1,-1,-1,47,-1,21,-1,-1,-1,43,-1,-1,-1,-1,-1,-1,-1,-1,-1,-1,-1,-1,43,45,47,281,284,284,284,-1,-1,-1,54,-1,-1,19,45,-1,-1,-1,-1,-1,-1,-1,-1,22,17,18,-1,20,21,19,19,19,-1,-1,-1,22,22,42,-1,-1,-1,-1,-1,-1,37,39,98,39,41,-1,-1,-1,-1,-1,-1,38,38,-1,20,19,22,43,-1,50,41,49,-1,-1,-1,40,31,-1,-1,123,-1,-1,-1,34,48,56,21,43,-1,-1,-1,124,48,48,-1
33,30,38,88,18,20,25,24,22,22,14,-1,-1,-1,-1,-1,-1,-1,37,206,-1,58,32,36,36,27,26,73,60,60,59,60,-1,-1,-1,57,34,-1,0,-1,-1,-1,-1,-1,-1,303,35,-1,-1,-1,-1,-1,73,-1,-1,-1,41,-1,-1,45,-1,68,43,113,-1,-1,-1,37,18,42,20,22,28,-1,-1,29,47,47,68,68,68,66,45,124,-1,22,-1,20,20,96,38,-1,185,46,59,73,-1,-1,48,-1,43,56,35,49,-1,-1,-1,22,22,-1,-1,44,38,46,45,45,-1,-1,-1,-1,-1,-1,48,46,35,-1,-1,-1,-1,-1,-1,-1,-1,-1,-1,-1,-1,-1,-1,-1,-1,48,49,42,-1,49,-1,-1,88,43,43,-1,-1,-1,-1,-1,-1,41,45,177,-1,-1,-1,39,-1,-1,-1,-1,40,40,40,30,54,-1,-1,-1,-1,48,46,29,91,-1,97,97,34,34,37,37,37,53,53,-1,-1,-1,-1,-1,-1,-1,-1,-1,-1,-1,48,-1,-1,99,50,49,49,38,-1,-1,-1,24,22,33,33,33,-1,-1,99,46,-1,48,48,-1,-1,46,55,39,39,-1,31,31,40,-1,48,-1,-1,-1,-1,-1,-1,47,-1,21,-1,-1,-1,43,-1,-1,-1,-1,-1,-1,-1,-1,-1,-1,-1,-1,43,45,47,281,284,284,284,-1,-1,-1,54,-1,-1,19,45,-1,-1,-1,-1,-1,-1,-1,-1,22,17,18,-1,20,21,19,19,19,-1,-1,-1,22,22,42,-1,-1,-1,-1,-1,-1,37,39,98,39,41,-1,-1,-1,-1,-1,-1,38,38,-1,20,19,22,43,-1,50,41,49,-1,-1,-1,41,31,-1,-1,123,-1,-1,-1,34,48,55,21,43,-1,-1,-1,124,48,48,-1
14,22,51,88,18,16,16,21,19,19,-1,-1,-1,-1,-1,-1,-1,-1,18,183,-1,34,32,16,16,18,17,45,36,36,35,36,-1,-1,-1,23,-1,-1,-1,0,-1,-1,-1,-1,-1,290,35,-1,-1,-1,-1,-1,45,-1,-1,-1,41,-1,-1,-1,-1,68,38,64,-1,-1,-1,32,18,36,16,18,35,-1,-1,36,47,47,40,40,40,56,27,131,-1,18,-1,15,15,66,-1,-1,144,46,31,45,-1,-1,-1,-1,43,28,20,31,-1,-1,-1,18,18,-1,-1,18,-1,28,27,27,-1,-1,-1,-1,-1,-1,19,24,-1,-1,-1,-1,-1,-1,-1,-1,-1,-1,-1,-1,-1,-1,-1,-1,-1,-1,-1,42,-1,49,-1,-1,80,25,15,-1,-1,-1,-1,-1,-1,36,27,127,-1,-1,-1,-1,-1,-1,-1,-1,16,16,16,30,27,-1,-1,-1,-1,19,28,29,70,-1,67,67,21,21,21,21,21,25,25,-1,21,-1,-1,-1,-1,-1,-1,-1,-1,-1,20,-1,-1,81,24,24,24,17,-1,-1,-1,-1,-1,33,33,33,-1,-1,81,41,-1,19,19,-1,-1,28,34,34,33,-1,31,31,15,-1,22,-1,-1,-1,-1,-1,-1,-1,-1,-1,-1,-1,-1,25,-1,-1,-1,-1,-1,-1,-1,-1,-1,-1,-1,-1,25,27,47,263,266,266,266,-1,-1,-1,26,-1,-1,-1,17,-1,-1,-1,-1,-1,-1,-1,-1,-1,-1,-1,-1,-1,-1,-1,-1,-1,-1,-1,-1,-1,-1,42,-1,-1,-1,-1,-1,-1,25,34,98,34,36,-1,-1,-1,-1,-1,-1,17,17,-1,-1,-1,18,14,-1,29,13,31,-1,-1,-1,35,31,-1,-1,90,-1,-1,-1,34,19,36,17,21,-1,-1,-1,131,30,19,-1
36,45,68,91,17,19,28,27,25,25,13,-1,-1,-1,-1,-1,-1,-1,38,207,-1,57,34,37,38,29,28,75,61,61,60,61,-1,-1,-1,59,36,-1,-1,-1,0,-1,-1,-1,-1,305,37,-1,-1,-1,-1,-1,73,-1,-1,-1,43,-1,-1,46,-1,70,42,115,-1,-1,-1,36,20,40,23,-1,31,-1,-1,32,49,49,68,68,68,66,46,127,-1,25,-1,23,23,98,39,38,187,48,59,73,-1,-1,49,34,45,56,36,50,-1,-1,-1,25,25,-1,-1,45,39,47,46,46,-1,-1,-1,-1,-1,-1,41,47,36,-1,-1,-1,-1,-1,-1,-1,-1,-1,-1,-1,-1,-1,-1,-1,-1,49,50,44,-1,51,-1,-1,90,44,44,-1,-1,-1,-1,-1,-1,39,46,179,-1,-1,-1,40,-1,-1,-1,-1,41,41,41,32,55,-1,-1,-1,-1,41,47,31,93,-1,99,99,35,35,38,38,38,53,53,-1,-1,-1,-1,-1,-1,-1,-1,-1,-1,-1,48,-1,-1,101,51,50,50,39,-1,-1,-1,31,24,35,35,35,35,35,101,45,-1,41,41,-1,-1,47,56,25,25,-1,33,33,41,-1,49,-1,-1,-1,-1,-1,-1,48,-1,-1,-1,-1,-1,44,-1,-1,-1,-1,-1,-1,-1,-1,-1,-1,-1,35,44,46,49,282,285,285,285,-1,-1,-1,54,-1,-1,-1,45,-1,-1,-1,-1,-1,-1,-1,-1,24,19,20,-1,22,23,21,21,21,-1,-1,-1,32,32,44,-1,-1,-1,-1,-1,-1,38,25,92,25,40,-1,32,-1,-1,-1,-1,39,39,34,22,21,25,36,-1,42,35,50,-1,-1,-1,39,33,-1,-1,112,-1,-1,-1,36,41,50,24,44,-1,-1,-1,127,49,41,-1
-1,17,46,92,16,-1,-1,-1,-1,-1,-1,11,11,-1,13,-1,11,14,13,179,-1,30,19,-1,-1,-1,13,49,33,33,32,33,-1,-1,-1,27,-1,-1,-1,-1,-1,0,-1,-1,13,285,33,-1,-1,-1,-1,16,47,-1,-1,-1,39,21,16,28,-1,66,25,61,-1,-1,-1,19,16,20,18,20,33,20,19,34,45,45,42,42,42,40,19,129,-1,33,-1,17,17,94,-1,-1,148,44,33,47,-1,13,-1,-1,41,30,-1,23,23,25,24,20,32,20,21,14,-1,20,19,19,18,23,23,-1,-1,-1,15,20,-1,10,-1,-1,-1,-1,11,-1,-1,-1,11,17,15,-1,19,-1,-1,-1,-1,40,-1,47,-1,-1,73,17,11,-1,-1,-1,-1,16,16,19,19,140,-1,-1,-1,-1,-1,-1,13,21,12,12,12,28,30,-1,-1,-1,15,15,20,27,64,16,66,66,-1,-1,-1,-1,-1,27,27,-1,23,-1,-1,-1,-1,-1,-1,-1,-1,-1,22,-1,-1,71,20,20,20,-1,-1,-1,-1,-1,-1,31,31,31,-1,-1,71,25,-1,15,15,-1,-1,20,29,18,18,-1,29,29,11,-1,18,20,18,18,-1,-1,13,-1,-1,-1,-1,-1,-1,17,-1,-1,-1,-1,16,-1,-1,-1,-1,-1,-1,-1,17,19,45,255,258,258,258,-1,-1,-1,28,-1,-1,-1,19,-1,-1,-1,-1,20,20,-1,20,-1,-1,-1,-1,-1,-1,-1,-1,-1,-1,-1,-1,-1,-1,40,17,17,18,-1,14,-1,-1,18,66,18,20,-1,-1,-1,-1,-1,-1,-1,-1,-1,-1,-1,20,10,-1,16,9,23,-1,-1,-1,20,29,22,-1,86,-1,-1,-1,32,15,31,19,17,-1,-1,-1,129,21,15,-1
36,45,68,91,17,19,28,27,25,25,14,-1,-1,-1,-1,-1,-1,-1,38,207,-1,57,35,38,38,30,29,76,61,61,60,61,-1,-1,-1,60,37,-1,-1,-1,-1,-1,0,28,-1,306,38,-1,-1,-1,-1,-1,74,-1,-1,-1,44,-1,-1,47,-1,69,41,116,-1,-1,-1,36,21,40,23,-1,31,-1,-1,32,50,50,69,69,69,67,46,127,-1,25,-1,23,23,99,40,39,162,49,60,74,-1,-1,50,35,46,57,36,50,-1,-1,-1,25,25,-1,-1,46,40,47,46,46,-1,-1,-1,-1,-1,-1,50,48,36,-1,-1,-1,-1,-1,-1,-1,-1,-1,-1,-1,-1,-1,-1,-1,-1,50,50,45,-1,52,-1,-1,95,44,44,-1,26,24,25,-1,-1,39,46,146,24,-1,-1,41,-1,-1,-1,-1,41,41,42,33,56,-1,-1,-1,-1,50,47,32,101,-1,100,100,36,36,38,39,39,54,54,-1,-1,-1,-1,-1,-1,-1,-1,-1,-1,-1,49,22,-1,107,51,51,51,39,-1,-1,-1,32,25,36,36,36,35,36,106,45,-1,50,50,-1,-1,47,56,25,25,-1,34,34,41,24,49,-1,-1,-1,24,23,-1,49,-1,-1,-1,-1,-1,44,-1,-1,24,24,-1,-1,-1,-1,-1,-1,-1,36,44,46,50,282,285,285,285,-1,-1,-1,55,-1,-1,-1,46,-1,-1,-1,-1,-1,-1,-1,-1,25,20,21,-1,23,24,22,22,22,22,23,23,33,33,45,-1,-1,-1,-1,-1,-1,38,25,101,25,39,31,33,24,26,-1,-1,39,39,35,23,22,25,45,-1,51,43,50,-1,-1,-1,39,34,-1,-1,126,-1,-1,-1,37,50,57,24,45,-1,-1,-1,127,50,50,-1
-1,16,44,91,14,-1,-1,-1,-1,-1,-1,13,13,13,14,15,14,19,-1,149,18,29,18,-1,-1,-1,12,47,32,32,31,32,-1,-1,-1,25,-1,-1,-1,-1,-1,-1,28,0,15,284,32,-1,-1,-1,-1,15,46,-1,-1,-1,38,20,15,27,-1,74,24,55,-1,-1,-1,18,15,19,17,19,32,19,18,33,44,44,41,41,41,39,18,128,-1,19,-1,16,16,64,-1,-1,147,43,32,46,-1,12,-1,-1,40,29,-1,22,22,24,23,19,19,19,20,13,-1,19,18,18,17,22,22,12,12,13,14,-1,-1,18,-1,-1,-1,12,10,12,-1,-1,10,16,14,-1,18,-1,-1,-1,-1,39,-1,46,13,-1,72,16,10,-1,-1,-1,-1,15,15,18,18,139,-1,-1,-1,-1,-1,-1,12,20,11,11,11,27,22,14,-1,14,14,14,19,26,63,15,65,65,-1,-1,-1,-1,-1,26,26,-1,22,-1,-1,-1,-1,-1,-1,-1,-1,-1,21,-1,-1,70,19,19,19,-1,-1,-1,-1,-1,-1,30,30,30,-1,-1,70,24,10,14,14,-1,-1,19,28,17,17,-1,28,28,10,-1,17,19,17,17,-1,-1,12,-1,-1,-1,-1,-1,-1,16,-1,-1,-1,-1,15,-1,-1,-1,-1,-1,-1,-1,16,18,44,254,257,257,257,-1,-1,-1,27,-1,-1,-1,18,-1,-1,-1,-1,19,19,15,19,-1,-1,-1,-1,-1,-1,-1,-1,-1,-1,-1,-1,-1,-1,39,16,16,17,15,13,14,-1,17,65,17,19,-1,-1,-1,-1,-1,-1,-1,-1,-1,-1,-1,19,9,-1,15,8,22,-1,-1,-1,19,28,21,-1,85,-1,-1,-1,31,14,23,18,-1,-1,-1,-1,128,20,14,-1
15,19,61,86,16,15,15,24,19,22,23,-1,-1,-1,-1,-1,-1,-1,21,182,-1,33,37,15,15,17,16,44,34,34,33,34,-1,18,17,22,15,-1,-1,-1,-1,13,-1,15,0,291,59,-1,-1,-1,-1,-1,44,-1,-1,-1,65,-1,-1,-1,-1,76,22,98,-1,-1,-1,16,42,17,15,17,39,-1,-1,40,71,71,39,39,39,37,25,165,-1,17,-1,14,14,66,-1,-1,149,70,30,44,-1,-1,26,15,67,27,17,29,-1,-1,-1,17,17,-1,-1,15,16,26,25,25,-1,-1,-1,-1,-1,-1,16,21,16,-1,-1,-1,-1,-1,-1,-1,10,10,-1,-1,-1,-1,-1,-1,-1,26,26,66,13,73,-1,-1,74,23,12,17,18,19,21,-1,-1,16,25,141,18,-1,-1,17,-1,-1,-1,-1,13,13,13,54,24,-1,-1,-1,-1,16,26,53,65,-1,67,67,18,18,18,18,18,22,22,-1,20,-1,-1,-1,-1,-1,-1,-1,-1,-1,17,17,-1,72,21,21,21,14,-1,-1,-1,18,20,57,57,57,13,14,72,22,-1,16,16,-1,-1,26,38,15,15,-1,55,55,12,20,19,-1,-1,-1,20,19,-1,25,16,17,-1,-1,-1,23,12,13,17,18,-1,-1,-1,-1,-1,-1,-1,12,23,25,71,261,264,264,264,-1,-1,-1,23,-1,-1,-1,14,-1,-1,-1,-1,-1,-1,-1,-1,20,-1,18,-1,18,20,18,18,18,18,19,19,22,21,66,-1,-1,-1,-1,-1,-1,22,15,67,15,17,18,19,16,14,-1,-1,14,14,12,17,17,17,11,13,17,10,29,-1,-1,-1,17,94,-1,-1,111,-1,16,-1,97,31,41,16,32,-1,-1,-1,165,38,31,-1
56,61,33,102,42,36,36,36,37,75,84,111,111,122,111,124,111,110,284,307,297,54,285,282,281,280,279,260,114,114,113,114,295,296,290,298,286,303,303,290,305,285,306,284,291,0,53,32,29,32,31,55,75,41,41,41,90,57,52,61,37,78,71,9,31,28,28,65,28,67,63,65,71,59,58,72,67,67,70,70,71,112,48,134,32,65,33,63,63,110,42,43,166,73,74,73,34,41,40,39,71,76,44,48,62,63,62,65,65,59,60,47,40,49,48,48,54,68,68,41,41,41,49,53,41,43,32,42,36,40,41,39,34,34,41,55,54,33,55,33,36,41,42,67,37,73,38,40,103,46,44,38,39,40,40,44,44,67,48,136,39,29,37,41,31,31,42,59,44,44,44,49,57,41,37,43,46,49,49,49,101,47,111,112,45,45,48,48,48,126,126,29,68,33,33,33,34,34,34,32,34,33,123,38,35,98,54,54,54,42,32,32,33,39,41,21,21,21,37,38,96,72,39,49,49,42,43,52,99,65,65,29,50,50,41,39,52,59,56,57,39,39,45,44,31,30,35,35,35,46,36,37,37,38,55,32,33,33,33,35,35,36,46,48,66,82,85,85,85,36,36,35,127,35,35,31,119,33,34,33,39,58,59,41,58,40,34,34,32,36,38,36,36,36,38,38,39,43,41,75,56,56,57,40,50,40,49,65,112,65,67,38,40,34,34,37,36,40,40,36,35,35,65,44,34,50,43,55,33,32,32,67,19,55,38,105,28,32,36,41,49,69,64,50,32,32,31,134,55,49,41
32,37,25,73,29,38,38,34,33,33,45,66,66,58,82,81,82,81,63,128,53,9,35,32,31,30,29,76,60,60,59,60,27,28,27,60,37,35,35,35,37,33,38,32,59,53,0,58,55,64,64,59,112,71,71,71,19,58,53,62,34,68,90,30,62,55,55,84,101,85,83,85,57,62,62,58,25,25,107,107,107,105,45,183,59,85,59,82,82,74,36,37,137,24,98,112,50,55,41,26,21,95,25,49,70,90,89,85,85,63,63,23,31,46,45,45,55,88,88,48,48,48,24,28,24,44,46,68,48,49,51,49,42,42,50,59,57,46,56,46,48,41,41,20,30,27,49,70,70,43,20,30,32,32,35,58,58,84,45,196,33,60,34,32,46,46,48,63,21,21,21,-1,32,56,59,49,49,24,46,-1,76,48,75,75,26,26,26,26,26,75,75,87,83,93,93,94,94,94,94,93,94,94,70,34,64,82,29,29,29,22,90,91,72,30,31,101,101,101,27,26,81,58,60,24,24,77,81,139,158,51,51,87,9,9,20,36,27,77,75,75,35,35,71,39,63,64,73,67,67,146,30,31,33,33,73,90,69,69,69,68,68,28,149,148,25,251,254,254,254,67,65,65,76,66,67,65,67,72,72,72,80,77,78,71,77,32,67,65,67,65,67,65,65,65,34,34,33,30,30,20,75,75,75,70,66,70,30,51,76,51,53,30,29,63,34,96,94,22,22,26,64,64,83,19,60,25,18,141,64,91,92,53,99,71,65,101,64,63,74,17,24,33,50,26,90,74,89,183,30,24,101
21,31,30,84,14,13,13,12,10,10,-1,-1,-1,-1,-1,-1,-1,17,-1,192,-1,43,39,18,17,16,15,62,45,45,44,45,-1,-1,-1,32,-1,-1,-1,-1,-1,-1,-1,-1,-1,32,58,0,-1,-1,-1,-1,56,-1,-1,-1,31,-1,-1,36,-1,54,46,60,-1,-1,-1,40,8,44,27,19,25,-1,-1,26,37,37,51,51,51,49,31,121,-1,29,-1,37,37,86,-1,-1,149,36,42,56,-1,-1,36,-1,33,39,-1,35,-1,-1,-1,29,29,-1,-1,27,-1,32,31,31,-1,-1,-1,-1,-1,-1,28,34,-1,-1,-1,-1,-1,-1,-1,-1,-1,-1,-1,-1,-1,-1,-1,-1,-1,36,36,32,-1,39,-1,-1,82,29,24,-1,-1,-1,14,-1,-1,43,31,139,-1,-1,-1,-1,-1,-1,-1,-1,25,25,25,20,36,-1,-1,-1,-1,28,32,19,88,-1,87,87,-1,-1,-1,-1,-1,35,35,-1,22,-1,-1,-1,-1,-1,-1,-1,-1,-1,30,-1,-1,94,33,33,33,27,-1,-1,-1,-1,-1,23,23,23,-1,-1,93,49,-1,28,28,-1,-1,32,41,42,41,-1,21,21,24,13,31,-1,-1,-1,13,12,-1,-1,-1,-1,-1,-1,-1,29,-1,-1,-1,-1,-1,-1,-1,-1,-1,-1,-1,-1,29,31,37,267,270,270,270,-1,-1,-1,36,-1,-1,-1,27,-1,-1,-1,-1,-1,-1,-1,-1,14,-1,-1,-1,12,13,11,11,11,11,12,12,-1,-1,32,-1,-1,-1,-1,-1,-1,-1,42,88,42,44,-1,-1,-1,-1,-1,-1,23,27,-1,13,13,29,23,-1,37,22,153,-1,-1,-1,43,21,-1,-1,113,-1,-1,-1,24,36,43,28,30,-1,-1,-1,121,36,36,-1
14,15,27,81,11,10,10,9,7,7,-1,-1,-1,-1,-1,-1,-1,-1,-1,188,-1,39,36,15,14,13,12,59,42,42,41,42,-1,-1,-1,35,-1,-1,-1,-1,-1,-1,-1,-1,-1,29,55,-1,0,-1,-1,25,56,-1,-1,-1,28,30,25,38,-1,51,49,57,-1,-1,-1,43,5,47,27,29,22,20,21,23,34,34,51,51,51,49,28,118,-1,38,-1,40,40,83,-1,-1,146,33,42,56,-1,-1,33,17,30,39,16,32,21,21,20,35,37,21,21,24,-1,26,25,25,27,19,19,-1,-1,-1,25,29,17,-1,-1,-1,-1,-1,-1,-1,-1,-1,-1,-1,24,-1,28,-1,-1,33,33,29,-1,36,-1,-1,79,25,21,14,12,10,11,-1,-1,28,32,142,10,-1,-1,-1,-1,-1,-1,-1,21,21,21,17,39,-1,-1,-1,24,25,29,16,85,-1,84,84,15,15,18,18,18,36,36,-1,32,-1,-1,-1,-1,-1,-1,-1,-1,-1,31,8,-1,91,34,34,34,19,-1,-1,-1,13,11,20,20,20,18,17,90,34,-1,25,25,-1,-1,148,38,27,27,-1,18,18,20,10,27,29,27,27,10,9,-1,-1,-1,-1,-1,-1,-1,26,14,14,10,10,25,-1,-1,-1,-1,-1,-1,-1,29,28,35,54,57,57,57,-1,-1,-1,37,-1,-1,-1,28,-1,-1,-1,-1,-1,-1,-1,-1,11,-1,-1,-1,9,10,8,8,8,8,9,9,11,11,29,-1,-1,-1,-1,23,-1,17,27,90,27,29,14,14,-1,-1,-1,-1,20,19,19,10,10,29,20,-1,26,19,30,-1,-1,-1,29,18,-1,-1,129,-1,-1,-1,21,25,40,35,26,-1,-1,-1,118,33,25,-1
17,18,29,80,14,13,13,12,10,10,10,39,39,23,38,25,-1,-1,-1,197,-1,48,24,21,20,19,18,65,51,51,50,51,-1,-1,-1,49,26,-1,-1,-1,-1,-1,-1,-1,-1,32,64,-1,-1,0,-1,21,64,-1,-1,-1,33,38,33,46,24,51,42,65,-1,-1,-1,36,10,37,38,37,20,18,19,21,66,66,59,59,59,57,34,116,-1,42,-1,34,34,96,-1,-1,159,38,50,64,-1,-1,41,20,38,47,19,33,19,19,18,39,41,19,19,36,-1,34,33,33,35,17,17,-1,-1,-1,41,38,20,-1,-1,-1,-1,-1,-1,-1,-1,-1,-1,22,32,-1,36,-1,-1,41,41,40,17,41,-1,-1,90,33,35,17,15,13,14,-1,-1,36,40,150,13,-1,24,31,-1,-1,-1,25,30,30,30,22,46,-1,-1,-1,32,41,37,21,86,-1,97,97,18,18,21,21,21,44,44,-1,38,-1,-1,-1,-1,-1,-1,-1,-1,-1,39,11,-1,101,42,42,42,22,-1,-1,-1,16,14,51,51,51,21,20,100,42,-1,41,41,-1,-1,43,46,35,35,-1,23,23,29,13,40,21,35,35,13,12,25,39,13,13,-1,-1,-1,34,17,17,13,13,22,-1,-1,-1,-1,-1,-1,23,37,36,40,62,65,65,65,-1,-1,-1,45,-1,-1,11,36,-1,-1,-1,-1,25,25,-1,25,14,9,10,-1,12,13,11,11,11,11,12,12,14,14,34,26,26,25,-1,31,-1,20,35,98,35,37,17,17,13,15,-1,-1,23,22,22,12,11,38,35,16,42,33,38,-1,-1,-1,37,49,39,-1,134,-1,14,-1,26,41,48,39,35,-1,-1,-1,116,40,41,-1
16,17,29,80,13,12,12,11,9,9,9,38,38,22,37,24,-1,-1,-1,197,-1,48,24,21,20,19,18,65,51,51,50,51,-1,-1,-1,49,26,-1,-1,-1,-1,-1,-1,-1,-1,31,64,-1,-1,-1,0,21,64,-1,-1,-1,33,39,33,46,24,51,42,65,-1,-1,-1,36,10,37,37,35,20,18,19,21,66,66,59,59,59,57,34,116,-1,42,-1,34,34,96,-1,-1,159,38,50,64,-1,-1,41,20,38,47,19,33,19,19,18,39,41,19,19,36,-1,34,33,33,35,17,17,-1,-1,-1,40,38,20,-1,-1,-1,-1,-1,-1,-1,-1,-1,-1,22,32,-1,36,-1,-1,41,41,40,17,41,-1,-1,90,33,35,17,15,13,14,-1,-1,36,40,150,13,-1,24,31,-1,-1,-1,25,30,30,30,22,46,-1,-1,-1,32,40,37,21,86,-1,97,97,18,18,21,21,21,44,44,-1,38,-1,-1,-1,-1,-1,-1,-1,-1,-1,39,11,-1,101,42,41,41,22,-1,-1,-1,16,14,25,25,25,21,20,100,42,-1,40,40,-1,-1,43,46,35,35,-1,23,23,29,13,40,21,35,35,13,12,25,39,13,13,-1,-1,-1,34,17,17,13,13,22,-1,-1,-1,-1,-1,-1,23,37,36,40,62,65,65,65,-1,-1,-1,45,-1,-1,11,36,-1,-1,-1,-1,25,25,-1,25,14,9,10,-1,12,13,11,11,11,11,12,12,14,14,34,26,26,25,-1,31,-1,20,35,98,35,37,17,17,13,15,-1,-1,23,22,22,12,11,38,35,16,42,27,38,-1,-1,-1,37,23,39,-1,134,-1,14,-1,26,40,48,36,35,-1,-1,-1,116,40,40,-1
16,25,60,89,21,16,16,20,22,22,19,5,9,9,12,10,11,-1,19,182,24,33,22,15,15,17,16,44,46,46,45,46,-1,21,20,19,27,-1,-1,-1,-1,16,-1,15,-1,55,59,-1,25,21,21,0,44,-1,-1,-1,59,-1,-1,-1,15,41,22,94,32,25,26,16,63,17,-1,-1,27,-1,-1,28,56,56,39,39,39,44,45,56,-1,-1,-1,14,14,86,20,21,149,60,30,44,-1,-1,40,27,48,27,32,44,-1,-1,-1,-1,-1,-1,-1,37,18,45,44,44,-1,-1,-1,-1,-1,-1,39,41,29,-1,16,-1,-1,-1,-1,-1,12,12,-1,-1,-1,16,-1,16,-1,40,40,50,15,60,-1,-1,80,44,34,18,20,32,32,-1,-1,16,51,125,20,30,15,31,17,16,-1,-1,34,34,34,75,47,-1,-1,21,-1,39,48,74,76,-1,87,87,33,33,36,36,36,34,34,29,-1,36,35,36,36,36,36,35,36,36,29,19,-1,91,44,44,44,32,24,25,-1,30,32,78,78,78,15,28,90,22,19,39,39,-1,-1,46,57,15,15,30,76,76,31,22,41,-1,-1,-1,31,21,-1,39,18,19,-1,-1,-1,45,14,15,19,20,-1,-1,-1,-1,-1,-1,-1,14,48,47,53,65,68,68,68,-1,-1,-1,35,-1,-1,20,26,-1,-1,-1,-1,-1,-1,-1,-1,32,22,20,22,20,22,20,20,20,20,20,30,33,32,51,-1,-1,-1,-1,-1,-1,39,15,88,15,17,30,31,17,16,-1,-1,30,30,14,19,19,-1,34,15,40,33,41,-1,22,22,17,76,-1,-1,127,19,18,-1,79,39,48,-1,37,-1,-1,23,56,44,39,-1
42,60,88,92,48,42,42,36,35,35,27,31,41,41,41,40,41,40,44,213,27,64,53,46,46,48,47,75,133,133,132,133,64,52,51,-1,48,73,73,45,73,47,74,46,44,75,112,56,56,64,64,44,0,65,65,65,83,40,35,55,39,65,38,99,56,49,50,32,87,34,30,32,20,37,36,21,80,80,-1,-1,-1,55,80,40,48,32,48,30,30,110,44,45,173,84,11,-1,38,32,52,41,72,13,44,79,37,37,36,32,32,37,38,42,42,80,79,79,38,35,35,34,34,35,43,47,43,39,40,49,37,33,32,34,36,36,32,33,32,40,38,40,38,52,52,74,39,84,35,51,104,79,39,42,44,45,47,36,36,34,86,257,44,54,39,43,41,40,34,38,40,40,40,99,51,35,48,45,48,43,83,98,100,36,111,111,45,45,45,45,45,76,76,53,35,60,59,60,60,60,60,59,60,60,71,43,38,115,48,48,48,41,50,57,45,44,46,102,102,102,39,40,114,39,43,43,43,48,47,81,92,32,32,54,100,100,39,46,46,37,34,35,46,45,30,51,42,43,46,39,39,80,38,39,43,44,33,49,43,43,42,41,41,38,83,82,77,100,103,103,103,38,38,39,77,39,40,44,68,46,45,45,49,37,38,36,37,46,46,44,46,44,46,44,44,44,44,44,45,49,47,75,36,36,35,35,34,35,49,32,112,32,34,44,45,41,40,50,51,41,41,38,43,43,32,38,39,44,37,76,40,57,57,34,100,41,40,151,43,42,47,103,43,52,31,45,49,48,50,40,49,43,68
26,40,38,90,21,23,22,21,19,19,15,-1,-1,-1,-1,-1,-1,-1,34,204,-1,56,31,28,27,26,25,72,58,58,57,58,-1,-1,-1,56,33,-1,-1,-1,-1,-1,-1,-1,-1,41,71,-1,-1,-1,-1,-1,65,0,0,0,72,33,38,46,26,50,30,29,10,9,9,24,43,26,22,25,30,21,20,31,75,75,29,29,30,41,65,63,7,24,8,22,22,102,30,31,138,81,33,32,21,20,39,20,67,35,18,64,-1,-1,-1,29,31,21,22,22,29,65,64,64,41,24,24,30,31,31,25,26,21,29,25,-1,26,29,32,29,22,22,31,20,21,24,41,24,27,39,39,78,17,84,30,-1,100,64,21,17,16,14,15,22,22,39,71,153,14,10,26,30,25,25,32,-1,18,18,18,59,33,22,-1,32,33,25,68,58,100,33,103,104,18,18,18,18,19,48,48,6,28,14,13,15,14,14,14,13,15,15,45,12,27,114,30,29,31,18,7,7,11,17,14,27,27,27,23,23,113,45,29,25,25,-1,-1,53,81,37,37,10,60,60,21,14,28,23,25,24,14,13,36,38,14,14,7,-1,-1,65,18,17,13,14,21,7,17,17,18,-1,-1,25,68,67,81,64,67,67,67,-1,-1,-1,49,-1,-1,12,41,-1,-1,-1,-1,-1,-1,-1,-1,14,10,11,11,12,14,12,12,12,12,12,13,14,14,77,21,21,21,20,36,20,18,38,104,38,40,17,17,14,16,-1,-1,21,20,22,14,13,28,21,17,26,20,53,21,11,12,39,24,41,29,117,16,15,7,57,25,34,29,23,7,8,6,66,29,25,-1
26,40,38,90,21,23,22,21,19,19,15,-1,-1,-1,-1,-1,-1,-1,34,204,-1,56,31,28,27,26,25,72,58,58,57,58,-1,-1,-1,56,33,-1,-1,-1,-1,-1,-1,-1,-1,41,71,-1,-1,-1,-1,-1,65,0,0,-1,72,33,27,43,23,44,42,29,10,9,9,36,46,40,28,25,30,21,20,31,41,41,29,29,30,44,47,66,7,32,8,34,34,86,34,33,122,47,33,32,18,20,40,20,51,35,33,46,-1,-1,-1,29,31,21,22,38,37,47,46,46,30,24,24,18,19,19,40,43,33,22,19,-1,19,17,18,17,19,19,18,20,21,18,30,19,20,40,40,41,17,47,15,-1,84,46,36,17,16,14,15,22,22,39,53,98,14,10,30,37,19,19,19,-1,36,36,37,50,44,22,-1,29,28,40,50,49,75,27,87,88,32,32,35,35,35,81,81,6,28,14,13,15,14,14,14,13,15,15,78,12,20,88,46,46,46,36,-1,-1,11,17,14,27,27,27,23,23,87,45,26,40,40,-1,-1,45,63,37,37,10,55,56,36,14,42,23,25,24,14,13,18,41,14,14,7,-1,-1,47,18,17,13,14,21,7,17,17,18,-1,-1,24,50,49,40,56,59,59,59,-1,-1,-1,82,-1,-1,12,74,-1,-1,-1,-1,-1,-1,-1,-1,14,10,11,11,12,14,12,12,12,12,12,13,14,14,54,21,21,21,20,25,20,35,38,88,38,40,17,17,14,16,-1,-1,36,36,22,14,13,28,34,17,39,33,48,20,11,12,39,24,33,22,63,16,15,-1,48,38,37,29,41,7,8,6,66,46,38,-1
26,40,38,90,21,23,22,21,19,19,15,-1,-1,-1,-1,-1,-1,-1,34,204,-1,56,31,28,27,26,25,72,58,58,57,58,-1,-1,-1,56,33,-1,-1,-1,-1,-1,-1,-1,-1,41,71,-1,-1,-1,-1,-1,65,0,-1,0,62,33,27,39,30,44,42,29,10,9,9,36,38,40,28,25,30,21,20,31,41,41,29,29,30,44,47,66,7,32,8,34,34,86,34,33,122,47,33,32,18,20,40,20,51,35,33,46,-1,-1,-1,29,31,21,22,37,37,47,46,46,30,24,24,18,19,19,38,43,33,22,22,-1,19,17,18,17,26,26,18,20,21,23,30,22,20,40,40,41,17,47,15,-1,84,46,34,17,16,14,15,22,22,39,53,98,14,10,30,37,22,22,19,-1,35,35,35,50,37,22,-1,29,28,38,50,49,75,27,87,88,32,32,35,35,35,81,81,6,28,14,13,15,14,14,14,13,15,15,78,12,20,88,43,43,43,35,-1,-1,11,17,14,27,27,27,23,23,87,45,26,38,38,-1,-1,49,63,37,37,10,55,56,34,14,41,23,25,24,14,13,18,41,14,14,7,-1,-1,47,18,17,13,14,21,7,17,17,18,-1,-1,24,50,49,40,59,62,62,62,-1,-1,-1,82,-1,-1,12,74,-1,-1,-1,-1,-1,-1,-1,-1,14,10,11,11,12,14,12,12,12,12,12,13,14,14,54,21,21,21,20,25,20,35,38,88,38,40,17,17,14,16,-1,-1,36,36,22,14,13,28,21,17,26,20,48,20,11,12,39,24,33,22,63,16,15,-1,48,25,37,29,23,7,8,6,66,33,25,-1
40,45,47,86,37,46,46,42,41,41,53,41,41,42,41,40,41,40,40,116,49,38,41,38,37,36,35,46,68,68,67,68,33,34,33,66,43,41,41,41,43,39,44,38,65,90,19,31,28,33,33,59,83,72,72,62,0,51,46,68,46,40,82,67,39,41,41,76,54,72,69,69,79,71,47,80,19,19,48,48,49,75,55,97,43,73,43,74,74,73,50,51,105,14,52,51,53,43,48,40,8,54,40,54,72,71,71,73,75,71,71,37,48,55,54,54,48,71,71,55,55,55,38,43,40,56,47,52,50,54,42,54,43,43,55,44,42,46,49,47,49,49,50,13,44,15,54,50,79,54,34,41,41,42,45,46,46,76,61,119,43,36,46,49,47,47,56,49,35,35,35,21,46,45,49,52,54,38,58,21,67,60,74,74,40,40,42,43,43,57,57,39,72,43,42,43,43,43,43,42,43,43,54,45,50,79,43,43,43,35,42,43,46,39,41,67,67,67,42,41,78,75,50,38,38,55,56,80,67,74,74,36,14,15,34,46,41,47,44,45,45,46,41,57,47,48,46,57,57,55,44,45,43,43,43,42,54,54,55,56,56,44,58,57,14,90,93,93,93,57,55,55,58,56,57,49,50,46,47,46,51,48,49,46,48,42,49,47,50,47,48,46,46,46,44,44,44,40,40,5,47,47,47,46,44,45,46,72,63,75,75,39,37,46,44,48,46,43,43,44,46,46,72,35,46,40,34,79,50,40,40,75,67,68,51,83,50,47,47,30,39,48,73,48,43,44,41,97,45,39,50
25,30,73,93,27,25,26,33,30,35,28,15,16,20,16,16,16,-1,26,187,28,38,27,33,33,22,21,49,45,45,44,45,-1,26,25,26,26,-1,-1,-1,-1,21,-1,20,-1,57,58,-1,30,38,39,-1,40,33,33,33,51,0,-1,-1,17,29,-1,33,25,27,27,-1,57,15,-1,-1,31,-1,-1,32,44,44,49,49,50,18,29,57,19,-1,19,-1,-1,71,22,23,107,48,53,52,12,-1,22,25,36,55,23,28,-1,-1,-1,-1,-1,-1,-1,22,24,29,28,28,-1,-1,-1,12,12,12,23,28,23,10,19,23,15,13,-1,12,23,23,-1,-1,-1,18,-1,17,15,22,22,38,29,48,14,24,69,28,19,29,30,31,33,-1,-1,-1,35,100,31,22,17,29,20,20,12,-1,20,20,20,67,31,-1,18,17,15,23,32,72,69,8,72,73,24,24,25,25,25,32,32,25,-1,29,28,29,29,29,29,28,29,29,29,26,14,93,36,36,36,29,21,21,16,29,31,31,31,31,26,25,92,18,13,32,32,21,21,61,45,-1,-1,22,60,61,26,28,34,-1,-1,-1,28,27,-1,23,22,21,17,15,15,29,26,26,30,30,-1,20,15,15,15,13,13,26,32,31,45,71,74,74,74,14,12,12,33,13,13,20,25,16,16,16,20,-1,-1,18,-1,32,22,23,21,24,26,25,25,25,26,27,27,32,31,70,-1,-1,-1,17,-1,17,37,15,87,-1,18,29,30,23,27,20,21,26,26,25,25,24,-1,27,24,33,26,60,15,27,27,-1,28,-1,17,65,21,22,18,50,32,39,-1,32,20,18,21,57,35,32,28
20,25,67,86,22,20,21,27,30,29,23,-1,-1,14,-1,-1,-1,-1,21,182,-1,33,22,15,15,17,16,44,40,40,39,40,-1,21,20,21,21,-1,-1,-1,-1,16,-1,15,-1,52,53,-1,25,33,33,-1,35,38,27,27,46,-1,0,18,12,24,22,27,21,16,16,16,52,12,9,9,37,-1,-1,38,39,39,45,45,46,15,23,37,14,16,14,14,14,80,16,17,116,69,25,48,7,-1,16,21,55,24,26,22,-1,-1,-1,-1,15,-1,-1,26,18,23,22,22,-1,-1,-1,-1,-1,-1,27,27,23,5,10,18,6,-1,-1,-1,18,18,-1,-1,-1,10,-1,10,7,16,16,66,21,72,9,19,79,22,23,24,26,27,24,-1,-1,16,29,95,27,20,12,21,10,15,-1,-1,22,22,23,47,34,-1,13,12,10,27,26,46,78,-1,81,82,27,27,26,27,27,27,27,17,12,25,25,26,25,26,26,24,26,26,24,21,9,86,31,31,31,24,16,16,11,24,26,25,25,25,21,20,84,38,8,27,27,16,16,56,39,14,14,20,48,48,21,23,29,-1,-1,-1,23,22,-1,17,17,16,12,10,10,23,21,21,25,25,-1,15,10,10,10,8,8,21,26,25,69,66,69,69,69,9,7,7,28,8,8,15,20,11,11,11,15,-1,-1,-1,-1,27,17,18,16,19,21,20,20,20,21,22,22,27,26,65,-1,-1,-1,12,-1,-1,32,12,82,15,15,24,25,18,22,15,16,21,21,20,20,19,12,22,20,28,21,55,10,22,22,15,22,-1,12,60,12,17,13,45,27,34,13,27,15,13,16,37,30,27,23
24,36,67,119,25,30,31,38,36,36,39,22,23,20,18,21,19,20,37,201,42,52,47,27,27,36,35,63,49,49,48,49,39,33,32,41,30,45,45,-1,46,28,47,27,-1,61,62,36,38,46,46,-1,55,46,43,39,68,-1,18,0,19,64,38,36,28,23,24,32,52,28,25,25,53,27,27,54,59,59,44,44,44,31,25,53,35,32,35,30,30,91,16,17,149,75,41,50,-1,25,18,32,71,40,37,24,28,27,27,29,31,27,27,37,21,25,24,24,22,27,27,-1,-1,-1,38,38,34,-1,-1,39,-1,22,23,22,26,26,23,24,23,-1,22,-1,-1,17,18,72,38,78,22,41,90,24,34,33,36,38,39,29,29,49,31,102,37,26,20,23,25,25,-1,33,31,31,31,53,39,29,32,-1,-1,37,41,52,92,-1,102,102,36,36,36,36,37,47,47,26,31,32,32,33,33,33,33,32,33,33,44,36,22,97,47,47,47,37,35,35,30,36,38,61,61,61,37,36,96,31,-1,37,37,35,35,38,50,45,45,26,54,54,35,38,45,27,26,26,38,38,26,18,36,35,31,29,29,38,37,37,35,35,29,34,29,29,29,27,27,22,41,40,56,49,52,52,52,25,23,23,48,24,27,34,40,30,30,30,34,32,33,29,32,39,36,37,35,35,38,36,36,36,37,37,38,40,39,54,30,30,30,28,-1,28,48,43,91,44,46,36,37,32,38,34,35,35,35,36,34,35,32,32,36,38,31,38,26,30,31,41,59,-1,24,66,28,36,32,51,37,45,34,43,34,32,35,53,46,37,28
11,15,44,83,12,10,11,-1,16,16,21,13,13,12,9,10,7,11,14,150,26,29,18,-1,-1,-1,12,47,32,32,31,32,-1,-1,-1,25,-1,-1,-1,-1,-1,-1,-1,-1,-1,37,34,-1,-1,24,24,15,39,26,23,30,46,17,12,19,0,26,47,56,19,14,14,42,30,12,34,9,37,22,22,38,51,51,36,36,37,15,16,37,21,30,21,39,40,68,-1,-1,91,53,25,39,10,15,9,10,49,24,13,15,31,11,11,29,37,23,23,13,-1,16,15,15,15,11,11,8,8,8,18,11,12,4,-1,25,8,9,11,9,-1,-1,10,19,17,-1,16,-1,9,9,9,50,-1,56,9,21,75,15,14,-1,14,14,17,18,18,16,22,80,15,16,-1,-1,-1,-1,8,23,8,8,9,31,17,16,19,-1,-1,18,19,30,70,8,69,70,13,13,14,14,14,37,37,16,33,22,22,23,23,23,23,22,23,23,34,-1,9,82,15,15,15,10,23,23,18,14,13,43,43,43,-1,9,81,15,-1,18,18,23,23,19,28,14,14,16,32,32,11,-1,13,27,24,25,18,-1,21,13,-1,-1,19,14,14,16,-1,-1,-1,-1,23,22,-1,-1,14,15,15,-1,19,18,53,30,33,33,33,16,12,13,38,13,15,-1,30,18,18,18,22,26,27,20,26,14,-1,-1,18,-1,-1,-1,-1,-1,-1,-1,16,11,12,49,24,24,24,19,-1,19,17,12,70,15,15,14,12,-1,-1,22,20,11,11,-1,-1,-1,34,11,-1,15,11,19,10,20,21,15,41,-1,-1,44,-1,-1,20,29,15,16,35,13,22,20,18,37,14,15,18
36,26,85,76,17,39,31,31,35,35,48,42,23,24,23,22,23,22,22,161,55,40,74,41,41,69,67,34,56,56,55,56,60,61,47,55,43,68,68,68,70,66,69,74,76,78,68,54,51,51,51,41,65,50,44,44,40,29,24,64,26,0,62,92,59,39,40,56,72,52,49,31,74,26,26,75,30,30,68,68,68,55,53,77,38,35,38,54,54,57,30,31,80,34,65,74,27,22,35,22,22,64,20,52,30,30,30,33,35,27,27,19,25,53,52,52,27,30,30,24,24,24,20,25,20,29,31,39,27,23,21,23,27,27,22,23,21,30,28,29,27,35,35,24,26,34,25,41,54,52,16,26,27,34,35,25,25,56,59,98,35,44,42,26,31,32,23,28,17,17,17,65,28,24,37,48,35,20,56,64,62,25,58,59,21,21,22,22,22,36,36,41,32,57,59,57,59,58,60,58,58,57,33,35,27,64,25,25,25,17,39,40,35,25,32,83,83,83,22,21,63,55,45,20,20,37,37,41,69,54,54,56,42,43,16,36,23,26,23,24,35,36,20,33,32,33,36,28,28,53,26,26,28,28,22,39,32,32,31,30,30,22,56,55,27,52,55,55,55,28,27,28,37,29,30,34,29,35,34,35,39,27,28,25,27,32,40,38,37,37,38,36,36,36,35,34,34,29,32,25,26,26,26,25,23,24,31,52,59,55,55,25,24,31,30,39,40,18,17,22,38,38,32,16,29,21,15,44,29,51,52,42,76,44,41,88,38,37,49,51,32,41,41,34,49,47,49,87,38,32,134
31,37,76,88,36,30,33,32,31,31,23,19,21,30,33,33,34,31,43,191,23,42,31,24,24,26,25,53,97,97,96,97,42,30,29,24,53,43,43,38,42,25,41,24,22,71,90,46,49,42,42,22,38,30,42,42,82,-1,22,38,47,62,0,176,47,45,45,-1,81,-1,-1,-1,23,-1,-1,24,105,105,36,36,36,15,30,-1,43,-1,43,-1,-1,103,28,29,154,69,27,41,35,17,36,25,60,24,28,34,-1,-1,-1,-1,-1,-1,-1,26,26,31,30,30,23,-1,-1,32,32,32,27,31,27,37,39,33,34,31,17,31,21,21,29,18,17,38,23,37,35,36,36,60,23,70,32,35,97,28,23,27,28,29,31,21,21,-1,30,184,28,49,24,27,39,39,31,23,24,24,24,93,35,30,37,30,42,27,31,92,92,21,104,104,29,29,29,29,29,120,120,45,-1,51,50,51,51,51,51,50,51,51,115,27,35,116,32,32,32,25,43,43,40,28,30,96,96,96,23,24,114,15,40,27,27,32,31,31,85,-1,-1,49,94,94,23,30,30,-1,19,20,30,29,15,35,27,28,39,36,36,28,22,23,27,28,18,44,39,39,39,37,37,22,28,30,63,120,123,123,123,35,35,35,121,36,37,29,112,40,39,40,35,22,23,32,22,30,31,29,30,28,30,29,29,29,28,29,29,33,31,64,21,21,20,31,19,31,33,-1,105,-1,-1,28,29,26,25,38,39,25,25,22,27,27,-1,22,24,28,21,34,25,47,47,-1,94,26,25,114,28,27,39,97,27,36,-1,29,44,42,44,-1,33,27,40
39,44,16,85,51,30,30,30,31,58,67,94,94,105,94,107,94,93,54,307,67,37,91,88,88,86,85,249,97,97,96,97,65,52,55,97,54,113,113,64,115,61,116,55,98,9,30,60,57,65,65,94,99,29,29,29,67,33,27,36,56,92,176,0,55,57,57,59,37,61,57,59,65,63,64,66,71,71,64,64,65,81,85,103,59,59,59,57,57,81,43,44,99,47,68,67,27,72,37,59,47,70,60,85,64,64,63,59,59,64,64,71,38,85,84,84,73,62,62,35,35,35,71,67,61,76,25,68,30,33,74,33,29,29,74,67,68,27,74,27,30,38,39,49,56,50,31,66,77,84,71,56,54,54,54,33,33,61,52,102,53,52,62,35,25,25,76,70,68,68,69,28,69,32,65,43,45,71,88,28,76,78,82,83,59,59,36,36,37,112,112,55,62,59,58,59,59,59,59,58,59,59,109,51,29,92,71,71,71,69,58,59,62,56,55,42,42,42,60,60,91,66,33,71,71,71,72,75,95,59,59,52,33,33,71,53,69,66,67,67,53,53,70,40,22,21,62,26,26,85,56,56,52,52,67,58,22,23,24,24,24,36,50,87,49,84,87,87,87,27,28,27,113,26,25,19,114,62,63,62,67,70,70,30,70,54,47,48,17,49,52,50,50,50,52,52,52,56,56,43,71,71,70,31,76,32,36,59,83,59,61,56,57,22,24,64,62,71,71,31,50,49,59,39,24,71,38,75,26,56,56,61,44,84,31,98,22,22,63,20,71,70,58,69,59,60,57,103,70,71,66
18,19,28,78,15,14,14,13,11,11,-1,-1,-1,24,39,26,-1,-1,-1,195,-1,46,22,19,18,17,16,63,49,49,48,49,-1,-1,-1,47,24,-1,-1,-1,-1,-1,-1,-1,-1,31,62,-1,-1,-1,-1,32,56,10,10,10,39,25,21,28,19,59,47,55,0,-1,-1,45,8,49,36,13,19,17,18,20,36,36,53,53,53,55,31,57,-1,40,-1,42,42,90,-1,-1,141,35,44,58,-1,-1,39,18,32,41,17,32,18,18,17,37,39,18,18,34,-1,32,31,31,33,16,16,-1,-1,-1,39,37,18,-1,-1,12,-1,-1,-1,-1,-1,-1,-1,21,30,-1,34,-1,-1,39,39,31,-1,38,-1,9,84,29,28,-1,13,11,12,-1,-1,49,31,171,11,-1,-1,-1,-1,-1,-1,24,26,26,26,20,44,-1,-1,-1,27,39,32,19,84,29,91,91,16,16,19,19,19,41,41,-1,36,-1,-1,-1,-1,-1,-1,-1,-1,-1,36,9,-1,103,40,40,40,27,-1,-1,-1,14,12,23,23,23,-1,18,101,54,-1,39,39,-1,-1,77,51,47,47,-1,21,21,28,11,38,20,33,33,11,10,24,37,11,11,12,-1,-1,29,-1,-1,11,11,21,-1,-1,-1,-1,-1,-1,-1,29,31,36,56,59,59,59,-1,-1,-1,42,-1,-1,9,33,-1,-1,-1,11,24,24,-1,24,12,7,8,-1,10,11,9,9,9,9,10,10,12,12,31,25,25,24,-1,29,-1,18,47,92,47,49,15,15,11,13,-1,-1,-1,-1,-1,10,9,36,27,14,40,26,79,-1,-1,-1,48,21,37,-1,101,-1,12,12,24,39,46,37,33,-1,-1,-1,57,39,39,11
13,14,26,80,10,9,9,8,6,6,-1,-1,-1,-1,-1,-1,-1,-1,-1,188,-1,39,17,14,13,12,11,58,42,42,41,42,-1,-1,-1,35,-1,-1,-1,-1,-1,-1,-1,-1,-1,28,55,-1,-1,-1,-1,25,49,9,9,9,41,27,16,23,14,39,45,57,-1,0,-1,44,4,48,13,15,21,19,20,22,32,32,47,47,47,49,25,59,-1,38,-1,41,41,86,-1,-1,137,31,38,52,-1,-1,33,16,28,35,15,26,20,20,19,36,37,20,20,23,-1,26,25,25,27,18,18,-1,-1,-1,26,29,16,21,-1,13,-1,-1,-1,-1,-1,-1,-1,23,24,-1,28,-1,-1,33,33,27,13,34,-1,10,80,23,22,13,11,9,10,-1,-1,47,25,183,9,-1,-1,-1,-1,-1,-1,-1,20,20,20,16,39,-1,-1,-1,24,26,26,15,80,23,87,87,14,14,17,17,17,35,35,-1,35,-1,-1,-1,-1,-1,-1,-1,-1,-1,30,7,-1,99,34,34,34,21,-1,-1,-1,12,10,19,19,19,17,16,97,52,-1,26,26,-1,-1,73,45,45,45,-1,17,17,22,9,29,29,27,27,9,8,20,-1,-1,-1,-1,-1,-1,23,-1,-1,9,9,25,-1,-1,-1,-1,-1,-1,-1,23,25,32,50,53,53,53,-1,-1,-1,36,-1,-1,-1,27,-1,-1,-1,-1,-1,-1,-1,-1,10,-1,-1,-1,8,9,7,7,7,7,8,8,10,10,27,-1,-1,-1,-1,23,-1,16,45,88,46,47,13,13,-1,11,-1,9,19,18,-1,8,-1,15,21,-1,27,20,75,-1,-1,-1,47,17,31,-1,97,-1,-1,-1,20,26,40,36,26,-1,-1,-1,59,33,26,7
13,14,26,80,10,9,9,8,6,6,-1,-1,-1,-1,-1,-1,-1,-1,-1,188,-1,39,17,14,13,12,11,58,42,42,41,42,-1,-1,-1,36,-1,-1,-1,-1,-1,-1,-1,-1,-1,28,55,-1,-1,-1,-1,26,50,9,9,9,41,27,16,24,14,40,45,57,-1,-1,0,44,4,48,13,15,21,19,20,22,32,32,47,47,47,49,25,59,-1,39,-1,41,41,86,-1,-1,157,31,38,52,-1,-1,33,16,28,35,15,26,20,20,19,36,38,20,20,23,-1,26,25,25,27,18,18,-1,-1,-1,26,29,16,21,-1,13,-1,-1,-1,-1,-1,-1,-1,23,24,-1,28,-1,-1,33,33,27,13,34,-1,10,80,23,22,13,11,9,10,-1,-1,47,25,183,9,-1,-1,-1,-1,-1,-1,-1,20,20,20,16,39,-1,-1,-1,24,26,26,15,80,23,87,87,14,14,17,17,17,35,35,-1,35,-1,-1,-1,-1,-1,-1,-1,-1,-1,30,7,-1,99,34,34,34,21,-1,-1,-1,12,10,19,19,19,17,16,97,53,-1,26,26,-1,-1,73,45,45,45,-1,17,17,22,9,29,29,27,27,9,8,20,-1,-1,-1,-1,-1,-1,23,-1,-1,9,9,25,-1,-1,-1,-1,-1,-1,-1,23,25,32,50,53,53,53,-1,-1,-1,36,-1,-1,-1,27,-1,-1,-1,-1,-1,-1,-1,-1,10,-1,-1,-1,8,9,7,7,7,7,8,8,10,10,27,-1,-1,-1,-1,23,-1,16,45,88,46,48,13,13,-1,11,-1,9,19,18,-1,8,7,15,21,-1,27,20,75,-1,-1,-1,47,17,31,-1,97,-1,-1,-1,20,26,40,36,26,-1,-1,-1,59,33,26,7
26,32,70,82,30,24,24,26,25,25,17,13,16,24,27,25,26,26,37,185,17,36,25,18,18,20,19,47,91,91,90,91,36,24,23,18,47,37,37,32,36,19,36,18,16,65,84,40,43,36,36,16,32,24,36,36,76,-1,16,32,42,56,-1,59,45,44,44,0,51,8,-1,-1,18,-1,-1,19,58,58,31,31,31,11,90,38,38,-1,38,-1,-1,88,44,43,71,62,22,36,30,12,56,43,50,19,47,91,-1,-1,-1,-1,-1,-1,-1,53,46,91,90,90,18,-1,-1,14,14,15,55,56,45,19,34,25,29,13,12,14,35,35,12,13,12,33,18,32,30,56,56,52,41,62,15,23,82,88,50,44,45,47,47,16,16,-1,90,136,46,43,39,47,33,33,14,18,50,50,50,63,30,15,31,39,37,55,91,62,85,16,89,89,49,49,51,51,52,123,123,40,-1,45,44,46,45,46,46,45,46,46,120,45,30,96,60,27,60,48,37,38,35,45,47,66,66,66,43,44,95,11,35,55,55,25,24,94,80,-1,-1,43,64,64,47,47,57,14,14,15,47,46,10,55,38,38,34,19,19,88,40,40,44,44,13,39,34,34,33,32,32,42,88,90,55,115,118,118,118,18,29,30,124,31,32,38,116,35,34,35,29,17,18,16,17,47,40,42,39,43,45,44,44,44,45,45,46,49,48,53,16,16,15,15,14,15,54,-1,90,-1,-1,45,46,41,41,33,33,46,46,42,42,43,-1,50,37,56,49,97,31,41,42,-1,64,21,32,107,35,38,33,67,55,31,-1,53,39,37,39,38,59,55,34
19,24,16,111,23,18,18,31,27,15,24,50,50,32,49,34,57,77,17,202,38,83,18,15,14,13,12,59,60,60,59,60,10,11,10,43,20,18,18,18,20,16,21,15,42,28,101,8,5,10,10,63,87,43,46,38,54,57,52,52,30,72,81,37,8,4,4,51,0,71,69,71,47,71,70,48,30,30,89,89,89,91,101,85,38,71,38,68,68,84,59,68,155,29,80,94,49,55,76,54,26,77,50,102,59,76,75,71,71,71,72,49,59,102,101,101,69,74,74,56,56,56,51,49,54,56,48,47,52,54,62,54,51,51,62,68,66,49,70,49,52,76,76,25,50,32,52,44,78,99,52,50,49,69,71,54,54,70,101,181,68,12,55,60,47,47,64,57,52,52,51,14,57,52,45,69,71,51,102,13,78,67,85,85,48,48,46,46,46,134,134,12,74,15,15,16,16,16,16,14,16,16,131,67,51,97,52,52,52,53,38,38,41,51,68,17,17,17,54,55,95,76,55,51,51,51,51,71,59,69,69,12,15,15,57,70,50,71,69,69,70,69,64,75,44,44,42,47,47,99,50,50,47,47,67,38,45,45,46,46,46,62,99,101,30,126,129,129,129,48,48,48,135,47,46,41,127,41,42,42,46,57,58,51,57,70,41,43,40,68,16,68,68,68,68,69,69,67,51,25,57,57,58,52,65,52,-1,69,86,69,71,50,52,44,46,43,42,59,59,54,45,44,71,56,47,52,55,73,49,38,14,71,15,73,54,95,44,44,43,18,51,58,70,47,38,39,36,85,51,51,44
30,36,66,84,26,20,20,28,26,26,19,9,20,28,31,33,33,30,43,186,19,37,26,19,19,21,20,48,87,87,86,87,37,25,24,20,51,42,42,36,40,20,40,19,17,67,85,44,47,37,37,17,34,26,40,40,72,15,12,28,12,52,-1,61,49,48,48,8,71,0,-1,-1,20,12,18,21,60,60,32,32,32,6,92,28,42,8,42,5,4,90,49,48,73,64,23,37,34,14,33,47,52,20,52,93,-1,-1,-1,-1,8,13,13,58,52,93,92,92,20,-1,-1,32,32,32,24,28,49,37,38,33,35,31,29,31,41,41,30,12,11,38,20,37,35,33,33,54,45,64,31,35,84,90,56,48,50,52,52,18,18,-1,92,138,50,48,44,52,38,38,31,20,54,54,55,65,32,30,36,44,43,24,93,64,87,33,91,91,53,53,56,56,56,47,47,44,9,50,49,51,50,50,50,49,51,51,44,50,36,98,29,29,29,52,42,42,39,50,52,68,68,68,47,48,97,-1,40,24,24,30,29,96,146,-1,-1,48,66,66,53,51,27,19,16,17,51,51,12,32,42,42,39,35,35,90,44,45,49,49,11,43,38,38,38,37,36,47,90,92,57,117,120,120,120,34,34,35,48,35,36,43,40,39,39,39,34,19,20,31,19,52,45,46,43,48,49,48,48,48,50,50,51,53,52,55,18,18,17,30,31,30,59,-1,92,-1,-1,50,51,46,46,38,38,51,51,47,47,48,-1,55,41,25,54,99,36,46,46,-1,66,39,37,109,39,43,38,69,24,33,-1,57,43,42,43,28,30,24,39
26,33,63,80,23,17,17,24,23,23,15,6,17,15,18,16,17,17,29,184,15,35,24,17,17,19,18,46,84,84,83,84,16,23,22,16,38,20,20,16,23,18,23,17,15,63,83,27,27,38,37,-1,30,22,28,28,69,-1,9,25,34,49,-1,57,36,13,13,-1,69,-1,0,-1,17,-1,-1,18,57,57,31,31,31,34,89,48,15,-1,15,-1,-1,87,36,36,70,61,22,36,17,11,49,35,49,19,40,90,-1,-1,-1,-1,-1,-1,-1,46,39,90,89,89,-1,-1,-1,13,13,14,48,49,37,18,19,-1,16,12,11,13,29,29,11,-1,-1,18,-1,19,17,49,49,51,33,61,14,-1,81,87,43,36,38,40,40,15,15,8,89,135,38,36,32,40,19,19,13,-1,42,42,42,62,56,14,21,24,26,48,90,61,84,15,88,88,41,41,43,44,44,35,35,11,-1,38,37,38,38,38,38,37,39,38,32,38,17,95,52,52,52,40,14,15,24,38,40,65,65,65,35,36,94,7,22,48,48,-1,-1,93,73,6,6,36,63,63,40,39,49,-1,-1,-1,39,39,9,48,30,30,18,18,18,87,32,32,36,37,-1,14,22,22,21,20,20,35,87,89,54,114,117,117,117,17,17,18,36,18,19,31,28,25,24,24,-1,-1,-1,15,-1,40,32,34,31,35,37,36,36,36,38,38,38,41,40,52,-1,-1,-1,14,13,14,47,4,89,7,7,37,39,33,33,20,18,39,39,35,35,35,-1,43,29,49,42,96,19,34,34,7,63,20,19,106,22,31,19,66,48,57,-1,45,15,27,13,48,51,48,22
23,31,64,82,24,18,18,23,24,24,17,7,15,12,15,13,14,14,27,186,17,37,26,36,19,21,20,48,78,78,77,78,18,25,24,18,35,22,22,18,-1,20,-1,19,17,65,85,19,29,37,35,-1,32,25,25,25,69,-1,9,25,9,31,-1,59,13,15,15,-1,71,-1,-1,0,20,-1,-1,21,69,69,34,34,34,36,91,50,18,-1,18,8,8,89,34,25,73,60,25,39,-1,-1,47,33,60,22,38,92,-1,-1,-1,-1,-1,-1,-1,44,37,92,91,91,-1,-1,-1,15,15,16,46,46,35,20,21,-1,18,14,13,15,17,17,13,-1,-1,20,-1,21,19,47,47,62,31,63,-1,-1,83,89,41,34,36,38,38,-1,-1,10,91,63,36,34,20,38,21,21,15,-1,40,40,40,45,54,-1,-1,26,28,46,92,44,86,17,90,90,39,39,41,42,42,33,33,14,-1,36,17,36,18,36,36,17,36,36,30,35,19,97,50,49,50,38,17,18,21,36,38,48,48,48,33,34,96,9,24,46,46,-1,-1,95,71,8,8,34,46,46,38,37,47,-1,-1,-1,37,37,-1,46,23,24,21,-1,-1,89,30,30,34,35,-1,17,-1,-1,-1,-1,-1,33,89,91,62,116,119,119,119,-1,-1,-1,34,-1,-1,25,26,21,22,21,-1,-1,-1,-1,-1,38,27,32,26,33,35,34,34,34,36,36,36,39,38,56,-1,-1,-1,-1,15,-1,45,6,91,9,9,35,36,31,31,23,21,37,37,33,32,33,-1,41,20,47,40,98,-1,15,15,9,46,22,21,126,24,23,22,49,46,55,-1,43,18,19,16,50,49,46,-1
38,56,97,88,46,41,41,32,31,31,23,41,37,37,37,36,37,36,40,218,23,49,79,40,41,43,44,68,178,178,177,178,24,28,27,18,36,28,28,35,31,33,31,32,39,71,57,25,22,20,20,27,20,30,30,30,79,31,37,53,37,74,23,65,19,21,21,18,47,20,17,20,0,25,26,-1,42,42,14,14,15,32,66,54,25,21,25,19,19,84,46,47,80,48,18,17,36,34,57,40,46,20,41,66,26,26,25,21,21,26,26,60,45,66,65,65,35,24,24,38,39,39,63,62,42,42,34,34,39,38,36,38,37,37,36,29,30,36,36,36,38,58,59,42,37,48,39,32,74,65,59,37,35,34,31,35,35,23,72,102,35,18,42,55,33,34,38,32,56,56,56,62,63,36,31,47,48,63,69,61,76,40,85,85,40,40,43,43,43,72,72,21,24,25,24,25,25,25,25,24,25,25,69,33,38,87,68,66,66,56,24,25,28,37,35,48,48,48,41,41,86,28,42,63,63,37,38,102,76,21,21,18,48,49,58,31,66,28,29,29,31,31,32,60,31,30,28,34,34,66,37,36,33,33,29,24,31,31,32,33,32,41,70,68,41,122,125,125,125,35,35,34,73,34,32,28,65,28,29,28,33,32,32,38,32,35,28,30,26,31,29,32,32,32,33,33,34,38,37,50,33,33,32,37,38,37,41,21,85,21,23,37,38,31,33,30,28,45,44,40,31,30,21,59,33,64,58,106,35,22,22,23,45,46,40,80,31,31,29,59,63,63,20,61,25,26,23,54,65,63,32
19,26,59,86,21,19,19,19,21,21,22,8,10,8,11,9,10,10,22,186,21,37,26,32,32,21,20,48,49,49,48,49,-1,25,24,23,31,-1,-1,-1,-1,20,-1,19,-1,59,62,-1,20,18,18,-1,37,21,21,21,71,-1,-1,27,22,26,-1,63,17,19,19,-1,71,12,-1,-1,25,0,-1,25,67,67,39,39,39,41,34,54,-1,-1,-1,9,9,88,23,24,77,58,30,44,-1,-1,44,29,58,27,34,35,-1,-1,-1,-1,-1,-1,-1,40,34,35,34,34,-1,-1,-1,-1,-1,-1,42,43,31,-1,20,-1,-1,-1,-1,-1,16,16,-1,-1,-1,19,-1,20,-1,44,44,60,18,61,-1,-1,82,32,38,30,32,34,35,-1,-1,11,34,59,33,15,19,34,20,20,-1,-1,36,36,37,43,50,-1,-1,25,23,42,35,42,85,-1,89,89,36,36,38,38,38,38,38,18,-1,22,21,22,22,22,22,21,22,22,26,32,-1,96,46,46,46,34,-1,22,-1,32,34,46,46,46,29,30,95,10,23,42,42,-1,-1,94,46,9,9,15,44,44,35,33,44,-1,-1,-1,33,33,-1,42,22,23,-1,-1,-1,32,17,18,31,31,-1,-1,-1,-1,-1,-1,-1,17,32,34,60,59,62,62,62,-1,-1,-1,30,-1,-1,24,22,-1,-1,-1,-1,-1,-1,-1,-1,34,26,24,25,23,32,24,24,24,32,32,33,36,34,54,-1,-1,-1,-1,-1,-1,41,7,90,10,10,32,33,21,20,-1,-1,33,33,29,22,22,-1,38,19,43,37,97,-1,19,19,10,44,-1,-1,124,23,22,-1,47,42,51,-1,40,-1,-1,-1,54,46,42,-1
18,24,58,87,20,19,20,18,20,20,22,8,8,7,10,8,9,9,22,185,22,36,25,32,32,20,19,47,49,49,48,49,-1,24,23,22,30,-1,-1,-1,-1,19,-1,18,-1,58,62,-1,21,19,19,-1,36,20,20,20,47,-1,-1,27,22,26,-1,64,18,20,20,-1,70,18,-1,-1,26,-1,0,26,66,66,38,38,38,42,34,55,-1,10,-1,7,7,87,22,23,78,57,29,43,-1,-1,43,28,57,26,33,35,-1,-1,-1,-1,10,-1,-1,38,33,35,34,34,-1,-1,-1,-1,-1,-1,42,42,30,-1,19,-1,-1,-1,-1,-1,15,15,-1,-1,-1,18,-1,19,-1,43,43,59,17,60,-1,-1,81,32,37,29,31,32,33,-1,-1,13,34,59,32,16,18,34,19,19,-1,-1,35,35,35,42,50,-1,-1,24,22,42,35,41,84,-1,88,88,34,34,36,37,37,29,29,19,-1,23,22,23,23,23,23,22,23,23,26,21,-1,95,45,45,45,33,-1,23,-1,31,33,45,45,45,28,29,94,25,22,42,42,-1,-1,93,45,11,11,16,43,43,33,32,42,-1,-1,-1,32,31,-1,42,21,22,-1,-1,-1,32,16,17,21,30,-1,-1,-1,-1,-1,-1,-1,16,32,34,59,59,62,62,62,-1,-1,-1,30,-1,-1,23,22,-1,-1,-1,-1,-1,-1,-1,-1,32,25,23,24,22,24,23,23,23,30,31,31,34,33,53,-1,-1,-1,-1,-1,-1,40,9,89,18,12,30,31,20,19,-1,-1,32,32,28,21,21,-1,37,18,43,36,96,-1,20,20,12,43,-1,-1,123,-1,21,-1,46,42,50,8,38,-1,-1,-1,55,44,42,-1
39,57,44,89,47,42,42,33,32,32,24,42,38,38,38,37,38,37,41,219,24,50,80,41,42,44,45,69,179,179,178,179,25,29,28,19,37,29,29,36,32,34,32,33,40,72,58,26,23,21,21,28,21,31,31,31,80,32,38,54,38,75,24,66,20,22,22,19,48,21,18,21,-1,25,26,0,42,42,14,14,15,32,66,54,25,21,25,19,19,84,46,47,80,48,18,17,36,34,57,40,46,20,41,66,26,26,25,21,21,26,26,60,45,66,65,65,35,24,24,38,39,39,63,62,42,42,34,34,39,38,36,38,37,37,36,29,30,36,36,36,38,58,59,42,37,48,39,32,74,65,59,37,35,34,31,35,35,23,72,102,35,18,42,55,33,34,38,32,56,56,56,62,63,36,31,47,48,63,69,61,76,40,85,85,40,40,43,43,43,72,72,21,24,25,24,25,25,25,25,24,25,25,69,33,38,87,68,66,66,56,24,25,28,37,35,48,48,48,41,41,86,28,42,63,63,37,38,102,76,21,21,18,48,49,58,31,66,28,29,29,31,31,32,60,31,30,28,34,34,66,37,36,33,33,29,24,31,31,32,33,32,41,70,68,41,122,125,125,125,35,35,34,73,34,32,28,65,28,29,28,33,32,32,38,32,35,28,30,26,31,29,32,32,32,33,33,34,38,37,50,33,33,32,37,38,37,41,21,85,21,23,37,38,31,33,30,28,45,44,40,31,30,21,59,33,64,58,106,35,22,22,23,45,46,40,80,31,31,29,59,63,63,20,61,25,26,23,54,65,63,32
38,45,66,64,32,53,43,43,42,50,34,38,38,39,38,37,38,37,37,108,34,16,47,44,43,42,41,42,104,104,103,104,39,40,39,72,49,47,47,47,49,45,50,44,71,67,25,37,34,66,66,56,80,75,41,41,19,44,39,59,51,30,105,71,36,32,32,58,30,60,57,69,42,67,66,42,0,32,39,39,40,56,79,78,34,34,104,32,32,61,52,53,132,25,43,42,114,118,57,42,20,45,41,80,39,39,38,34,34,39,39,39,47,80,79,79,129,37,37,119,121,121,40,44,40,121,113,43,117,117,119,117,116,116,119,125,125,114,129,114,117,57,57,17,46,26,115,41,39,77,36,46,48,48,51,117,117,36,79,125,49,27,50,48,112,112,122,120,37,37,37,26,48,115,108,125,127,40,80,26,52,125,51,52,40,40,40,40,40,54,54,30,37,34,33,34,34,34,34,33,34,34,51,48,114,59,43,43,43,36,33,34,105,44,45,71,71,71,41,40,58,41,118,38,38,114,114,121,76,34,34,27,20,21,34,50,41,41,42,42,49,49,122,53,85,107,106,110,110,77,44,45,47,47,126,33,108,108,109,109,109,42,77,79,20,95,98,98,98,44,44,43,55,43,41,37,47,37,38,37,42,53,53,47,53,48,37,39,35,50,38,49,49,49,48,48,49,44,46,19,53,53,53,48,57,48,46,34,52,34,36,46,45,40,48,39,37,38,38,42,40,39,34,35,42,41,34,86,44,31,31,36,51,63,49,24,40,40,38,34,40,49,33,42,34,35,32,78,46,40,41
38,45,66,64,32,53,43,43,42,50,34,38,38,39,38,37,38,37,37,108,34,16,47,44,43,42,41,42,104,104,103,104,39,40,39,72,49,47,47,47,49,45,50,44,71,67,25,37,34,66,66,56,80,75,41,41,19,44,39,59,51,30,105,71,36,32,32,58,30,60,57,69,42,67,66,42,32,0,39,39,40,56,79,78,34,34,34,32,32,51,52,53,87,25,43,42,45,51,57,42,20,45,41,80,39,39,38,34,34,39,39,39,47,80,79,79,61,37,37,51,51,51,40,44,40,51,43,43,48,50,51,50,46,46,51,42,43,45,61,45,47,57,57,17,46,26,48,41,39,77,36,46,48,48,49,49,49,36,79,125,49,27,50,48,42,43,52,53,37,37,37,26,48,48,40,56,57,40,80,26,52,55,51,52,42,42,42,42,42,54,54,30,37,34,33,34,34,34,34,33,34,34,51,48,47,59,45,45,45,38,33,34,37,46,47,53,53,53,43,42,58,41,51,40,40,46,47,83,76,34,34,27,22,23,36,50,43,41,42,42,49,49,54,55,40,39,37,43,43,77,46,47,49,49,42,33,40,40,41,42,41,44,77,79,20,95,98,98,98,44,44,43,55,43,41,37,47,37,38,37,42,53,53,47,53,48,37,39,35,50,38,49,49,49,48,48,49,44,46,19,53,53,53,48,57,48,46,34,52,34,36,46,45,40,48,39,37,38,38,42,40,39,34,35,42,41,34,86,44,31,31,36,51,63,49,24,40,40,38,34,40,49,33,42,34,35,32,78,46,40,41
37,55,82,87,42,36,36,31,30,30,22,25,36,36,36,35,36,35,39,208,22,59,48,41,41,43,42,70,128,128,127,128,59,47,46,-1,43,68,68,40,68,42,69,41,39,70,107,51,51,59,59,39,-1,29,29,29,48,49,45,44,36,68,36,64,53,47,47,31,89,32,31,34,14,39,38,14,39,39,0,41,-1,50,105,55,43,27,43,25,25,103,38,39,81,77,6,-1,33,27,46,35,65,11,38,106,32,32,31,27,27,32,33,36,36,106,105,105,33,30,30,29,29,30,37,41,37,34,35,44,32,28,27,29,31,31,27,28,27,34,33,35,33,46,46,67,33,77,30,46,97,103,33,37,38,39,41,31,31,29,105,151,38,49,34,37,35,35,29,33,34,34,34,78,45,30,43,40,42,37,106,77,100,31,104,104,39,39,39,39,39,138,138,48,30,54,54,55,54,55,55,53,55,55,135,37,33,111,42,42,42,35,45,51,40,38,40,81,81,81,33,34,110,34,38,37,37,43,42,109,159,27,27,49,79,79,33,40,40,32,29,30,40,39,25,45,37,38,41,34,34,103,32,33,37,38,28,44,38,38,37,36,36,32,103,105,70,130,133,133,133,33,33,34,139,34,35,39,131,41,40,40,44,32,33,31,32,40,41,39,40,38,40,39,39,39,38,39,39,38,41,68,31,31,30,30,29,30,39,27,105,27,29,38,39,36,35,45,46,35,35,32,37,37,27,32,34,38,31,112,35,51,52,29,79,36,35,122,38,37,42,82,37,46,26,39,44,43,45,55,43,37,62
37,55,82,87,42,36,36,31,30,30,22,25,36,36,36,35,36,35,39,208,22,59,48,41,41,43,42,70,128,128,127,128,59,47,46,-1,43,68,68,40,68,42,69,41,39,70,107,51,51,59,59,39,-1,29,29,29,48,49,45,44,36,68,36,64,53,47,47,31,89,32,31,34,14,39,38,14,39,39,41,0,-1,50,105,55,43,27,43,25,25,103,38,39,81,77,6,-1,33,27,46,35,65,11,38,106,32,32,31,27,27,32,33,36,36,106,105,105,33,30,30,29,29,30,37,41,37,34,35,44,32,28,27,29,31,31,27,28,27,34,33,35,33,46,46,67,33,77,30,46,97,103,33,37,38,39,41,31,31,29,105,151,38,49,34,37,35,35,29,33,34,34,34,78,45,30,43,40,42,37,106,77,100,31,104,104,39,39,39,39,39,138,138,48,30,54,54,55,54,55,55,53,55,55,135,37,33,111,42,42,42,35,45,51,40,38,40,81,81,81,33,34,110,34,38,37,37,43,42,109,159,27,27,49,79,79,33,40,40,32,29,30,40,39,25,45,37,38,41,34,34,103,32,33,37,38,28,44,38,38,37,36,36,32,103,105,70,130,133,133,133,33,33,34,139,34,35,39,131,41,40,40,44,32,33,31,32,40,41,39,40,38,40,39,39,39,38,39,39,38,41,68,31,31,30,30,29,30,39,27,105,27,29,38,39,36,35,45,46,35,35,32,37,37,27,32,34,38,31,112,35,51,52,29,79,36,35,122,38,37,42,82,37,46,26,39,44,43,45,55,43,37,62
38,56,82,88,42,36,36,32,31,31,23,25,37,37,37,36,37,36,40,208,23,59,48,41,41,43,42,70,129,129,128,129,59,47,46,-1,43,68,68,40,68,42,69,41,39,71,107,51,51,59,59,39,-1,30,30,30,49,50,46,44,37,68,36,65,53,47,47,31,89,32,31,34,15,39,38,15,40,40,-1,-1,0,50,105,56,43,27,43,25,25,103,38,39,82,77,6,-1,33,27,46,35,65,11,38,106,32,32,31,27,27,32,33,36,36,106,105,105,33,30,30,29,29,30,37,41,37,34,35,44,32,28,27,29,31,31,27,28,27,34,33,35,33,46,46,67,33,77,30,46,97,103,33,37,38,39,41,31,31,29,105,151,38,49,34,37,35,35,29,33,34,34,34,78,45,30,43,40,42,37,106,77,100,31,104,104,39,39,39,39,39,138,138,48,30,54,54,55,54,55,55,53,55,55,135,37,33,111,42,42,42,35,45,51,40,38,40,81,81,81,33,34,110,34,38,37,37,43,42,109,159,27,27,49,79,79,33,40,40,32,29,30,40,39,25,45,37,38,41,34,34,103,32,33,37,38,28,44,38,38,37,36,36,32,103,105,70,130,133,133,133,33,33,34,139,34,35,39,131,41,40,40,44,32,33,31,32,40,41,39,40,38,40,39,39,39,38,39,39,38,41,68,31,31,30,30,29,30,39,27,105,27,29,38,39,36,35,45,46,35,35,32,37,37,27,32,34,38,31,112,35,51,52,29,79,36,35,122,38,37,42,82,37,46,26,39,44,43,45,56,43,37,62
48,54,69,99,29,23,22,23,29,29,26,12,38,53,54,53,54,52,45,206,59,57,46,39,39,41,40,68,90,90,89,90,57,45,44,41,41,66,66,56,66,40,67,39,37,112,105,49,49,57,57,44,55,41,44,44,75,18,15,31,15,55,15,81,55,49,49,11,91,6,34,36,32,41,42,32,56,56,50,50,50,0,57,-1,21,32,21,29,10,75,38,38,86,44,11,20,52,45,51,40,41,10,46,55,37,37,37,32,31,37,37,45,40,58,57,57,46,36,35,50,50,50,46,47,42,55,56,51,53,49,48,49,59,59,48,40,41,56,47,56,53,52,53,38,40,44,49,53,73,62,42,43,45,46,49,47,47,6,69,62,46,14,34,43,56,56,49,43,42,42,42,46,56,48,54,39,38,46,66,57,72,51,76,76,46,46,46,46,46,37,37,17,34,21,20,21,21,21,21,20,21,21,34,45,54,85,51,51,51,43,60,21,57,43,45,68,68,68,40,39,84,-1,58,46,46,49,49,47,53,9,9,14,38,39,40,47,49,39,41,41,47,46,43,50,42,43,57,53,53,57,40,40,44,44,40,20,57,56,56,55,55,40,66,65,37,58,61,61,61,52,52,53,38,53,54,44,30,58,57,57,52,44,43,49,43,46,46,45,46,44,46,45,45,45,45,46,46,34,45,44,44,44,44,48,50,48,35,-1,77,6,7,43,44,42,41,56,56,40,40,39,43,43,31,41,59,47,40,42,54,18,18,11,66,57,55,82,57,42,56,56,46,56,31,46,21,60,19,-1,50,46,57
18,34,72,105,25,18,18,18,20,20,28,26,26,27,27,26,27,36,18,221,38,72,19,18,18,14,13,48,61,61,60,61,36,25,24,32,20,45,45,27,46,19,46,18,25,48,45,31,28,34,34,45,80,65,47,47,55,29,23,25,16,53,30,85,31,25,25,90,101,92,89,91,66,34,34,66,79,79,105,105,105,57,0,68,44,47,44,53,52,68,57,58,99,65,46,51,26,40,40,18,61,55,20,-1,43,42,42,44,46,42,42,19,53,-1,-1,-1,35,42,42,28,28,28,20,24,20,24,21,44,24,32,35,32,17,17,34,39,38,20,36,20,23,41,42,57,17,62,33,43,80,-1,16,20,22,23,25,49,49,47,-1,81,22,35,59,49,21,21,28,45,16,16,17,46,28,39,39,25,28,20,-1,45,82,28,69,69,21,21,21,21,22,56,56,35,43,40,42,40,42,41,43,41,41,40,53,21,23,99,25,25,25,17,38,39,41,21,23,56,56,56,17,60,98,46,24,20,20,45,46,13,44,45,45,36,47,47,16,23,22,42,42,42,24,23,40,45,21,22,41,35,36,-1,60,16,21,21,38,45,37,37,36,36,36,56,-1,-1,60,34,37,37,37,36,28,34,57,35,36,23,49,41,40,41,40,45,44,39,50,24,26,24,26,23,25,23,23,23,22,22,23,25,23,59,48,48,48,38,31,38,25,43,69,46,46,21,22,21,20,38,39,18,18,60,22,22,43,15,19,21,14,16,24,42,42,46,54,36,25,68,23,22,42,44,20,29,44,21,45,43,37,68,26,20,47
63,69,91,121,51,45,44,45,51,51,48,34,53,133,163,162,163,162,136,284,119,175,173,136,137,139,140,166,112,112,111,112,120,124,123,34,132,124,124,131,127,129,127,128,165,134,183,121,118,116,116,56,40,63,66,66,97,57,37,53,37,77,-1,103,57,59,59,38,85,28,48,50,54,54,55,54,78,78,55,55,56,-1,68,0,41,39,41,37,37,114,53,53,106,64,31,40,53,56,66,55,78,30,61,70,48,48,47,40,39,48,48,60,55,73,72,72,54,47,47,60,60,60,61,62,57,48,55,58,51,59,57,59,51,51,58,51,51,55,54,55,52,67,68,58,55,64,34,60,93,77,57,58,60,61,64,58,58,36,84,82,61,34,49,58,55,55,59,54,57,57,57,66,71,59,62,54,53,61,81,77,92,46,115,115,61,61,61,61,61,57,57,37,41,41,40,41,41,41,41,40,41,41,54,60,52,105,66,66,66,58,40,41,60,58,60,88,88,88,55,54,104,26,51,61,61,60,59,67,94,36,36,34,58,59,55,62,64,49,49,49,62,61,54,65,57,58,61,55,53,72,55,55,59,59,50,40,58,57,57,56,56,55,81,80,57,78,81,81,81,52,53,54,58,54,55,59,50,61,60,60,60,55,54,60,54,61,61,60,61,59,61,60,60,60,60,61,61,61,60,81,55,55,55,59,59,59,66,36,116,38,37,58,59,57,56,48,44,55,55,54,58,58,41,56,54,62,55,62,55,38,38,35,86,53,53,102,58,57,62,76,61,71,41,61,41,63,39,39,65,61,75
18,33,30,82,15,14,14,13,11,11,-1,-1,-1,-1,-1,-1,-1,-1,-1,192,-1,43,22,19,18,17,16,63,46,46,45,46,-1,-1,-1,34,-1,-1,-1,-1,-1,-1,-1,-1,-1,32,59,-1,-1,-1,-1,-1,48,7,7,7,43,19,14,35,21,38,43,59,-1,-1,-1,38,38,42,15,18,25,-1,-1,25,34,34,43,43,43,21,44,41,0,37,-1,39,39,78,-1,-1,72,40,26,25,-1,-1,37,20,38,28,19,30,22,22,21,17,36,22,22,28,27,30,29,29,25,20,20,-1,-1,-1,37,35,20,-1,12,-1,15,-1,-1,-1,-1,-1,-1,19,18,11,26,12,14,37,37,34,17,40,-1,-1,69,27,27,17,15,13,14,-1,-1,45,29,51,13,-1,-1,28,12,12,-1,-1,24,24,24,21,43,-1,-1,-1,-1,37,30,20,68,-1,79,79,18,18,21,21,21,42,42,-1,20,-1,-1,-1,-1,-1,-1,-1,-1,-1,39,11,15,82,38,38,38,25,-1,-1,-1,16,14,24,24,24,21,20,80,51,-1,37,37,-1,-1,33,49,43,43,-1,22,22,26,13,36,24,25,25,13,12,18,36,11,10,-1,-1,-1,27,17,17,13,13,18,-1,-1,-1,-1,-1,-1,23,27,29,33,54,57,57,57,-1,-1,-1,43,-1,-1,-1,35,-1,-1,-1,-1,-1,-1,-1,-1,14,7,10,-1,12,13,11,11,11,11,12,12,14,14,32,-1,-1,-1,-1,21,-1,20,44,79,44,46,17,17,11,15,-1,-1,23,22,22,12,11,17,27,14,38,26,36,13,-1,-1,45,22,-1,16,56,8,12,-1,25,37,44,16,30,-1,-1,-1,48,37,37,12
30,33,71,82,31,25,29,26,25,25,17,14,17,19,22,20,21,20,31,186,17,37,26,19,19,21,20,48,57,57,56,57,36,25,24,18,38,22,22,18,25,33,25,19,17,65,85,29,38,42,42,-1,32,24,32,32,73,-1,16,32,30,35,-1,59,40,38,39,-1,71,8,-1,-1,21,-1,10,21,34,34,27,27,27,32,47,39,37,0,34,-1,-1,75,38,38,72,40,22,21,-1,-1,52,39,41,24,43,40,-1,-1,-1,-1,-1,-1,-1,48,41,41,40,40,17,-1,-1,-1,-1,-1,50,52,41,15,26,-1,24,-1,-1,-1,31,31,-1,-1,-1,26,18,27,25,52,52,34,36,40,-1,24,66,40,46,40,41,43,43,-1,-1,13,47,67,42,39,34,43,29,29,-1,18,45,45,46,73,58,-1,23,21,30,50,44,72,68,15,76,76,45,45,47,47,47,37,37,35,-1,41,40,42,41,41,41,41,42,42,34,41,24,79,56,56,56,44,33,34,20,41,43,40,40,40,39,40,78,13,28,50,50,-1,-1,67,53,8,8,39,74,74,43,42,53,-1,-1,-1,43,42,-1,49,34,34,20,20,22,41,36,36,40,40,-1,34,23,23,24,25,24,38,44,43,33,76,79,79,79,19,-1,21,38,21,24,34,30,20,21,20,-1,-1,-1,-1,17,43,36,38,34,39,41,40,40,40,41,41,42,45,43,44,-1,-1,-1,-1,13,-1,50,10,77,11,13,41,42,37,37,22,20,42,42,38,38,39,-1,46,33,52,45,67,27,37,38,7,37,20,27,68,31,34,21,51,50,60,-1,49,34,33,35,44,55,50,24
18,33,30,82,15,14,14,13,11,11,-1,-1,-1,-1,-1,-1,-1,-1,-1,192,-1,43,22,19,18,17,16,63,46,46,45,46,-1,-1,-1,34,-1,-1,-1,-1,-1,-1,-1,-1,-1,33,59,-1,-1,-1,-1,-1,48,8,8,8,43,19,14,35,21,38,43,59,-1,-1,-1,38,38,42,15,18,25,-1,-1,25,104,34,43,43,43,21,44,41,-1,34,0,39,39,78,-1,-1,72,40,26,25,-1,-1,37,20,38,28,19,30,22,22,21,17,36,22,22,28,27,30,29,29,25,20,20,-1,-1,-1,32,33,20,-1,13,-1,16,-1,-1,-1,-1,-1,-1,19,18,12,26,13,15,37,37,34,17,40,-1,-1,69,27,27,17,15,13,14,-1,-1,19,29,51,13,-1,-1,28,13,13,-1,-1,24,24,24,21,40,-1,-1,-1,-1,32,30,20,68,-1,79,79,18,18,21,21,21,42,42,-1,20,-1,-1,-1,-1,-1,-1,-1,-1,-1,39,11,-1,82,37,36,36,25,-1,-1,-1,16,14,24,24,24,21,20,80,24,-1,32,32,-1,-1,33,49,17,17,-1,22,22,26,13,34,24,25,25,13,12,18,35,12,11,-1,-1,-1,27,17,17,13,13,18,-1,-1,-1,-1,-1,-1,23,27,29,33,54,57,57,57,-1,-1,-1,43,-1,-1,-1,35,-1,-1,-1,-1,-1,-1,-1,-1,14,8,10,-1,12,13,11,11,11,11,12,12,14,14,32,-1,-1,-1,-1,21,-1,20,17,79,17,19,17,17,12,-1,-1,-1,23,22,22,13,13,17,27,15,33,26,36,-1,-1,-1,19,22,-1,17,56,9,13,-1,25,32,41,16,30,-1,-1,-1,48,37,31,12
23,29,68,80,28,22,25,24,23,23,15,11,13,21,24,22,23,23,32,183,15,34,23,16,16,18,17,45,89,89,88,89,34,22,21,16,44,20,20,15,23,17,23,16,14,63,82,37,40,34,34,14,30,22,34,34,74,-1,14,30,39,54,-1,57,42,41,41,-1,68,5,-1,8,19,9,7,19,32,32,25,25,25,29,53,37,39,-1,39,0,-1,78,41,41,69,37,19,18,18,12,54,40,44,21,45,65,10,10,10,-1,-1,9,9,30,43,66,65,65,15,9,9,14,15,15,31,36,43,13,31,23,16,13,11,13,33,33,12,-1,7,30,16,30,17,54,54,31,38,37,15,21,63,65,27,42,43,45,45,15,15,9,72,70,44,7,37,45,31,31,13,14,28,28,28,51,39,14,20,36,35,31,69,50,65,11,79,79,47,47,49,49,49,40,40,37,-1,43,42,44,43,43,43,42,44,44,37,43,17,76,36,36,36,28,35,35,32,43,45,37,37,37,41,42,75,9,33,31,31,22,21,70,78,-1,-1,7,37,38,27,44,34,11,11,11,45,44,10,52,36,35,17,23,23,66,38,38,42,42,7,36,31,31,31,22,21,40,69,68,30,79,82,82,82,24,18,23,41,23,21,36,33,33,32,32,22,-1,-1,15,13,45,38,40,36,41,43,41,41,41,43,43,44,47,45,47,-1,-1,-1,14,11,14,36,-1,80,7,9,43,44,39,39,19,17,29,28,40,40,41,-1,27,34,32,26,70,29,11,11,-1,34,18,18,71,32,36,18,48,31,40,-1,33,36,35,36,42,37,31,21
23,29,68,80,28,22,25,24,23,23,15,11,13,21,24,22,23,24,32,183,15,34,23,16,16,18,17,45,89,89,88,89,34,22,21,16,44,20,20,15,23,17,23,16,14,63,82,37,40,34,34,14,30,22,34,34,74,-1,14,30,40,54,-1,57,42,41,41,-1,68,4,-1,8,19,9,7,19,32,32,25,25,25,10,52,37,39,-1,39,-1,0,78,41,40,69,37,19,18,18,12,54,41,44,21,45,65,10,10,10,-1,-1,9,9,30,44,66,65,65,15,9,9,14,15,15,31,36,43,13,31,23,16,13,11,13,33,33,12,8,7,31,16,30,17,54,54,31,39,37,15,21,63,65,27,42,43,45,45,15,15,8,72,70,44,7,37,45,31,31,13,14,28,28,28,51,39,14,20,36,35,31,69,50,65,11,79,79,32,32,33,33,33,40,40,10,-1,14,13,14,14,14,14,13,14,14,37,43,17,76,36,36,36,28,35,36,33,43,45,37,37,37,41,42,75,9,32,31,31,22,21,70,78,-1,-1,7,37,38,27,45,34,11,11,11,45,44,10,53,36,36,17,23,23,66,38,38,42,42,7,36,32,31,31,22,21,40,69,68,30,79,82,82,82,24,18,19,41,23,21,36,33,33,32,32,22,-1,-1,15,13,45,38,40,36,41,43,42,42,42,43,43,44,47,45,47,-1,-1,-1,14,11,14,36,-1,80,-1,8,43,44,39,39,19,17,29,28,40,40,41,-1,27,35,32,26,70,29,11,11,-1,34,18,18,71,33,36,18,48,31,40,-1,33,37,35,12,41,37,31,21
66,69,82,56,59,71,83,74,84,84,82,70,70,71,76,67,68,67,67,61,76,76,63,61,61,58,56,72,70,70,69,70,103,104,66,81,63,88,96,66,98,94,99,64,66,110,74,86,83,96,96,86,110,102,86,86,73,71,80,91,68,57,103,81,90,86,86,88,84,90,87,89,84,88,87,84,61,51,103,103,103,75,68,114,78,75,78,78,78,0,76,77,63,63,88,87,73,68,84,68,59,90,66,90,76,76,76,79,79,73,73,65,71,91,90,90,73,76,85,79,79,79,62,76,62,72,84,81,82,78,76,78,70,70,77,78,76,84,83,84,82,90,91,58,68,68,80,92,37,93,71,68,88,70,72,80,80,94,100,60,70,78,69,81,71,71,78,83,59,59,59,61,78,79,79,74,77,62,97,61,39,80,-1,-1,63,63,64,64,64,91,91,81,87,85,84,85,85,85,85,84,85,85,88,70,82,55,80,80,80,59,84,85,88,86,68,77,77,77,64,63,54,111,72,62,62,79,79,84,104,88,88,78,72,72,71,71,78,81,78,79,72,71,75,93,76,77,88,83,83,94,68,68,70,70,77,84,74,74,73,72,72,64,98,96,61,95,98,98,98,83,82,83,92,71,72,88,84,88,76,88,81,82,83,80,82,70,72,72,86,70,72,70,70,70,70,70,71,67,67,63,81,81,81,80,78,79,67,90,-1,91,94,86,84,75,92,90,88,73,59,77,72,71,87,71,73,63,70,84,84,82,82,88,75,86,84,77,74,76,89,65,62,79,89,78,85,86,83,133,79,62,92
13,19,49,91,18,15,15,-1,20,20,26,18,18,17,15,10,11,17,21,152,-1,33,22,-1,-1,-1,16,49,36,36,35,36,-1,-1,-1,30,-1,38,38,-1,39,-1,40,-1,-1,42,36,-1,-1,-1,-1,20,44,30,34,34,50,22,16,16,-1,30,28,43,-1,-1,-1,44,59,49,36,34,46,23,22,46,52,52,38,38,38,38,57,53,-1,38,-1,41,41,76,0,-1,92,48,28,44,11,12,12,-1,36,27,16,18,15,14,14,16,18,14,14,16,-1,18,17,17,17,14,14,10,10,10,17,14,16,7,-1,27,9,9,10,9,-1,-1,10,11,10,-1,18,-1,10,12,12,38,-1,46,9,24,69,15,13,-1,17,19,21,15,15,19,17,39,-1,19,-1,14,-1,-1,12,17,12,12,12,60,20,14,26,-1,-1,17,18,33,71,11,77,77,17,17,17,17,18,39,39,19,15,25,25,26,26,26,26,25,26,26,36,-1,10,84,18,18,18,13,22,23,23,17,18,30,30,30,-1,-1,83,18,-1,17,17,23,24,21,31,17,17,19,35,35,13,-1,16,14,14,14,21,-1,12,12,-1,-1,24,13,13,15,-1,-1,-1,-1,10,22,16,15,15,14,14,-1,15,17,41,42,45,45,45,13,11,11,40,12,13,-1,32,22,23,23,27,17,16,15,17,18,-1,-1,21,-1,-1,-1,-1,-1,-1,-1,20,15,18,39,16,16,16,15,13,14,16,15,77,18,18,17,19,-1,-1,24,23,-1,15,-1,-1,-1,15,12,-1,18,11,24,13,23,24,18,27,19,-1,39,-1,-1,25,64,17,19,16,16,22,21,21,40,17,17,21
14,20,50,92,16,15,16,-1,21,21,27,17,17,18,16,11,12,17,22,153,-1,34,23,-1,-1,-1,17,50,37,37,36,37,-1,-1,-1,31,-1,-1,-1,-1,38,-1,39,-1,-1,43,37,-1,-1,-1,-1,21,45,31,33,33,51,23,17,17,-1,31,29,44,-1,-1,-1,43,68,48,36,25,47,24,23,47,53,53,39,39,39,38,58,53,-1,38,-1,41,40,77,-1,0,93,48,28,37,11,12,13,-1,36,27,17,19,15,14,14,16,18,14,14,17,-1,19,18,18,17,14,14,10,10,10,18,15,17,7,-1,28,9,9,10,9,-1,-1,10,11,10,-1,18,-1,10,13,13,38,-1,46,9,25,70,16,14,-1,18,20,22,15,15,19,18,40,-1,20,-1,15,-1,-1,12,17,13,13,13,61,21,14,27,-1,-1,18,19,34,72,11,78,78,18,18,18,18,19,39,39,20,15,26,26,27,27,27,27,26,27,27,36,-1,10,85,19,19,19,14,23,24,24,18,19,31,31,31,-1,-1,84,18,-1,18,18,23,24,22,31,17,17,20,36,36,14,-1,17,14,14,14,22,-1,12,13,-1,-1,25,13,13,16,-1,-1,-1,-1,10,23,16,15,15,14,14,-1,16,18,41,43,46,46,46,13,11,11,40,12,13,-1,32,23,24,24,28,17,16,15,17,19,-1,-1,22,-1,-1,-1,-1,-1,-1,-1,21,16,19,39,16,16,16,15,13,14,17,15,78,18,18,18,20,-1,-1,25,24,-1,16,-1,-1,-1,15,13,-1,19,12,25,13,24,25,18,28,19,-1,40,-1,-1,26,65,18,20,16,17,23,22,22,40,18,18,22
106,91,126,102,93,106,140,117,119,119,138,98,98,99,98,97,98,97,109,153,138,133,164,154,154,159,158,174,144,144,143,144,156,145,144,159,141,166,185,144,187,148,162,147,149,166,137,149,146,159,159,149,173,138,122,122,105,107,116,149,91,80,154,99,141,137,157,71,155,73,70,73,80,77,78,80,132,87,81,81,82,86,99,106,72,72,72,69,69,63,92,93,0,105,138,124,106,98,104,91,99,137,88,110,106,106,106,120,123,103,103,88,101,111,110,110,115,106,106,106,106,106,88,84,88,107,100,115,103,105,97,105,96,96,98,99,97,99,115,100,102,105,106,96,98,114,105,113,80,110,88,94,96,96,99,101,101,129,117,129,97,99,99,102,100,100,99,104,85,85,86,84,86,100,112,105,107,88,114,84,83,109,87,88,89,89,89,90,90,112,112,102,117,106,105,106,106,106,106,105,106,106,109,98,103,94,88,88,88,86,105,106,109,94,95,100,100,100,91,90,94,128,103,88,88,118,119,117,123,123,123,99,96,96,88,100,86,102,99,100,99,99,96,108,102,103,109,109,109,111,97,98,97,97,98,105,107,107,108,109,109,97,114,113,99,171,174,174,174,112,107,107,113,108,109,104,105,109,110,109,114,103,104,101,103,96,108,104,107,103,105,100,100,100,98,98,97,94,94,101,115,115,115,111,108,111,93,125,88,116,129,94,92,101,100,111,109,88,88,93,102,102,119,89,99,88,88,112,103,103,103,123,98,116,104,110,103,102,110,88,88,87,120,86,106,107,104,150,87,88,113
49,54,56,77,36,49,49,51,50,50,40,42,42,43,42,41,42,41,41,122,40,51,46,43,42,41,40,47,77,77,76,77,38,39,38,71,48,46,46,46,48,44,49,43,70,73,24,36,33,38,38,60,84,81,47,47,14,48,69,75,53,34,69,47,35,31,31,62,29,64,61,60,48,58,57,48,25,25,77,77,77,44,65,64,40,40,40,37,37,63,48,48,105,0,48,47,50,40,56,48,-1,50,48,68,44,44,43,39,39,44,44,37,56,71,70,70,53,42,42,42,42,42,38,43,48,59,48,48,58,41,39,41,51,51,40,47,48,54,54,55,57,57,58,-1,52,-1,43,46,62,75,34,49,49,50,45,43,43,41,82,92,51,32,54,54,47,48,41,50,35,35,35,29,46,42,45,60,62,38,79,29,64,57,68,69,48,48,50,51,51,54,54,35,42,39,38,39,39,39,39,38,39,39,51,49,52,77,43,43,43,35,38,39,42,47,49,50,50,50,50,49,76,46,58,38,38,51,52,62,92,39,39,32,22,23,34,45,41,46,47,47,45,45,38,59,45,44,42,48,48,70,52,53,51,51,47,38,45,45,46,47,46,52,79,78,-1,110,113,113,113,49,49,48,55,48,46,42,47,42,43,42,47,50,50,52,50,50,42,44,40,45,43,46,46,46,49,49,52,48,48,-1,51,51,50,43,41,42,54,39,69,39,41,47,45,45,47,44,42,51,35,52,45,44,39,34,47,39,33,65,49,36,36,41,48,49,59,50,45,45,43,38,38,47,38,40,39,40,37,83,44,38,46
41,59,79,91,39,33,33,35,39,39,26,22,40,40,40,39,40,39,43,199,26,50,39,32,32,34,33,61,100,100,99,100,50,38,37,-1,34,59,59,31,59,33,60,32,30,74,98,42,42,50,50,30,11,33,33,33,52,53,25,41,25,65,27,68,44,38,38,22,80,23,22,25,18,30,29,18,43,43,6,6,6,11,46,31,26,22,26,19,19,88,28,28,138,48,0,11,34,40,41,28,51,-1,33,50,43,42,42,26,26,42,42,34,29,50,49,49,45,42,42,34,34,34,35,41,30,32,28,47,29,32,38,32,24,24,34,39,38,27,46,28,30,42,43,47,26,53,33,37,84,49,31,30,31,32,34,43,43,15,58,81,31,23,27,30,28,28,35,45,29,29,29,76,39,42,43,33,35,35,55,75,81,36,92,92,34,34,34,34,35,77,77,26,43,30,29,30,30,30,30,29,30,30,74,30,31,93,41,41,41,30,29,30,40,31,33,84,84,84,26,27,92,15,31,35,35,45,46,40,60,26,26,23,53,54,30,33,37,42,42,42,33,32,40,38,30,31,41,35,36,50,25,26,30,31,38,29,35,35,36,37,36,25,55,52,46,49,52,52,52,36,33,34,78,35,36,32,70,41,40,41,45,45,44,43,45,33,34,32,33,31,33,32,32,32,31,32,32,32,34,55,44,44,44,38,41,42,33,26,93,26,28,31,32,29,28,35,33,29,29,25,30,30,26,30,27,36,29,40,31,27,27,28,82,44,32,84,31,30,42,74,35,38,25,35,30,40,28,32,39,35,37
40,58,88,90,48,42,38,34,45,45,25,28,39,39,39,38,39,38,42,213,25,64,53,46,46,48,47,75,131,131,130,131,64,52,51,-1,48,73,73,45,73,47,74,46,44,73,112,56,56,64,64,44,-1,32,32,32,51,52,48,50,39,74,41,67,58,52,52,36,94,37,36,39,17,44,43,17,42,42,-1,-1,-1,20,51,40,25,21,25,18,18,87,44,37,124,47,11,0,39,45,46,33,50,13,38,55,48,47,47,25,25,47,47,39,34,55,54,54,50,47,47,39,39,39,40,46,35,37,33,38,34,37,43,37,29,29,39,44,43,32,51,33,35,47,48,46,31,52,38,36,83,54,36,35,36,37,39,48,48,27,63,86,36,22,32,35,33,33,40,50,34,34,34,81,44,47,48,38,40,40,60,80,80,41,97,97,39,39,39,39,40,82,82,25,28,29,28,29,29,29,29,28,29,29,79,35,36,92,46,46,46,35,28,29,45,36,38,89,89,89,31,32,91,19,36,40,40,50,51,45,65,25,25,22,52,53,35,38,42,47,47,47,38,37,45,43,35,36,32,40,41,55,30,31,35,36,43,28,40,40,41,42,41,30,60,57,45,54,57,57,57,41,38,39,83,40,41,37,75,46,45,32,37,30,29,31,36,39,32,34,30,35,33,36,36,36,37,37,38,46,46,54,29,29,29,30,29,30,50,25,89,25,27,41,42,35,37,34,32,47,47,45,35,34,25,53,37,42,52,55,31,26,26,27,72,36,30,79,35,35,33,64,41,57,24,50,29,30,27,36,54,41,36
16,23,51,93,19,-1,-1,-1,20,20,-1,-1,-1,-1,-1,-1,-1,9,18,184,-1,35,33,17,17,19,18,46,37,37,36,37,-1,-1,-1,24,-1,-1,-1,-1,-1,-1,-1,-1,-1,34,50,-1,-1,-1,-1,-1,38,21,18,18,53,12,7,-1,10,27,35,27,-1,-1,-1,30,49,34,17,-1,36,-1,-1,36,114,45,33,33,33,52,26,53,-1,-1,-1,18,18,73,11,11,106,50,34,39,0,-1,23,12,35,24,20,21,12,11,11,13,15,11,11,20,23,22,21,21,14,11,11,-1,-1,-1,21,18,14,-1,-1,12,-1,-1,-1,-1,7,7,-1,8,7,-1,15,-1,-1,23,23,37,-1,49,-1,11,70,21,17,15,17,15,16,-1,-1,16,28,68,15,15,11,25,-1,-1,-1,14,15,15,16,38,24,-1,7,-1,11,22,25,37,67,-1,69,70,20,20,23,23,23,31,31,15,12,21,21,22,22,22,22,21,22,22,28,13,-1,78,22,21,21,17,12,13,-1,15,16,25,25,25,12,11,77,15,-1,22,22,12,13,26,34,14,14,15,39,39,18,15,19,11,11,11,15,14,7,23,-1,-1,8,-1,-1,22,-1,-1,-1,-1,10,11,-1,-1,-1,-1,-1,11,25,24,40,35,38,38,38,-1,-1,-1,32,-1,-1,-1,24,8,7,7,8,12,13,-1,12,16,-1,-1,-1,-1,-1,-1,-1,-1,14,14,14,18,19,38,10,10,10,-1,-1,-1,20,20,70,21,24,15,19,-1,-1,6,7,13,13,11,-1,-1,14,18,-1,23,17,26,-1,19,20,18,22,-1,-1,51,-1,-1,8,36,22,24,15,22,11,10,13,37,21,22,15
18,25,58,83,20,17,18,18,20,20,-1,-1,-1,-1,-1,-1,-1,-1,18,179,-1,30,19,12,12,14,13,41,42,42,41,42,-1,18,-1,18,14,-1,-1,-1,-1,13,-1,12,-1,41,55,-1,-1,-1,-1,-1,32,20,20,20,43,-1,-1,25,15,22,17,72,-1,-1,-1,12,55,14,11,-1,34,-1,-1,34,118,51,27,27,27,45,40,56,-1,-1,-1,12,12,68,12,12,98,40,40,45,-1,0,20,17,29,22,16,26,10,9,9,11,13,-1,9,15,22,27,26,26,-1,10,11,-1,-1,-1,16,23,16,10,12,17,9,-1,-1,-1,12,12,-1,-1,-1,11,-1,12,10,20,20,31,16,43,-1,16,59,26,12,20,22,23,24,-1,-1,21,33,75,22,23,16,18,12,12,-1,-1,13,13,13,36,29,-1,12,17,15,16,30,34,61,-1,63,64,17,17,18,18,18,25,25,19,9,26,26,27,26,27,27,26,27,27,22,21,10,72,21,21,21,13,17,18,-1,20,22,53,53,53,17,16,71,24,13,16,16,-1,-1,33,39,15,15,23,32,33,12,23,19,9,-1,-1,23,22,-1,21,18,-1,15,-1,-1,27,16,16,20,20,-1,16,-1,-1,-1,-1,-1,16,30,29,34,71,74,74,74,-1,-1,-1,26,-1,-1,-1,18,-1,-1,-1,13,-1,-1,-1,-1,23,-1,21,-1,20,22,21,21,21,21,22,22,21,22,32,-1,-1,-1,-1,-1,-1,21,17,64,18,21,20,21,18,17,11,12,14,13,16,19,19,11,12,15,17,11,55,-1,22,23,15,51,-1,12,54,-1,17,13,56,16,29,12,18,16,-1,18,35,26,16,20
11,29,57,98,18,11,-1,11,13,13,21,18,18,19,17,17,17,18,24,157,43,38,-1,-1,-1,-1,-1,54,45,45,44,45,41,-1,-1,38,-1,48,48,-1,49,-1,50,-1,26,40,41,36,33,41,41,40,52,39,40,40,48,22,16,18,9,35,36,37,39,33,33,56,76,33,49,47,57,44,43,57,57,57,46,46,46,51,40,66,37,52,37,54,54,84,12,13,104,56,41,46,23,20,0,14,38,43,18,9,31,30,30,32,34,30,30,14,9,10,9,9,33,30,30,26,26,26,15,19,16,11,16,23,19,25,26,25,12,12,26,27,26,15,34,15,18,-1,-1,40,12,52,15,22,66,9,11,17,18,22,23,31,31,35,16,51,23,29,14,6,16,16,15,33,11,11,12,54,26,19,18,19,13,15,13,53,67,14,74,74,18,18,19,19,19,35,35,29,31,34,36,34,36,35,37,35,35,34,32,22,18,81,20,20,20,12,32,33,18,16,21,62,62,62,13,13,80,33,18,15,15,23,24,34,22,40,40,30,41,42,11,23,17,34,35,35,24,23,29,-1,16,17,19,16,16,10,11,11,23,23,32,32,16,16,16,14,14,8,13,12,43,45,48,48,48,15,13,14,36,14,14,26,28,19,18,18,19,35,36,19,35,21,24,24,24,22,24,22,22,22,22,22,22,20,21,41,33,33,33,18,17,18,21,42,74,43,46,17,17,16,15,17,18,13,13,13,24,23,36,10,14,16,9,29,19,36,36,40,60,22,20,63,18,17,19,52,15,26,37,16,33,32,31,61,21,15,26
-1,14,40,83,-1,-1,-1,-1,-1,-1,19,14,14,18,15,13,14,18,-1,142,23,23,-1,-1,-1,-1,-1,41,32,32,31,32,-1,-1,-1,27,-1,-1,-1,-1,34,-1,35,-1,15,39,26,-1,17,20,20,27,41,20,20,20,40,25,21,32,10,22,25,59,18,16,16,43,54,47,35,33,40,29,28,40,42,42,35,35,35,40,18,55,20,39,20,40,41,68,-1,-1,91,48,28,33,12,17,14,0,29,33,-1,18,21,20,20,22,24,20,20,14,-1,23,22,22,25,20,20,15,15,15,13,13,-1,13,10,28,10,13,16,13,8,8,15,17,16,9,25,10,11,11,12,31,-1,40,14,31,58,22,9,-1,-1,-1,-1,21,21,25,31,64,-1,22,12,8,10,10,16,23,-1,-1,-1,26,19,20,24,20,17,13,28,25,59,17,66,66,-1,-1,-1,-1,-1,33,33,19,21,24,26,24,26,25,27,25,25,24,30,-1,11,73,17,16,16,-1,22,23,21,-1,-1,33,33,33,-1,-1,72,24,14,13,13,26,26,20,28,23,23,23,27,27,-1,-1,14,20,20,20,-1,-1,17,13,-1,-1,22,16,16,23,-1,-1,-1,-1,16,22,17,17,16,17,17,-1,28,20,48,39,42,42,42,17,14,15,34,15,16,19,26,22,21,21,25,23,22,20,22,-1,14,-1,14,15,17,15,15,15,-1,-1,-1,-1,-1,33,20,20,20,19,18,19,14,21,66,24,24,-1,-1,-1,-1,26,27,-1,-1,-1,-1,-1,21,8,-1,14,7,23,14,26,26,24,31,23,13,47,12,-1,23,45,13,19,22,13,23,22,21,46,16,13,21
30,33,52,75,24,37,47,47,46,42,38,30,30,31,30,29,30,29,29,116,38,11,42,39,38,37,36,24,103,103,102,103,35,36,35,62,50,43,43,43,45,41,46,40,67,71,21,33,30,38,38,48,72,67,51,51,8,36,55,71,49,22,60,47,32,28,28,50,26,52,49,60,46,58,57,46,20,20,65,65,65,41,61,78,38,41,38,44,44,59,36,36,99,-1,51,50,35,29,38,29,0,74,28,44,38,38,38,41,43,35,35,27,33,45,44,44,35,38,38,32,32,32,28,33,28,37,36,47,35,31,29,31,35,35,30,31,29,36,36,37,35,39,40,-1,34,15,33,47,64,44,24,34,35,36,38,33,33,63,66,88,36,33,36,34,36,36,31,36,25,25,25,32,36,32,45,41,43,28,67,30,63,33,59,59,29,29,30,30,30,44,44,36,40,40,39,40,40,40,40,39,40,40,41,40,35,73,33,33,33,25,39,40,43,33,34,69,69,69,30,29,72,65,40,28,28,45,45,58,57,57,57,33,28,29,24,41,31,34,31,32,39,41,28,42,40,41,44,36,36,45,34,34,36,36,30,39,40,40,39,38,38,30,66,67,-1,110,113,113,113,36,35,36,45,37,38,44,37,43,42,43,47,35,36,33,35,36,42,42,42,40,42,40,40,40,40,37,37,33,33,-1,34,34,34,33,31,32,33,59,59,60,63,33,32,39,38,45,43,26,25,29,42,41,40,24,37,29,23,46,37,37,37,57,67,39,37,57,40,40,44,37,28,37,42,30,40,41,38,87,34,28,47
43,61,78,93,38,32,30,37,38,38,28,21,42,42,42,41,42,41,45,196,28,47,36,29,29,31,30,58,99,99,98,99,47,35,34,-1,31,56,56,28,56,30,57,29,27,76,95,39,39,47,47,27,13,35,35,35,54,55,24,40,24,64,24,70,41,35,35,19,77,20,19,22,20,27,26,20,45,45,11,11,11,10,55,30,28,24,28,21,21,90,27,27,137,50,-1,13,24,22,43,33,74,0,43,48,20,20,20,21,20,19,19,43,34,49,48,48,28,19,20,23,23,23,36,48,43,22,27,33,23,21,22,21,31,31,22,19,18,26,28,25,23,46,46,46,37,52,22,37,81,48,42,40,42,47,48,26,26,14,55,70,48,22,28,37,28,28,24,25,39,39,39,54,52,25,34,28,27,36,52,65,80,27,84,84,44,44,44,44,45,45,45,25,22,29,28,29,29,29,29,28,29,29,42,41,24,93,52,51,51,40,28,29,32,48,45,76,76,76,41,42,92,14,24,36,36,32,31,55,61,17,17,22,46,47,41,35,49,22,22,22,48,49,20,46,33,33,33,27,27,49,36,36,40,40,18,28,29,29,28,27,27,36,52,51,45,66,69,69,69,25,24,25,46,26,27,33,38,32,31,32,36,25,24,26,25,45,36,36,34,40,33,41,41,41,48,47,47,42,45,52,24,24,24,25,24,25,43,17,85,14,15,41,46,38,37,36,32,42,42,40,39,40,20,32,32,37,31,50,26,26,26,19,74,31,25,90,29,33,33,64,36,52,19,45,29,30,27,31,49,36,36
-1,-1,40,81,-1,10,10,10,8,8,18,21,19,18,28,18,19,16,-1,141,24,22,-1,-1,-1,-1,-1,39,30,30,29,30,-1,-1,-1,30,-1,35,35,20,36,-1,36,-1,17,44,25,-1,16,19,19,32,44,18,33,33,40,23,26,37,13,20,28,60,17,15,15,47,50,52,40,38,41,34,33,41,41,41,38,38,38,46,20,61,19,43,19,45,45,66,16,17,88,48,33,38,20,16,18,-1,28,43,0,17,26,25,25,27,29,28,28,-1,14,20,19,19,28,25,25,19,19,19,11,7,-1,16,13,28,16,18,20,18,9,9,20,24,23,12,28,13,17,14,15,31,-1,41,18,25,61,28,-1,-1,-1,-1,9,25,25,30,35,72,-1,15,12,15,13,13,20,29,-1,-1,-1,25,13,24,28,18,20,11,32,24,59,18,68,69,-1,-1,-1,-1,-1,32,32,15,26,20,22,20,22,21,23,21,21,20,29,8,17,73,14,14,14,-1,18,19,19,-1,-1,30,30,30,-1,-1,72,29,16,11,11,31,31,23,45,28,28,16,26,26,-1,9,12,27,26,27,10,9,21,17,14,14,27,21,21,19,-1,-1,9,9,23,18,22,22,21,22,22,14,32,31,37,34,37,37,37,21,19,19,33,20,21,12,25,19,26,19,28,27,28,24,27,-1,10,10,10,8,10,8,8,8,8,8,-1,-1,-1,32,22,22,22,22,21,22,-1,26,67,29,29,-1,-1,11,12,25,24,-1,-1,-1,10,9,26,-1,14,14,-1,18,17,18,19,29,28,26,16,45,15,14,22,23,11,19,27,-1,19,18,17,51,13,11,22
17,33,71,104,24,17,17,17,19,19,27,30,30,31,31,30,31,40,22,225,42,76,58,54,22,18,17,52,60,60,59,60,40,29,28,36,24,49,49,31,50,23,50,22,29,48,49,35,32,33,33,44,79,64,46,46,54,28,22,24,15,52,34,85,32,26,26,91,102,93,90,92,66,35,35,66,80,80,106,106,106,55,-1,70,30,40,30,65,65,90,18,19,110,68,50,55,21,26,9,18,44,48,17,0,28,27,27,29,31,27,27,16,14,-1,-1,-1,30,27,27,23,23,23,17,21,17,20,18,36,21,22,23,22,14,14,23,24,23,17,31,17,20,8,9,46,14,56,22,35,81,-1,13,17,19,20,22,28,28,32,-1,48,19,35,17,13,18,18,25,30,13,13,14,41,25,27,31,22,25,17,-1,40,75,24,86,86,23,23,23,23,24,31,31,37,41,42,44,42,44,43,45,43,43,42,28,23,25,95,27,27,27,19,36,37,31,23,25,62,62,62,19,19,93,36,25,22,22,36,37,41,14,46,46,38,42,42,18,25,24,41,42,42,26,25,36,14,23,24,32,29,29,-1,18,18,23,23,39,34,29,29,29,27,27,15,7,-1,55,52,55,55,55,28,26,27,46,27,27,25,38,32,31,31,32,41,42,32,41,29,32,26,27,25,27,25,25,25,24,24,25,28,25,53,39,39,39,30,32,30,27,48,87,50,52,23,24,23,22,30,31,20,20,18,24,24,43,17,21,23,16,36,26,44,44,46,60,34,27,60,25,24,32,43,22,31,44,23,34,33,37,58,28,22,38
22,29,62,87,24,20,21,22,24,24,23,9,13,11,14,12,13,13,26,189,22,40,29,36,36,24,23,51,57,57,56,57,-1,-1,-1,23,35,-1,-1,-1,-1,23,-1,22,-1,62,70,-1,21,19,19,-1,37,-1,-1,-1,72,-1,-1,28,31,30,-1,64,18,20,20,-1,59,-1,-1,-1,26,-1,-1,26,39,39,32,32,32,37,43,48,22,-1,22,10,10,76,15,15,106,44,43,48,12,10,31,21,38,20,26,28,0,-1,-1,-1,-1,-1,-1,31,22,37,36,36,-1,-1,-1,11,11,11,24,29,31,10,15,-1,11,9,10,9,19,19,10,-1,6,14,-1,13,11,34,34,39,25,49,10,-1,74,36,20,28,30,35,36,-1,-1,13,43,58,36,17,16,25,16,16,12,-1,27,27,27,54,38,-1,-1,16,15,24,40,53,68,15,72,72,32,32,32,28,28,33,33,20,-1,24,23,24,24,24,24,23,24,24,30,27,21,81,33,33,33,25,21,22,20,25,27,57,57,57,22,21,80,12,18,28,28,-1,-1,50,50,11,11,17,41,42,22,29,31,-1,-1,-1,29,28,8,32,24,25,-1,15,15,48,22,22,26,26,-1,21,17,17,16,15,15,22,51,50,42,60,63,63,63,13,20,13,34,14,15,26,26,20,19,20,-1,-1,-1,-1,-1,28,28,27,28,26,28,27,27,27,27,28,28,28,27,40,-1,-1,-1,-1,13,-1,33,9,74,12,12,25,26,24,23,-1,-1,22,22,21,25,25,-1,23,21,29,22,53,22,21,21,12,55,20,20,71,25,24,-1,66,28,38,-1,28,22,-1,20,34,32,28,-1
23,29,65,87,25,19,20,23,25,25,22,8,13,12,-1,13,14,14,26,191,22,42,31,36,36,26,25,53,57,57,56,57,-1,-1,-1,23,35,-1,-1,-1,-1,25,-1,24,-1,63,90,-1,21,19,19,-1,37,-1,-1,-1,71,-1,-1,27,11,30,-1,64,18,20,20,-1,76,-1,-1,-1,26,-1,-1,26,39,39,32,32,32,37,42,48,22,-1,22,10,10,76,14,14,106,44,42,47,11,9,30,20,38,20,25,27,-1,0,-1,-1,-1,-1,-1,27,22,48,47,47,-1,-1,-1,16,17,17,28,29,24,15,22,-1,18,15,13,15,18,18,14,-1,-1,22,-1,22,19,33,34,39,22,46,10,-1,71,47,24,25,27,28,31,-1,-1,13,54,79,28,16,16,25,22,22,15,-1,24,24,24,48,38,-1,-1,21,20,28,51,52,65,13,73,73,28,28,28,28,28,33,33,21,-1,23,22,23,23,23,23,22,23,23,30,27,19,82,33,33,33,25,22,23,20,25,27,57,57,57,22,21,80,12,18,28,28,-1,-1,50,50,11,11,16,40,41,22,29,31,-1,-1,-1,29,28,8,35,28,29,-1,15,15,38,26,26,26,26,-1,22,17,17,16,15,15,26,48,44,39,60,63,63,63,13,12,13,34,14,15,30,26,20,19,20,-1,-1,-1,-1,-1,30,25,27,27,28,29,27,27,27,28,28,28,30,27,40,-1,-1,-1,13,17,13,33,9,74,12,12,29,30,28,27,-1,-1,22,22,25,29,25,-1,23,25,25,22,53,14,20,20,12,56,24,13,63,25,28,-1,52,24,38,-1,28,23,-1,21,34,36,24,-1
23,29,65,86,25,19,20,23,25,25,22,8,13,12,-1,13,14,14,26,190,21,41,30,35,36,25,24,52,57,57,56,57,-1,29,-1,22,35,-1,-1,-1,-1,24,-1,23,-1,62,89,-1,20,18,18,-1,36,-1,-1,-1,71,-1,-1,27,11,30,-1,63,17,19,19,-1,75,-1,-1,-1,25,-1,-1,25,38,38,31,31,31,37,42,47,21,-1,21,10,10,76,14,14,106,43,42,47,11,9,30,20,38,20,25,27,-1,-1,0,-1,-1,-1,-1,23,25,38,37,37,-1,-1,-1,19,20,20,24,32,27,18,25,-1,21,18,16,18,21,21,17,-1,-1,25,-1,25,22,33,34,39,25,45,10,-1,71,40,24,28,30,28,30,-1,-1,12,49,101,29,15,19,28,25,25,18,-1,24,24,24,47,38,-1,-1,24,23,24,44,52,65,16,73,73,28,28,28,28,28,33,33,21,-1,22,21,22,22,22,22,21,22,22,30,28,22,82,33,33,33,25,22,23,20,28,27,60,60,60,25,24,80,11,21,24,24,-1,-1,50,50,17,17,15,39,40,22,29,31,-1,-1,-1,29,29,8,35,27,28,21,15,15,38,25,25,26,26,-1,22,17,17,16,15,15,25,47,43,38,60,63,63,63,13,12,13,34,14,15,26,26,20,19,20,-1,-1,-1,-1,-1,28,25,27,27,26,28,27,27,27,27,28,28,28,27,40,-1,-1,-1,13,13,13,33,8,74,11,11,25,26,24,23,-1,-1,22,22,21,25,25,-1,23,21,25,22,53,14,19,19,17,58,20,13,78,25,24,-1,52,28,38,-1,28,22,22,23,33,32,28,23
27,30,68,82,28,22,22,27,28,28,17,11,14,16,-1,17,18,-1,29,186,17,37,26,19,19,21,20,48,56,56,55,56,-1,25,24,18,37,22,22,18,25,20,25,19,17,65,85,29,35,39,39,-1,32,29,29,29,73,-1,-1,29,29,33,-1,59,37,36,36,-1,71,-1,-1,-1,21,-1,-1,21,34,34,27,27,27,32,44,40,17,-1,17,-1,-1,79,16,16,120,39,26,25,13,11,32,22,41,21,27,29,-1,-1,-1,0,-1,-1,-1,26,21,37,36,36,16,-1,-1,15,16,16,27,28,23,14,21,-1,17,14,12,14,17,17,13,9,8,21,17,21,18,32,33,34,21,40,16,-1,70,36,23,24,26,27,30,16,16,13,45,100,27,10,15,24,21,21,14,-1,23,23,23,42,37,15,28,20,19,27,40,37,68,12,77,78,27,27,27,27,27,35,35,13,-1,17,16,17,17,17,17,16,17,17,32,30,13,79,34,33,33,29,16,17,21,27,34,40,40,40,30,23,78,12,13,26,26,-1,-1,39,68,10,10,10,34,35,22,23,31,-1,-1,-1,23,23,9,34,22,22,22,16,16,52,25,25,29,29,7,16,18,18,17,16,16,25,55,54,33,59,62,62,62,14,13,14,36,15,16,20,28,21,20,21,-1,14,14,15,-1,34,20,22,18,23,21,24,24,24,37,36,36,31,34,42,14,14,14,14,13,14,32,13,78,14,12,27,35,27,26,22,20,31,31,29,23,22,-1,22,21,27,21,39,15,14,14,9,37,20,14,79,18,22,22,53,26,36,-1,34,17,18,15,34,33,26,24
29,32,70,82,30,24,28,26,25,25,17,13,16,18,21,19,20,21,31,186,17,37,26,19,19,21,20,48,84,84,83,84,35,25,24,18,41,22,22,18,25,32,25,19,17,65,85,29,37,41,41,-1,32,31,31,31,75,-1,15,31,37,35,-1,59,39,37,38,-1,71,8,-1,-1,21,-1,10,21,34,34,27,27,27,31,46,39,36,-1,36,-1,-1,79,18,18,123,39,26,25,15,13,34,24,43,20,29,31,-1,-1,-1,-1,0,-1,-1,34,25,54,53,53,18,-1,-1,14,14,14,28,32,34,13,18,-1,14,12,13,12,22,22,13,10,9,17,19,16,14,37,37,33,28,39,13,23,69,53,33,31,33,38,22,17,17,12,60,67,39,9,19,28,19,19,15,17,30,30,30,41,38,16,25,19,18,28,57,36,67,18,79,80,35,35,35,35,36,37,37,12,-1,16,15,16,16,16,16,15,16,16,34,24,15,78,36,35,35,31,15,16,19,29,36,48,48,48,32,25,77,13,15,28,28,-1,-1,47,70,7,7,9,33,34,24,22,33,-1,14,-1,22,22,11,36,24,24,19,18,18,54,27,27,24,24,9,15,20,20,19,18,18,27,57,56,32,61,64,64,64,16,15,16,38,17,18,19,30,19,22,19,-1,16,16,17,16,36,19,21,17,22,20,23,23,23,24,24,38,33,36,41,16,16,16,16,15,16,34,9,79,10,12,28,29,22,24,21,19,23,23,22,22,21,-1,24,24,30,23,47,23,13,13,6,45,21,21,77,22,22,20,65,29,39,-1,29,16,17,14,35,33,29,23
19,26,59,87,21,19,20,19,21,21,22,8,10,8,11,9,10,10,23,186,22,37,26,32,33,21,20,48,50,50,49,50,-1,25,24,23,31,-1,-1,-1,-1,20,-1,19,-1,59,63,-1,21,19,19,-1,37,21,21,21,71,-1,-1,27,23,27,-1,64,18,20,20,-1,71,13,-1,-1,26,-1,-1,26,39,39,32,32,32,37,42,48,22,-1,22,9,9,73,14,14,103,44,42,47,11,-1,30,20,35,19,28,27,-1,-1,-1,-1,-1,0,-1,20,21,50,49,49,-1,-1,-1,10,10,10,21,30,30,9,14,-1,10,8,9,8,18,18,9,-1,-1,13,-1,12,10,33,33,36,24,52,9,-1,66,49,17,27,29,34,35,-1,-1,19,56,62,35,26,15,24,15,15,11,-1,26,26,26,53,34,-1,-1,15,14,21,53,52,66,14,72,73,31,31,31,31,32,30,30,22,-1,30,29,31,30,31,31,29,31,31,27,28,11,79,26,26,26,27,23,24,19,26,31,38,38,38,23,22,78,11,11,21,21,-1,-1,37,50,13,13,26,52,52,17,30,24,-1,-1,-1,30,30,-1,34,20,21,-1,14,14,34,27,27,30,30,-1,23,16,16,15,14,14,23,37,36,39,56,59,59,59,12,11,12,31,13,14,26,23,19,18,19,-1,-1,-1,-1,-1,31,26,28,28,29,30,28,28,28,29,29,29,26,26,37,-1,-1,-1,-1,9,-1,26,8,73,16,19,26,25,30,19,19,20,18,18,17,21,21,-1,17,17,22,16,37,13,20,20,13,35,16,12,60,21,20,20,51,21,34,-1,24,24,21,22,33,28,21,-1
20,26,60,87,22,19,20,20,22,22,22,8,10,9,12,10,11,11,23,187,22,38,27,33,33,22,21,49,50,50,49,50,-1,26,25,24,32,-1,-1,-1,-1,21,-1,20,-1,60,63,-1,21,19,19,-1,38,22,22,22,71,-1,-1,27,23,27,-1,64,18,20,20,-1,72,13,-1,-1,26,-1,-1,26,39,39,33,33,33,37,42,48,22,-1,22,9,9,73,14,14,103,44,42,47,11,9,30,20,35,19,28,27,-1,-1,-1,-1,-1,-1,0,20,19,34,33,33,-1,-1,-1,10,10,14,21,26,21,12,19,-1,10,8,10,8,15,15,11,-1,-1,13,-1,12,10,25,26,36,19,52,9,-1,62,33,17,22,24,25,28,-1,-1,12,40,63,25,16,13,22,19,19,12,-1,18,18,18,48,35,-1,-1,18,17,21,37,52,63,10,69,70,22,22,25,25,25,41,41,23,-1,23,22,23,23,23,23,22,23,23,38,24,11,79,30,30,30,18,23,24,19,22,24,38,38,38,19,18,78,11,11,21,21,-1,-1,37,50,10,10,16,40,41,17,26,28,-1,-1,-1,26,25,-1,27,21,22,20,14,14,34,19,19,23,23,-1,23,16,16,15,14,14,19,37,36,39,57,60,60,60,12,11,12,43,13,14,26,23,19,18,19,-1,-1,-1,-1,-1,25,26,24,24,23,25,24,24,24,24,25,25,25,24,37,-1,-1,-1,-1,10,-1,26,8,70,11,11,22,23,21,20,-1,-1,19,18,18,22,22,-1,17,18,22,16,37,13,20,20,11,35,17,12,60,22,21,20,51,21,35,-1,25,24,21,22,33,29,21,-1
14,-1,49,80,-1,15,14,14,12,12,18,21,19,17,19,18,19,15,-1,139,38,20,-1,-1,-1,-1,-1,38,29,29,28,29,37,21,20,28,-1,44,44,18,45,14,46,13,15,47,23,27,24,36,36,37,42,22,38,37,37,22,26,37,13,19,26,71,34,23,23,53,49,58,46,44,60,40,38,60,39,39,36,36,36,45,19,60,28,48,28,30,30,65,16,17,88,37,34,39,20,15,14,14,27,43,-1,16,31,27,23,26,34,20,20,0,17,21,20,20,26,29,29,20,20,20,-1,-1,-1,17,16,31,17,20,21,20,12,12,21,25,27,16,30,16,18,13,14,29,14,45,20,28,55,18,-1,17,18,13,14,27,27,37,20,50,12,23,16,19,15,15,21,29,-1,-1,-1,28,14,28,30,22,22,-1,21,27,56,21,62,63,-1,-1,-1,-1,-1,42,42,23,27,29,29,30,30,30,30,29,30,30,39,18,19,72,-1,-1,-1,-1,26,27,27,16,11,33,33,33,13,13,71,27,18,-1,-1,37,35,17,44,32,32,23,29,29,-1,13,-1,28,29,29,14,13,24,22,20,21,28,25,25,28,17,18,12,12,26,26,29,29,28,27,27,16,31,30,32,28,31,31,31,24,24,25,44,25,26,21,36,31,30,30,34,28,29,27,28,11,14,14,14,12,14,12,12,12,12,13,13,8,9,30,27,27,26,25,24,25,-1,33,63,34,36,11,9,19,18,28,27,-1,-1,-1,20,13,28,-1,16,-1,-1,17,25,21,22,30,30,29,23,44,20,19,32,26,-1,14,29,-1,26,25,25,49,-1,-1,25
-1,21,47,86,20,-1,-1,-1,19,19,24,18,18,22,15,13,14,22,14,147,33,28,21,-1,-1,-1,-1,44,35,35,34,35,-1,-1,-1,28,-1,39,38,-1,39,-1,40,-1,16,40,31,-1,-1,-1,-1,18,42,29,37,37,48,24,18,21,-1,25,26,38,-1,-1,-1,46,59,52,39,37,45,34,33,45,47,47,36,36,36,40,53,55,27,41,27,43,44,71,-1,-1,101,56,29,34,23,22,9,-1,33,34,14,14,22,22,25,21,25,21,19,17,0,18,17,17,23,21,21,16,16,16,17,21,11,12,14,26,16,15,16,15,-1,-1,16,17,19,14,24,14,16,11,8,33,-1,49,13,23,59,17,13,12,13,17,18,19,19,29,24,40,18,18,-1,-1,14,14,16,21,10,10,11,33,25,20,25,-1,-1,17,21,32,60,16,66,67,13,13,14,14,14,32,32,18,19,29,24,29,31,30,32,30,30,29,29,17,16,76,20,20,20,11,27,28,28,11,16,28,28,28,8,8,75,22,-1,15,15,29,29,22,34,24,24,25,34,34,9,18,18,20,21,21,19,18,16,9,-1,23,30,17,17,18,-1,-1,18,18,18,27,25,21,20,19,19,-1,21,20,36,33,36,36,36,16,16,17,34,17,18,21,26,28,29,28,27,20,21,19,20,16,19,19,19,17,19,17,17,17,17,17,17,15,16,33,19,19,19,18,17,18,16,26,66,27,29,12,12,20,-1,23,22,9,9,8,19,18,21,10,-1,16,9,22,18,16,17,23,25,22,17,51,17,-1,31,31,15,24,22,16,28,27,26,44,21,15,20
18,34,72,105,25,18,18,18,20,20,28,27,27,28,28,27,28,37,19,222,39,73,20,19,19,15,14,49,61,61,60,61,37,26,25,33,21,46,46,28,47,20,47,19,26,49,46,32,26,34,34,45,80,65,47,47,55,29,23,25,16,53,31,85,32,26,26,91,102,93,90,92,66,35,35,66,80,80,106,106,106,58,-1,73,30,41,30,66,66,91,18,19,111,71,50,55,22,27,10,23,45,49,20,-1,37,48,38,37,54,50,34,21,18,0,-1,-1,46,40,40,29,29,29,21,19,21,30,22,42,25,28,38,28,18,18,33,37,36,21,46,21,24,11,12,66,18,72,28,46,75,-1,17,21,23,24,26,43,43,45,-1,53,23,35,21,16,22,22,30,43,17,17,18,44,25,42,40,26,29,21,-1,43,73,34,82,82,22,22,22,22,23,58,58,35,41,41,41,42,42,42,42,41,42,42,55,22,24,88,23,23,23,18,38,39,33,22,24,44,44,44,18,18,87,44,24,21,21,41,41,33,18,43,43,35,45,45,17,24,21,40,40,40,25,24,40,13,22,23,40,31,31,-1,17,17,22,22,36,38,28,28,29,30,30,14,-1,-1,52,69,72,72,72,31,29,29,59,30,31,24,51,34,39,34,41,43,42,38,43,25,27,25,26,24,26,24,24,24,23,23,24,26,24,50,44,44,42,37,39,37,26,41,82,44,44,22,23,22,21,39,42,19,19,17,23,23,41,16,20,22,15,33,25,39,40,44,41,47,26,68,24,23,41,42,21,24,42,21,39,33,37,66,22,21,43
17,33,71,104,24,17,17,17,19,19,27,26,26,27,27,26,27,36,18,221,38,72,19,18,18,14,13,48,60,60,59,60,36,25,24,32,20,45,45,27,46,19,46,18,25,48,45,31,25,33,33,44,79,64,46,46,54,28,22,24,15,52,30,84,31,25,25,90,101,92,89,91,65,34,34,65,79,79,105,105,105,57,-1,72,29,40,29,65,65,90,17,18,110,70,49,54,21,26,9,22,44,48,19,-1,36,47,37,36,53,49,33,20,17,-1,0,43,45,40,40,29,29,29,20,19,20,30,21,42,24,28,37,28,17,17,33,37,36,20,45,20,23,10,11,48,17,60,28,46,75,-1,16,20,22,23,25,42,42,45,-1,52,22,35,20,15,21,21,30,43,16,16,17,44,25,41,39,25,28,20,-1,43,73,34,81,81,21,21,21,21,22,57,57,35,41,41,41,42,42,42,42,41,42,42,54,21,23,88,23,23,23,17,38,39,33,21,23,44,44,44,17,17,87,44,24,20,20,41,41,32,17,43,43,35,45,45,16,23,21,40,40,40,24,23,39,12,21,22,40,31,31,-1,16,16,21,21,36,38,28,28,29,30,30,13,-1,-1,51,69,72,72,72,31,28,29,58,30,31,23,50,34,39,34,40,43,42,38,43,24,26,24,25,23,25,23,23,23,22,22,23,25,23,49,43,43,42,37,38,37,25,41,81,44,44,21,22,21,20,38,42,18,18,16,22,22,41,15,19,21,14,32,24,39,40,44,41,46,25,68,23,22,41,42,20,24,42,21,39,33,37,66,22,20,43
17,33,71,104,24,17,17,17,19,19,27,26,26,27,27,26,27,36,18,221,38,72,19,18,18,14,13,48,60,60,59,60,36,25,24,32,20,45,45,27,46,19,46,18,25,48,45,31,25,33,33,44,79,64,46,46,54,28,22,24,15,52,30,84,31,25,25,90,101,92,89,91,65,34,34,65,79,79,105,105,105,57,-1,72,29,40,29,65,65,90,17,18,110,70,49,54,21,26,9,22,44,48,19,-1,36,47,37,36,53,49,33,20,17,-1,43,0,45,40,40,29,29,29,20,19,20,30,21,42,24,28,37,28,17,17,33,37,36,20,45,20,23,10,11,48,17,60,28,46,75,-1,16,20,22,23,25,38,38,45,-1,89,24,35,20,16,21,21,30,43,17,17,17,44,25,37,39,26,28,23,-1,43,73,34,85,86,22,22,22,22,23,53,53,35,41,41,41,42,42,42,42,41,42,42,50,23,24,88,23,23,23,18,38,39,33,24,26,44,44,44,19,20,87,44,24,23,23,41,41,58,17,43,43,35,45,45,19,26,21,40,40,40,26,25,35,13,23,24,40,31,31,-1,18,19,23,24,36,38,28,28,29,30,30,18,-1,-1,52,69,72,72,72,31,29,29,54,30,31,25,46,34,39,34,40,43,42,38,43,26,27,25,26,24,26,25,25,25,24,25,25,24,25,48,39,39,42,37,34,37,26,41,85,44,44,24,25,22,21,38,42,20,20,18,23,22,57,15,19,21,14,44,24,42,42,46,51,43,25,67,23,22,40,58,20,29,58,21,39,38,37,82,26,20,47
30,27,70,88,24,22,23,30,32,32,25,15,-1,17,-1,-1,-1,-1,36,184,31,35,24,17,17,19,18,46,42,42,41,42,-1,23,22,24,23,-1,-1,-1,-1,18,-1,17,-1,54,55,-1,27,35,35,-1,38,41,30,30,48,-1,-1,22,15,27,23,73,33,27,27,18,69,20,-1,-1,35,-1,-1,35,129,61,33,33,33,46,35,54,25,17,25,15,15,73,17,17,115,53,45,50,14,-1,33,25,35,28,28,30,-1,-1,-1,16,18,-1,-1,26,23,46,45,45,0,14,14,12,12,12,25,24,20,11,13,25,10,12,-1,14,13,13,-1,-1,-1,12,-1,13,11,28,29,36,17,48,15,24,65,32,21,21,23,24,25,-1,-1,29,39,79,23,19,10,22,13,13,12,-1,20,20,20,59,30,-1,25,18,16,25,36,61,61,8,69,69,25,25,24,24,24,30,30,19,-1,25,25,26,26,26,26,25,26,26,27,22,11,77,28,27,27,21,22,23,22,21,23,28,28,28,18,17,76,32,14,25,25,27,28,46,45,23,23,24,48,49,18,24,25,-1,-1,-1,24,23,-1,30,19,19,23,17,17,33,17,17,21,21,-1,24,17,17,16,17,18,17,36,35,39,57,60,60,60,18,15,16,31,16,17,19,23,23,22,23,26,-1,16,-1,-1,24,22,22,20,21,23,22,22,22,22,23,23,24,23,37,-1,-1,-1,-1,-1,-1,29,22,69,23,26,21,22,19,18,27,28,19,19,17,20,20,15,20,16,28,19,46,14,23,24,20,25,-1,13,90,16,18,24,45,25,30,16,24,24,25,21,40,27,25,33
22,29,65,85,24,19,19,22,24,24,22,8,13,11,-1,12,13,13,26,189,20,40,29,35,35,24,23,51,57,57,56,57,-1,28,27,21,34,-1,-1,-1,-1,23,-1,22,-1,68,88,-1,19,17,17,-1,35,24,24,24,71,-1,-1,27,11,30,-1,62,16,18,18,-1,74,-1,-1,-1,24,-1,-1,24,37,37,30,30,30,36,42,47,20,-1,20,9,9,76,14,14,106,42,42,47,11,10,30,20,38,19,25,27,-1,-1,-1,-1,-1,-1,-1,29,21,40,40,40,14,0,-1,10,16,16,28,28,23,14,21,-1,10,8,12,8,17,17,13,-1,-1,21,-1,12,10,30,31,38,21,44,9,-1,73,34,24,25,26,27,29,-1,-1,22,41,87,27,14,15,24,21,21,14,-1,23,23,24,46,35,12,-1,20,19,28,38,44,72,12,72,72,28,28,27,28,28,32,32,17,-1,21,20,21,21,21,21,20,21,21,29,26,11,85,32,32,32,25,20,21,19,24,26,34,34,34,21,21,83,25,11,23,23,-1,-1,37,65,16,16,14,38,39,19,27,26,-1,-1,-1,35,27,7,32,20,20,20,14,14,49,23,23,27,27,-1,20,16,16,15,14,14,23,52,51,37,48,51,51,51,12,11,12,33,13,14,20,25,19,18,19,-1,-1,-1,13,-1,32,24,23,22,27,25,28,28,28,35,34,34,29,32,39,-1,-1,-1,12,11,12,30,18,73,19,22,28,33,25,24,-1,-1,29,29,27,26,27,-1,19,19,24,18,37,13,18,18,16,40,18,12,82,16,20,20,51,23,40,-1,32,21,22,19,32,38,23,-1
22,29,65,85,24,19,19,22,24,24,20,8,13,11,-1,12,13,13,26,189,20,40,29,35,22,24,23,51,57,57,56,57,-1,28,27,21,34,-1,-1,-1,-1,23,-1,22,-1,68,88,-1,19,17,17,-1,35,24,24,24,71,-1,-1,27,11,30,-1,62,16,18,18,-1,74,-1,-1,-1,24,-1,-1,24,37,37,30,30,30,35,42,47,20,-1,20,9,9,85,14,14,106,42,42,47,11,11,30,20,38,20,25,27,-1,-1,-1,-1,-1,-1,-1,29,21,40,40,40,14,-1,0,11,11,11,23,36,31,10,15,-1,11,9,10,9,19,19,10,-1,-1,14,-1,13,11,34,34,38,25,44,10,-1,73,49,19,28,30,35,36,-1,-1,11,56,88,36,14,16,25,16,16,12,-1,27,27,27,46,41,13,-1,16,15,23,53,44,72,15,72,72,32,32,32,32,33,32,32,17,-1,21,20,21,21,21,21,20,21,21,29,29,12,85,28,28,28,28,20,21,20,36,33,44,44,44,29,30,83,10,12,23,23,-1,-1,37,66,9,9,14,55,55,19,37,26,-1,-1,-1,36,37,8,33,21,21,21,15,15,50,24,24,28,28,6,24,17,17,16,15,15,24,53,52,43,48,51,51,51,13,12,13,33,14,15,21,25,20,19,20,-1,-1,-1,14,-1,33,24,24,22,28,31,29,29,29,36,35,35,30,33,39,-1,-1,-1,13,12,13,31,7,73,10,10,29,34,26,25,-1,-1,30,30,28,27,28,-1,19,20,24,18,37,14,27,28,10,41,19,13,73,17,21,21,52,23,41,-1,33,24,22,25,32,39,23,-1
16,21,53,85,17,15,17,22,20,20,24,-1,-1,-1,-1,-1,-1,-1,25,179,-1,30,35,12,12,14,13,41,35,35,34,35,-1,-1,-1,20,16,-1,-1,-1,-1,-1,-1,12,-1,41,48,-1,-1,-1,-1,-1,34,30,18,18,55,12,-1,-1,8,24,32,35,-1,-1,-1,14,56,32,13,15,38,-1,-1,38,119,51,29,29,29,50,28,60,-1,-1,-1,14,14,79,10,10,106,42,34,39,-1,-1,26,15,32,23,19,23,11,16,19,15,14,10,10,20,16,29,29,29,12,10,11,0,-1,-1,18,20,25,-1,-1,17,-1,-1,-1,-1,13,13,-1,7,6,-1,15,-1,-1,15,16,33,16,42,-1,16,60,24,14,19,21,29,23,-1,-1,15,26,57,22,13,10,12,8,8,-1,13,21,21,21,48,25,-1,12,10,9,18,23,47,60,-1,67,67,26,26,26,26,27,27,27,13,11,19,19,20,20,20,20,19,20,20,24,20,-1,75,23,23,23,22,16,17,12,21,27,22,22,22,16,17,73,14,6,18,18,17,18,28,36,13,13,30,49,49,14,31,21,10,10,10,30,31,-1,21,-1,-1,13,-1,-1,20,15,15,20,20,6,16,-1,-1,-1,-1,-1,13,23,22,38,39,42,42,42,-1,-1,-1,28,-1,-1,-1,20,13,12,12,13,13,12,-1,13,27,-1,17,-1,22,18,23,23,23,30,29,29,24,27,34,10,10,10,-1,-1,-1,25,11,68,14,14,20,28,20,17,11,12,16,15,15,21,22,11,14,11,19,13,28,-1,12,13,14,19,-1,-1,75,-1,-1,13,38,18,25,12,20,16,15,18,36,23,18,20
17,21,54,85,17,15,17,23,21,21,24,-1,-1,-1,-1,-1,-1,-1,26,179,-1,30,35,12,12,14,13,41,35,35,34,35,-1,-1,-1,20,16,-1,-1,-1,-1,-1,-1,12,-1,41,48,-1,-1,-1,-1,-1,34,31,19,19,55,12,-1,-1,8,24,32,35,-1,-1,-1,14,56,32,13,15,39,-1,-1,39,121,51,29,29,29,50,28,60,-1,-1,-1,15,15,79,10,10,106,42,34,39,-1,-1,26,15,32,23,19,23,11,17,20,16,14,10,10,20,16,29,29,29,12,16,11,-1,0,-1,18,20,18,-1,-1,17,-1,-1,-1,-1,8,8,-1,7,6,-1,14,-1,-1,13,13,33,12,43,-1,16,63,19,16,16,18,19,23,-1,-1,15,26,57,18,30,8,17,8,8,-1,13,15,15,15,40,25,-1,12,10,9,20,23,39,64,-1,68,68,20,20,19,19,19,27,27,19,11,16,16,17,17,17,17,16,17,17,24,17,-1,75,24,24,24,16,17,18,12,16,18,22,22,22,13,12,74,14,-1,20,20,17,18,28,36,13,13,30,41,41,13,19,22,10,10,10,19,18,-1,21,-1,-1,13,-1,-1,20,12,12,16,16,6,16,-1,-1,-1,-1,-1,12,23,22,36,40,43,43,43,-1,-1,-1,29,-1,-1,-1,21,13,12,12,13,13,12,-1,13,19,17,17,16,16,18,17,17,17,17,18,18,20,21,34,10,10,10,-1,-1,-1,24,20,69,21,24,16,17,14,13,11,12,14,14,12,15,15,14,15,11,23,14,28,-1,12,13,18,19,-1,-1,58,-1,-1,13,38,20,25,15,19,16,15,18,36,22,20,20
17,21,54,85,17,15,17,23,21,21,24,-1,-1,-1,-1,-1,-1,-1,26,180,-1,31,35,13,13,15,14,42,35,35,34,35,-1,-1,-1,21,16,-1,-1,-1,-1,-1,-1,13,-1,41,48,-1,-1,-1,-1,-1,35,31,19,19,55,12,-1,-1,8,24,32,35,-1,-1,-1,15,56,32,14,16,39,-1,-1,39,121,51,30,30,30,50,28,60,-1,-1,-1,15,15,79,10,10,106,42,34,39,-1,-1,26,15,32,23,19,23,11,17,20,16,14,10,14,20,16,29,29,29,12,16,11,-1,-1,0,20,20,16,-1,-1,17,-1,-1,-1,-1,9,9,-1,9,6,-1,-1,-1,-1,13,13,33,13,43,-1,16,63,19,17,17,19,20,21,-1,-1,24,26,57,19,21,8,17,9,9,-1,13,16,16,16,40,26,-1,12,-1,-1,20,23,39,64,-1,68,68,21,21,20,20,20,27,27,19,12,16,16,17,17,17,17,16,17,17,24,18,-1,75,24,23,23,17,17,18,12,17,19,22,22,22,14,13,74,27,-1,20,20,17,18,29,36,18,18,21,49,49,14,20,21,12,10,13,20,19,-1,21,-1,-1,13,-1,-1,20,13,13,17,17,10,16,-1,-1,-1,-1,-1,13,23,22,36,40,43,43,43,-1,-1,-1,29,-1,-1,-1,21,13,12,12,13,13,12,-1,12,20,17,18,16,17,19,18,18,18,18,19,19,20,19,34,10,10,10,-1,-1,-1,25,11,69,14,14,17,18,15,14,11,12,15,15,13,16,16,11,15,12,24,14,28,-1,12,13,14,19,-1,-1,58,-1,-1,13,46,20,26,12,20,16,15,18,36,23,20,20
13,-1,53,81,-1,17,17,17,15,15,19,25,20,18,20,19,20,16,11,140,43,21,-1,-1,-1,-1,-1,39,30,30,29,30,41,22,21,29,17,48,48,19,41,15,50,14,16,49,24,28,25,41,40,39,43,25,40,38,38,23,27,38,18,20,27,71,39,26,26,55,51,24,48,46,63,42,42,63,40,40,37,37,37,46,20,61,37,50,32,31,31,62,17,18,88,38,35,40,21,16,15,13,28,36,11,17,24,28,24,27,28,21,21,-1,17,21,20,20,25,28,23,18,18,20,0,-1,12,17,14,32,14,17,19,17,12,12,18,24,23,13,27,13,15,22,22,30,17,40,18,29,60,28,-1,15,15,15,16,25,25,32,35,61,16,22,16,19,14,14,20,27,-1,-1,-1,32,-1,24,28,21,22,22,32,31,61,19,65,65,13,13,-1,-1,-1,31,31,22,26,27,26,27,27,28,27,26,28,27,28,15,22,72,-1,-1,-1,10,25,26,26,15,14,42,42,42,15,15,71,31,18,18,18,35,35,19,45,30,30,23,33,33,-1,16,-1,30,27,27,17,16,25,25,21,21,28,26,26,24,19,19,16,16,23,25,23,23,25,24,24,18,27,26,33,30,33,33,33,25,21,22,32,22,23,19,24,26,27,26,32,26,27,24,26,14,17,17,17,15,17,15,15,15,15,15,15,13,14,31,28,24,24,23,21,23,14,28,66,31,31,17,15,18,16,29,28,-1,-1,11,17,16,28,-1,14,-1,-1,18,23,22,23,32,39,26,18,45,18,21,29,30,30,-1,29,-1,26,25,24,53,-1,-1,26
13,-1,51,69,7,18,18,18,19,18,28,20,20,23,20,19,20,21,-1,144,41,25,-1,-1,-1,-1,-1,44,27,27,26,27,39,-1,25,33,-1,46,46,24,47,20,48,-1,21,53,28,34,29,38,38,41,47,26,43,43,43,28,27,38,11,25,31,67,37,29,29,56,49,28,49,46,62,43,42,62,44,44,41,41,41,47,24,62,35,52,33,36,36,76,14,15,84,43,41,46,18,23,19,13,33,48,7,21,29,29,32,28,32,30,26,-1,21,19,19,19,24,28,36,20,20,20,-1,0,9,17,16,36,20,21,22,21,12,12,22,24,26,16,27,16,21,24,25,46,17,59,19,41,64,40,8,16,17,16,17,26,26,39,47,62,17,23,14,21,17,16,20,28,7,7,7,42,-1,25,32,19,22,-1,44,41,59,19,69,70,10,10,8,8,8,37,37,29,27,29,34,29,35,30,35,34,30,29,34,21,21,70,-1,-1,-1,5,27,28,32,13,14,47,47,47,10,9,69,31,26,-1,-1,30,30,16,41,33,33,25,43,43,7,18,-1,27,30,31,19,18,26,26,21,19,26,20,20,29,16,17,16,16,25,27,27,27,26,21,21,16,32,31,38,27,30,30,30,20,18,19,37,19,20,20,29,26,25,25,29,27,28,24,27,15,19,19,19,17,19,17,17,17,17,17,16,13,13,36,25,25,25,23,25,23,-1,35,69,36,39,13,11,20,19,30,31,7,7,12,21,21,29,-1,18,-1,7,15,18,31,31,33,35,27,22,61,22,21,27,40,-1,10,30,-1,28,28,26,53,-1,-1,38
-1,-1,40,81,-1,-1,-1,-1,11,11,19,21,16,18,16,15,16,16,-1,140,25,21,-1,-1,-1,-1,-1,39,30,30,29,30,-1,-1,-1,29,-1,35,35,-1,36,-1,36,-1,16,41,24,-1,17,20,20,29,43,21,33,33,40,23,23,34,12,20,27,61,18,16,16,45,54,49,37,35,42,31,30,42,40,40,37,37,37,42,20,57,20,41,20,43,43,62,16,17,88,48,30,35,14,16,16,-1,28,43,-1,17,31,24,27,23,34,30,21,-1,11,21,20,20,20,23,31,25,18,16,12,9,0,17,14,32,15,18,16,18,12,12,17,18,16,14,23,14,16,14,15,30,-1,40,18,28,51,23,-1,-1,-1,-1,12,20,20,26,30,53,-1,17,16,11,14,14,20,23,-1,-1,-1,27,18,19,26,24,21,-1,27,26,51,21,58,59,-1,-1,-1,-1,-1,31,31,19,27,27,29,27,29,28,30,28,28,27,28,12,16,65,11,11,11,-1,22,23,26,-1,-1,31,31,31,-1,-1,64,25,20,-1,-1,31,29,19,36,24,31,20,28,28,-1,13,9,29,27,27,14,13,23,16,-1,16,25,19,19,24,-1,-1,13,-1,25,22,20,20,19,20,20,11,27,26,33,30,33,33,33,19,17,17,32,18,19,16,24,24,24,24,29,29,30,23,29,-1,14,17,17,12,14,12,12,12,12,12,11,-1,-1,31,27,27,27,22,17,22,11,22,64,25,25,-1,-1,13,-1,27,28,-1,-1,-1,14,16,26,-1,-1,11,-1,18,15,26,26,31,28,25,15,45,14,-1,25,25,-1,12,28,-1,23,22,21,47,10,-1,26
14,18,58,100,13,12,13,21,19,19,20,-1,-1,-1,-1,-1,-1,4,25,185,-1,36,34,9,18,20,19,47,31,31,30,31,-1,15,14,25,12,-1,-1,-1,-1,10,-1,18,-1,43,44,-1,-1,-1,-1,-1,39,29,22,22,56,10,5,-1,4,29,37,76,-1,21,21,19,56,37,18,20,42,-1,-1,42,121,51,34,34,34,55,24,48,-1,15,-1,13,13,72,7,7,107,59,32,37,-1,10,11,13,37,22,16,20,10,15,18,14,13,9,12,17,12,30,30,30,11,14,10,-1,-1,-1,17,17,17,0,-1,17,-1,-1,6,-1,11,11,6,7,6,-1,15,-1,-1,16,16,37,17,49,5,14,65,22,12,13,15,27,28,12,12,15,29,59,28,9,8,17,-1,-1,-1,13,19,19,19,46,26,10,10,-1,-1,16,26,45,69,-1,70,71,24,24,24,24,25,44,44,9,13,11,11,12,12,12,12,11,12,12,41,18,-1,80,21,21,21,20,12,13,13,13,25,17,17,17,10,9,79,14,-1,16,16,15,22,31,35,13,13,9,39,39,10,19,19,10,10,10,19,19,8,16,15,15,14,8,9,23,10,10,14,14,6,12,8,8,8,6,6,10,26,25,40,42,45,45,45,8,-1,6,45,6,6,12,37,12,13,13,11,13,12,11,13,16,12,14,11,16,17,16,16,16,18,18,18,19,15,38,11,11,11,10,-1,10,20,11,71,14,14,13,14,15,11,14,13,10,10,9,16,15,15,11,9,17,10,30,-1,7,8,19,14,-1,-1,54,10,15,15,36,16,26,16,16,12,11,11,36,20,16,11
11,17,45,91,13,-1,-1,-1,15,15,-1,-1,-1,-1,-1,-1,-1,11,12,179,-1,30,19,-1,-1,14,13,50,33,33,32,33,-1,-1,-1,26,-1,-1,-1,-1,-1,-1,-1,-1,-1,32,46,-1,-1,-1,-1,16,40,25,19,22,47,19,10,-1,-1,31,39,25,-1,-1,-1,34,48,38,19,21,34,20,19,34,113,43,35,35,35,56,21,55,12,26,13,31,31,84,-1,-1,100,48,28,33,-1,12,16,10,36,27,13,18,15,22,25,21,18,14,19,16,14,22,21,21,13,21,15,-1,-1,-1,14,16,14,-1,0,18,-1,7,9,7,-1,-1,8,17,15,-1,16,-1,-1,8,9,41,-1,56,-1,17,71,16,12,12,13,15,15,13,13,22,23,39,-1,13,-1,5,-1,-1,9,17,10,10,10,32,18,12,13,13,10,16,20,31,64,10,73,74,15,15,15,15,16,43,43,13,22,15,15,16,16,16,16,15,16,16,32,-1,-1,80,16,16,16,11,16,17,-1,11,14,27,27,27,8,8,79,21,-1,16,16,18,19,21,29,20,28,13,33,33,10,13,14,16,14,15,13,13,10,14,-1,-1,14,-1,-1,17,-1,-1,-1,-1,12,14,-1,-1,-1,-1,-1,9,20,19,54,32,35,35,35,-1,-1,-1,44,-1,-1,-1,28,-1,13,13,14,16,17,13,16,16,-1,-1,-1,-1,-1,-1,-1,-1,12,12,12,13,13,50,14,14,14,12,9,12,14,18,78,21,21,12,13,-1,-1,12,13,10,10,8,-1,-1,24,11,-1,16,10,20,-1,22,22,28,24,17,-1,50,-1,-1,14,30,16,26,25,16,17,-1,13,43,20,16,21
27,39,40,91,24,23,23,22,20,20,-1,-1,-1,-1,-1,-1,-1,-1,33,198,-1,49,32,29,28,27,26,73,55,55,54,55,-1,-1,-1,35,-1,-1,-1,-1,-1,-1,-1,-1,-1,42,68,-1,-1,-1,-1,-1,49,-1,-1,-1,52,23,18,39,25,39,33,68,12,13,13,25,47,33,-1,-1,34,-1,-1,34,43,43,44,44,44,51,44,58,-1,-1,-1,23,23,81,27,28,115,48,47,38,12,17,23,28,47,33,28,36,-1,-1,-1,-1,-1,-1,-1,31,26,42,42,42,25,-1,-1,17,17,17,32,36,32,17,18,0,22,-1,-1,-1,19,19,-1,-1,-1,18,27,19,21,23,24,43,20,47,-1,-1,82,52,21,20,18,17,17,-1,-1,27,59,76,16,14,24,20,19,19,-1,-1,21,21,22,51,33,-1,-1,26,30,25,56,56,77,22,91,91,20,20,21,21,21,43,43,8,21,16,15,17,16,17,17,15,17,17,40,15,22,88,30,30,30,22,9,10,-1,19,17,50,50,50,24,27,87,26,23,25,25,-1,-1,42,69,27,27,14,43,44,21,16,27,-1,-1,-1,16,16,-1,25,17,17,-1,-1,-1,53,20,20,16,16,-1,9,-1,-1,-1,-1,-1,21,56,55,60,53,56,56,56,-1,-1,-1,67,-1,-1,15,59,-1,-1,-1,-1,-1,-1,-1,-1,17,12,14,14,15,16,14,14,14,15,15,15,17,17,58,-1,-1,-1,-1,22,-1,21,23,92,26,26,20,20,16,18,-1,-1,24,23,23,16,16,-1,24,19,29,23,41,20,13,14,27,48,31,23,70,15,17,-1,55,28,37,-1,26,10,11,8,48,32,28,-1
11,21,48,101,13,14,18,18,16,16,24,-1,-1,-1,-1,-1,-1,7,20,182,-1,33,22,13,13,17,16,44,35,35,34,35,-1,-1,-1,23,15,-1,-1,-1,-1,-1,-1,-1,-1,36,48,-1,-1,-1,-1,-1,37,26,19,19,50,15,6,-1,8,27,34,30,-1,-1,-1,29,52,35,16,18,39,-1,-1,39,117,48,32,32,32,53,24,51,15,24,16,16,16,82,9,9,103,58,29,34,-1,9,19,10,35,23,16,21,11,18,21,17,14,10,10,17,16,25,24,24,10,10,11,-1,-1,-1,14,20,15,-1,-1,22,0,-1,-1,-1,-1,-1,-1,6,5,-1,14,-1,-1,10,11,36,9,46,-1,19,69,19,10,12,13,15,19,13,13,14,26,42,15,17,9,7,-1,-1,-1,15,11,11,11,35,20,9,10,11,9,14,23,34,68,6,70,70,14,14,14,14,14,30,30,16,14,24,24,25,24,25,25,23,25,25,27,16,-1,78,18,17,17,10,17,18,-1,11,13,41,41,41,8,8,77,13,7,14,14,15,16,24,32,12,12,17,36,36,8,16,15,9,9,9,16,15,9,12,-1,-1,11,-1,-1,20,9,9,13,13,5,17,-1,-1,-1,-1,-1,9,23,22,39,35,38,38,38,-1,-1,-1,31,-1,-1,-1,23,-1,-1,-1,11,14,15,10,14,15,-1,14,-1,13,15,14,14,14,14,15,16,15,14,37,12,12,12,9,9,9,20,10,71,13,13,12,12,11,10,9,18,9,9,8,12,12,10,10,8,15,9,23,-1,21,22,20,39,15,-1,47,-1,-1,11,33,14,20,11,14,14,13,17,35,17,14,16
15,22,52,84,17,14,21,21,19,19,16,-1,-1,-1,-1,-1,-1,-1,24,179,-1,30,34,12,12,14,13,41,36,36,35,36,-1,-1,-1,19,17,-1,-1,-1,-1,-1,-1,12,-1,40,49,-1,-1,-1,-1,-1,33,29,17,17,54,13,-1,22,9,23,31,33,-1,-1,-1,13,54,31,12,14,38,-1,-1,38,117,50,28,28,28,49,32,59,-1,-1,-1,13,13,78,9,9,105,41,32,37,-1,-1,25,13,31,21,18,22,9,15,18,14,12,8,8,20,15,28,28,28,12,8,9,-1,-1,-1,17,21,18,-1,7,-1,-1,0,-1,-1,7,7,-1,8,5,-1,14,-1,-1,14,15,32,11,42,-1,20,65,22,15,15,17,18,19,-1,-1,14,29,45,17,15,9,11,7,7,-1,12,14,14,14,47,24,-1,11,9,10,19,26,46,64,-1,66,66,19,19,18,18,18,26,26,15,11,27,21,27,22,22,22,21,28,27,23,16,-1,74,22,21,21,15,18,19,11,15,17,44,44,44,12,11,73,13,5,19,19,16,17,28,37,12,12,15,48,48,12,18,19,11,9,9,18,17,-1,16,-1,-1,12,-1,-1,21,11,11,15,15,5,18,-1,-1,-1,-1,-1,11,24,23,35,39,42,42,42,-1,-1,-1,27,-1,-1,-1,19,12,11,11,12,11,12,-1,11,18,-1,16,-1,15,17,16,16,16,16,17,17,23,17,33,9,9,9,-1,-1,-1,24,10,67,13,13,15,16,13,12,10,11,13,13,11,14,14,13,14,10,22,13,27,-1,19,20,17,23,15,-1,50,-1,-1,12,45,19,24,11,18,15,14,17,35,21,19,17
16,23,56,82,18,15,16,16,18,18,18,-1,-1,-1,-1,-1,-1,-1,17,177,-1,28,17,10,10,12,11,39,38,38,37,38,-1,16,15,18,19,-1,-1,-1,-1,11,-1,10,-1,41,51,-1,-1,-1,-1,-1,32,32,18,18,42,-1,-1,23,11,21,17,74,-1,-1,-1,12,62,29,11,13,36,-1,-1,36,119,51,27,27,27,48,35,57,-1,-1,-1,11,11,76,10,10,97,39,38,43,-1,-1,26,16,29,22,20,23,10,13,16,12,13,9,10,21,16,38,37,37,-1,12,10,-1,-1,-1,19,22,16,6,9,-1,-1,-1,0,-1,12,12,-1,4,3,-1,11,-1,-1,16,16,31,16,41,-1,16,64,22,18,19,21,22,25,-1,-1,12,29,65,22,17,10,19,-1,-1,-1,13,18,18,18,46,32,-1,12,15,14,22,26,45,63,7,65,65,22,22,22,22,22,25,25,17,8,23,23,24,24,24,24,23,24,24,22,21,-1,73,27,27,27,19,17,18,12,19,21,28,28,28,16,15,72,11,12,22,22,17,18,30,39,10,10,17,47,47,16,23,25,7,7,7,23,22,-1,26,18,19,13,-1,-1,23,16,16,20,20,3,16,-1,-1,-1,-1,-1,16,26,25,34,51,54,54,54,-1,-1,-1,26,-1,-1,-1,18,13,12,12,13,10,9,-1,10,24,-1,21,-1,19,21,20,20,20,20,21,19,21,22,32,-1,-1,-1,-1,-1,-1,27,8,66,11,11,19,22,17,16,11,12,14,13,21,18,18,8,12,14,17,11,40,-1,21,22,11,25,12,-1,54,-1,18,13,39,16,28,9,18,16,15,18,33,25,16,20
15,22,52,84,17,14,21,21,19,19,16,-1,-1,-1,-1,-1,-1,-1,24,179,-1,30,34,12,12,14,13,41,36,36,35,36,-1,-1,-1,20,17,-1,-1,-1,-1,-1,-1,12,-1,39,49,-1,-1,-1,-1,-1,34,29,17,17,54,12,-1,22,9,23,31,33,-1,-1,-1,14,54,31,13,15,38,-1,-1,38,117,50,29,29,29,49,32,59,-1,-1,-1,13,13,78,9,9,105,41,32,37,-1,-1,25,13,31,21,18,22,9,15,18,14,12,8,8,20,15,28,28,28,14,8,9,-1,-1,-1,17,21,18,-1,7,-1,-1,-1,-1,0,6,6,-1,5,4,-1,14,-1,-1,13,13,32,19,42,-1,19,65,19,13,23,21,21,21,-1,-1,13,26,46,20,14,9,23,6,6,-1,12,15,15,16,38,23,-1,10,9,9,17,23,37,64,-1,66,66,20,20,21,21,21,26,26,14,11,20,20,21,21,21,21,20,21,21,23,19,-1,74,21,20,20,17,15,16,10,21,20,25,25,25,19,10,73,12,-1,17,17,15,16,27,36,17,17,20,39,39,13,17,18,11,12,12,17,16,-1,21,-1,-1,11,-1,-1,20,18,19,14,14,9,14,-1,-1,-1,-1,-1,18,23,22,35,38,41,41,41,-1,-1,-1,27,-1,-1,-1,19,11,10,10,11,11,12,-1,11,21,-1,15,-1,14,16,15,15,15,15,16,16,18,19,33,9,9,9,-1,7,-1,24,9,67,20,23,21,19,12,11,9,10,15,14,10,13,13,13,13,9,18,12,27,-1,20,21,17,22,15,-1,50,-1,-1,11,45,17,23,14,17,14,13,16,34,20,17,18
-1,13,41,80,11,-1,-1,-1,12,12,21,9,9,14,11,8,10,13,13,175,-1,26,15,-1,-1,10,9,46,29,29,28,29,-1,-1,-1,22,-1,-1,-1,-1,-1,-1,-1,-1,10,34,42,-1,-1,-1,-1,12,36,22,19,26,43,23,18,26,-1,27,21,29,-1,-1,-1,35,51,41,29,17,37,16,15,37,116,46,31,31,31,59,17,51,-1,31,-1,33,33,70,-1,-1,96,51,24,29,7,12,12,8,35,31,9,14,19,18,21,17,22,18,15,12,-1,18,17,17,13,17,19,13,8,9,12,12,12,11,-1,19,-1,7,12,6,0,18,9,15,17,-1,18,-1,-1,13,13,36,-1,54,8,19,66,19,8,-1,12,15,16,17,17,30,26,37,13,16,-1,5,-1,-1,10,19,7,7,7,29,15,16,18,-1,11,12,23,28,61,10,70,70,12,12,12,12,13,37,37,15,18,30,23,30,32,31,33,31,31,30,34,-1,-1,76,13,13,13,8,17,17,16,12,13,27,27,27,-1,8,75,18,-1,12,12,21,21,18,36,24,24,16,30,30,8,-1,11,18,19,19,-1,-1,13,14,-1,-1,17,11,11,20,-1,-1,-1,-1,16,17,-1,-1,11,12,12,-1,23,16,51,28,31,31,31,11,9,9,37,10,11,-1,29,16,16,16,20,18,19,16,18,18,-1,-1,-1,-1,-1,-1,-1,-1,-1,-1,-1,15,14,47,16,16,16,15,10,15,18,15,73,18,18,12,10,-1,-1,18,17,7,7,-1,-1,-1,15,8,-1,13,7,17,-1,12,13,18,36,18,7,41,-1,-1,18,27,17,14,16,18,17,16,16,40,12,17,16
-1,13,41,80,11,-1,-1,-1,12,12,21,9,9,14,11,8,10,13,13,175,-1,26,15,-1,-1,10,9,46,29,29,28,29,-1,-1,-1,22,-1,-1,-1,-1,-1,-1,-1,-1,10,34,42,-1,-1,-1,-1,12,36,22,19,26,43,23,18,26,-1,27,21,29,-1,-1,-1,35,51,41,29,17,37,16,15,37,116,46,31,31,31,59,17,51,-1,31,-1,33,33,70,-1,-1,96,51,24,29,7,12,12,8,35,31,9,14,19,18,21,17,22,18,15,12,-1,18,17,17,13,17,19,13,8,9,12,12,12,11,-1,19,-1,7,12,6,18,0,9,11,10,-1,17,-1,6,8,9,36,-1,54,8,19,63,13,13,-1,12,15,16,17,17,19,20,35,13,14,-1,5,-1,-1,10,19,12,12,13,29,15,14,18,-1,11,16,17,28,63,10,72,72,14,14,15,15,15,28,28,14,18,16,16,17,17,17,17,16,17,17,25,-1,-1,76,13,13,13,8,17,18,18,10,13,38,38,38,-1,6,75,18,-1,12,12,21,21,17,26,17,24,14,30,30,7,-1,11,17,15,16,-1,-1,11,10,-1,-1,19,11,11,14,-1,-1,-1,-1,13,17,-1,-1,11,12,12,-1,17,16,51,28,31,31,31,11,9,9,30,10,11,-1,22,16,16,16,20,17,18,14,17,13,-1,-1,-1,-1,-1,-1,-1,-1,-1,-1,15,10,10,47,18,18,18,13,12,13,11,15,73,18,18,12,10,-1,-1,16,17,7,7,-1,-1,-1,20,7,-1,13,6,17,-1,20,21,24,24,17,7,41,-1,-1,17,27,12,14,21,11,17,-1,16,40,12,12,25
16,23,56,83,18,15,16,23,21,21,17,-1,-1,-1,-1,-1,-1,-1,26,177,-1,28,35,10,10,12,11,39,37,37,36,37,-1,16,15,18,18,-1,-1,-1,-1,11,-1,10,-1,41,50,-1,-1,-1,-1,-1,32,31,18,18,55,-1,-1,23,10,22,29,74,-1,-1,-1,12,62,30,11,13,36,-1,-1,36,119,51,27,27,27,48,34,58,-1,-1,-1,12,12,77,10,10,98,40,34,39,-1,-1,26,15,30,22,20,23,10,14,17,13,13,9,11,21,16,33,33,33,-1,13,10,-1,-1,-1,18,22,17,6,8,-1,-1,-1,-1,-1,9,9,0,4,3,-1,12,-1,-1,15,15,31,14,40,-1,16,63,21,15,17,18,20,22,-1,-1,12,28,69,20,21,14,19,9,9,-1,13,16,16,16,46,25,-1,12,10,11,19,25,45,65,-1,66,66,19,19,19,19,19,29,29,19,12,26,26,27,26,27,27,26,27,27,26,19,-1,73,23,22,22,15,17,18,12,16,18,27,27,27,13,12,72,11,6,16,16,17,18,36,38,10,10,21,47,47,12,19,20,12,7,7,19,18,-1,23,18,-1,13,-1,-1,22,12,12,16,16,3,16,-1,-1,-1,-1,-1,12,25,24,34,47,50,50,50,-1,-1,-1,31,-1,-1,-1,23,-1,-1,12,13,13,13,-1,10,19,-1,17,-1,16,18,17,17,17,17,18,18,19,18,32,-1,-1,-1,-1,-1,-1,24,8,78,11,11,16,17,14,13,11,12,14,14,12,15,15,14,15,11,23,14,35,-1,19,20,18,24,13,-1,52,-1,18,13,44,22,32,9,22,16,15,18,33,26,22,20
18,25,58,84,20,16,18,18,20,20,19,5,9,7,10,8,9,-1,19,183,25,34,23,16,16,18,17,45,46,46,45,46,-1,22,21,19,27,-1,-1,-1,-1,17,-1,16,-1,55,59,-1,-1,22,22,-1,33,20,20,20,44,-1,-1,24,19,23,18,67,21,23,23,13,68,12,-1,-1,29,-1,-1,29,125,42,28,28,28,40,39,51,19,-1,19,-1,8,78,11,11,99,47,39,44,8,-1,27,17,31,19,24,24,-1,-1,-1,9,10,-1,-1,25,17,37,37,37,-1,-1,-1,7,7,9,24,24,18,7,17,-1,6,8,4,5,15,11,4,0,-1,10,-1,9,7,22,23,32,15,42,6,-1,61,27,17,18,20,21,32,-1,-1,11,34,74,21,26,12,21,12,12,8,-1,17,17,17,50,31,-1,18,12,11,21,31,49,66,6,68,68,21,21,21,21,21,26,26,22,6,35,31,35,32,32,32,31,36,35,23,20,8,74,26,26,26,18,20,21,16,18,20,60,60,60,15,14,73,10,8,21,21,-1,-1,35,40,9,9,19,46,46,15,22,24,-1,-1,-1,22,21,-1,25,17,18,21,15,15,28,15,15,19,19,-1,22,18,17,17,16,16,15,31,30,35,46,49,49,49,9,13,14,27,14,15,19,19,21,20,20,-1,-1,-1,-1,-1,21,21,20,21,19,21,20,20,20,20,21,25,26,25,33,-1,-1,-1,-1,-1,-1,31,7,68,10,10,23,24,21,20,17,18,21,21,19,22,22,8,13,18,18,12,34,10,23,23,12,30,13,15,57,18,20,19,48,17,32,8,26,22,18,23,32,29,17,19
19,26,59,82,20,15,19,19,21,21,18,4,10,8,11,9,10,-1,17,181,26,32,21,14,14,16,15,43,44,44,43,44,-1,20,19,18,25,-1,-1,-1,-1,15,-1,14,-1,54,57,-1,24,32,32,-1,32,21,21,21,42,-1,-1,23,17,21,17,68,30,24,24,12,66,11,-1,-1,30,-1,-1,30,125,43,27,27,27,41,38,51,18,-1,18,7,7,76,10,10,97,48,38,43,7,-1,26,16,29,18,23,23,6,-1,-1,8,9,-1,-1,27,19,36,36,36,-1,-1,-1,6,6,6,23,26,16,6,15,-1,5,5,3,4,17,10,3,-1,0,13,-1,14,12,25,26,30,18,40,5,-1,59,30,11,22,24,25,26,-1,-1,10,37,59,24,25,18,23,14,14,7,-1,21,21,21,50,30,-1,18,11,10,15,34,48,64,5,66,66,16,16,17,17,17,24,24,23,8,27,26,27,27,27,27,26,27,27,21,19,7,72,20,20,20,12,19,20,15,17,19,32,32,32,14,13,71,9,7,15,15,-1,-1,34,43,14,14,20,46,47,11,21,18,-1,-1,-1,21,20,-1,28,16,17,16,10,10,31,14,14,18,18,-1,19,12,12,11,10,10,14,34,33,33,45,48,48,48,8,7,8,25,9,10,18,17,15,14,15,19,-1,-1,-1,-1,20,20,19,20,18,20,19,19,19,19,20,20,20,20,31,-1,-1,-1,-1,-1,-1,20,6,66,9,9,17,18,16,15,19,20,14,14,13,17,17,10,15,13,21,14,33,9,25,26,14,29,12,8,56,12,16,16,47,20,30,11,20,19,17,20,31,24,20,32
10,17,45,88,12,-1,16,16,14,14,23,-1,-1,-1,-1,-1,-1,10,17,179,-1,30,19,-1,-1,14,13,50,33,33,32,33,-1,-1,-1,26,-1,-1,-1,-1,-1,-1,-1,-1,-1,33,46,-1,-1,-1,-1,16,40,24,18,23,46,18,10,-1,-1,30,38,27,-1,-1,-1,33,49,38,18,20,36,19,18,36,114,45,34,34,34,56,20,55,11,26,12,30,31,84,-1,-1,99,54,27,32,-1,11,15,9,36,26,12,17,14,22,25,21,17,13,13,16,14,21,20,20,12,21,14,-1,-1,-1,13,16,14,-1,-1,18,-1,-1,-1,-1,-1,-1,-1,10,13,0,16,-1,-1,7,8,38,8,54,-1,18,65,16,9,11,12,14,16,16,16,21,23,45,14,14,-1,4,-1,-1,9,19,10,10,10,32,26,13,17,-1,11,13,20,31,67,8,72,72,18,18,20,20,20,31,31,13,17,21,21,22,21,22,22,20,22,22,28,13,-1,78,18,21,21,9,15,15,15,10,12,30,30,30,7,7,78,20,-1,13,13,20,20,21,29,19,19,14,33,33,7,15,16,16,16,16,15,14,11,9,-1,-1,16,10,10,17,8,8,12,12,12,15,-1,-1,-1,-1,-1,8,20,19,48,32,35,35,35,10,-1,-1,33,-1,10,-1,25,15,14,14,15,16,15,13,16,14,-1,-1,-1,-1,-1,-1,-1,-1,13,14,14,14,13,46,15,15,15,12,12,12,22,14,82,17,17,11,11,-1,9,13,14,8,8,7,-1,-1,23,9,-1,14,8,20,-1,23,23,27,25,17,-1,44,-1,-1,15,30,13,17,24,15,18,-1,19,42,15,15,19
30,28,70,89,31,23,30,30,33,32,26,15,-1,17,-1,-1,-1,-1,24,185,32,36,25,18,18,20,19,47,43,43,42,43,-1,24,23,24,24,-1,-1,-1,-1,19,-1,18,-1,55,56,-1,28,36,36,-1,38,41,30,30,49,-1,-1,22,16,28,23,74,34,28,28,18,70,20,-1,-1,36,-1,-1,36,129,61,33,33,33,47,36,54,26,18,26,16,16,83,18,18,115,54,46,51,15,-1,34,25,36,28,28,31,-1,-1,-1,17,19,-1,-1,30,24,46,45,45,-1,-1,-1,15,14,-1,27,27,23,15,16,27,14,14,11,14,18,17,12,-1,-1,16,0,13,13,19,19,36,16,52,13,24,69,25,17,19,21,22,25,-1,-1,29,32,79,22,20,10,17,13,13,12,-1,18,18,18,52,30,-1,20,15,15,21,29,53,71,8,72,72,22,22,22,22,22,33,33,20,-1,26,26,27,27,27,27,26,27,27,30,21,14,78,27,27,27,18,23,24,24,19,21,28,28,28,16,15,77,17,12,21,21,27,28,47,42,28,28,20,55,55,17,23,24,-1,-1,-1,23,22,-1,27,18,19,23,17,17,26,16,16,20,20,-1,23,17,17,16,17,18,16,29,28,39,61,64,64,64,18,15,16,35,16,17,19,27,23,22,23,26,-1,15,-1,-1,22,22,21,20,20,22,21,21,21,21,22,22,22,21,37,-1,-1,-1,-1,-1,-1,27,25,73,26,29,19,20,18,17,25,24,16,16,15,19,19,14,17,15,23,16,47,14,18,19,23,25,-1,13,57,16,18,24,52,22,30,15,22,23,22,22,39,26,22,22
11,17,45,84,13,-1,16,16,14,14,23,-1,-1,-1,-1,-1,-1,10,17,179,-1,30,19,-1,-1,14,13,50,33,33,32,33,-1,-1,-1,26,-1,-1,-1,-1,-1,-1,-1,-1,-1,33,46,-1,-1,-1,-1,16,40,24,19,22,47,17,10,-1,-1,29,37,27,-1,-1,-1,32,49,37,19,21,36,20,19,36,114,45,35,35,35,56,20,55,12,27,13,30,30,84,-1,-1,100,55,28,33,-1,12,15,10,37,25,13,17,13,22,25,21,16,12,12,16,14,21,20,20,13,12,13,-1,-1,-1,13,16,14,-1,-1,19,-1,-1,-1,-1,-1,-1,-1,9,14,-1,13,0,-1,14,14,36,9,48,-1,18,63,22,14,12,13,15,17,13,13,17,29,53,15,15,-1,5,-1,-1,10,15,11,11,11,32,21,12,13,-1,12,14,26,31,66,9,70,70,14,14,15,15,15,31,31,14,13,21,19,21,20,20,20,19,22,21,28,14,-1,76,19,18,18,10,16,16,-1,11,13,27,27,27,8,8,75,16,-1,14,14,18,19,20,37,15,15,17,33,33,8,15,16,12,12,12,15,15,10,10,-1,-1,14,-1,-1,17,9,9,13,13,8,20,-1,-1,-1,-1,-1,9,20,19,39,34,37,37,37,-1,-1,-1,34,-1,-1,-1,26,14,13,13,14,15,14,13,15,15,-1,-1,-1,-1,-1,-1,-1,-1,14,14,16,15,14,37,14,14,14,12,9,12,20,13,71,16,16,12,12,-1,10,22,21,9,9,8,-1,-1,13,11,-1,19,10,20,-1,15,16,16,24,17,-1,44,-1,-1,14,30,16,21,14,15,17,-1,19,38,18,16,21
12,22,48,88,14,15,19,19,17,17,26,-1,-1,-1,-1,-1,-1,8,20,183,-1,34,23,-1,-1,18,17,53,35,35,34,35,-1,-1,-1,24,-1,-1,-1,-1,-1,-1,-1,-1,-1,36,48,-1,-1,-1,-1,-1,38,27,20,20,49,15,7,-1,9,27,35,30,-1,-1,-1,30,52,35,17,19,38,-1,-1,38,117,47,33,33,33,53,23,52,14,25,15,17,17,82,10,10,102,57,30,35,-1,10,18,11,35,23,17,20,11,19,22,18,14,10,10,18,16,24,23,23,11,10,11,-1,-1,-1,15,21,16,-1,-1,21,-1,-1,-1,-1,-1,6,-1,7,12,-1,13,-1,0,10,11,37,7,48,-1,20,69,18,11,11,13,14,15,11,11,15,25,55,13,15,7,7,-1,-1,-1,13,10,10,10,34,20,10,11,-1,10,15,22,33,67,-1,73,73,15,15,14,14,14,31,31,17,11,19,19,20,20,20,20,19,20,20,28,15,-1,81,18,18,18,13,16,17,-1,17,18,23,23,23,8,7,80,30,7,18,18,16,17,42,31,21,21,14,35,35,14,18,16,14,12,13,18,17,8,22,-1,-1,14,-1,-1,19,7,7,11,11,10,15,-1,-1,-1,-1,-1,7,22,21,40,56,59,59,59,-1,-1,-1,32,-1,-1,-1,24,-1,-1,-1,12,14,15,11,14,19,-1,-1,-1,11,13,12,12,12,16,17,17,14,15,38,12,12,12,10,7,10,20,23,74,24,27,17,15,9,8,10,11,9,14,7,10,10,17,14,6,18,14,23,-1,21,22,14,20,16,-1,46,-1,-1,12,32,15,20,12,14,15,-1,17,36,17,15,19
12,29,57,99,14,12,-1,12,14,14,22,17,17,18,16,17,17,18,24,157,43,38,-1,-1,-1,-1,-1,54,45,45,44,45,41,-1,-1,38,-1,49,48,-1,49,-1,50,-1,26,41,41,36,33,41,41,40,52,39,40,40,49,22,16,17,9,35,36,38,39,33,33,56,76,33,49,47,58,44,43,58,57,57,46,46,46,52,41,67,37,52,37,54,54,90,12,13,105,57,42,47,23,20,-1,11,39,46,14,8,34,33,33,32,37,33,25,13,11,11,10,10,28,30,34,15,13,13,22,24,14,16,8,23,10,14,16,13,13,8,15,22,25,7,19,14,10,0,-1,40,12,51,15,22,68,10,11,16,17,21,22,21,21,46,17,82,22,28,13,5,16,16,15,35,11,11,12,52,26,19,18,18,13,15,14,51,70,14,74,74,17,17,18,18,18,43,43,28,34,33,35,33,35,34,36,34,34,33,40,21,18,80,20,20,20,12,31,32,18,15,20,58,58,58,12,12,79,39,17,15,15,23,24,41,23,38,38,29,41,42,11,22,17,30,28,28,23,22,22,-1,16,17,19,16,16,11,11,11,22,22,26,31,16,16,16,14,14,8,14,13,56,55,58,58,58,15,13,14,45,14,14,21,37,19,18,18,19,25,26,19,25,20,23,23,22,21,23,21,21,21,21,21,21,19,20,45,23,23,23,18,17,18,20,36,81,39,39,15,16,15,14,17,18,14,14,10,16,22,38,11,13,17,10,41,16,28,29,42,45,22,17,61,18,16,19,38,16,28,37,17,22,21,24,61,22,16,26
13,30,57,100,15,13,-1,13,15,15,23,18,18,19,17,18,18,19,24,157,43,38,31,-1,-1,-1,-1,54,45,45,44,45,41,-1,-1,38,-1,49,49,-1,50,-1,50,-1,26,42,41,36,33,41,41,40,52,39,40,40,50,22,16,18,9,35,36,39,39,33,33,56,76,33,49,47,59,44,43,59,57,57,46,46,46,53,42,68,37,52,37,54,54,91,12,13,106,58,43,48,23,20,-1,12,40,46,15,9,34,34,34,33,37,33,26,14,8,12,11,11,29,31,34,16,13,13,22,25,15,16,9,24,11,15,16,13,13,9,15,23,26,8,19,14,11,-1,0,43,12,54,16,23,73,11,13,15,17,22,23,22,22,41,18,64,17,29,13,6,19,20,16,27,13,13,14,37,25,20,19,13,14,17,15,36,73,15,80,80,18,18,19,19,19,44,44,26,37,34,36,34,36,35,37,35,35,34,41,22,17,85,22,22,22,14,24,25,19,16,21,48,48,48,12,12,84,40,14,17,17,24,25,42,24,39,43,30,38,38,13,23,19,31,29,29,24,23,23,-1,16,23,20,17,17,12,11,11,16,16,27,23,17,17,17,15,15,8,14,13,56,56,59,59,59,16,14,15,46,15,15,18,36,33,34,33,20,37,38,35,37,21,24,24,24,22,24,22,22,22,22,22,22,20,21,54,35,35,35,34,31,34,21,30,79,33,33,17,17,25,18,18,19,14,14,13,24,23,30,15,17,21,14,38,22,36,36,33,55,33,22,62,21,20,36,42,20,29,31,21,33,32,31,55,26,20,27
46,50,53,81,26,39,48,48,42,44,34,32,32,33,32,31,32,31,31,113,34,10,41,38,37,36,35,38,105,105,104,105,34,35,34,62,50,42,42,42,44,40,45,39,66,67,20,32,29,40,40,50,74,78,41,41,13,38,66,72,50,24,60,49,31,27,27,52,25,54,51,62,42,60,59,42,17,17,67,67,67,38,57,58,34,34,34,31,31,58,38,38,96,-1,47,46,37,31,40,31,-1,46,31,46,39,39,39,34,33,36,36,29,33,66,48,48,36,38,38,33,33,33,30,46,30,37,41,43,36,32,31,32,36,36,31,32,30,38,36,36,37,40,43,0,36,-1,40,42,57,45,26,36,37,38,42,47,47,37,52,99,38,28,38,36,37,37,45,46,27,27,27,26,38,46,41,49,48,30,50,26,54,48,63,63,31,31,32,32,32,45,45,31,38,35,34,35,35,35,35,34,35,35,42,45,45,71,35,35,35,27,34,35,38,44,46,47,47,47,32,31,69,42,45,30,30,47,48,71,59,35,35,28,19,20,26,41,33,42,43,43,41,41,41,55,41,40,38,44,44,47,49,50,48,48,31,34,59,41,40,39,39,32,50,49,-1,109,109,109,109,37,36,37,46,38,39,54,38,38,39,38,43,36,37,34,36,47,46,52,46,52,53,51,51,51,49,49,49,45,45,-1,35,35,35,34,32,33,35,35,60,35,37,44,42,51,49,40,38,28,27,32,51,51,35,26,51,31,25,74,55,32,32,37,45,40,38,61,55,52,39,35,30,39,34,32,35,36,33,97,36,30,42
-1,18,35,87,15,-1,-1,-1,-1,-1,16,14,14,18,15,13,14,22,-1,146,20,27,18,-1,-1,-1,-1,45,32,32,31,32,-1,-1,-1,25,-1,-1,-1,-1,-1,-1,-1,-1,13,37,30,-1,-1,17,17,15,39,17,17,17,44,29,21,38,-1,26,23,56,-1,13,13,41,50,45,33,31,37,18,17,37,46,46,33,33,33,40,17,55,17,36,17,38,39,68,-1,-1,98,52,26,31,-1,16,12,-1,34,37,-1,14,25,22,25,21,28,24,19,14,-1,18,17,17,17,21,25,16,12,13,17,17,-1,17,-1,20,9,11,16,19,-1,-1,14,15,18,8,16,9,7,12,12,36,0,47,14,25,64,15,11,-1,-1,-1,-1,23,23,22,22,56,-1,16,10,6,-1,-1,16,28,11,11,12,31,19,21,21,15,17,15,19,30,66,14,71,71,-1,-1,-1,-1,-1,36,36,16,23,19,21,19,21,20,22,20,20,19,33,-1,12,78,15,15,15,-1,17,17,20,-1,-1,31,31,31,-1,-1,77,21,11,15,15,26,27,22,28,20,20,16,32,32,-1,-1,13,23,21,22,-1,-1,17,13,-1,-1,20,17,17,16,-1,-1,-1,-1,19,17,-1,-1,-1,-1,-1,-1,19,18,38,39,42,42,42,17,15,15,37,16,17,-1,29,19,20,20,22,23,24,20,23,-1,9,-1,-1,-1,-1,-1,-1,-1,-1,-1,-1,-1,-1,36,21,21,21,19,16,19,13,18,68,21,21,-1,-1,-1,-1,18,17,-1,-1,-1,-1,-1,25,12,-1,15,9,20,-1,20,21,29,26,24,13,43,-1,-1,19,29,15,16,19,13,17,18,16,43,14,15,18
52,56,58,87,43,49,54,54,48,54,40,42,42,43,42,41,42,41,41,123,40,51,48,45,44,43,42,48,116,116,115,116,41,42,41,72,51,49,49,49,51,47,52,46,73,73,27,39,36,41,41,60,84,84,47,47,15,48,72,78,56,34,70,50,38,34,34,62,32,64,61,63,48,61,60,48,26,26,77,77,77,44,62,64,40,40,40,37,37,68,46,46,114,-1,53,52,49,43,52,40,15,52,41,56,49,46,45,40,39,52,52,45,49,72,60,60,48,44,44,42,43,43,40,59,40,49,56,47,46,42,41,42,54,54,40,42,40,54,52,48,48,51,54,-1,47,0,48,47,77,65,36,53,53,54,46,51,51,42,72,109,55,33,54,55,48,49,49,51,37,37,37,33,48,50,46,54,53,40,69,33,74,51,75,76,52,52,42,42,42,62,62,36,43,40,39,40,40,40,40,39,40,40,59,48,50,88,45,45,45,37,39,40,43,51,53,54,54,54,42,41,80,47,50,40,40,52,63,55,78,73,73,35,26,27,36,58,43,52,49,50,57,58,46,56,59,60,45,54,54,66,56,57,55,55,48,41,58,58,57,56,56,42,69,68,-1,74,77,77,77,54,53,54,63,55,56,61,55,45,60,45,65,53,54,51,53,54,61,59,62,59,60,58,58,58,56,56,56,52,52,18,52,52,52,51,49,50,45,79,73,76,79,51,49,58,56,47,45,44,43,47,58,58,58,42,58,47,41,76,55,39,39,73,52,57,55,50,55,59,46,42,46,55,60,48,42,43,40,104,52,46,49
13,20,41,86,15,14,13,13,15,15,-1,-1,-1,-1,-1,-1,-1,-1,20,180,-1,31,35,13,13,15,14,42,36,36,35,36,-1,-1,-1,21,17,-1,-1,-1,-1,-1,-1,13,-1,38,49,-1,-1,-1,-1,-1,35,30,15,15,54,14,9,22,9,25,32,31,-1,-1,-1,15,52,31,14,-1,39,-1,-1,39,115,48,30,30,30,49,33,34,-1,-1,-1,15,15,80,9,9,105,43,33,38,-1,-1,15,14,33,22,18,22,10,10,10,16,13,9,9,20,13,28,28,28,15,9,10,-1,-1,-1,18,19,18,5,-1,-1,-1,-1,-1,-1,8,8,-1,6,5,-1,13,-1,-1,15,16,40,14,48,0,21,60,23,15,15,17,18,20,-1,-1,14,17,62,17,18,10,12,-1,-1,-1,10,21,21,21,43,24,-1,9,10,10,19,27,42,66,-1,68,68,19,19,18,18,18,28,28,14,9,25,27,25,27,26,28,26,26,25,25,19,-1,75,22,21,21,15,14,15,9,16,18,23,23,23,13,13,74,13,6,19,19,14,15,28,33,12,12,18,49,49,12,19,19,9,9,9,19,18,-1,17,-1,-1,10,-1,-1,23,11,11,15,15,5,13,-1,-1,-1,-1,-1,13,26,25,37,39,42,42,42,-1,-1,-1,30,-1,-1,-1,22,10,9,9,10,9,10,-1,9,18,-1,-1,-1,-1,-1,-1,-1,-1,17,18,18,18,17,35,7,7,7,-1,-1,-1,23,10,68,13,13,15,16,13,12,8,9,13,13,11,14,14,10,14,-1,22,13,27,-1,16,17,13,20,15,-1,57,-1,-1,10,41,21,31,12,21,13,12,15,35,25,21,17
25,39,38,99,21,21,21,20,18,18,-1,-1,-1,-1,-1,-1,-1,-1,34,200,-1,51,30,27,26,25,24,71,57,57,56,57,-1,-1,-1,37,32,-1,-1,-1,-1,-1,-1,-1,-1,40,70,-1,-1,-1,-1,-1,51,-1,-1,-1,50,24,19,41,21,41,35,66,9,10,10,23,44,35,-1,-1,32,-1,-1,32,41,41,46,46,46,53,43,60,-1,24,-1,21,21,92,24,25,113,46,37,36,11,16,22,31,47,37,25,35,-1,-1,-1,-1,23,-1,-1,28,23,46,46,46,24,-1,-1,16,16,16,29,41,28,14,17,-1,19,20,16,19,19,19,16,-1,-1,18,24,18,20,22,23,42,25,47,21,0,82,46,17,17,15,14,14,21,21,29,53,101,13,10,29,18,16,16,33,-1,17,17,18,43,29,20,-1,37,34,21,50,42,75,34,85,86,16,16,17,17,17,45,45,7,23,14,14,15,15,15,15,14,15,15,42,12,20,86,26,26,26,18,7,8,13,16,14,31,31,31,24,24,85,28,33,21,21,-1,-1,58,59,29,29,9,35,36,20,13,28,-1,-1,-1,13,13,-1,23,14,14,-1,14,15,47,17,17,13,13,-1,6,16,16,14,13,13,19,40,40,40,69,72,72,72,16,16,15,54,14,13,11,46,-1,-1,-1,-1,-1,-1,18,-1,14,11,13,9,14,16,15,15,15,16,16,17,14,14,48,-1,-1,-1,20,29,20,18,25,95,28,28,20,17,14,16,-1,-1,24,20,21,14,14,-1,21,16,26,20,58,17,10,11,34,45,36,21,88,12,14,-1,42,25,35,23,23,7,15,8,66,33,25,-1
71,66,82,48,60,73,70,70,78,76,68,58,58,59,71,63,64,63,64,74,66,90,77,75,75,72,70,66,75,75,74,75,97,81,80,95,77,88,88,80,90,73,95,72,74,103,70,82,79,90,90,80,104,100,84,84,79,69,79,90,75,54,97,77,84,80,80,82,78,84,81,83,74,82,81,74,39,39,97,97,97,73,80,93,69,66,69,63,63,37,69,70,80,62,84,83,70,59,66,58,64,81,61,81,74,71,71,70,69,66,62,55,59,75,75,75,65,73,73,60,63,63,60,64,51,65,71,82,69,65,64,65,66,63,63,61,59,65,69,63,69,68,73,57,64,77,60,82,0,71,46,56,57,58,60,76,76,72,78,55,58,63,59,62,61,61,74,79,53,53,53,53,60,75,69,64,65,56,75,53,21,76,38,38,57,57,52,52,52,87,87,66,73,69,68,69,70,70,70,69,70,69,84,64,57,33,55,55,55,47,68,70,67,55,56,64,64,64,52,51,33,76,61,50,50,72,72,60,88,70,70,63,65,65,52,67,60,71,68,69,67,67,65,69,76,77,73,73,73,85,62,62,64,64,67,69,77,77,76,75,75,58,88,87,49,88,91,91,91,73,64,65,74,66,67,73,66,73,74,73,78,64,65,62,64,70,73,75,71,75,74,70,70,70,70,67,66,63,63,51,63,63,63,62,60,61,66,69,38,69,71,62,61,75,67,74,72,55,54,58,74,73,69,53,66,58,52,77,66,65,65,70,66,86,80,75,75,75,73,56,74,55,67,54,68,69,66,112,80,70,75
17,33,75,104,19,17,17,17,19,19,27,24,24,25,25,24,25,34,16,219,36,70,17,16,16,12,11,46,60,60,59,60,34,23,22,30,18,43,43,25,44,17,44,16,23,46,43,29,25,33,33,44,79,64,46,46,54,28,22,24,15,52,28,84,29,23,23,88,99,90,87,89,65,32,32,65,77,77,103,103,103,62,-1,77,27,40,27,65,65,93,15,16,110,75,49,54,21,26,9,22,44,48,28,-1,36,47,40,36,53,49,33,18,17,-1,-1,-1,32,34,49,24,19,19,28,40,23,22,16,52,19,22,22,19,19,13,21,27,30,16,25,22,18,10,11,45,15,65,23,46,71,0,16,18,20,21,23,34,34,42,-1,74,20,36,18,14,19,19,27,36,16,16,17,47,28,33,50,23,26,20,-1,46,89,26,92,93,21,21,21,21,22,30,30,36,35,41,43,41,43,42,44,42,42,41,27,19,21,98,25,25,25,17,39,40,32,19,21,44,44,44,15,15,97,41,22,20,20,37,37,29,12,41,41,37,48,48,16,21,22,35,36,36,22,21,30,11,19,20,33,27,27,-1,14,14,19,19,33,39,28,28,27,28,28,11,-1,-1,59,40,43,43,43,30,25,26,31,26,27,21,23,40,32,40,51,35,36,33,35,22,24,22,24,21,23,21,21,21,20,20,21,22,21,57,33,33,33,32,29,32,25,38,93,41,41,19,20,19,18,49,50,18,18,14,20,20,37,15,17,21,14,29,22,43,43,41,41,34,23,52,21,20,34,45,20,29,38,21,40,39,38,63,26,20,51
9,-1,47,77,-1,13,13,15,11,11,15,16,16,14,16,15,16,12,-1,136,37,17,-1,-1,-1,-1,-1,35,26,26,25,26,35,18,17,25,-1,43,43,15,44,11,44,10,12,44,20,24,21,35,35,34,39,21,36,34,34,19,23,34,14,16,23,71,28,22,22,50,52,56,43,41,59,38,37,59,36,36,33,33,33,42,16,57,27,46,27,27,27,71,13,14,88,34,31,36,17,12,11,9,24,42,-1,13,20,24,24,23,33,17,17,-1,13,17,16,16,21,24,19,14,16,17,-1,8,-1,12,12,21,10,15,18,13,8,13,15,17,11,9,17,14,11,11,13,26,11,36,15,17,46,16,0,14,12,11,11,20,20,26,27,71,10,18,17,21,11,11,16,24,-1,-1,-1,26,19,19,25,21,18,-1,28,25,58,18,62,63,-1,-1,-1,-1,-1,28,28,18,22,23,25,23,25,24,26,24,24,23,25,11,13,70,-1,-1,-1,-1,21,22,22,11,10,31,31,31,8,-1,69,25,12,-1,-1,26,26,15,41,24,28,19,27,27,-1,12,-1,22,23,23,13,12,17,19,15,15,22,16,16,25,12,12,10,10,17,15,19,19,20,20,20,-1,10,12,45,47,50,50,50,20,19,22,29,21,20,15,21,15,16,16,38,40,41,34,40,-1,15,17,14,19,20,19,19,19,-1,-1,-1,-1,-1,34,38,38,38,17,35,16,-1,58,67,58,60,-1,-1,18,-1,37,38,-1,-1,-1,19,18,46,-1,11,-1,-1,16,23,35,36,58,24,40,21,76,18,18,18,27,-1,-1,48,-1,15,14,14,51,-1,-1,45
-1,-1,35,87,8,-1,-1,-1,-1,-1,16,17,17,21,18,16,17,22,-1,146,20,27,-1,-1,-1,-1,-1,45,36,36,35,36,-1,-1,-1,28,-1,-1,-1,-1,-1,-1,-1,-1,17,38,30,-1,14,17,17,18,42,17,17,17,41,29,24,33,-1,26,27,56,-1,13,13,44,50,48,36,34,37,30,29,37,46,46,37,37,37,43,20,58,17,40,17,42,42,68,-1,-1,94,49,30,35,15,20,17,-1,34,40,-1,17,28,25,28,24,31,27,22,17,12,21,20,20,21,25,28,19,16,17,15,16,-1,13,12,20,12,15,19,23,-1,-1,17,18,22,11,19,12,11,16,15,36,-1,53,15,17,56,18,14,0,-1,-1,-1,25,25,52,22,209,-1,22,-1,-1,-1,-1,23,28,-1,-1,-1,33,-1,18,-1,18,18,-1,23,32,62,25,75,75,-1,-1,-1,-1,-1,36,36,-1,39,-1,-1,-1,-1,-1,-1,-1,-1,-1,33,-1,-1,81,-1,-1,-1,-1,-1,-1,-1,-1,-1,36,36,36,-1,-1,80,57,14,-1,-1,-1,-1,23,38,50,50,22,34,34,-1,-1,-1,26,23,32,-1,-1,20,-1,-1,-1,-1,-1,-1,20,-1,-1,-1,-1,22,-1,-1,-1,-1,-1,-1,-1,20,22,55,43,46,46,46,-1,-1,-1,37,-1,-1,-1,29,-1,-1,-1,-1,27,28,19,27,-1,-1,-1,-1,-1,-1,-1,-1,-1,-1,-1,-1,-1,-1,56,26,26,26,19,23,18,-1,50,76,50,52,-1,-1,-1,-1,-1,-1,-1,-1,-1,-1,-1,39,-1,-1,-1,-1,26,-1,-1,-1,52,34,31,-1,85,-1,-1,-1,37,-1,-1,41,-1,-1,-1,-1,47,-1,-1,-1
-1,-1,33,88,7,-1,-1,-1,-1,-1,14,19,19,22,19,18,19,23,-1,148,18,29,-1,-1,-1,-1,-1,46,37,37,36,37,-1,-1,-1,30,-1,-1,-1,-1,-1,-1,26,-1,18,39,32,-1,12,15,15,20,44,16,16,16,41,30,26,36,14,27,28,54,13,11,11,45,49,50,38,36,35,32,31,35,48,48,38,38,38,45,22,60,15,41,15,43,43,88,17,18,96,49,31,36,17,22,18,-1,35,42,-1,19,30,27,30,26,33,29,24,18,13,23,22,22,23,26,30,21,18,19,15,17,-1,15,13,18,13,17,21,21,12,12,18,20,24,12,21,13,13,17,17,37,-1,53,17,15,57,20,12,-1,0,-1,-1,27,27,54,24,211,-1,-1,-1,-1,-1,-1,25,30,-1,-1,-1,34,-1,20,-1,20,20,-1,25,33,64,27,77,77,-1,-1,-1,-1,-1,38,38,-1,41,-1,-1,-1,-1,-1,-1,-1,-1,-1,35,-1,-1,83,-1,-1,-1,-1,-1,-1,-1,-1,-1,37,37,37,-1,-1,82,59,16,-1,-1,-1,-1,25,40,52,52,-1,35,35,-1,-1,-1,36,33,34,-1,-1,22,-1,-1,-1,-1,-1,-1,22,-1,-1,-1,-1,24,-1,-1,-1,-1,-1,-1,-1,22,24,57,45,48,48,48,-1,-1,-1,39,-1,-1,-1,31,-1,-1,-1,-1,29,30,21,29,-1,-1,-1,-1,-1,-1,-1,-1,-1,-1,-1,-1,-1,-1,58,28,28,28,21,25,20,-1,52,92,52,54,-1,-1,-1,-1,-1,-1,-1,-1,-1,-1,-1,41,-1,-1,-1,-1,28,-1,-1,-1,53,35,33,-1,141,-1,-1,-1,38,-1,-1,43,-1,-1,-1,-1,49,-1,-1,-1
-1,11,33,89,7,-1,-1,-1,-1,-1,12,20,20,21,21,19,20,24,-1,148,18,29,-1,-1,-1,-1,-1,47,38,38,37,38,-1,-1,-1,31,-1,-1,-1,-1,-1,-1,24,-1,19,40,32,-1,10,13,13,32,45,14,14,14,42,31,27,38,14,34,29,54,11,9,9,47,69,52,40,38,34,34,32,34,48,48,39,39,39,46,23,61,13,43,13,45,45,70,19,20,96,50,32,37,15,23,22,-1,36,47,-1,20,35,28,28,27,38,34,25,13,17,24,23,23,24,27,35,29,19,20,15,16,-1,27,15,17,15,18,22,21,15,15,20,21,25,14,22,15,14,21,22,38,-1,54,18,14,58,21,11,-1,-1,0,-1,22,22,56,25,212,-1,-1,-1,-1,-1,-1,26,27,-1,-1,-1,35,-1,21,-1,21,21,-1,26,34,95,28,92,92,-1,-1,-1,-1,-1,39,39,-1,43,-1,-1,-1,-1,-1,-1,-1,-1,-1,36,-1,-1,123,-1,-1,-1,-1,-1,-1,-1,-1,-1,38,38,38,-1,-1,121,31,17,-1,-1,-1,-1,25,41,54,53,-1,36,36,-1,-1,-1,38,35,35,-1,-1,23,-1,-1,-1,-1,-1,-1,23,-1,-1,-1,-1,25,-1,-1,-1,-1,-1,-1,-1,23,25,51,46,49,49,49,-1,-1,-1,40,-1,-1,-1,32,-1,-1,-1,-1,30,31,22,30,-1,-1,-1,-1,-1,-1,-1,-1,-1,-1,-1,-1,-1,-1,46,29,29,29,22,26,21,-1,54,112,54,56,-1,-1,-1,-1,-1,-1,-1,-1,-1,-1,-1,43,-1,-1,-1,-1,29,-1,-1,-1,55,36,34,-1,121,-1,-1,-1,39,-1,-1,44,-1,-1,-1,-1,50,-1,-1,-1
-1,12,33,91,8,-1,-1,-1,-1,-1,13,23,23,21,23,23,22,26,-1,151,18,32,-1,-1,-1,-1,-1,49,40,40,39,40,-1,-1,-1,33,-1,-1,-1,-1,-1,-1,25,-1,21,40,35,14,11,14,14,32,47,15,15,15,45,33,24,39,17,35,31,54,12,10,10,47,71,52,40,38,31,35,33,31,51,49,41,41,41,49,25,64,14,43,14,45,45,72,21,22,99,45,34,39,16,24,23,-1,38,48,9,22,36,31,30,30,22,35,28,14,18,26,25,25,25,29,36,23,23,21,16,17,12,28,15,17,19,19,25,21,16,16,22,32,26,16,25,17,15,22,23,42,-1,46,20,14,60,23,11,-1,-1,-1,0,24,24,56,27,185,-1,-1,-1,-1,-1,-1,29,29,-1,-1,-1,29,-1,23,-1,23,23,-1,28,28,93,31,105,105,-1,-1,-1,-1,-1,42,42,-1,44,-1,-1,-1,-1,-1,-1,-1,-1,-1,39,-1,-1,118,-1,-1,-1,-1,-1,-1,-1,-1,-1,32,32,32,-1,-1,116,33,19,-1,-1,-1,-1,28,43,49,49,-1,30,30,-1,-1,-1,32,29,30,-1,-1,26,-1,-1,-1,-1,-1,-1,25,-1,-1,-1,-1,28,-1,-1,-1,-1,-1,-1,-1,25,27,45,48,51,51,51,-1,-1,-1,43,-1,-1,-1,35,-1,-1,-1,-1,28,28,-1,28,-1,-1,-1,-1,-1,-1,-1,-1,-1,-1,-1,-1,-1,-1,40,25,25,26,24,29,23,-1,50,106,50,52,-1,-1,-1,-1,-1,-1,-1,-1,-1,-1,-1,38,-1,-1,-1,-1,31,-1,-1,-1,51,30,37,-1,115,-1,-1,-1,33,-1,-1,40,-1,-1,-1,-1,52,-1,-1,-1
20,27,31,86,22,20,20,20,22,22,-1,-1,-1,-1,-1,-1,-1,-1,21,182,-1,33,22,15,15,17,16,44,45,45,44,45,-1,-1,-1,22,17,-1,-1,-1,-1,16,-1,15,-1,44,58,-1,-1,-1,-1,-1,36,22,22,22,46,-1,-1,29,18,25,21,33,-1,-1,-1,16,54,18,15,-1,35,-1,-1,35,117,49,31,31,31,47,49,58,-1,-1,-1,15,15,80,15,15,101,43,43,48,-1,-1,31,21,33,26,25,28,-1,-1,-1,16,17,-1,-1,27,19,43,42,38,-1,-1,-1,-1,-1,-1,25,26,20,12,13,-1,13,-1,-1,-1,17,17,-1,-1,-1,16,-1,13,11,21,22,47,23,51,-1,21,76,34,20,25,27,22,24,0,-1,16,24,189,22,-1,18,21,-1,-1,-1,-1,31,31,32,33,47,-1,-1,24,-1,39,25,32,97,-1,109,109,23,23,32,32,32,28,28,-1,-1,-1,-1,-1,-1,-1,-1,-1,-1,-1,25,21,-1,122,41,41,41,19,-1,-1,-1,22,24,36,36,36,17,18,120,36,-1,39,39,-1,-1,25,42,15,15,-1,34,34,17,24,39,-1,-1,-1,24,23,-1,39,-1,-1,-1,-1,-1,22,16,17,21,22,-1,-1,-1,-1,-1,-1,-1,16,22,24,49,56,59,59,59,-1,-1,-1,29,-1,-1,-1,21,-1,-1,-1,-1,-1,-1,-1,-1,24,-1,-1,-1,-1,-1,-1,-1,-1,22,23,23,27,25,44,-1,-1,-1,-1,-1,-1,32,15,110,15,17,22,23,20,19,-1,-1,19,19,16,21,-1,17,34,18,40,33,28,-1,-1,-1,17,34,-1,-1,119,-1,-1,-1,37,39,47,16,35,-1,-1,-1,38,41,39,-1
20,27,31,86,22,20,20,20,22,22,-1,-1,-1,-1,-1,-1,-1,-1,21,182,-1,33,22,15,15,17,16,44,45,45,44,45,-1,-1,-1,22,17,-1,-1,-1,-1,16,-1,15,-1,44,58,-1,-1,-1,-1,-1,36,22,22,22,46,-1,-1,29,18,25,21,33,-1,-1,-1,16,54,18,15,-1,35,-1,-1,35,117,49,31,31,31,47,49,58,-1,-1,-1,15,15,80,15,15,101,43,43,48,-1,-1,31,21,33,26,25,28,-1,-1,-1,16,17,-1,-1,27,19,43,42,38,-1,-1,-1,-1,-1,-1,25,26,20,12,13,-1,13,-1,-1,-1,17,17,-1,-1,-1,16,-1,13,11,21,22,47,23,51,-1,21,76,34,20,25,27,22,24,-1,0,16,24,189,22,-1,18,21,-1,-1,-1,-1,31,31,32,33,47,-1,-1,24,-1,39,25,32,97,-1,109,109,23,23,32,32,32,28,28,-1,-1,-1,-1,-1,-1,-1,-1,-1,-1,-1,25,21,-1,122,41,41,41,19,-1,-1,-1,22,24,36,36,36,17,18,120,36,-1,39,39,-1,-1,25,42,15,15,-1,34,34,17,24,39,-1,-1,-1,24,23,-1,39,-1,-1,-1,-1,-1,22,16,17,21,22,-1,-1,-1,-1,-1,-1,-1,16,22,24,49,56,59,59,59,-1,-1,-1,29,-1,-1,-1,21,-1,-1,-1,-1,-1,-1,-1,-1,24,-1,-1,-1,-1,-1,-1,-1,-1,22,23,23,27,25,44,-1,-1,-1,-1,-1,-1,32,15,110,15,17,22,23,20,19,-1,-1,19,19,16,21,-1,17,34,18,40,33,28,-1,-1,-1,17,34,-1,-1,119,-1,-1,-1,37,39,47,16,35,-1,-1,-1,38,41,39,-1
32,32,39,94,30,24,28,28,30,30,19,13,22,28,33,32,33,30,36,185,19,36,25,18,18,20,19,47,91,91,90,91,36,24,23,20,51,41,41,36,39,19,39,18,16,67,84,43,28,36,36,16,34,39,39,39,76,-1,16,49,16,56,-1,61,49,47,47,-1,70,-1,8,10,23,11,13,23,36,36,29,29,29,6,47,36,45,13,19,9,8,94,19,19,129,41,15,27,16,21,35,25,63,14,30,32,13,13,12,13,12,19,12,37,29,45,45,45,29,22,11,15,15,24,32,39,26,15,22,27,14,14,12,13,30,19,12,11,10,21,29,17,15,46,41,37,22,42,14,29,72,42,26,52,54,56,56,16,16,0,27,181,50,48,44,52,38,38,31,20,54,54,54,90,32,17,36,44,43,60,28,89,89,33,101,101,53,53,56,56,56,117,117,44,-1,50,49,50,50,50,50,49,51,50,112,50,35,113,29,29,29,52,42,42,39,50,52,93,93,93,47,48,111,-1,40,60,60,30,29,28,146,-1,-1,48,91,91,53,51,27,19,16,17,51,51,12,60,42,42,39,35,35,25,44,45,48,49,15,43,38,38,38,37,36,47,25,27,60,117,120,120,120,34,34,35,118,35,36,43,109,39,39,39,34,19,20,31,19,52,44,46,43,48,49,48,48,48,50,50,51,53,52,61,18,18,17,30,16,30,59,-1,102,-1,-1,50,51,46,46,37,38,51,51,47,47,47,-1,55,41,25,54,31,36,46,46,-1,91,39,37,111,39,43,38,94,60,33,-1,57,43,42,43,42,30,60,39
24,40,82,111,26,24,24,24,26,26,30,26,26,27,27,26,27,36,18,221,38,72,19,18,18,14,13,48,67,67,66,67,36,25,24,32,20,45,45,27,46,19,46,18,25,48,45,31,32,40,40,51,86,71,53,53,61,35,29,31,22,59,30,52,31,25,25,90,101,92,89,91,72,34,34,72,79,79,105,105,105,69,-1,84,29,47,29,72,72,100,17,18,117,82,58,63,28,33,16,31,66,55,35,-1,43,54,49,45,60,56,40,20,24,-1,-1,-1,39,41,56,26,26,26,35,47,30,29,23,59,26,29,29,26,26,20,28,34,37,23,32,29,25,17,18,52,22,72,17,53,78,-1,27,22,24,25,27,24,24,27,0,161,88,98,83,57,84,84,85,100,78,78,78,107,89,93,96,86,86,81,-1,107,69,85,81,81,83,83,83,83,83,97,97,97,105,103,103,104,104,104,104,103,104,104,92,87,86,93,86,86,86,79,100,100,94,87,88,138,138,138,83,83,91,132,82,81,81,99,104,8,52,125,125,98,103,104,77,90,84,99,97,97,90,89,93,52,86,87,95,89,89,-1,82,83,87,88,95,98,91,91,91,90,90,82,-1,-1,40,32,35,35,35,89,87,87,98,88,89,88,89,94,94,94,103,99,100,93,99,90,90,88,90,88,90,88,88,88,88,89,89,87,87,41,97,97,97,92,88,92,87,125,82,125,127,88,86,86,84,103,105,79,79,82,87,87,105,76,83,82,75,11,89,100,101,127,136,93,87,91,87,86,96,115,81,90,126,83,98,96,98,266,87,81,111
57,108,124,94,55,50,50,62,64,64,72,99,99,100,99,98,99,98,131,-1,181,137,124,122,122,119,117,119,102,102,101,102,184,128,127,142,124,177,177,127,179,140,146,139,141,136,196,139,142,150,150,125,257,153,98,98,119,100,95,102,80,98,184,102,171,183,183,136,181,138,135,63,102,59,59,102,125,125,151,151,151,62,81,82,51,67,51,70,70,60,39,40,129,92,81,86,68,75,51,64,88,70,72,48,58,79,101,100,67,62,63,50,40,53,52,89,79,87,88,57,57,57,61,62,53,59,39,76,42,45,65,46,37,35,69,74,59,45,79,53,55,82,64,99,56,109,62,101,55,74,71,209,211,212,185,189,189,181,161,0,145,178,146,144,164,164,165,180,133,133,133,122,144,173,176,166,166,136,183,122,89,165,62,62,138,138,138,138,138,177,177,177,185,183,183,184,184,184,184,183,184,184,172,146,166,92,141,141,141,134,180,180,174,142,143,158,158,158,139,138,93,152,162,136,136,179,184,147,90,145,145,178,118,119,132,148,139,179,177,177,147,147,173,151,166,167,175,169,169,180,142,143,145,145,175,178,171,171,171,170,170,140,180,182,116,207,210,210,210,169,167,167,178,168,169,168,169,174,174,174,183,179,180,173,179,144,170,168,170,168,170,168,168,168,146,146,145,142,142,115,177,177,177,172,168,172,142,145,63,145,147,142,141,166,146,183,185,134,134,138,167,167,185,131,163,137,130,149,169,180,181,147,156,173,167,111,167,166,176,130,136,145,146,138,178,176,178,226,142,136,191
-1,11,32,89,7,-1,-1,-1,-1,-1,12,20,20,24,21,18,19,24,-1,149,17,30,23,-1,-1,-1,-1,47,37,37,36,37,-1,-1,-1,30,-1,-1,-1,-1,-1,-1,24,-1,18,39,33,-1,10,13,13,20,44,14,14,14,43,31,27,37,15,35,28,53,11,9,9,46,68,50,38,36,35,33,32,35,49,49,38,38,38,46,22,61,13,42,13,44,44,70,-1,-1,97,51,31,36,15,22,23,-1,36,48,-1,19,36,28,29,27,39,35,25,12,18,23,22,24,23,27,36,22,18,19,16,17,-1,28,-1,16,15,17,22,20,13,13,20,21,24,14,22,15,13,22,17,38,-1,55,17,13,58,20,10,-1,-1,-1,-1,22,22,50,88,145,0,-1,-1,-1,-1,-1,19,26,-1,-1,-1,29,-1,20,-1,20,20,20,25,28,93,19,105,105,-1,-1,-1,-1,-1,31,31,-1,42,-1,-1,-1,-1,-1,-1,-1,-1,-1,26,-1,-1,117,-1,-1,-1,-1,-1,-1,-1,-1,-1,32,32,32,-1,-1,115,60,16,20,20,-1,-1,25,40,52,52,-1,30,30,-1,-1,-1,37,34,34,-1,-1,27,-1,-1,-1,-1,-1,-1,22,-1,-1,-1,-1,29,-1,-1,-1,-1,-1,-1,-1,22,24,45,45,48,48,48,-1,-1,-1,32,-1,-1,-1,23,-1,-1,-1,-1,25,25,21,25,-1,-1,-1,-1,-1,-1,-1,-1,-1,-1,-1,-1,-1,-1,40,22,22,23,21,22,20,-1,52,106,53,54,-1,-1,-1,-1,-1,-1,-1,-1,-1,-1,-1,42,-1,-1,21,-1,28,-1,-1,-1,54,30,27,-1,115,-1,-1,-1,33,20,-1,43,-1,-1,-1,-1,49,-1,20,-1
15,16,27,85,12,18,11,10,8,8,-1,-1,-1,-1,-1,-1,-1,-1,18,193,-1,44,19,16,15,14,13,60,47,47,46,47,-1,-1,-1,44,21,-1,-1,-1,-1,-1,-1,-1,-1,29,60,-1,-1,-1,-1,30,54,10,10,10,36,22,20,26,16,44,49,52,-1,-1,-1,43,12,48,36,34,18,15,16,18,27,27,49,49,49,14,35,34,-1,39,-1,7,7,78,19,20,99,32,23,22,15,23,29,22,33,22,15,35,17,16,15,10,9,26,16,23,18,35,35,35,19,14,14,13,30,21,22,23,17,9,13,14,17,15,17,14,16,14,21,26,25,14,20,15,15,28,29,28,16,33,18,10,63,36,18,22,-1,-1,-1,-1,-1,48,98,178,-1,0,-1,-1,-1,-1,-1,-1,26,26,26,18,41,-1,-1,-1,29,29,35,17,82,-1,94,94,-1,-1,-1,-1,-1,40,40,-1,39,-1,-1,-1,-1,-1,-1,-1,-1,-1,35,-1,-1,106,37,37,37,-1,-1,-1,-1,-1,-1,21,21,21,-1,-1,104,56,-1,29,29,-1,-1,35,50,49,49,-1,19,19,25,-1,32,34,32,32,-1,-1,-1,36,-1,-1,-1,-1,-1,32,-1,-1,-1,-1,30,-1,-1,-1,-1,-1,-1,-1,32,34,34,55,58,58,58,-1,-1,-1,41,-1,-1,-1,32,-1,-1,-1,-1,-1,-1,-1,-1,-1,-1,7,-1,9,10,-1,-1,-1,-1,-1,-1,-1,-1,29,-1,-1,-1,-1,28,-1,-1,49,95,49,51,-1,-1,-1,-1,-1,-1,-1,-1,-1,9,8,38,24,-1,37,23,38,-1,-1,-1,50,19,36,-1,104,-1,-1,-1,22,29,43,39,-1,-1,-1,-1,55,36,29,-1
9,20,24,83,16,10,-1,10,16,16,21,14,14,12,9,6,7,11,16,150,26,29,18,-1,-1,-1,12,47,32,32,31,32,-1,-1,-1,25,-1,-1,-1,-1,-1,-1,-1,-1,-1,37,34,-1,-1,24,24,15,39,26,30,30,46,17,12,20,-1,42,24,62,-1,-1,-1,39,55,44,32,20,42,19,18,42,50,50,34,34,34,34,59,49,-1,34,-1,37,37,69,-1,-1,99,54,27,32,11,16,14,12,36,28,12,17,16,16,19,15,19,15,13,16,-1,21,20,20,10,15,16,10,8,8,16,14,16,8,-1,24,9,9,10,9,-1,-1,14,12,18,-1,10,-1,7,13,13,38,10,54,10,29,59,18,17,-1,-1,-1,-1,18,18,44,83,146,-1,-1,0,-1,-1,-1,11,19,10,10,10,35,21,13,-1,-1,-1,13,19,34,99,-1,111,111,15,15,15,15,15,24,24,24,33,30,30,31,31,31,31,30,31,31,19,-1,-1,123,18,18,18,11,27,28,-1,-1,-1,38,38,38,-1,-1,121,23,-1,13,13,-1,-1,19,28,44,44,24,36,36,9,-1,16,18,16,16,-1,-1,11,-1,-1,-1,-1,-1,-1,54,-1,-1,-1,-1,14,-1,-1,-1,-1,-1,-1,-1,16,18,51,39,42,42,42,16,-1,-1,25,-1,-1,-1,16,-1,-1,-1,-1,18,18,14,18,-1,-1,-1,-1,-1,-1,-1,-1,-1,-1,-1,-1,-1,-1,46,15,15,16,14,12,13,19,16,112,16,18,-1,-1,-1,-1,-1,-1,11,11,-1,-1,-1,34,8,-1,14,7,22,-1,28,29,46,36,20,-1,121,-1,-1,-1,39,13,22,35,15,-1,-1,26,37,19,13,-1
-1,22,28,87,17,-1,-1,-1,20,20,25,19,19,20,18,15,16,20,15,148,34,29,22,-1,-1,-1,-1,45,36,36,35,36,-1,-1,-1,29,-1,39,39,-1,40,-1,41,-1,17,41,32,-1,-1,31,31,31,43,30,37,37,49,29,21,23,-1,26,27,35,-1,-1,-1,47,60,52,40,38,55,34,34,55,48,48,37,37,37,43,49,58,28,43,28,45,45,81,14,15,102,54,30,35,25,18,6,8,34,37,15,13,25,25,28,24,28,24,22,19,-1,16,15,16,22,24,25,12,17,17,19,21,11,17,5,20,7,11,19,23,5,5,19,21,23,4,17,5,7,5,6,36,6,55,12,18,62,14,21,-1,-1,-1,-1,21,21,52,57,144,-1,-1,-1,0,-1,-1,16,35,-1,-1,-1,33,25,24,29,-1,-1,17,51,32,97,16,109,109,-1,-1,-1,-1,-1,28,28,22,36,28,28,29,29,29,29,28,29,29,23,-1,-1,121,22,22,22,-1,25,26,26,-1,-1,36,36,36,-1,-1,119,27,-1,17,17,34,34,22,28,20,20,22,34,34,-1,-1,20,30,28,28,-1,-1,24,-1,-1,-1,27,20,20,44,-1,-1,-1,-1,26,25,-1,-1,-1,21,21,-1,51,50,49,40,43,43,43,20,18,18,29,19,20,-1,20,25,26,26,31,30,31,24,30,-1,-1,-1,-1,-1,-1,-1,-1,-1,-1,-1,-1,-1,-1,44,28,28,28,23,19,23,-1,20,110,20,22,-1,-1,-1,-1,31,29,-1,-1,-1,-1,-1,36,12,-1,18,-1,25,-1,26,27,22,34,24,-1,119,-1,-1,28,37,17,26,21,19,25,24,24,46,23,17,36
10,18,35,85,13,-1,-1,-1,15,15,-1,9,9,-1,11,8,9,12,13,179,-1,30,19,-1,-1,14,13,50,33,33,32,33,-1,-1,-1,27,-1,-1,-1,-1,-1,-1,-1,-1,-1,31,46,-1,-1,-1,-1,17,41,25,19,22,47,20,10,25,-1,31,39,25,-1,-1,-1,33,47,38,19,21,33,20,19,33,112,42,35,35,35,56,21,55,12,29,13,31,31,71,-1,-1,100,47,28,33,-1,12,16,10,36,28,13,18,16,22,25,21,19,15,19,15,14,22,21,21,13,21,16,8,8,9,14,17,14,-1,-1,19,-1,7,-1,6,-1,-1,9,12,14,-1,13,-1,-1,16,19,37,-1,48,-1,16,61,19,11,-1,-1,-1,-1,-1,-1,38,84,164,-1,-1,-1,-1,0,-1,-1,-1,12,12,12,26,31,-1,-1,-1,-1,15,20,25,90,-1,102,102,15,15,15,15,16,26,26,-1,23,-1,-1,-1,-1,-1,-1,-1,-1,-1,21,-1,-1,114,20,20,20,13,-1,-1,-1,-1,-1,29,29,29,-1,-1,112,46,-1,15,15,-1,-1,20,35,39,39,-1,27,27,11,-1,18,20,18,18,-1,-1,13,-1,-1,-1,-1,-1,-1,17,-1,-1,-1,-1,16,-1,-1,-1,-1,-1,-1,-1,17,19,42,40,43,43,43,-1,-1,-1,27,-1,-1,-1,18,-1,-1,-1,-1,-1,-1,-1,-1,-1,-1,-1,-1,-1,-1,-1,-1,-1,-1,-1,-1,13,-1,37,-1,-1,-1,-1,14,-1,14,18,78,18,20,-1,-1,-1,-1,-1,-1,-1,13,-1,-1,-1,20,10,-1,16,9,23,-1,-1,-1,20,27,22,-1,103,-1,-1,-1,30,15,32,19,17,-1,-1,-1,44,21,15,-1
10,18,35,85,13,-1,-1,-1,15,15,-1,9,9,-1,11,8,9,12,12,179,-1,30,19,-1,-1,14,13,50,33,33,32,33,-1,-1,-1,26,-1,-1,-1,-1,-1,-1,-1,-1,-1,31,46,-1,-1,-1,-1,16,40,25,19,22,47,20,15,25,-1,32,39,25,-1,-1,-1,33,47,38,19,21,34,20,19,34,112,43,35,35,35,56,21,55,12,29,13,31,31,71,-1,-1,100,48,28,33,-1,12,16,10,36,28,13,18,16,22,25,21,19,15,19,15,14,22,21,21,13,21,16,8,8,9,14,16,14,-1,-1,19,-1,7,-1,6,-1,-1,9,12,14,-1,13,-1,-1,16,20,37,-1,49,-1,16,61,19,11,-1,-1,-1,-1,-1,-1,38,84,164,-1,-1,-1,-1,-1,0,-1,-1,12,12,12,26,31,-1,-1,-1,-1,15,20,25,65,-1,77,77,15,15,17,17,17,26,26,-1,23,-1,-1,-1,-1,-1,-1,-1,-1,-1,21,-1,-1,88,20,20,20,13,-1,-1,-1,-1,-1,29,29,29,-1,-1,87,25,-1,15,15,-1,-1,20,35,18,18,-1,27,27,11,-1,18,20,18,18,-1,-1,13,-1,-1,-1,-1,-1,-1,17,-1,-1,-1,-1,16,-1,-1,-1,-1,-1,-1,-1,17,19,42,40,43,43,43,-1,-1,-1,27,-1,-1,-1,18,-1,-1,-1,-1,-1,-1,-1,-1,-1,-1,-1,-1,-1,-1,-1,-1,-1,-1,-1,-1,13,-1,37,-1,-1,-1,-1,14,-1,14,18,78,18,20,-1,-1,-1,-1,-1,-1,-1,13,-1,-1,-1,20,10,-1,16,9,23,-1,-1,-1,20,27,22,-1,103,-1,-1,-1,30,15,32,19,17,-1,-1,-1,44,21,15,-1
17,24,29,84,18,17,17,17,22,22,24,-1,-1,-1,-1,-1,-1,-1,27,179,-1,30,37,12,12,14,13,41,35,35,34,35,-1,18,17,20,16,-1,-1,-1,-1,13,-1,12,-1,42,48,-1,-1,-1,-1,-1,34,32,19,19,56,12,-1,-1,8,23,31,76,-1,-1,-1,14,64,31,13,15,38,-1,-1,38,122,52,29,29,29,49,28,59,-1,-1,-1,13,13,78,12,12,99,41,35,40,-1,-1,15,16,31,24,20,25,12,15,18,14,15,11,12,21,16,30,30,30,12,14,12,-1,-1,-1,20,20,20,-1,9,-1,-1,-1,-1,-1,10,10,-1,8,7,9,12,10,-1,15,16,45,16,49,-1,33,74,27,16,23,25,26,29,-1,-1,31,85,165,19,-1,11,16,-1,-1,0,-1,15,15,15,35,40,-1,-1,-1,-1,31,23,34,68,-1,80,80,20,20,20,20,20,24,24,-1,17,-1,-1,-1,-1,-1,-1,-1,-1,-1,19,19,-1,91,37,37,37,16,-1,-1,-1,20,22,38,38,38,15,16,90,19,-1,31,31,-1,-1,23,32,12,12,-1,36,36,14,22,34,-1,-1,-1,22,21,-1,27,-1,-1,-1,-1,-1,20,14,15,19,20,-1,-1,-1,-1,-1,-1,-1,14,20,22,51,49,52,52,52,-1,-1,-1,25,-1,-1,-1,16,-1,-1,-1,-1,-1,-1,-1,-1,22,-1,21,-1,20,22,20,20,20,20,21,21,24,23,46,-1,-1,-1,-1,-1,-1,33,12,81,12,14,20,21,18,16,-1,-1,16,16,14,19,19,14,13,16,33,12,26,-1,-1,-1,14,36,-1,-1,106,-1,-1,-1,39,31,41,13,31,-1,-1,-1,35,37,31,-1
23,29,37,89,24,22,22,22,24,24,-1,11,13,11,14,12,13,-1,35,187,-1,38,27,20,20,22,21,49,50,50,49,50,-1,-1,-1,24,22,-1,-1,-1,-1,21,-1,20,-1,59,63,-1,-1,25,25,-1,38,-1,-1,-1,49,-1,-1,33,23,28,23,70,24,-1,-1,18,57,20,-1,-1,32,-1,-1,32,120,53,33,33,33,43,45,54,-1,18,-1,14,14,83,17,17,104,50,45,50,14,-1,33,23,36,25,29,30,-1,-1,-1,-1,17,-1,-1,29,21,43,43,43,-1,-1,-1,13,13,13,27,28,23,13,17,-1,15,12,13,12,19,19,13,-1,-1,19,-1,15,13,35,27,46,28,51,10,-1,79,36,24,28,30,27,29,-1,-1,20,100,180,26,-1,19,35,-1,-1,-1,0,36,36,36,36,31,-1,-1,26,-1,23,27,35,83,-1,95,95,33,33,35,36,36,39,39,-1,-1,-1,-1,-1,-1,-1,-1,-1,-1,-1,34,23,-1,106,46,46,46,34,-1,-1,-1,24,26,39,39,39,19,20,105,27,24,23,23,-1,-1,27,47,20,20,-1,37,37,34,26,43,-1,-1,-1,26,25,-1,43,-1,-1,-1,-1,-1,24,18,19,23,24,-1,-1,-1,-1,-1,-1,-1,18,24,26,52,60,63,63,63,-1,-1,-1,40,-1,-1,-1,31,-1,-1,-1,-1,-1,-1,-1,-1,26,-1,-1,-1,24,26,25,25,25,24,25,25,31,31,47,-1,-1,-1,-1,-1,-1,36,20,96,20,22,24,25,22,21,-1,-1,33,33,18,23,23,-1,18,20,24,17,30,-1,-1,-1,22,37,-1,-1,74,-1,-1,-1,68,43,51,14,39,-1,-1,-1,38,45,43,-1
-1,-1,44,78,-1,11,10,10,8,8,17,15,15,15,15,14,15,13,-1,137,34,18,-1,-1,-1,-1,-1,36,26,26,25,26,30,19,18,26,-1,40,40,16,41,12,41,11,13,44,21,25,21,30,30,34,40,18,36,35,35,20,22,31,8,17,24,68,26,20,20,50,52,54,42,40,56,36,35,56,37,37,34,34,34,42,16,57,24,45,24,28,28,59,12,13,85,35,29,34,15,13,11,-1,25,39,-1,13,27,24,24,23,30,26,18,-1,10,17,16,17,20,23,27,21,15,16,-1,7,-1,19,10,21,11,14,18,15,7,12,16,17,21,10,18,11,10,11,13,27,11,37,21,17,53,16,-1,-1,-1,-1,-1,31,31,54,78,133,-1,26,10,-1,12,12,15,36,0,-1,-1,24,-1,22,25,15,15,-1,23,23,56,14,62,62,-1,-1,-1,-1,-1,26,26,26,34,32,32,33,36,33,33,32,33,33,21,10,15,67,-1,-1,-1,-1,29,29,23,-1,7,27,27,27,-1,-1,66,25,11,-1,-1,28,37,53,37,18,18,27,25,25,-1,11,-1,28,26,26,10,11,22,24,15,16,24,18,18,20,-1,-1,-1,-1,24,27,20,20,20,19,19,11,20,22,41,47,50,50,50,18,16,16,27,17,18,17,18,23,23,23,35,28,29,22,28,7,16,17,19,20,21,11,11,11,9,9,8,4,7,35,26,26,26,21,17,21,5,18,63,18,20,-1,-1,15,13,32,35,-1,-1,-1,16,16,34,-1,12,-1,-1,55,18,29,30,20,25,22,16,105,16,15,25,28,-1,-1,19,-1,27,25,27,51,-1,-1,42
-1,-1,44,78,-1,11,10,10,8,8,17,15,15,15,15,14,15,13,-1,137,34,18,-1,-1,-1,-1,-1,36,26,26,25,26,30,19,18,26,-1,40,40,16,41,12,41,11,13,44,21,25,21,30,30,34,40,18,36,35,35,20,22,31,8,17,24,68,26,20,20,50,52,54,42,40,56,36,35,56,37,37,34,34,34,42,16,57,24,45,24,28,28,59,12,13,85,35,29,34,15,13,11,-1,25,39,-1,13,27,24,24,23,30,26,18,-1,10,17,16,17,20,23,27,21,15,16,-1,7,-1,19,10,21,11,14,18,15,7,12,16,17,21,10,18,11,10,11,13,27,11,37,21,17,53,16,-1,-1,-1,-1,-1,31,31,54,78,133,-1,26,10,-1,12,12,15,36,-1,0,-1,24,-1,22,25,15,15,-1,23,23,56,14,62,62,-1,-1,-1,-1,-1,26,26,26,34,32,32,33,33,33,33,32,33,33,21,10,15,67,-1,-1,-1,-1,29,29,23,-1,7,27,27,27,-1,-1,66,25,11,-1,-1,28,37,53,37,18,18,27,25,25,-1,11,-1,28,26,26,10,11,22,24,15,16,24,18,18,20,-1,-1,-1,-1,24,27,20,20,20,19,19,11,20,22,41,47,50,50,50,18,16,16,27,17,18,17,18,23,23,23,35,28,29,22,28,7,16,17,19,20,21,11,11,11,9,9,8,4,7,35,26,26,26,21,17,21,5,18,63,18,20,-1,-1,15,13,32,35,-1,-1,-1,16,16,34,-1,12,-1,-1,55,18,29,30,20,25,22,16,105,16,15,25,28,-1,-1,19,-1,27,25,27,51,-1,-1,40
-1,-1,44,78,-1,11,10,11,8,8,17,16,16,15,16,15,16,13,-1,137,34,18,-1,-1,-1,-1,-1,36,27,27,26,27,30,19,18,26,-1,40,40,16,41,12,42,11,13,44,21,25,21,30,30,34,40,18,37,35,35,20,23,31,9,17,24,69,26,20,20,50,51,55,42,40,56,37,35,56,37,37,34,34,34,42,17,57,24,46,24,28,28,59,12,13,86,35,29,34,16,13,12,-1,25,39,-1,14,27,24,24,23,30,26,18,-1,11,18,17,17,20,24,27,21,15,16,-1,7,-1,19,10,22,11,14,18,16,7,13,16,17,21,10,18,11,10,12,14,27,12,37,21,18,53,17,-1,-1,-1,-1,-1,32,32,54,78,133,-1,26,10,-1,12,12,15,36,-1,-1,0,24,-1,22,25,15,15,-1,23,23,56,14,62,62,-1,-1,-1,-1,-1,26,26,26,34,32,32,33,33,33,33,32,33,33,21,10,15,67,-1,-1,-1,-1,29,29,23,-1,7,27,27,27,-1,-1,66,25,11,-1,-1,28,33,53,38,18,18,27,25,25,-1,11,-1,28,26,26,10,11,22,24,15,16,24,18,18,20,-1,-1,-1,-1,24,27,20,20,20,19,19,11,20,22,41,47,50,50,50,18,16,16,27,17,18,17,18,23,23,23,32,28,29,22,28,7,16,17,19,20,21,11,11,11,9,9,8,4,7,35,26,17,18,16,14,15,5,18,63,18,20,6,-1,15,13,35,36,-1,-1,-1,16,16,20,-1,12,-1,-1,55,16,17,18,20,25,22,15,105,16,15,19,28,-1,-1,19,-1,16,15,15,51,6,-1,43
27,32,21,69,24,33,33,29,28,28,40,62,62,93,78,77,78,77,59,124,49,5,30,27,26,25,24,71,55,55,54,55,22,23,22,55,32,30,30,30,32,28,33,27,54,49,-1,20,17,22,22,75,99,59,50,50,21,67,47,53,31,65,93,28,20,16,16,63,14,65,62,45,62,43,42,62,26,26,78,78,78,46,46,66,21,73,21,51,51,61,60,61,84,29,76,81,38,36,54,26,32,54,25,41,54,48,47,42,41,53,48,28,33,44,44,44,59,46,46,48,40,40,32,42,27,46,32,51,35,47,46,38,29,29,46,50,50,32,52,32,34,52,37,26,31,33,43,43,53,47,26,33,34,35,29,33,33,90,107,122,29,18,35,33,26,26,35,36,24,24,24,0,27,96,89,64,74,19,61,-1,108,73,114,114,21,21,21,21,21,93,93,82,35,88,88,89,89,89,89,88,89,89,90,29,95,91,24,24,24,17,85,86,86,25,26,26,26,26,22,21,90,39,70,19,19,95,95,102,114,32,32,82,6,6,15,31,22,39,40,40,30,30,82,34,66,88,87,91,91,58,25,26,28,28,40,85,89,89,90,90,90,23,58,60,22,115,118,118,118,92,92,92,94,91,90,85,86,85,86,86,91,81,81,95,81,27,64,62,84,61,62,60,60,60,29,29,28,25,25,16,81,81,81,96,76,96,25,32,115,32,34,25,24,63,29,91,89,17,17,21,62,61,32,14,65,20,13,104,93,86,87,34,24,81,77,86,88,66,88,13,19,28,31,21,85,84,84,76,25,19,96
20,13,42,71,14,19,25,26,26,23,27,27,27,30,27,26,27,24,-1,148,48,29,-1,-1,-1,-1,-1,47,24,24,23,24,47,33,34,37,-1,54,54,27,55,30,56,22,24,57,32,36,39,46,46,47,51,33,44,37,46,31,34,39,17,28,35,69,44,39,39,30,57,32,56,54,63,50,50,63,48,48,45,45,45,56,28,71,43,58,40,39,39,78,20,21,86,46,39,44,24,29,26,19,36,52,13,25,38,38,38,37,38,34,35,14,25,25,25,25,30,35,41,25,25,26,-1,-1,18,26,18,33,20,24,32,23,15,15,25,31,30,26,30,21,20,26,25,38,19,48,24,29,60,28,19,-1,-1,-1,-1,47,47,32,89,144,-1,41,21,25,31,31,40,31,-1,-1,-1,27,0,27,32,30,32,-1,37,35,68,28,74,74,-1,-1,-1,-1,-1,40,40,25,35,31,31,32,32,32,32,31,32,32,37,28,29,79,-1,-1,-1,-1,28,29,29,23,24,39,39,39,-1,-1,78,37,28,-1,-1,38,38,40,50,30,30,25,37,37,-1,28,-1,32,30,30,27,28,25,-1,27,28,30,31,31,34,23,24,28,24,28,28,32,32,34,33,33,23,34,36,53,22,25,25,25,30,30,31,41,31,32,28,33,28,29,29,34,32,32,28,32,24,28,29,27,29,31,29,29,29,26,26,25,21,21,47,29,29,30,28,26,27,-1,30,75,30,32,23,21,27,25,34,32,-1,-1,23,28,28,32,-1,24,-1,-1,69,28,29,30,32,37,34,31,117,28,27,31,40,-1,-1,31,-1,28,27,27,65,-1,-1,39
21,26,42,85,21,19,19,19,21,21,-1,-1,-1,-1,-1,-1,-1,-1,20,181,-1,32,21,14,14,16,15,43,43,43,42,43,-1,-1,-1,21,16,-1,-1,-1,-1,-1,-1,14,-1,41,56,-1,-1,-1,-1,-1,35,22,22,22,45,-1,-1,29,16,24,30,32,-1,-1,-1,15,52,30,14,-1,36,-1,-1,36,115,48,30,30,30,48,39,59,-1,-1,-1,14,14,79,14,14,100,42,42,47,-1,-1,19,20,32,25,24,27,-1,-1,-1,15,16,-1,-1,28,20,42,41,37,-1,12,13,-1,-1,-1,24,25,19,10,12,-1,9,-1,-1,-1,16,14,-1,-1,-1,13,-1,12,10,19,20,46,21,50,-1,20,75,33,19,18,20,21,23,-1,-1,17,93,173,20,-1,13,24,-1,-1,-1,-1,22,22,22,96,27,0,-1,-1,17,36,29,30,76,-1,82,82,22,22,29,29,30,28,28,-1,12,-1,-1,-1,-1,-1,-1,-1,-1,-1,25,20,-1,87,39,39,39,18,-1,-1,-1,21,23,34,34,34,16,17,86,21,-1,36,36,-1,-1,92,40,14,14,-1,32,32,16,23,36,11,-1,-1,23,22,-1,28,-1,-1,-1,-1,-1,26,15,16,20,21,7,-1,-1,-1,-1,-1,-1,15,26,28,48,53,56,56,56,-1,-1,-1,29,-1,-1,-1,21,-1,-1,-1,-1,-1,-1,-1,-1,23,-1,-1,-1,-1,-1,-1,-1,-1,21,22,22,21,24,42,-1,-1,-1,-1,-1,-1,31,14,83,14,16,21,22,-1,18,-1,-1,18,18,15,-1,-1,16,31,17,37,14,95,-1,-1,-1,16,32,-1,-1,112,-1,-1,-1,35,36,44,15,32,-1,-1,-1,37,38,36,24
25,23,35,98,19,18,18,17,15,15,-1,-1,-1,-1,-1,-1,-1,18,25,194,-1,45,26,23,22,21,20,67,46,46,45,46,-1,-1,-1,34,-1,-1,-1,-1,-1,-1,-1,-1,-1,37,59,-1,-1,-1,-1,-1,48,-1,-1,-1,49,18,13,32,19,37,37,65,-1,-1,-1,31,45,36,21,-1,31,-1,-1,31,108,40,43,43,43,54,39,62,-1,23,-1,20,20,79,26,27,112,45,43,48,7,12,18,24,45,34,28,31,-1,-1,-1,28,25,-1,-1,30,25,40,39,39,25,-1,-1,12,12,12,28,32,26,10,13,-1,10,11,12,10,18,18,12,18,18,17,20,13,11,18,19,41,21,46,9,-1,69,50,25,-1,-1,-1,-1,-1,-1,36,96,176,-1,-1,-1,29,-1,-1,-1,-1,25,25,25,89,32,-1,0,-1,21,40,34,24,100,-1,92,92,22,22,25,25,25,41,41,5,22,-1,-1,-1,-1,-1,-1,-1,-1,-1,38,15,-1,111,41,41,41,28,-1,-1,-1,20,18,28,28,28,25,24,110,35,-1,40,40,-1,-1,37,44,28,28,-1,26,26,26,17,40,21,21,21,17,16,17,39,-1,12,-1,-1,-1,31,21,21,17,17,17,-1,-1,-1,-1,-1,-1,26,31,33,42,58,61,61,61,-1,-1,-1,42,-1,-1,-1,34,-1,-1,-1,-1,-1,-1,-1,-1,18,-1,-1,-1,16,17,15,15,15,15,16,16,18,18,36,-1,-1,-1,-1,20,-1,24,28,93,28,30,21,21,-1,-1,-1,-1,28,28,26,17,17,23,35,-1,42,24,40,-1,-1,-1,30,26,-1,-1,106,10,-1,-1,29,40,47,22,35,-1,-1,-1,47,40,40,-1
21,26,30,94,22,16,19,19,22,22,25,-1,10,-1,-1,10,11,11,22,184,-1,35,24,14,14,16,18,52,36,36,35,36,-1,20,-1,31,17,-1,-1,-1,-1,-1,-1,14,-1,43,49,-1,-1,-1,-1,21,45,32,29,29,52,17,12,-1,-1,48,30,43,-1,-1,-1,39,69,44,24,26,47,25,24,47,125,56,40,40,40,39,25,54,-1,21,-1,36,36,74,-1,-1,105,60,33,38,-1,17,19,20,41,28,18,22,16,21,24,20,19,15,18,22,-1,26,25,26,18,20,16,10,10,-1,21,19,24,-1,13,26,11,9,15,9,-1,-1,10,12,11,-1,15,-1,-1,18,13,49,15,54,10,37,64,23,21,18,20,21,23,24,24,44,86,166,20,-1,-1,-1,-1,-1,-1,26,15,15,15,64,30,-1,-1,0,-1,17,19,57,69,-1,75,75,19,19,19,19,19,41,41,13,25,19,19,20,20,20,20,19,20,20,38,-1,11,80,22,22,22,15,16,17,17,17,19,61,61,61,14,15,79,27,-1,17,17,25,25,22,31,20,20,13,59,59,13,-1,20,22,20,20,21,-1,15,17,-1,-1,18,14,14,56,-1,-1,-1,-1,18,16,17,16,16,15,15,-1,16,18,42,43,46,46,46,14,12,12,42,13,14,16,34,16,17,17,21,22,22,16,22,19,16,18,15,-1,-1,-1,-1,-1,-1,-1,20,16,19,40,19,19,20,16,14,15,17,20,76,20,22,17,20,-1,-1,18,17,15,15,13,-1,-1,22,12,-1,18,11,25,14,17,18,22,59,-1,-1,40,-1,-1,19,62,17,34,21,19,16,15,15,41,23,17,15
18,23,33,96,23,17,25,20,23,23,25,9,9,11,8,9,9,10,25,186,-1,37,26,14,14,16,20,55,36,36,35,36,-1,20,19,34,17,-1,-1,-1,-1,15,-1,14,-1,46,49,-1,24,32,32,-1,48,33,28,28,54,15,10,-1,-1,35,42,45,27,24,24,37,71,43,26,28,48,23,22,48,127,57,42,42,42,38,28,53,-1,30,-1,35,35,77,-1,-1,107,62,35,40,11,15,13,17,43,27,20,25,15,20,23,19,18,14,17,22,-1,29,28,28,16,19,15,9,9,-1,22,22,21,-1,10,30,9,10,14,9,11,11,11,11,10,11,15,12,10,13,14,48,17,53,10,34,65,26,18,18,20,21,23,-1,-1,43,86,166,20,29,-1,-1,-1,-1,-1,-1,15,15,15,74,32,17,21,-1,0,16,22,56,72,-1,78,78,18,18,18,18,18,36,36,12,26,18,18,19,19,19,19,18,19,19,33,17,-1,83,32,33,33,14,15,16,16,18,20,60,60,60,13,14,82,48,-1,16,16,24,24,25,30,40,40,12,58,58,12,20,19,13,13,13,20,19,11,14,16,17,17,10,10,57,12,13,17,18,9,15,10,10,10,8,8,12,19,21,45,46,49,49,49,9,7,8,37,8,8,18,29,15,16,16,20,16,15,14,16,22,20,18,14,18,20,18,18,18,18,19,19,19,22,43,15,15,15,14,-1,13,20,41,79,41,43,18,19,16,14,17,16,14,14,12,17,17,14,11,13,17,10,28,10,16,17,41,58,-1,-1,43,-1,16,18,61,16,36,15,18,15,14,14,39,34,16,14
13,-1,51,81,-1,17,17,19,15,15,19,20,20,18,20,19,20,16,11,140,43,21,-1,-1,-1,-1,-1,39,30,30,29,30,41,22,21,29,17,48,48,19,41,15,50,14,16,49,24,28,25,41,40,39,43,25,40,38,38,23,27,37,18,20,27,71,39,26,26,55,51,24,48,46,63,42,42,63,40,40,37,37,37,46,20,61,37,50,32,31,31,62,17,18,88,38,35,40,22,16,15,13,28,36,11,17,24,28,24,27,28,21,21,-1,17,21,20,23,25,28,23,18,20,20,22,-1,-1,16,16,25,14,19,22,17,12,16,19,21,15,13,21,14,15,15,17,30,15,40,19,21,56,20,-1,-1,-1,-1,-1,39,39,60,81,136,20,29,13,17,15,15,31,23,-1,-1,-1,19,-1,36,40,17,16,0,28,26,59,36,65,65,-1,-1,-1,-1,-1,31,31,38,51,45,44,45,45,45,45,44,45,45,28,18,16,70,-1,-1,-1,-1,41,42,38,14,15,30,30,30,-1,-1,69,61,15,15,15,44,45,31,41,54,54,38,28,28,-1,19,-1,45,43,43,18,19,39,25,22,20,40,35,35,60,-1,-1,15,15,41,39,23,23,24,24,34,-1,25,27,32,52,55,55,55,35,20,20,32,34,35,19,24,38,39,38,44,45,45,39,45,15,23,21,18,20,21,19,19,19,17,17,16,12,15,30,43,43,43,37,39,37,-1,54,66,54,56,14,12,22,24,43,45,-1,-1,-1,21,20,51,-1,25,-1,-1,63,18,42,42,56,28,44,18,35,18,22,41,31,31,-1,52,-1,39,37,40,56,-1,-1,51
21,37,79,108,23,21,21,21,23,23,31,27,27,28,28,27,28,37,19,222,39,73,20,19,19,15,14,49,64,64,63,64,37,26,25,33,21,46,46,28,47,20,47,19,26,49,46,32,29,37,37,48,83,68,50,50,58,32,26,41,19,56,31,88,32,26,26,91,102,93,90,92,69,35,35,69,80,80,106,106,106,66,-1,81,30,44,30,69,69,97,18,19,114,79,55,60,25,30,13,28,67,52,32,-1,40,51,44,40,57,53,37,21,21,-1,-1,-1,36,38,53,23,23,23,32,44,27,26,20,56,23,26,26,23,23,17,25,31,34,20,29,26,22,14,15,50,19,69,27,50,75,-1,28,23,25,26,28,25,25,28,-1,183,25,35,19,51,20,20,23,27,23,23,23,61,37,29,34,19,22,28,0,48,81,31,68,68,24,24,24,24,25,34,34,38,46,43,45,43,45,44,46,44,44,43,31,24,26,98,28,28,28,20,41,42,44,24,26,59,59,59,20,20,97,49,27,23,23,48,49,12,48,48,48,39,50,50,19,26,25,45,45,45,27,26,48,50,24,25,44,38,39,-1,19,19,24,24,41,48,40,40,39,39,39,16,-1,-1,59,33,36,36,36,39,31,37,35,38,39,26,27,44,43,44,43,48,47,42,53,27,29,27,28,26,28,26,26,26,25,25,26,28,26,58,51,51,51,41,34,41,28,46,68,49,49,24,25,24,23,41,42,21,21,19,25,25,46,18,22,24,17,15,27,45,45,49,57,39,28,71,26,25,45,47,23,32,47,24,48,46,40,71,29,23,50
26,31,21,69,23,32,32,28,27,27,39,62,62,93,78,77,78,77,59,124,49,5,29,26,25,24,23,70,54,54,53,54,21,22,21,54,31,29,29,29,31,27,32,26,53,49,-1,19,16,21,21,74,98,58,49,49,21,72,46,52,30,64,92,28,19,15,15,62,13,64,61,44,61,42,41,61,26,26,77,77,77,57,45,77,20,72,20,50,50,61,33,34,84,29,75,80,37,34,53,25,30,65,24,40,53,52,52,37,36,52,52,27,32,43,43,43,61,44,44,47,39,39,31,41,26,45,31,56,34,46,45,37,28,28,45,49,48,31,53,31,33,51,36,26,30,33,42,42,53,46,25,32,33,34,28,32,32,89,107,122,28,17,34,32,25,25,34,35,23,23,23,-1,35,30,24,57,56,26,48,0,78,73,89,89,21,21,21,21,21,93,93,56,33,60,59,60,60,60,60,59,60,60,90,29,73,89,24,24,24,17,59,60,63,25,26,27,27,27,22,21,88,37,70,19,19,72,73,64,114,30,30,53,4,4,15,31,22,37,38,38,30,30,80,34,66,65,63,69,69,58,25,26,28,28,38,59,66,66,67,68,67,23,58,60,20,85,88,88,88,70,70,69,94,69,67,63,86,63,64,63,68,79,79,73,79,27,63,32,61,31,32,30,30,30,29,29,28,23,25,14,79,79,79,74,76,74,25,30,90,30,32,25,24,33,29,65,63,17,17,21,32,32,30,14,68,20,13,67,70,57,57,32,25,81,75,84,66,66,64,14,19,28,29,21,60,61,58,74,25,19,67
64,62,68,36,60,68,71,71,76,75,68,64,64,65,69,64,65,64,60,82,68,75,62,60,60,57,55,62,63,63,62,63,91,71,70,85,67,91,91,70,93,64,101,63,65,101,76,88,85,86,86,76,100,100,75,75,67,69,78,92,70,62,92,76,84,80,80,85,78,87,84,86,76,85,84,76,52,52,100,100,100,72,82,92,68,68,68,65,65,39,71,72,83,64,81,80,67,61,67,59,63,80,59,75,68,65,65,68,67,66,63,56,60,73,73,73,61,72,72,60,64,64,61,59,51,69,64,77,68,64,63,64,61,63,65,66,64,67,71,66,67,70,73,54,66,74,66,75,21,89,58,62,64,95,93,97,97,89,69,89,93,82,99,97,90,65,68,83,56,56,56,108,68,76,100,69,72,59,81,78,0,69,49,49,65,65,66,66,66,106,106,65,72,69,68,69,69,69,69,68,69,69,103,77,82,51,69,69,69,61,68,69,72,81,79,107,107,107,66,65,50,76,86,64,64,81,82,93,101,69,69,62,82,83,60,75,67,76,77,77,75,75,64,83,75,74,72,78,78,89,81,80,77,77,77,68,75,75,76,77,76,66,92,91,57,63,66,66,66,79,79,78,107,78,76,72,99,72,73,72,77,80,80,82,80,79,72,74,70,75,73,76,76,76,77,77,78,82,81,66,81,81,80,69,67,68,69,69,49,69,71,81,82,75,77,74,72,62,61,65,75,74,69,60,77,65,59,93,79,66,66,71,104,75,84,82,75,75,73,66,64,73,68,66,69,70,67,113,70,64,76
18,23,32,86,22,16,25,20,23,23,24,-1,-1,-1,-1,-1,-1,-1,29,182,-1,33,38,15,15,17,16,44,35,35,34,35,-1,21,18,22,16,-1,-1,-1,-1,16,-1,15,-1,47,48,-1,-1,-1,-1,-1,36,33,27,27,60,8,-1,-1,8,25,21,78,29,23,23,16,67,33,15,17,40,-1,-1,40,125,55,31,31,31,51,28,46,-1,15,-1,11,11,80,11,11,109,57,36,41,-1,-1,14,17,33,27,18,24,15,13,16,12,18,14,10,21,16,34,34,34,8,12,15,-1,-1,-1,19,19,21,-1,10,22,6,-1,7,-1,10,10,-1,6,5,8,8,9,-1,14,15,48,14,51,-1,34,76,26,18,25,27,28,31,-1,-1,33,85,165,19,-1,-1,16,-1,-1,-1,-1,14,14,14,73,28,-1,-1,-1,-1,36,31,73,69,0,78,78,18,18,18,18,18,28,28,12,14,18,18,19,19,19,19,18,19,19,25,17,-1,83,21,21,21,14,15,16,16,18,20,60,60,60,13,14,82,40,-1,16,16,24,24,29,30,16,16,12,58,58,12,20,19,13,13,13,20,19,-1,25,16,17,17,11,11,23,12,13,17,18,9,15,11,11,11,9,9,12,23,25,45,50,53,53,53,9,8,9,29,9,9,15,21,15,16,16,20,16,15,-1,16,26,15,17,14,19,20,19,19,19,21,21,26,23,26,61,12,12,12,-1,-1,-1,24,14,98,33,35,24,27,18,20,17,16,23,23,-1,19,18,14,23,-1,33,22,32,7,16,17,17,48,-1,-1,75,13,18,18,37,32,41,15,33,15,14,14,39,39,32,14
67,69,83,59,60,72,84,74,85,85,83,71,71,72,78,67,68,68,68,62,77,77,64,62,62,59,57,73,71,71,70,71,104,68,67,82,64,97,97,67,99,66,100,65,67,111,75,87,84,97,97,87,111,103,87,87,74,72,81,102,69,58,104,82,91,87,87,89,85,91,88,90,85,89,88,85,51,51,104,104,104,76,69,115,79,76,79,79,79,-1,77,78,87,68,92,97,69,63,74,66,59,84,68,86,72,73,73,77,79,72,69,62,66,82,81,85,69,72,72,67,68,68,65,69,58,70,73,91,70,66,65,66,70,72,66,68,66,72,72,70,73,74,80,63,71,75,68,85,38,92,62,75,77,92,105,109,109,101,81,62,105,94,111,109,102,77,80,95,62,62,62,114,74,82,92,75,78,65,68,89,49,78,0,-1,77,77,78,78,78,92,92,76,82,80,79,80,80,80,80,79,80,80,89,77,83,65,81,72,72,73,79,80,82,81,82,78,78,78,78,77,64,86,88,76,76,91,92,105,104,79,79,72,92,93,72,85,79,86,79,80,78,78,76,86,79,80,92,84,84,92,82,82,84,84,78,79,79,79,87,86,86,78,95,94,68,96,99,99,99,84,83,84,93,85,86,92,85,92,81,92,86,83,84,81,83,84,91,80,81,79,93,78,78,78,86,85,85,81,81,70,82,82,82,81,79,80,81,90,-1,90,92,81,80,78,86,85,83,74,73,77,78,78,89,72,85,77,71,105,85,87,87,92,76,87,85,79,79,79,93,66,76,76,79,78,80,81,78,124,73,76,87
68,69,83,59,60,72,84,75,86,86,84,71,71,72,78,68,69,69,69,62,77,77,64,62,62,59,57,73,71,71,70,71,104,68,67,82,64,97,97,67,99,66,100,65,67,112,75,87,84,97,97,87,111,104,88,88,74,73,82,102,70,59,104,83,91,87,87,89,85,91,88,90,85,89,88,85,52,52,104,104,104,76,69,115,79,76,79,79,79,-1,77,78,88,69,92,97,70,64,74,66,59,84,69,86,72,73,73,78,80,73,70,63,67,82,81,86,69,72,72,67,68,68,65,70,59,71,74,91,70,66,65,66,70,72,66,68,66,72,72,70,73,74,80,63,71,76,68,86,38,93,63,75,77,92,105,109,109,101,81,62,105,94,111,109,102,77,80,95,62,62,62,114,74,82,92,75,78,65,68,89,49,78,-1,0,78,78,79,79,79,93,93,86,79,90,89,90,90,90,90,89,90,90,90,87,84,51,82,72,72,74,79,80,93,82,83,79,79,79,79,78,50,87,89,77,77,84,94,106,104,90,90,83,86,87,73,78,80,83,80,81,78,78,77,86,79,80,93,85,85,92,83,83,85,85,79,79,79,79,88,87,87,79,95,94,68,96,99,99,99,85,84,85,94,86,87,93,86,93,81,93,86,84,85,82,84,85,92,80,81,79,94,78,78,78,87,86,86,82,82,70,83,83,83,82,80,81,82,90,-1,90,92,82,81,78,87,85,83,75,74,78,78,78,90,73,86,78,72,106,86,87,87,92,77,88,86,79,79,79,94,67,77,76,79,79,80,81,78,124,73,77,87
-1,-1,38,82,-1,10,10,10,8,8,17,20,20,19,20,19,20,32,-1,142,23,23,-1,-1,-1,-1,-1,40,31,31,30,31,-1,-1,-1,31,-1,34,34,21,35,-1,36,-1,18,45,26,-1,15,18,18,33,45,18,32,32,40,24,27,36,13,21,29,59,16,14,14,49,48,53,41,39,40,36,34,40,40,42,39,39,39,46,21,61,18,45,18,47,32,63,17,18,89,48,34,39,20,17,18,-1,29,44,-1,23,32,28,28,27,35,31,22,-1,13,22,21,22,25,28,32,26,20,21,13,10,-1,24,15,20,14,19,22,20,12,14,19,21,16,18,22,14,15,17,18,31,-1,52,19,16,57,21,-1,-1,-1,-1,-1,23,23,53,83,138,-1,-1,15,-1,15,15,20,33,-1,-1,-1,21,-1,22,22,19,18,-1,24,21,65,18,77,78,0,87,-1,-1,-1,33,33,18,45,24,24,25,25,25,25,24,25,25,30,-1,21,72,12,12,12,-1,21,22,22,-1,-1,32,32,32,-1,-1,71,30,22,-1,-1,31,31,27,42,34,34,18,30,30,-1,-1,10,40,37,38,-1,-1,32,21,-1,-1,23,23,23,21,-1,-1,-1,-1,36,21,-1,-1,24,24,24,16,21,23,46,48,51,51,51,23,26,21,34,22,23,-1,26,21,22,22,27,35,35,31,35,-1,-1,-1,-1,-1,-1,-1,-1,-1,-1,-1,-1,-1,-1,40,33,33,33,25,22,25,-1,34,69,34,36,-1,-1,-1,-1,27,25,-1,-1,-1,-1,-1,45,-1,18,12,-1,30,20,22,23,36,30,40,23,36,-1,-1,24,33,-1,13,33,-1,21,20,20,52,11,-1,32
-1,-1,38,82,-1,10,10,10,8,8,17,20,20,19,20,19,20,32,-1,142,23,23,-1,-1,-1,-1,-1,40,31,31,30,31,-1,-1,-1,31,-1,34,34,21,35,-1,36,-1,18,45,26,-1,15,18,18,33,45,18,32,32,40,24,27,36,13,21,29,59,16,14,14,49,48,53,41,39,40,36,34,40,40,42,39,39,39,46,21,61,18,45,18,47,32,63,17,18,89,48,34,39,20,17,18,-1,29,44,-1,23,32,28,28,27,35,31,22,-1,13,22,21,22,25,28,32,26,20,21,13,10,-1,24,15,20,14,19,22,20,12,14,19,21,16,18,22,14,15,17,18,31,-1,52,19,16,57,21,-1,-1,-1,-1,-1,23,23,53,83,138,-1,-1,15,-1,15,15,20,33,-1,-1,-1,21,-1,22,22,19,18,-1,24,21,65,18,77,78,87,0,-1,-1,-1,33,33,18,45,24,24,25,25,25,25,24,25,25,30,-1,18,72,12,12,12,-1,21,22,22,-1,-1,32,32,32,-1,-1,71,30,22,-1,-1,31,31,27,42,34,34,18,30,30,-1,-1,10,40,37,38,-1,-1,32,21,-1,-1,23,23,23,21,-1,-1,-1,-1,36,21,23,23,24,24,24,16,21,23,46,48,51,51,51,23,21,21,34,22,23,-1,26,21,22,22,27,35,35,31,35,-1,-1,-1,-1,-1,-1,-1,-1,-1,-1,-1,-1,-1,-1,40,33,33,33,25,22,25,-1,34,69,34,36,-1,-1,-1,-1,27,25,-1,-1,-1,-1,-1,34,-1,18,12,-1,30,20,22,23,36,30,40,23,36,-1,-1,27,20,-1,13,33,-1,24,23,23,52,11,-1,37
-1,-1,44,83,-1,10,10,10,8,8,20,19,19,20,19,18,19,35,-1,142,31,23,-1,-1,-1,-1,-1,41,31,31,30,31,-1,-1,-1,31,-1,37,37,21,38,-1,38,-1,18,48,26,-1,18,21,21,36,45,18,35,35,42,25,26,36,14,22,29,36,19,17,17,51,46,56,43,41,43,38,36,43,40,42,39,39,39,46,21,61,21,47,21,49,33,64,17,18,89,50,34,39,23,18,19,-1,30,44,-1,23,32,28,28,27,35,31,25,-1,14,22,21,22,24,27,32,26,19,20,-1,8,-1,24,15,21,14,18,22,21,12,15,19,21,17,20,22,15,14,18,19,32,-1,42,18,17,52,21,-1,-1,-1,-1,-1,32,32,56,83,138,-1,-1,15,-1,15,17,20,35,-1,-1,-1,21,-1,29,25,19,18,-1,24,21,66,18,78,79,-1,-1,0,-1,-1,33,33,22,28,36,28,36,29,37,29,28,37,36,30,-1,18,72,-1,-1,-1,-1,25,26,26,-1,-1,32,32,32,-1,-1,71,33,17,-1,-1,34,35,30,43,37,37,22,27,27,-1,-1,-1,42,40,40,-1,-1,35,24,-1,-1,27,24,24,24,16,-1,-1,-1,38,25,25,25,24,25,25,17,24,26,34,51,54,54,54,23,22,22,34,23,24,-1,26,25,26,26,32,37,38,26,37,-1,-1,-1,-1,-1,-1,-1,-1,-1,-1,-1,-1,-1,-1,32,36,36,36,25,37,25,-1,37,69,37,39,-1,-1,-1,-1,27,33,-1,-1,-1,-1,-1,37,-1,19,-1,-1,33,23,26,27,39,30,43,24,37,23,-1,28,24,-1,13,36,-1,25,24,24,55,-1,-1,24
-1,-1,44,83,-1,10,10,10,8,8,20,20,20,20,20,19,20,35,-1,142,31,23,-1,-1,-1,-1,-1,41,31,31,30,31,-1,-1,-1,31,-1,37,37,21,38,-1,39,-1,18,48,26,-1,18,21,21,36,45,18,35,35,43,25,27,36,14,22,29,36,19,17,17,51,46,56,44,42,43,38,37,43,40,42,39,39,39,46,21,61,21,47,21,49,33,64,17,18,90,51,34,39,23,18,19,-1,30,44,-1,23,28,28,28,27,35,31,25,-1,14,22,21,22,24,28,32,26,19,20,-1,8,-1,24,15,21,14,18,22,21,12,15,19,21,17,20,22,15,14,18,19,32,-1,42,18,17,52,21,-1,-1,-1,-1,-1,32,32,56,83,138,-1,-1,15,-1,15,17,20,36,-1,-1,-1,21,-1,29,25,19,18,-1,24,21,66,18,78,79,-1,-1,-1,0,-1,34,34,22,29,37,28,37,29,38,29,28,38,37,31,-1,23,73,-1,-1,-1,-1,25,26,26,-1,-1,33,33,33,-1,-1,72,33,23,-1,-1,34,35,30,43,37,37,22,28,28,-1,-1,-1,43,40,40,-1,-1,35,24,-1,-1,27,24,24,24,16,-1,-1,-1,38,25,26,26,25,25,25,17,24,26,35,51,54,54,54,24,28,28,35,23,24,-1,27,25,26,26,33,37,38,27,37,-1,-1,-1,-1,-1,-1,-1,-1,-1,-1,-1,-1,-1,-1,33,36,36,36,26,37,26,-1,37,70,37,39,-1,-1,-1,-1,32,33,-1,-1,-1,-1,-1,37,-1,19,-1,-1,33,23,26,27,39,31,43,24,37,23,-1,28,25,-1,14,36,-1,25,24,24,55,-1,-1,24
-1,-1,45,83,-1,11,11,11,9,9,20,20,20,20,20,19,20,35,-1,142,32,23,-1,-1,-1,-1,-1,41,32,32,31,32,-1,-1,-1,31,-1,37,37,21,38,-1,39,-1,18,48,26,-1,18,21,21,36,45,19,35,35,43,25,27,37,14,22,29,37,19,17,17,52,46,56,44,42,43,38,37,43,40,42,39,39,39,46,22,61,21,47,21,49,33,64,18,19,90,51,35,40,23,18,19,-1,30,45,-1,24,28,28,28,27,36,32,25,-1,14,23,22,23,24,28,33,27,19,20,-1,8,-1,25,16,21,14,18,22,21,13,15,19,21,17,20,22,15,14,18,19,32,-1,42,18,17,52,22,-1,-1,-1,-1,-1,32,32,56,83,138,-1,-1,15,-1,16,17,20,36,-1,-1,-1,21,-1,30,25,19,18,-1,25,21,66,18,78,79,-1,-1,-1,-1,0,34,34,22,29,37,28,37,29,38,29,28,38,37,31,-1,24,73,-1,-1,-1,-1,25,26,26,-1,-1,33,33,33,-1,-1,72,33,24,-1,-1,35,35,30,43,37,37,22,28,28,-1,-1,-1,29,21,22,-1,-1,35,24,-1,-1,27,24,24,24,-1,-1,-1,-1,25,25,26,26,25,25,25,18,24,26,35,51,54,54,54,24,22,22,35,23,24,-1,27,25,26,26,33,38,38,32,38,-1,-1,-1,-1,-1,-1,-1,-1,-1,-1,-1,-1,-1,-1,33,36,36,36,26,23,31,-1,37,70,37,39,-1,-1,-1,-1,32,33,-1,-1,-1,-1,-1,37,-1,20,-1,-1,33,24,26,27,39,63,28,25,37,24,-1,28,25,-1,14,36,-1,25,24,24,55,-1,-1,24
26,37,92,97,27,41,41,41,41,53,42,26,26,27,26,25,26,25,32,176,47,49,34,30,30,28,27,68,104,104,103,104,44,32,31,47,28,53,53,25,53,27,54,26,22,126,75,35,36,44,44,34,76,48,81,81,57,32,27,47,37,36,120,112,41,35,35,123,134,47,35,33,72,38,29,72,54,54,138,138,138,37,56,57,42,37,42,40,40,91,39,39,112,54,77,82,31,25,35,33,44,45,32,31,33,33,33,35,37,30,41,42,32,58,57,53,30,32,32,27,27,27,31,37,31,44,43,43,30,26,25,26,37,28,29,26,24,31,33,31,31,43,44,45,36,62,28,45,87,30,28,36,38,39,42,28,28,117,97,177,31,40,24,28,26,26,24,39,26,26,26,93,40,28,41,41,36,31,34,93,106,28,92,93,33,33,33,34,34,0,-1,44,35,52,51,53,52,52,52,51,53,53,-1,40,30,88,35,35,35,27,42,43,38,35,36,61,61,61,32,31,87,45,35,30,30,40,40,69,77,44,44,47,76,76,26,41,33,29,26,27,41,41,23,43,39,39,39,31,31,65,36,36,38,38,25,42,35,35,34,33,33,32,68,67,48,78,81,81,81,31,30,31,-1,32,33,39,13,38,37,38,42,30,31,28,30,38,42,43,40,42,43,41,41,41,40,39,39,35,35,46,29,29,29,28,26,27,35,42,79,45,45,35,34,40,39,42,43,28,27,31,41,41,35,26,37,31,25,69,32,48,49,45,58,34,32,70,35,39,39,73,30,39,37,32,42,40,43,67,36,30,48
26,37,92,97,27,41,41,41,41,53,42,26,26,27,26,25,26,25,32,176,47,49,34,30,30,28,27,68,104,104,103,104,44,32,31,47,28,53,53,25,53,27,54,26,22,126,75,35,36,44,44,34,76,48,81,81,57,32,27,47,37,36,120,112,41,35,35,123,134,47,35,33,72,38,29,72,54,54,138,138,138,37,56,57,42,37,42,40,40,91,39,39,112,54,77,82,31,25,35,33,44,45,32,31,33,33,33,35,37,30,41,42,32,58,57,53,30,32,32,27,27,27,31,37,31,44,43,43,30,26,25,26,37,28,29,26,24,31,33,31,31,43,44,45,36,62,28,45,87,30,28,36,38,39,42,28,28,117,97,177,31,40,24,28,26,26,24,39,26,26,26,93,40,28,41,41,36,31,34,93,106,28,92,93,33,33,33,34,34,-1,0,45,36,53,52,54,58,57,47,46,57,56,-1,57,31,100,36,36,36,28,43,44,39,36,37,69,69,69,33,32,99,46,34,31,31,41,41,60,40,45,45,52,76,76,27,45,34,30,27,28,46,45,24,34,57,58,40,32,32,25,52,52,57,57,26,43,36,36,35,34,34,49,29,26,50,71,74,74,74,32,31,32,-1,33,34,59,10,39,38,39,55,31,32,29,31,39,46,60,46,44,46,44,44,44,44,44,40,36,36,47,30,30,30,29,27,28,36,43,82,46,46,36,35,57,56,53,54,29,28,32,58,58,36,27,55,32,26,60,33,42,43,46,67,35,33,98,36,58,55,73,31,55,38,33,43,41,44,68,53,31,46
19,16,27,88,12,18,11,10,8,8,-1,-1,-1,-1,-1,-1,-1,-1,-1,192,-1,43,19,16,15,14,13,60,46,46,45,46,-1,-1,-1,44,21,-1,-1,-1,-1,-1,-1,-1,-1,29,87,-1,-1,-1,-1,29,53,6,6,6,39,25,17,26,16,41,45,55,-1,-1,-1,40,12,44,11,14,21,18,19,21,30,30,48,48,48,17,35,37,-1,35,-1,37,10,81,19,20,102,35,26,25,15,19,29,19,36,25,15,37,20,21,21,13,12,22,23,23,18,35,35,35,19,17,17,13,19,19,22,29,19,9,13,8,16,15,17,14,15,14,19,22,23,13,20,14,17,28,26,31,16,36,14,7,66,36,18,-1,-1,-1,-1,-1,-1,44,97,177,-1,-1,24,22,-1,-1,-1,-1,26,26,26,82,25,-1,5,13,12,38,38,56,65,12,76,86,18,18,22,22,22,44,45,0,17,-1,-1,-1,-1,-1,-1,-1,-1,-1,42,9,26,76,27,26,28,15,-1,-1,-1,13,11,16,16,16,21,21,75,29,15,22,22,11,11,35,56,14,14,-1,31,32,17,10,25,25,25,25,10,10,35,17,11,11,-1,14,14,32,14,14,10,10,21,-1,13,13,14,11,11,13,47,46,30,46,49,49,49,15,15,14,51,13,14,9,43,-1,-1,-1,14,20,20,-1,19,11,6,8,8,9,10,8,8,8,9,9,9,11,11,39,21,21,21,19,34,19,15,26,74,14,16,14,14,10,12,4,-1,18,17,15,9,8,14,13,11,19,12,35,12,-1,-1,29,13,32,15,58,7,9,-1,47,18,27,13,19,-1,-1,-1,58,24,18,10
21,33,40,95,26,20,26,26,26,26,20,9,11,15,18,16,17,19,28,189,20,40,29,38,22,24,23,51,55,55,54,55,-1,28,27,21,36,-1,-1,21,-1,23,-1,22,20,68,83,22,32,38,38,-1,35,28,28,28,72,-1,12,31,33,32,-1,62,36,35,35,-1,74,9,-1,-1,24,-1,-1,24,37,37,30,30,30,34,43,41,20,-1,20,-1,-1,87,15,15,117,42,43,28,12,9,31,21,40,22,26,41,-1,-1,-1,-1,-1,-1,-1,27,19,41,41,41,-1,-1,-1,11,11,12,26,27,27,13,22,21,14,11,8,11,18,18,12,6,8,17,-1,13,11,34,37,38,23,43,9,23,73,35,22,39,41,43,44,-1,-1,-1,105,185,42,39,33,36,23,23,17,-1,34,34,34,35,35,12,22,25,26,51,46,33,72,14,82,79,45,45,28,29,29,35,36,17,0,38,38,39,39,39,39,38,39,39,31,30,13,81,30,30,30,29,25,26,21,22,34,34,34,34,19,18,80,18,13,25,25,-1,-1,53,50,9,9,32,56,56,19,38,28,-1,10,-1,37,38,9,35,22,21,22,16,16,40,25,25,29,29,7,25,18,18,17,16,16,25,43,42,36,64,67,67,67,14,13,14,35,15,16,22,27,21,20,21,-1,12,12,15,12,34,25,25,23,29,32,24,24,24,24,25,25,25,24,40,12,12,12,13,10,13,30,11,75,12,12,22,23,21,20,28,23,19,19,18,22,22,-1,20,18,26,19,53,19,17,17,12,31,17,17,67,22,21,26,53,25,35,-1,25,28,27,27,34,29,25,39
20,17,30,92,13,24,12,11,9,9,9,38,38,22,-1,24,-1,-1,24,198,-1,49,25,22,21,20,19,66,52,52,51,52,-1,-1,-1,50,27,-1,-1,-1,-1,-1,-1,-1,-1,33,93,-1,-1,-1,-1,36,60,14,14,14,43,29,25,32,22,57,51,59,-1,-1,-1,45,15,50,38,36,25,22,23,25,34,34,54,54,54,21,40,41,-1,41,-1,43,14,85,25,26,106,39,30,29,21,26,34,24,40,29,20,42,24,23,22,17,16,30,23,29,29,41,41,41,25,21,21,19,16,16,27,29,27,11,15,16,24,27,23,20,30,16,26,35,27,21,26,21,19,33,34,35,19,40,25,14,69,41,23,-1,-1,-1,-1,-1,-1,50,103,183,-1,-1,30,28,-1,-1,-1,-1,32,32,32,88,31,-1,-1,19,18,45,43,60,69,18,80,90,24,24,36,37,37,52,53,-1,38,0,-1,-1,-1,-1,-1,-1,-1,-1,57,19,36,77,37,36,38,25,-1,-1,17,23,21,21,21,21,31,31,76,22,22,28,28,16,17,45,60,15,15,-1,47,47,23,16,31,22,23,23,16,16,21,23,14,13,13,18,18,48,20,20,16,16,19,13,16,16,16,17,17,20,51,50,31,56,59,59,59,19,19,18,57,17,17,15,49,15,14,15,12,26,25,25,25,17,12,14,14,15,16,14,14,14,15,15,15,17,17,51,25,25,25,23,40,23,20,15,79,15,17,19,19,15,17,12,10,23,22,20,15,15,15,23,17,23,16,45,16,-1,-1,17,18,39,37,84,13,15,13,39,22,31,14,23,14,15,-1,59,28,22,8
22,19,30,91,15,24,14,13,11,11,11,40,40,24,-1,26,-1,-1,24,198,-1,49,25,22,21,20,19,66,52,52,51,52,-1,-1,-1,50,27,-1,-1,-1,-1,-1,-1,-1,-1,33,93,-1,-1,-1,-1,35,59,13,13,13,42,28,25,32,22,59,50,58,-1,-1,-1,44,15,49,37,17,24,21,22,24,33,33,54,54,54,20,42,40,-1,40,-1,42,13,84,25,26,105,38,29,28,21,26,36,26,39,28,22,44,23,22,21,16,15,29,22,29,24,41,41,41,25,20,20,19,16,16,26,34,29,11,15,15,24,21,23,20,23,16,26,31,26,21,26,19,19,35,36,34,21,39,27,14,68,43,25,-1,-1,-1,-1,-1,-1,49,103,183,-1,-1,30,28,-1,-1,-1,-1,32,32,32,88,31,-1,-1,19,18,44,45,59,68,18,79,89,24,24,28,28,28,51,52,-1,38,-1,0,-1,-1,-1,-1,-1,-1,-1,43,14,20,77,27,27,27,19,-1,-1,-1,19,18,20,20,20,23,23,76,22,25,22,22,18,19,49,47,15,15,-1,32,33,18,16,24,22,23,23,16,16,21,23,14,14,15,23,23,35,19,19,15,15,19,-1,18,18,18,22,22,19,38,37,31,60,63,63,63,24,24,23,47,23,21,12,39,-1,15,-1,14,26,25,27,26,17,10,11,13,12,15,13,13,13,20,20,20,15,22,40,25,25,25,28,25,26,16,15,79,15,17,19,19,14,16,14,12,20,20,24,13,12,15,17,17,23,16,49,18,-1,-1,17,17,32,21,88,13,15,15,39,22,31,14,23,-1,-1,-1,59,28,22,10
20,17,31,92,13,25,12,11,9,9,9,38,38,22,-1,24,-1,-1,25,199,-1,50,26,23,22,21,20,67,53,53,52,53,-1,-1,-1,51,28,-1,-1,-1,-1,-1,-1,-1,-1,33,94,-1,-1,-1,-1,36,60,15,15,15,43,29,26,33,23,57,51,59,-1,-1,-1,46,16,51,38,36,25,22,23,25,34,34,55,55,55,21,40,41,-1,42,-1,44,14,85,26,27,106,39,30,29,22,27,34,24,40,29,20,42,24,23,22,17,16,31,23,30,29,42,42,42,26,21,21,20,17,17,27,29,27,12,16,17,25,27,24,21,30,17,27,35,27,22,27,21,20,33,34,35,19,40,25,15,69,41,23,-1,-1,-1,-1,-1,-1,50,104,184,-1,-1,31,29,-1,-1,-1,-1,33,33,33,89,32,-1,-1,20,19,45,43,60,69,19,80,90,25,25,36,37,37,53,54,-1,39,-1,-1,0,-1,-1,-1,-1,-1,-1,62,19,36,78,28,28,28,20,-1,-1,17,23,21,21,21,21,31,31,77,23,22,23,23,16,17,45,48,16,16,-1,33,34,19,20,25,32,33,49,20,20,32,24,15,15,13,21,21,36,24,24,20,20,29,13,23,23,21,20,20,20,39,38,32,56,59,59,59,22,22,21,67,21,19,19,59,15,14,15,12,26,25,25,25,21,16,18,18,19,20,18,18,18,19,19,19,21,21,41,27,27,27,26,44,26,25,16,80,16,18,24,24,20,22,12,10,28,27,31,20,20,16,28,23,33,27,45,19,-1,-1,18,18,49,37,84,14,21,13,39,32,41,15,30,14,15,-1,83,36,32,8
22,19,31,92,15,25,14,13,11,11,11,40,40,24,-1,26,-1,-1,25,199,-1,50,26,23,22,21,20,67,53,53,52,53,-1,-1,-1,51,28,-1,-1,-1,-1,-1,-1,-1,-1,34,94,-1,-1,-1,-1,36,60,14,14,14,43,29,25,33,23,59,51,59,-1,-1,-1,45,16,50,38,18,25,22,23,25,34,34,54,54,54,21,42,41,-1,41,-1,43,14,85,26,27,106,39,30,29,22,26,36,26,40,29,22,44,24,23,22,17,16,30,23,30,31,42,42,42,26,21,21,20,17,17,27,35,29,12,16,16,24,22,24,21,32,17,26,32,27,21,27,20,20,35,36,35,21,40,27,15,70,43,25,-1,-1,-1,-1,-1,-1,50,104,184,-1,-1,31,29,-1,-1,-1,-1,36,33,33,89,32,-1,-1,20,19,45,45,60,69,19,80,90,25,25,29,29,29,52,58,-1,39,-1,-1,-1,0,-1,-1,-1,-1,-1,58,15,20,77,33,32,34,21,-1,-1,-1,19,17,21,21,21,22,27,76,22,21,28,28,18,19,41,67,15,15,-1,32,33,23,16,31,22,23,23,16,16,31,23,16,15,15,20,20,51,20,20,16,16,19,-1,18,18,18,20,20,19,54,53,31,52,55,55,55,21,21,20,63,19,20,15,55,-1,16,-1,14,28,27,27,27,17,12,14,14,15,16,14,14,14,15,15,15,17,17,40,29,29,29,25,40,25,21,15,79,15,17,20,20,16,18,14,12,24,23,21,16,16,15,24,19,29,23,41,18,-1,-1,17,18,45,21,80,13,17,12,40,27,35,14,25,-1,-1,-1,59,31,27,10
21,18,31,92,14,25,13,12,10,10,10,39,39,23,-1,25,-1,-1,25,199,-1,50,26,23,22,21,20,67,53,53,52,53,-1,-1,-1,51,28,-1,-1,-1,-1,-1,-1,-1,-1,34,94,-1,-1,-1,-1,36,60,14,14,14,43,29,26,33,23,58,51,59,-1,-1,-1,46,16,50,38,36,25,22,23,25,34,34,55,55,55,21,41,41,-1,41,-1,43,14,85,26,27,106,39,30,29,22,27,35,25,40,29,21,43,24,23,22,17,16,31,23,30,30,42,42,42,26,21,21,20,17,17,28,30,28,12,16,17,25,22,24,21,31,17,27,32,27,22,27,20,20,34,35,35,20,40,26,15,70,42,24,-1,-1,-1,-1,-1,-1,50,104,184,-1,-1,31,29,-1,-1,-1,-1,33,33,33,89,32,-1,-1,20,19,45,44,60,69,19,80,90,25,25,37,38,38,52,57,-1,39,-1,-1,-1,-1,0,-1,-1,-1,-1,47,20,20,78,34,34,34,26,-1,-1,-1,24,22,21,21,21,22,23,77,23,21,33,33,17,18,39,67,16,16,-1,33,34,25,21,31,23,24,24,21,21,22,23,16,15,14,22,22,42,22,21,19,19,20,14,16,17,18,18,18,35,45,44,32,58,61,61,61,23,23,22,52,22,20,13,44,16,15,16,13,27,26,26,26,22,10,11,19,12,15,19,19,19,20,20,20,22,22,59,28,28,28,27,26,27,26,16,94,16,18,25,25,14,16,13,11,29,28,32,13,12,16,29,17,34,28,46,28,-1,-1,18,40,50,38,63,23,15,14,47,33,42,15,31,15,16,-1,60,37,33,9
23,20,31,92,16,25,15,14,12,12,12,41,41,25,-1,27,-1,-1,25,199,-1,50,26,23,22,21,20,67,53,53,52,53,-1,-1,-1,51,28,-1,-1,-1,-1,-1,-1,-1,-1,34,94,-1,-1,-1,-1,36,60,14,14,14,43,29,26,33,23,60,51,59,-1,-1,-1,46,16,50,38,36,25,22,23,25,34,34,55,55,55,21,43,41,-1,41,-1,43,14,85,26,27,106,39,30,29,22,27,37,27,40,29,23,45,24,23,22,17,16,31,23,30,32,42,42,42,26,21,21,20,17,17,27,35,30,12,16,17,25,22,24,21,33,17,27,32,27,22,27,20,20,36,37,35,22,40,28,15,70,44,26,-1,-1,-1,-1,-1,-1,50,104,184,-1,-1,31,29,-1,-1,-1,-1,33,33,33,89,32,-1,-1,20,19,45,46,60,69,19,80,90,25,25,29,29,29,52,47,-1,39,-1,-1,-1,-1,-1,0,-1,-1,-1,47,21,32,78,33,32,34,21,-1,-1,-1,25,23,37,37,37,24,27,77,23,26,34,34,18,19,38,62,16,16,-1,33,34,29,22,31,23,24,24,22,22,22,24,15,15,15,23,23,42,26,26,22,22,20,-1,15,16,17,22,22,20,45,44,32,49,52,52,52,24,24,23,48,23,21,13,40,-1,16,17,14,28,27,27,27,23,11,12,14,13,16,14,14,14,15,15,15,23,23,41,29,29,29,28,26,28,27,16,89,16,18,20,20,16,18,14,12,30,29,27,16,16,16,24,19,29,23,37,23,-1,-1,18,20,33,33,63,18,17,15,54,28,37,15,26,-1,-1,-1,60,32,28,9
21,18,29,91,14,24,13,12,10,10,10,39,39,23,-1,25,-1,-1,24,198,-1,49,25,22,21,20,19,66,52,52,51,52,-1,-1,-1,50,27,-1,-1,-1,-1,-1,-1,-1,-1,32,93,-1,-1,-1,-1,35,59,13,13,13,42,28,24,32,22,58,50,58,-1,-1,-1,45,14,49,37,17,24,21,22,24,33,33,53,53,53,20,41,40,-1,41,-1,42,13,84,25,26,105,38,29,28,21,26,35,25,39,28,21,43,23,22,21,16,15,29,22,29,30,41,41,41,25,20,20,19,16,16,26,34,28,11,15,15,23,21,23,20,31,16,26,31,26,20,26,19,19,34,35,34,20,39,26,14,69,42,24,-1,-1,-1,-1,-1,-1,49,103,183,-1,-1,30,28,-1,-1,-1,-1,32,32,32,88,31,-1,-1,19,18,44,44,59,68,18,79,89,24,24,28,28,28,51,46,-1,38,-1,-1,-1,-1,-1,-1,0,-1,-1,43,15,32,77,33,32,34,21,-1,-1,-1,19,17,34,34,34,27,23,76,47,21,28,28,18,19,61,50,46,46,-1,26,27,29,22,37,34,35,43,22,22,31,23,16,15,15,20,20,38,21,21,22,22,31,-1,18,18,18,20,20,19,41,40,31,52,55,55,55,21,21,20,57,19,20,21,49,-1,16,17,14,28,27,27,27,17,18,20,20,21,22,20,20,20,21,21,15,23,23,40,29,29,29,25,32,25,27,44,73,47,47,20,26,22,19,14,12,30,29,21,22,22,51,24,21,29,23,61,18,-1,-1,55,17,37,21,82,13,17,15,38,28,35,45,26,-1,-1,-1,69,33,28,10
21,18,31,92,14,25,13,12,10,10,10,39,39,23,-1,25,-1,-1,25,199,-1,50,26,23,22,21,20,67,53,53,52,53,-1,-1,-1,51,28,-1,-1,-1,-1,-1,-1,-1,-1,34,94,-1,-1,-1,-1,36,60,15,15,15,43,29,26,33,23,58,51,59,-1,-1,-1,46,16,51,39,36,25,22,23,25,34,34,55,55,55,21,41,41,-1,42,-1,44,14,85,26,27,106,39,30,29,22,27,35,25,40,29,21,43,24,23,22,17,16,31,23,30,30,42,42,42,26,21,21,20,17,17,28,30,28,12,16,17,25,28,24,21,31,17,27,36,27,22,27,22,20,34,35,35,20,40,26,15,70,42,24,-1,-1,-1,-1,-1,-1,51,104,184,-1,-1,31,29,-1,-1,-1,-1,33,33,33,89,32,-1,-1,20,19,45,44,60,69,19,80,90,25,25,37,38,38,53,57,-1,39,-1,-1,-1,-1,-1,-1,-1,0,-1,57,19,21,78,37,36,38,25,-1,-1,17,23,21,21,21,21,23,24,77,51,22,32,32,16,17,65,51,50,50,-1,27,28,27,20,35,32,33,47,20,20,32,24,17,16,13,21,21,39,22,22,20,20,29,13,19,19,19,21,21,20,42,41,32,56,59,59,59,22,22,21,61,20,19,19,53,15,14,15,12,26,25,25,25,21,16,18,18,19,20,18,18,18,19,19,19,21,21,41,27,27,27,26,44,26,25,48,74,51,51,24,24,20,22,12,10,28,27,31,20,20,48,28,23,33,27,65,27,-1,-1,51,40,49,37,83,22,21,13,49,32,41,49,30,14,15,-1,73,36,32,8
20,17,31,92,13,25,12,11,9,9,9,38,38,22,-1,24,-1,-1,25,199,-1,50,26,23,22,21,20,67,53,53,52,53,-1,-1,-1,51,28,-1,-1,-1,-1,-1,-1,-1,-1,33,94,-1,-1,-1,-1,36,60,15,15,15,43,29,26,33,23,57,51,59,-1,-1,-1,46,16,51,38,36,25,22,23,25,34,34,55,55,55,21,40,41,-1,42,-1,44,14,85,26,27,106,39,30,29,22,27,34,24,40,29,20,42,24,23,22,17,16,31,23,30,29,42,42,42,26,21,21,20,17,17,27,29,27,12,16,17,25,27,24,21,30,17,27,35,27,22,27,21,20,33,34,35,19,40,25,15,69,41,23,-1,-1,-1,-1,-1,-1,50,104,184,-1,-1,31,29,-1,-1,-1,-1,33,33,33,89,32,-1,-1,20,19,45,43,60,69,19,80,90,25,25,36,37,37,53,56,-1,39,-1,-1,-1,-1,-1,-1,-1,-1,0,57,19,36,79,37,36,38,25,-1,-1,17,23,21,42,42,42,31,31,78,51,40,32,32,16,17,65,64,50,50,-1,52,52,27,20,35,43,43,43,16,16,41,24,17,17,19,17,17,48,20,20,16,16,39,13,16,17,18,18,18,30,51,32,32,56,59,59,59,18,18,17,57,17,19,15,49,15,14,15,12,26,25,25,25,17,12,12,14,15,16,14,14,14,15,15,15,17,17,51,27,27,27,26,40,26,21,44,96,47,47,20,20,16,18,18,17,24,23,27,16,16,44,24,19,29,23,45,15,-1,-1,46,33,44,32,75,10,16,19,44,27,36,44,25,14,15,-1,62,36,32,9
23,34,89,94,24,38,38,38,38,50,39,23,23,24,23,22,23,22,29,171,44,46,31,27,27,25,24,63,101,101,100,101,39,27,26,42,23,48,48,20,48,22,49,21,17,123,70,30,31,39,39,29,71,45,78,78,54,29,24,44,34,33,115,109,36,30,30,120,131,44,32,30,69,26,26,69,51,51,135,135,135,34,53,54,39,34,39,37,37,88,36,36,109,51,74,79,28,22,32,30,41,42,29,28,30,30,30,32,34,27,38,39,29,55,54,50,27,29,29,24,24,24,28,34,28,41,32,40,27,23,22,23,34,25,26,23,21,28,30,28,28,40,41,42,33,59,25,42,84,27,25,33,35,36,39,25,25,112,92,172,26,35,19,23,21,21,19,34,21,21,21,90,37,25,38,38,33,28,31,90,103,25,89,90,30,30,30,31,31,-1,-1,42,31,57,43,62,58,47,47,43,57,57,0,41,28,85,33,33,33,25,40,41,36,33,34,60,60,60,30,29,84,43,21,28,28,38,38,57,56,42,42,49,54,55,24,42,31,27,24,25,43,42,21,41,37,37,37,29,29,22,34,34,36,36,23,40,33,33,32,31,31,30,26,23,46,106,109,109,109,28,26,26,-1,27,28,37,11,33,33,33,52,28,29,32,28,38,39,37,38,36,38,37,37,37,36,37,37,40,39,44,27,27,27,31,27,31,33,48,78,51,51,36,37,34,33,50,53,34,34,30,35,35,48,24,32,29,23,55,27,47,48,51,72,31,26,90,31,35,35,70,28,52,49,30,52,35,51,73,50,28,51
-1,10,30,91,6,-1,-1,-1,-1,-1,10,19,19,18,20,17,19,31,-1,150,15,31,22,-1,-1,-1,-1,49,36,36,35,36,-1,-1,-1,29,-1,-1,-1,-1,-1,-1,22,-1,17,38,34,-1,8,11,11,19,43,12,12,12,45,26,21,36,-1,35,27,51,9,7,7,45,67,50,38,35,33,32,21,33,48,48,37,37,37,45,21,60,11,41,11,43,43,70,-1,-1,98,49,30,35,13,21,22,-1,40,41,8,23,27,27,28,30,24,28,24,18,17,22,21,23,22,26,29,20,17,18,15,21,12,18,-1,15,16,16,21,19,-1,-1,19,20,19,13,21,14,15,21,22,45,-1,48,19,12,64,19,11,-1,-1,-1,-1,21,21,50,87,146,-1,-1,-1,-1,-1,-1,19,23,10,10,10,29,28,20,15,-1,17,18,24,29,77,17,77,87,-1,-1,-1,-1,-1,40,57,9,30,19,14,19,15,20,21,15,19,19,41,0,19,88,20,19,21,8,14,14,13,-1,-1,26,26,26,-1,14,87,31,23,15,15,23,23,25,47,30,30,10,29,29,10,-1,18,27,27,27,-1,-1,22,16,-1,-1,15,14,14,21,-1,-1,-1,-1,18,12,10,10,11,11,12,-1,24,23,42,36,39,39,39,15,15,14,37,14,12,6,29,13,14,13,19,27,28,19,27,-1,4,-1,4,-1,-1,-1,-1,-1,-1,-1,-1,-1,-1,40,25,25,25,19,20,19,8,35,73,36,39,-1,-1,-1,-1,18,17,11,10,14,-1,-1,29,11,-1,16,10,25,14,16,16,33,38,28,20,54,9,-1,16,22,15,21,30,13,14,12,13,53,19,15,21
12,19,39,88,14,16,19,12,17,17,16,-1,-1,-1,-1,-1,-1,8,20,183,-1,34,23,-1,-1,18,17,53,36,36,35,36,-1,-1,-1,24,-1,-1,-1,-1,-1,-1,-1,-1,-1,35,64,-1,-1,-1,-1,-1,38,27,20,20,50,14,9,22,9,27,35,29,-1,-1,-1,30,51,36,17,19,38,-1,-1,38,114,47,33,33,33,54,23,52,15,24,-1,17,17,82,10,10,103,52,31,36,-1,10,18,11,35,24,17,25,21,19,22,13,15,11,11,19,16,24,23,24,11,11,12,-1,-1,-1,22,21,16,-1,-1,22,-1,-1,-1,-1,-1,-1,-1,8,7,-1,14,-1,-1,18,17,45,12,50,-1,20,57,21,13,-1,-1,-1,-1,-1,-1,35,86,166,-1,-1,-1,-1,-1,-1,-1,-1,15,15,15,95,29,-1,-1,11,-1,16,26,73,82,-1,83,84,21,18,18,23,24,30,31,26,13,36,20,36,20,20,32,32,21,36,28,19,0,81,20,21,21,11,15,16,-1,12,14,27,27,27,9,9,80,14,7,22,22,15,16,27,32,13,13,16,36,36,15,17,17,10,10,10,17,16,8,12,-1,-1,13,-1,-1,20,10,10,14,14,6,14,-1,-1,-1,-1,-1,8,23,22,41,38,41,41,41,-1,-1,-1,30,-1,-1,-1,22,-1,-1,-1,11,13,12,-1,13,18,-1,-1,-1,14,16,15,15,15,15,16,16,25,18,38,12,12,12,-1,11,-1,17,11,73,14,14,13,19,12,11,9,10,14,14,10,13,13,11,17,-1,19,16,27,-1,20,21,14,24,16,-1,53,-1,-1,11,33,22,20,12,17,14,-1,16,36,18,22,24
72,76,82,10,69,82,84,84,93,84,80,74,74,75,80,77,78,75,75,92,81,91,78,76,74,73,71,77,86,86,85,86,98,82,81,96,78,99,99,81,101,71,107,70,72,98,82,94,91,101,101,91,115,114,88,88,79,93,86,97,82,64,116,92,103,99,99,96,97,98,95,97,87,96,95,87,59,59,111,111,111,85,99,105,82,79,82,76,76,55,84,85,94,77,93,92,78,72,81,73,73,93,73,95,81,82,82,79,78,79,79,72,76,88,88,88,77,85,85,75,75,75,72,70,65,80,80,88,78,74,73,74,76,76,73,74,72,78,78,76,81,80,85,71,78,88,75,86,33,98,70,81,83,123,118,122,122,113,93,92,117,106,123,121,114,88,91,106,67,67,67,91,79,87,111,80,83,70,98,89,51,83,65,51,72,72,72,73,73,88,100,76,81,77,77,78,77,78,78,77,78,79,85,88,81,0,68,68,68,67,77,78,81,75,76,81,81,81,72,71,-1,85,83,68,68,90,91,90,92,78,78,71,74,75,68,80,66,85,86,86,79,79,84,81,82,83,81,87,87,82,77,78,77,77,82,77,84,84,85,86,85,69,92,91,66,83,86,86,86,82,77,78,89,78,85,81,81,81,82,81,86,89,88,90,89,75,81,83,79,84,82,85,85,85,81,81,76,72,72,71,85,85,85,77,75,76,72,90,53,80,82,72,71,77,76,89,83,65,64,69,83,82,89,63,74,68,62,77,77,77,77,93,79,86,76,81,75,78,86,69,67,75,79,69,80,91,78,115,73,67,89
17,-1,56,73,11,17,22,23,23,20,24,24,24,23,24,23,24,38,-1,145,44,26,-1,-1,-1,-1,-1,44,26,26,25,26,42,27,26,34,-1,50,50,24,51,20,51,19,21,54,29,33,34,42,42,44,48,30,46,43,43,36,31,47,15,25,32,71,40,34,34,60,52,29,52,50,68,46,45,68,43,45,42,42,42,51,25,66,38,56,37,36,36,80,18,19,88,43,41,46,22,21,20,17,33,52,14,27,33,33,33,34,36,26,30,-1,20,23,23,23,28,32,28,23,24,24,-1,-1,11,21,16,30,18,22,27,21,13,13,23,26,20,18,27,19,18,20,22,35,15,45,22,26,55,25,-1,-1,-1,-1,-1,41,41,29,86,141,-1,37,18,22,20,20,37,46,-1,-1,-1,24,-1,39,41,22,32,-1,28,24,69,21,81,82,12,12,-1,-1,-1,35,36,27,30,37,27,28,33,34,33,33,37,37,33,20,20,68,0,-1,-1,10,31,32,32,22,20,41,41,41,18,15,73,39,25,-1,-1,37,37,15,42,39,39,29,38,38,-1,21,-1,27,24,25,22,21,21,23,26,26,33,27,27,25,22,22,22,22,23,36,28,28,27,28,28,21,31,29,38,26,29,29,30,28,26,26,38,27,28,28,30,33,33,33,38,28,29,26,28,20,23,28,29,21,23,21,21,21,21,21,21,19,20,36,27,27,27,26,24,25,18,41,71,42,45,22,21,25,24,36,37,13,13,18,26,27,35,16,22,-1,15,15,24,35,35,39,42,32,22,51,26,25,35,35,-1,-1,36,-1,32,31,30,57,-1,-1,32
17,-1,55,73,11,17,21,23,23,19,24,24,24,23,24,23,24,38,-1,145,44,26,-1,-1,-1,-1,-1,44,26,26,25,26,42,27,26,34,-1,49,49,24,50,20,51,19,21,54,29,33,34,42,41,44,48,29,46,43,43,36,31,47,15,25,32,71,40,34,34,27,52,29,52,49,66,46,45,66,43,45,42,42,42,51,25,66,38,56,36,36,36,80,18,19,88,43,41,46,21,21,20,16,33,51,14,27,33,33,33,33,35,26,30,-1,20,23,23,23,27,32,28,23,24,23,-1,-1,11,21,16,30,17,21,27,20,13,13,22,26,20,21,27,18,18,20,22,35,15,45,21,26,55,25,-1,-1,-1,-1,-1,41,41,29,86,141,-1,37,18,22,20,20,37,46,-1,-1,-1,24,-1,39,41,22,33,-1,28,24,69,21,72,72,12,12,-1,-1,-1,35,36,26,30,36,27,28,32,34,32,32,36,36,33,19,21,68,-1,0,-1,11,31,32,32,21,20,44,44,44,18,18,75,39,21,-1,-1,35,39,16,42,39,39,29,38,38,13,22,-1,32,33,33,23,22,27,23,25,26,34,26,26,25,20,21,22,22,30,31,26,30,25,26,26,20,31,29,38,27,30,30,30,25,23,24,38,24,25,27,30,32,33,32,36,32,33,28,32,20,23,23,23,21,23,21,21,21,21,21,21,19,20,36,30,30,30,27,28,27,-1,41,71,42,44,19,17,24,23,36,36,13,13,18,23,22,34,16,21,-1,15,15,23,35,35,39,46,32,22,51,21,25,35,35,-1,-1,35,-1,32,31,30,56,-1,-1,32
17,-1,57,73,11,17,23,23,23,21,24,24,24,23,24,23,24,38,-1,145,44,26,-1,-1,-1,-1,-1,44,26,26,25,26,42,27,26,34,-1,49,49,24,50,20,51,19,21,54,29,33,34,42,41,44,48,31,46,43,43,36,31,47,15,25,32,71,40,34,34,60,52,29,52,50,66,46,45,66,43,45,42,42,42,51,25,66,38,56,36,36,36,80,18,19,88,43,41,46,21,21,20,16,33,51,14,27,33,33,33,33,35,26,30,-1,20,23,23,23,27,32,28,23,24,23,-1,-1,11,21,16,30,17,21,27,20,13,13,22,26,20,21,27,18,18,20,22,35,15,45,21,26,55,25,-1,-1,-1,-1,-1,41,41,29,86,141,-1,37,18,22,20,20,37,46,-1,-1,-1,24,-1,39,41,22,33,-1,28,24,69,21,72,72,12,12,-1,-1,-1,35,36,28,30,38,27,28,34,34,34,34,38,38,33,21,21,68,-1,-1,0,11,31,32,32,19,20,49,49,49,18,18,74,39,21,-1,-1,35,39,16,42,39,39,29,38,38,13,22,-1,32,33,33,23,22,27,27,25,26,34,26,26,30,22,22,22,22,30,31,26,26,25,26,26,21,33,32,39,27,30,30,30,25,23,24,38,24,25,25,30,32,33,32,36,32,33,28,32,20,23,23,23,21,23,21,21,21,21,21,21,19,20,37,30,30,30,27,28,27,18,41,68,42,44,22,21,24,23,36,36,13,13,18,23,22,34,16,21,-1,15,15,23,35,35,39,46,33,22,51,21,23,35,35,-1,-1,35,-1,32,31,30,56,-1,-1,32
-1,8,44,78,-1,12,10,12,8,8,17,17,17,15,17,16,17,29,-1,138,27,19,-1,-1,-1,-1,-1,36,27,27,26,27,-1,-1,-1,27,-1,38,38,17,39,-1,39,-1,14,42,22,27,19,22,22,32,41,18,36,35,35,29,24,37,10,17,25,69,27,21,21,48,53,52,40,38,56,34,33,56,36,38,35,35,35,43,17,58,25,44,25,28,28,59,13,14,86,35,30,35,17,13,12,-1,25,40,-1,19,25,25,25,29,31,27,18,-1,11,18,17,18,21,25,28,22,16,17,10,5,-1,20,11,22,10,15,19,17,8,8,15,18,12,9,18,10,13,12,14,27,-1,37,15,18,47,17,-1,-1,-1,-1,-1,19,19,52,79,134,-1,-1,11,-1,13,13,16,34,-1,-1,-1,17,-1,18,28,15,14,-1,20,17,61,14,73,74,-1,-1,-1,-1,-1,27,28,15,29,25,19,20,21,26,21,21,25,25,25,8,11,67,10,11,11,0,19,20,20,-1,8,33,33,33,-1,-1,67,23,12,-1,-1,29,29,16,33,22,29,17,26,26,-1,10,7,23,19,24,11,10,18,18,15,15,22,19,19,21,-1,-1,10,10,15,19,17,17,21,20,20,11,24,23,30,27,30,30,30,19,17,17,30,18,19,13,22,20,21,20,26,23,24,21,23,8,11,11,11,9,11,9,9,9,9,9,9,-1,-1,29,21,21,21,20,18,20,8,20,63,23,23,-1,-1,12,13,25,24,-1,-1,-1,11,10,25,-1,11,8,-1,15,18,23,23,29,32,23,14,42,15,15,23,23,-1,9,26,-1,20,19,18,45,7,-1,23
27,19,30,91,15,21,14,13,11,11,-1,-1,-1,-1,-1,-1,-1,-1,21,196,-1,47,22,19,18,17,16,63,49,49,48,49,-1,-1,-1,36,24,-1,-1,-1,-1,-1,-1,-1,-1,32,90,-1,-1,-1,-1,24,50,7,-1,-1,42,21,16,35,23,39,43,58,-1,-1,-1,37,38,42,14,17,24,-1,-1,24,33,33,45,45,45,60,38,40,-1,33,-1,35,35,84,22,23,105,38,29,28,12,17,32,22,39,28,18,36,21,22,22,16,15,23,23,26,27,38,38,38,22,20,20,16,17,17,25,27,22,12,16,9,17,18,17,15,17,17,17,20,19,15,23,16,16,31,24,34,17,39,14,7,68,39,21,-1,-1,-1,-1,-1,-1,42,100,180,-1,-1,27,25,-1,-1,-1,-1,29,29,29,85,28,-1,-1,16,15,41,41,59,68,15,79,79,21,21,25,25,25,42,43,-1,25,-1,-1,-1,-1,-1,-1,-1,-1,-1,40,14,15,77,31,31,31,19,0,-1,-1,13,11,33,33,33,17,23,77,27,16,21,21,12,12,46,39,26,31,-1,52,52,17,10,23,25,26,26,10,10,20,18,10,9,-1,-1,-1,29,16,15,14,14,19,-1,10,11,13,-1,-1,14,33,31,32,47,50,50,50,-1,-1,-1,57,-1,-1,7,49,-1,-1,-1,-1,21,21,-1,20,11,7,10,5,11,12,12,12,12,9,9,9,14,11,41,-1,-1,-1,-1,22,-1,15,24,83,27,27,16,18,10,12,-1,-1,19,19,16,12,11,27,16,12,22,15,45,14,-1,-1,31,18,39,16,65,10,10,-1,49,21,30,28,22,-1,-1,-1,49,27,21,8
27,19,30,92,15,22,14,13,11,11,-1,-1,-1,-1,-1,-1,-1,-1,22,195,-1,46,23,20,19,18,17,64,49,49,48,49,-1,-1,-1,48,25,-1,-1,-1,-1,-1,-1,-1,-1,32,91,-1,-1,-1,-1,25,57,7,-1,-1,43,21,16,35,23,40,43,59,-1,-1,-1,38,38,42,15,18,25,22,23,25,34,34,51,51,51,21,39,41,-1,34,-1,35,36,85,23,24,106,39,30,29,13,18,33,23,40,29,19,37,22,23,23,17,16,24,24,27,28,39,39,39,23,21,21,17,18,18,26,28,23,13,17,10,18,19,18,16,17,18,18,21,20,15,24,16,17,32,25,35,17,40,15,8,70,40,22,-1,-1,-1,-1,-1,-1,42,100,180,-1,-1,28,26,-1,-1,-1,-1,29,29,29,86,29,-1,-1,17,16,42,42,60,69,16,80,80,22,22,26,26,26,43,44,-1,26,-1,-1,-1,-1,-1,-1,-1,-1,-1,41,14,16,78,32,32,32,20,-1,0,-1,14,12,33,33,33,17,22,78,28,16,23,23,13,13,37,39,27,27,-1,53,53,18,11,26,24,24,24,11,11,26,18,11,10,-1,-1,-1,29,15,15,11,11,20,-1,13,13,13,-1,-1,14,33,31,33,48,51,51,51,-1,-1,-1,57,-1,-1,10,49,-1,-1,-1,-1,22,22,-1,21,12,7,9,9,10,11,9,9,9,10,10,10,12,12,42,-1,-1,23,-1,30,-1,16,17,75,17,19,15,15,11,13,-1,-1,19,18,16,11,11,17,19,14,24,18,36,13,-1,-1,19,18,40,16,64,8,12,-1,50,23,30,16,21,-1,-1,-1,74,27,23,9
22,19,31,95,15,14,14,13,11,11,-1,-1,-1,-1,-1,-1,-1,16,22,191,-1,42,23,20,19,18,17,64,44,44,43,44,-1,-1,-1,31,-1,-1,-1,-1,-1,-1,-1,-1,-1,33,72,-1,-1,-1,-1,-1,45,11,11,11,46,16,11,30,18,35,40,62,-1,-1,-1,35,41,39,24,21,28,-1,-1,28,105,37,40,40,40,57,41,60,-1,20,-1,32,33,88,23,24,109,42,40,45,-1,-1,18,21,43,32,19,31,20,20,20,21,19,19,19,27,28,33,33,33,22,19,20,12,12,12,26,32,26,13,-1,-1,-1,11,12,10,16,18,12,16,15,15,24,-1,-1,18,19,38,20,43,9,13,67,32,22,-1,-1,-1,-1,-1,-1,39,94,174,-1,-1,-1,26,-1,-1,-1,-1,23,23,23,86,29,-1,-1,17,16,38,44,63,72,16,82,93,22,22,26,26,26,38,39,-1,21,17,-1,17,-1,-1,-1,-1,17,17,36,13,-1,81,32,32,32,20,-1,-1,0,16,14,33,33,33,17,18,92,23,16,29,29,-1,-1,35,39,22,22,-1,51,51,21,14,27,19,22,23,14,13,15,18,11,10,-1,-1,-1,29,16,16,14,14,20,-1,-1,-1,-1,-1,-1,14,33,31,37,46,49,49,49,-1,-1,-1,57,-1,-1,-1,49,-1,-1,-1,-1,-1,-1,-1,-1,15,-1,-1,-1,14,15,13,13,13,12,13,13,15,15,46,-1,-1,-1,-1,17,-1,20,21,78,21,23,18,16,-1,-1,-1,-1,18,18,21,15,15,22,23,16,28,22,86,-1,-1,-1,26,18,25,-1,50,-1,-1,-1,48,27,40,20,25,-1,-1,-1,45,34,27,-1
-1,-1,35,86,7,-1,-1,-1,-1,-1,15,17,17,20,17,16,17,29,-1,146,20,27,-1,-1,-1,-1,-1,44,36,36,35,36,-1,-1,-1,30,-1,24,24,-1,31,-1,32,-1,18,39,30,-1,13,16,16,30,44,17,17,17,39,29,24,36,14,25,28,56,14,12,12,45,51,50,38,36,37,32,31,37,44,46,38,38,38,43,21,58,16,41,16,43,43,86,17,18,94,47,31,36,15,20,16,-1,33,48,-1,23,25,25,28,27,29,26,22,16,11,22,21,24,21,24,36,21,16,17,15,13,-1,13,11,19,11,15,19,21,12,10,16,18,17,10,19,11,17,15,16,44,-1,51,16,16,55,19,11,-1,-1,-1,-1,22,22,50,87,142,-1,-1,-1,-1,-1,-1,20,24,-1,-1,-1,25,23,21,20,17,18,14,24,25,81,18,81,82,-1,-1,-1,-1,-1,35,36,13,22,23,19,23,19,24,25,19,23,23,33,-1,12,75,22,21,19,-1,13,14,16,0,-1,37,37,37,-1,-1,82,30,19,11,11,26,26,26,44,29,29,14,46,47,4,-1,14,26,23,24,-1,-1,20,22,-1,-1,19,20,20,28,-1,-1,-1,-1,22,16,14,14,15,15,16,9,31,30,38,37,40,40,40,20,18,18,37,19,16,10,29,17,18,17,23,29,28,24,29,-1,8,-1,8,6,-1,6,6,6,-1,-1,-1,-1,-1,36,28,28,28,23,23,23,9,27,69,30,30,-1,-1,-1,-1,22,21,-1,-1,-1,-1,-1,27,7,-1,16,6,24,16,20,20,30,35,28,16,40,-1,-1,20,23,11,17,28,16,17,16,15,52,15,11,27
-1,9,34,87,6,-1,-1,-1,-1,-1,13,19,19,31,19,18,19,31,-1,147,19,28,-1,-1,-1,-1,-1,45,37,37,36,37,-1,-1,-1,32,-1,22,22,-1,24,-1,25,-1,20,41,31,-1,11,14,14,32,46,14,14,14,41,31,26,38,13,32,30,55,12,10,10,47,68,52,40,38,35,34,33,35,45,47,40,40,40,45,23,60,14,43,14,45,45,68,18,19,95,49,33,38,16,22,21,-1,34,45,-1,25,27,27,27,34,36,31,24,11,16,24,23,26,23,26,33,27,18,19,14,14,-1,25,14,17,13,17,21,20,13,13,18,20,19,12,21,13,18,20,21,46,-1,53,18,14,56,21,10,-1,-1,-1,-1,24,24,52,88,143,-1,-1,-1,-1,-1,-1,22,26,7,7,7,26,24,23,18,19,20,15,26,26,79,20,82,83,-1,-1,-1,-1,-1,36,37,11,34,21,18,21,17,22,23,17,21,21,34,-1,14,76,20,20,20,8,11,12,14,-1,0,31,31,31,-1,-1,74,28,17,13,13,24,24,59,52,27,27,12,26,26,6,-1,15,24,24,24,-1,-1,22,24,10,10,17,16,16,30,-1,-1,-1,-1,20,14,12,12,13,13,14,11,33,32,40,121,124,124,124,17,17,16,39,16,14,8,31,15,16,15,21,27,26,21,27,-1,6,6,6,4,-1,4,4,4,-1,-1,-1,-1,-1,38,26,26,26,21,21,21,7,25,71,28,28,-1,-1,-1,-1,20,19,6,6,-1,-1,5,25,9,12,15,8,61,16,18,18,28,29,29,18,42,11,10,18,23,13,26,26,12,15,14,13,50,20,13,25
30,37,-1,85,36,31,31,28,28,28,37,63,63,45,53,47,94,92,32,217,27,37,33,30,29,28,27,74,88,88,87,88,25,26,25,58,35,33,33,33,35,31,36,30,57,21,101,23,20,51,25,78,102,27,27,27,67,31,25,61,43,83,96,42,23,19,19,66,17,68,65,48,48,46,45,48,71,53,81,81,81,68,56,88,24,40,24,37,37,77,30,31,100,50,84,89,25,53,62,33,69,76,30,62,57,57,60,40,48,38,38,33,28,44,44,44,28,34,44,22,22,22,42,47,31,17,27,50,41,44,28,25,27,38,27,60,32,30,28,27,23,58,48,47,31,54,23,31,64,44,31,36,37,38,32,36,36,93,138,158,32,21,38,36,29,29,38,39,27,27,27,26,39,34,28,61,60,30,59,27,107,60,78,79,32,32,32,33,33,61,69,16,34,21,20,21,21,21,37,34,21,42,60,26,27,81,41,44,49,33,33,33,33,37,31,0,25,25,38,38,87,49,42,65,65,39,39,94,75,42,42,26,39,39,31,31,67,49,50,50,31,31,48,62,29,29,32,36,36,63,34,34,30,30,46,29,32,32,33,34,34,40,66,65,73,142,145,145,145,37,37,36,74,36,34,27,66,28,29,28,34,54,55,38,54,28,23,24,24,26,27,25,25,25,25,26,26,28,28,54,53,53,53,39,54,40,34,62,89,62,64,31,29,27,29,32,31,31,31,33,26,25,62,34,30,40,33,118,34,26,26,64,-1,62,39,98,29,28,31,20,38,51,61,39,27,27,26,526,45,38,36
30,37,-1,85,36,31,31,28,28,28,37,63,63,45,53,47,94,92,32,217,27,37,33,30,29,28,27,74,88,88,87,88,25,26,25,58,35,33,33,33,35,31,36,30,57,21,101,23,20,51,25,78,102,27,27,27,67,31,25,61,43,83,96,42,23,19,19,66,17,68,65,48,48,46,45,48,71,53,81,81,81,68,56,88,24,40,24,37,37,77,30,31,100,50,84,89,25,53,62,33,69,76,30,62,57,57,60,40,48,38,38,33,28,44,44,44,28,34,44,22,22,22,42,47,31,17,27,50,41,44,28,25,27,38,27,60,32,30,28,27,23,58,48,47,31,54,23,31,64,44,31,36,37,38,32,36,36,93,138,158,32,21,38,36,29,29,38,39,27,27,27,26,39,34,28,61,60,30,59,27,107,60,78,79,32,32,32,33,33,61,69,16,34,21,20,21,21,21,37,34,21,42,60,26,27,81,41,44,49,33,33,33,33,37,31,25,0,36,34,33,89,69,40,38,38,37,37,80,536,62,62,24,37,37,31,27,41,53,50,51,27,26,47,52,27,27,30,34,34,77,31,31,27,27,49,27,30,30,31,32,32,37,77,79,58,142,145,145,145,35,35,34,64,34,32,25,56,28,29,28,34,54,55,38,54,28,23,24,24,26,27,25,25,25,25,26,26,28,28,54,53,53,53,39,54,40,34,62,89,62,64,31,29,27,29,32,31,31,31,33,26,25,62,34,30,40,33,118,34,26,26,64,-1,62,39,98,29,28,31,20,38,51,61,39,27,27,26,526,45,38,36
30,37,-1,85,36,31,31,28,28,28,37,63,63,45,53,47,94,92,32,217,27,37,33,30,29,28,27,74,88,88,87,88,25,26,25,58,35,33,33,33,35,31,36,30,57,21,101,23,20,51,25,78,102,27,27,27,67,31,25,61,43,83,96,42,23,19,19,66,17,68,65,48,48,46,45,48,71,53,81,81,81,68,56,88,24,40,24,37,37,77,30,31,100,50,84,89,25,53,62,33,69,76,30,62,57,57,60,40,48,38,38,33,28,44,44,44,28,34,44,22,22,22,42,47,31,17,27,50,41,44,28,25,27,38,27,60,32,30,28,27,23,58,48,47,31,54,23,31,64,44,31,36,37,38,32,36,36,93,138,158,32,21,38,36,29,29,38,39,27,27,27,26,39,34,28,61,60,30,59,27,107,60,78,79,32,32,32,33,33,61,69,16,34,21,20,21,21,21,37,34,21,42,60,26,27,81,41,44,49,33,33,33,33,37,31,25,36,0,34,33,89,69,40,38,38,37,37,80,536,62,62,24,37,37,31,27,41,53,50,51,27,26,47,52,27,27,30,34,34,77,31,31,27,27,49,27,30,30,31,32,32,37,77,79,58,142,145,145,145,35,35,34,64,34,32,25,56,28,29,28,34,54,55,38,54,28,23,24,24,26,27,25,25,25,25,26,26,28,28,54,53,53,53,39,54,40,34,62,89,62,64,31,29,27,29,32,31,31,31,33,26,25,62,34,30,40,33,118,34,26,26,64,-1,62,39,98,29,28,31,20,38,51,61,39,27,27,26,526,45,38,36
-1,15,39,83,-1,-1,-1,-1,13,13,20,14,14,17,14,13,14,26,-1,143,24,24,-1,-1,-1,-1,-1,41,32,32,31,32,-1,-1,-1,25,-1,-1,-1,-1,35,-1,35,-1,13,37,27,-1,18,21,21,15,39,23,23,23,42,26,21,37,-1,22,23,60,-1,17,17,43,54,47,35,33,41,29,28,41,41,43,33,33,33,40,17,55,21,39,21,41,41,64,-1,-1,91,50,26,31,12,17,13,-1,30,41,-1,19,22,22,25,30,32,23,19,13,8,18,17,19,18,21,29,16,13,14,15,10,-1,10,8,24,8,12,16,19,-1,-1,13,15,14,7,16,8,8,12,12,32,-1,42,13,24,52,15,8,-1,-1,-1,-1,17,17,47,83,139,-1,-1,-1,-1,-1,-1,15,19,-1,-1,-1,22,-1,16,25,14,13,-1,20,22,66,13,78,79,-1,-1,-1,-1,-1,32,33,21,19,31,23,31,22,22,24,27,23,31,30,-1,9,72,18,18,18,-1,17,17,17,-1,-1,38,34,34,0,-1,68,22,12,13,13,25,25,65,29,21,21,19,29,29,-1,16,11,18,18,18,-1,16,16,11,-1,-1,21,15,15,17,-1,-1,-1,-1,14,22,16,16,15,16,16,-1,20,19,34,117,120,120,120,15,13,14,34,14,15,19,26,21,20,20,24,22,23,19,22,-1,17,17,17,15,17,15,15,15,-1,-1,-1,-1,-1,32,20,20,20,18,17,18,14,30,67,31,34,-1,-1,-1,-1,25,26,-1,-1,-1,-1,16,24,8,-1,14,7,67,13,23,23,28,26,22,12,45,11,-1,22,26,13,17,25,13,22,21,21,64,12,13,34
-1,14,39,82,-1,-1,-1,-1,13,13,19,13,13,17,14,12,13,25,-1,142,24,23,-1,-1,-1,-1,-1,40,32,32,31,32,-1,-1,-1,26,-1,-1,-1,-1,35,-1,36,-1,14,38,26,-1,17,20,20,28,40,23,23,23,41,25,20,36,9,21,24,60,18,16,16,44,55,48,36,34,41,30,29,41,40,42,34,34,34,39,60,54,20,40,20,42,42,63,-1,-1,90,49,27,32,11,16,13,-1,29,42,-1,19,21,21,24,23,25,22,18,13,8,18,17,20,17,21,30,17,12,13,15,9,-1,9,8,27,8,11,15,10,8,6,12,14,13,7,15,8,7,12,12,31,-1,41,13,24,51,15,-1,-1,-1,-1,-1,18,18,48,83,138,-1,-1,-1,-1,-1,-1,16,20,-1,-1,-1,21,-1,17,24,15,14,-1,20,21,65,14,77,78,-1,-1,-1,-1,-1,31,32,21,18,31,23,31,27,23,27,23,24,31,29,14,9,71,15,18,18,-1,23,22,18,-1,-1,38,33,33,-1,0,71,36,15,13,13,25,25,61,30,27,27,20,28,28,-1,16,10,21,22,22,-1,16,16,13,-1,-1,22,16,16,18,-1,-1,-1,-1,19,23,17,17,16,17,17,-1,21,20,33,116,119,119,119,16,14,14,33,15,16,19,25,21,21,21,26,21,22,19,21,-1,17,17,17,15,17,15,15,15,15,15,-1,-1,-1,31,19,19,19,18,16,18,14,29,66,30,33,-1,-1,-1,-1,28,29,-1,-1,-1,17,16,23,8,-1,14,-1,63,18,29,29,27,29,21,16,46,12,-1,25,25,13,13,24,12,26,25,24,63,11,13,36
71,75,80,12,67,80,83,83,91,84,78,73,73,74,79,75,76,73,73,93,80,94,81,79,79,76,74,76,84,84,83,84,96,82,81,96,78,99,99,81,101,71,106,70,72,96,81,93,90,100,100,90,114,113,87,87,78,92,84,96,81,63,114,91,101,97,97,95,95,97,94,96,86,95,94,86,58,58,110,110,110,84,98,104,80,78,80,75,75,54,83,84,94,76,92,91,77,71,80,72,72,92,72,93,80,80,80,78,77,78,78,71,75,87,87,87,76,83,83,73,74,74,71,69,64,79,79,87,77,73,72,73,75,75,72,73,71,78,77,75,80,79,84,69,77,80,74,85,33,97,69,80,82,121,116,120,120,111,91,93,115,104,121,119,112,87,90,105,66,66,66,90,78,86,110,79,82,69,97,88,50,82,64,50,71,71,71,72,72,87,99,75,80,76,76,77,76,77,77,76,77,78,84,87,80,-1,73,75,74,67,77,78,92,82,74,87,89,89,68,71,0,87,82,67,67,92,93,83,98,80,80,73,76,77,67,81,65,87,88,88,78,81,73,89,81,82,83,89,89,105,76,77,76,76,88,79,86,86,87,88,87,76,105,107,68,79,82,82,82,90,87,87,99,89,87,83,90,83,84,83,88,91,91,78,80,79,88,88,88,86,88,86,86,86,86,80,80,76,76,79,79,79,79,78,76,77,76,78,56,78,80,76,75,82,81,87,85,69,68,73,88,87,85,67,80,72,66,85,82,79,79,98,81,84,82,83,85,83,86,71,71,68,87,73,82,83,80,400,68,71,89
35,37,44,99,29,23,33,23,29,29,36,25,38,33,38,37,35,37,41,191,24,42,31,24,24,26,25,53,90,90,89,90,42,30,29,25,56,46,46,41,45,25,45,24,22,72,58,49,34,42,42,22,39,45,45,45,75,18,38,31,15,55,15,66,54,52,53,11,76,-1,7,9,28,10,25,28,41,41,34,34,34,-1,46,26,51,13,24,9,9,111,18,18,128,46,15,19,15,24,33,24,65,14,29,36,12,12,11,12,13,11,11,27,22,44,44,44,32,25,10,14,14,27,31,31,25,14,21,26,13,13,11,12,18,18,11,10,9,20,17,16,30,39,40,42,21,47,13,28,76,41,25,57,59,31,33,36,36,-1,132,152,60,56,23,27,46,25,19,27,25,25,25,39,37,21,35,27,48,61,49,37,76,40,86,87,30,30,33,33,33,45,46,29,18,22,22,23,22,23,23,47,51,51,43,31,14,85,39,39,39,23,27,28,23,30,28,49,69,69,22,36,87,0,15,36,36,23,22,95,516,-1,-1,16,114,114,31,34,34,13,13,13,34,33,11,34,24,24,24,18,18,53,26,27,31,32,9,27,20,20,19,18,18,26,56,55,39,140,143,143,143,16,15,16,37,17,18,24,29,23,22,23,27,16,15,17,16,34,27,33,25,32,34,30,30,30,32,33,33,36,35,58,15,15,15,16,15,16,39,-1,91,-1,-1,32,33,30,29,27,28,30,30,26,31,31,11,30,24,36,29,98,17,33,34,9,58,22,16,109,20,24,24,107,36,37,10,34,27,25,28,-1,35,36,44
14,23,43,93,19,13,15,19,19,19,21,-1,-1,6,-1,6,-1,7,20,182,-1,33,22,10,10,17,16,51,32,32,31,32,-1,-1,-1,29,13,-1,-1,-1,-1,-1,-1,10,-1,39,60,-1,-1,-1,-1,19,43,29,26,26,50,13,8,-1,-1,45,40,33,-1,-1,-1,35,55,40,22,24,42,23,22,42,118,51,38,38,38,58,24,51,-1,28,-1,33,32,72,-1,-1,103,58,31,36,-1,13,18,14,40,24,16,25,18,18,21,13,15,11,11,18,-1,24,24,24,14,11,12,6,-1,-1,18,26,20,-1,-1,23,7,5,12,-1,-1,-1,6,8,7,-1,12,-1,7,17,14,45,11,50,6,33,61,22,12,14,16,17,19,-1,-1,40,82,162,16,-1,-1,-1,-1,-1,-1,24,11,11,11,70,28,-1,-1,-1,-1,15,27,70,86,-1,88,89,22,22,17,23,24,35,34,15,13,22,25,22,21,21,26,21,22,40,21,23,7,83,25,21,21,12,16,16,16,19,17,42,40,40,12,15,82,15,0,17,17,18,19,67,31,23,23,24,35,35,11,18,20,17,18,18,18,17,12,14,-1,-1,20,13,13,19,11,11,15,15,15,23,17,17,16,15,15,11,22,21,45,122,125,125,125,12,12,13,41,13,14,-1,33,20,19,19,14,17,18,17,17,17,-1,16,-1,15,17,16,16,16,16,17,17,17,16,43,15,15,15,14,13,16,22,25,76,26,29,14,15,13,12,12,13,11,11,10,14,14,19,12,10,18,11,69,-1,29,29,23,42,-1,-1,47,-1,-1,21,89,17,27,20,17,23,22,24,59,21,17,21
13,-1,51,81,-1,17,17,19,15,15,19,20,20,18,20,19,20,33,11,140,43,21,-1,-1,-1,-1,-1,39,30,30,29,30,41,22,21,29,17,48,48,19,41,15,50,14,16,49,24,28,25,41,40,39,43,25,40,38,38,32,27,37,18,20,27,71,39,26,26,55,51,24,48,46,63,42,42,63,38,40,37,37,37,46,20,61,37,50,32,31,31,62,17,18,88,38,35,40,22,16,15,13,28,36,11,22,28,28,24,26,28,21,21,-1,15,21,20,23,25,23,23,18,20,20,18,-1,-1,16,16,25,14,19,22,17,12,12,16,21,15,13,21,14,18,15,17,30,15,40,19,21,50,20,-1,-1,-1,-1,-1,39,39,60,81,136,20,29,13,17,15,15,31,23,-1,-1,-1,19,-1,36,40,17,16,15,23,19,64,16,76,77,-1,-1,-1,-1,-1,30,31,22,25,28,22,23,28,33,34,28,32,32,28,15,22,68,-1,-1,-1,-1,21,23,29,11,13,65,38,38,13,13,67,36,17,0,21,32,32,64,36,36,36,23,49,50,-1,16,-1,21,18,19,17,16,15,21,23,24,28,23,23,24,18,19,16,16,17,25,23,23,24,24,24,18,27,26,32,115,118,118,118,23,21,22,32,22,23,19,24,26,27,26,32,22,23,20,22,14,17,17,17,15,17,15,15,15,15,15,15,12,14,30,21,21,21,20,18,19,14,38,64,39,42,17,15,22,21,31,30,-1,-1,18,17,16,27,-1,20,-1,-1,66,24,29,29,36,53,26,20,42,24,23,29,76,76,-1,29,-1,26,25,24,72,-1,-1,36
13,-1,51,81,-1,17,17,19,15,15,19,20,20,18,20,19,20,33,11,140,43,21,-1,-1,-1,-1,-1,39,30,30,29,30,41,22,21,29,17,48,48,19,41,15,50,14,16,49,24,28,25,41,40,39,43,25,40,38,38,32,27,37,18,20,27,71,39,26,26,55,51,24,48,46,63,42,42,63,38,40,37,37,37,46,20,61,37,50,32,31,31,62,17,18,88,38,35,40,22,16,15,13,28,36,11,22,28,28,24,26,28,21,21,-1,15,21,20,23,25,23,23,18,20,20,18,-1,-1,16,16,25,14,19,22,17,12,12,16,21,15,13,21,14,18,15,17,30,15,40,19,21,50,20,-1,-1,-1,-1,-1,39,39,60,81,136,20,29,13,17,15,15,31,23,-1,-1,-1,19,-1,36,40,17,16,15,23,19,64,16,76,77,-1,-1,-1,-1,-1,30,31,22,25,28,22,23,28,33,34,28,32,32,28,15,22,68,-1,-1,-1,-1,21,23,29,11,13,65,38,38,13,13,67,36,17,21,0,32,32,64,36,36,36,23,49,50,-1,16,-1,21,18,19,17,16,15,21,23,24,28,23,23,24,18,19,16,16,17,25,23,23,24,24,24,18,27,26,33,115,118,118,118,23,21,22,32,22,23,19,24,26,27,26,32,22,23,20,22,14,17,17,17,15,17,15,15,15,15,15,15,12,14,31,21,21,21,20,18,19,14,38,64,39,42,17,15,18,16,31,30,-1,-1,14,17,16,27,-1,15,-1,-1,66,19,29,29,36,53,26,20,42,19,18,29,82,82,-1,29,-1,26,25,24,72,-1,-1,36
27,35,40,98,30,-1,-1,-1,20,20,-1,-1,-1,-1,-1,-1,-1,21,31,196,-1,47,32,29,28,27,26,73,49,49,48,49,-1,-1,-1,34,-1,-1,-1,-1,-1,-1,-1,-1,-1,42,77,-1,-1,-1,-1,-1,48,-1,-1,-1,55,21,16,35,23,37,32,71,-1,-1,-1,25,51,30,-1,-1,37,-1,-1,37,114,46,43,43,43,49,45,60,-1,-1,-1,22,22,79,23,23,118,51,45,50,12,-1,23,26,45,32,31,36,-1,-1,-1,-1,-1,-1,-1,37,29,41,41,41,27,-1,-1,17,17,17,35,30,31,15,18,-1,15,16,17,15,21,21,17,-1,-1,20,27,18,16,23,24,47,26,52,14,-1,72,37,26,-1,-1,-1,-1,-1,-1,30,99,179,-1,-1,-1,34,-1,-1,-1,-1,28,28,28,95,38,-1,-1,25,24,44,48,72,81,24,91,84,31,31,34,34,35,40,41,11,-1,16,18,16,18,17,18,18,16,16,38,23,15,90,37,35,35,29,12,13,-1,26,24,39,37,37,25,25,92,23,18,32,32,0,-1,40,539,29,29,15,104,104,25,19,32,-1,-1,-1,19,19,-1,25,20,20,-1,-1,-1,39,23,23,19,19,-1,12,-1,-1,-1,-1,-1,24,42,41,50,130,133,133,133,-1,-1,-1,42,-1,-1,18,34,-1,-1,-1,-1,-1,-1,-1,-1,20,15,17,17,18,19,17,17,17,18,18,18,20,20,48,-1,-1,-1,-1,21,-1,24,29,81,29,31,23,24,19,21,-1,-1,26,26,24,19,19,-1,27,22,35,26,43,-1,16,17,31,46,28,23,94,15,20,-1,97,31,46,-1,29,11,-1,11,61,40,31,-1
27,37,40,98,32,-1,-1,-1,20,20,-1,-1,-1,-1,-1,-1,-1,-1,33,196,-1,47,32,29,28,27,26,73,53,53,52,53,-1,-1,-1,33,-1,-1,-1,-1,-1,-1,-1,-1,-1,43,81,-1,-1,-1,-1,-1,47,-1,-1,-1,56,21,16,35,23,37,31,72,-1,-1,-1,24,51,29,-1,-1,38,-1,-1,38,114,47,42,42,42,49,46,59,-1,-1,-1,21,21,79,24,24,119,52,46,51,13,-1,24,26,45,31,31,37,-1,-1,-1,-1,-1,-1,-1,35,29,41,41,41,28,-1,-1,18,18,18,35,30,29,22,19,-1,16,17,18,16,21,21,18,-1,-1,20,28,19,17,24,25,48,27,63,15,-1,72,37,26,-1,-1,-1,-1,-1,-1,29,104,184,-1,-1,-1,34,-1,-1,-1,-1,37,37,33,95,38,-1,-1,25,24,45,49,73,82,24,92,94,31,31,35,35,35,40,41,11,-1,17,19,17,19,18,19,19,17,17,38,23,16,91,37,39,39,29,12,13,-1,26,24,39,37,37,25,25,93,22,19,32,32,-1,0,40,540,29,29,16,104,104,27,20,38,-1,-1,-1,20,20,-1,26,21,21,-1,-1,-1,45,24,24,20,20,-1,13,-1,-1,-1,-1,-1,29,48,47,50,130,133,133,133,-1,-1,-1,42,-1,-1,19,34,-1,-1,-1,-1,-1,-1,-1,-1,21,16,18,18,19,20,18,18,18,19,19,19,21,21,48,-1,-1,-1,-1,22,-1,25,29,81,29,31,24,24,20,22,-1,-1,28,27,31,20,20,-1,28,23,33,27,43,-1,17,18,25,47,29,24,94,16,21,-1,97,32,41,-1,30,12,-1,12,61,36,32,-1
23,24,43,80,14,22,22,22,60,60,75,27,27,28,28,27,28,37,19,185,39,73,20,19,19,15,14,49,44,44,43,44,37,26,25,33,21,46,46,28,47,20,47,19,26,52,139,32,148,43,43,46,81,53,45,49,80,61,56,38,19,41,31,75,77,73,73,94,71,96,93,95,102,94,93,102,121,83,109,109,109,47,13,67,33,67,33,70,70,84,21,22,117,62,40,45,26,33,34,20,58,55,23,41,50,50,50,39,47,37,37,17,22,33,32,58,46,37,37,28,28,29,19,16,19,31,21,42,24,28,30,27,18,17,36,35,34,21,47,20,42,41,42,71,22,55,28,58,60,29,15,23,25,25,28,25,25,28,8,147,25,35,19,22,20,20,23,27,53,53,53,102,40,92,37,22,25,31,12,64,93,29,105,106,27,27,30,30,30,69,60,35,53,45,49,45,41,39,38,61,65,65,57,25,27,90,15,16,16,16,46,37,35,26,59,94,80,80,65,61,83,95,67,64,64,40,40,0,122,80,80,71,124,125,54,59,61,63,60,61,58,58,57,72,64,65,76,65,65,123,59,60,59,59,59,73,69,69,70,71,71,59,123,125,73,11,14,14,14,65,70,70,74,71,72,66,66,74,75,74,80,64,65,62,64,55,65,61,65,59,60,59,59,59,57,57,56,52,55,71,63,63,63,62,60,61,53,81,65,81,83,58,56,63,62,79,78,54,54,59,61,60,69,55,61,61,54,-1,65,77,77,82,157,68,66,125,65,64,77,136,59,64,71,56,74,73,72,112,63,59,84
30,50,145,104,32,30,30,30,32,32,40,36,36,37,37,36,37,56,37,169,48,255,38,28,28,34,33,68,77,77,76,77,46,35,34,205,30,55,55,34,56,29,56,28,38,99,158,41,38,46,46,57,92,81,63,63,67,45,39,50,28,69,85,95,51,45,45,80,59,146,73,71,76,46,45,76,76,76,159,159,159,53,44,94,49,53,49,78,78,104,31,31,123,92,60,65,34,39,22,28,57,61,45,14,50,50,50,68,70,50,50,44,34,18,17,17,45,65,66,36,36,36,45,41,36,35,29,69,32,37,39,36,36,26,38,40,43,29,42,37,31,23,24,59,28,78,33,59,88,12,41,38,40,41,43,42,42,146,52,90,40,50,28,28,35,35,32,47,37,37,38,114,50,40,44,31,30,41,48,114,101,30,104,104,42,42,43,43,43,77,40,56,50,60,47,48,67,67,62,50,51,64,56,47,32,92,42,42,42,33,39,39,39,44,52,75,536,536,29,30,98,516,31,36,36,539,540,122,0,67,67,58,111,112,31,43,37,50,47,48,43,42,44,39,41,42,63,52,52,22,36,36,40,41,46,60,47,47,48,59,60,34,25,23,60,505,508,508,508,52,47,60,55,61,62,43,46,61,62,61,67,51,52,49,51,44,45,43,45,43,44,42,42,42,41,42,42,40,40,58,50,50,50,49,47,48,40,68,94,68,70,41,39,40,39,66,65,33,33,36,41,42,56,30,38,36,29,116,43,64,64,69,144,55,44,129,42,41,64,123,35,44,58,36,61,60,59,524,41,35,71
27,30,37,92,28,22,26,37,28,28,28,17,28,26,-1,27,28,30,34,184,17,35,24,17,17,19,18,46,89,89,88,89,35,23,22,18,49,39,39,34,25,18,25,17,15,65,51,42,27,35,35,15,32,37,37,37,74,-1,14,45,14,54,-1,59,47,45,45,-1,69,-1,6,8,21,9,11,21,34,34,27,27,27,9,45,36,43,8,17,-1,-1,88,17,17,123,39,26,25,14,15,40,23,57,17,28,46,11,11,17,10,7,13,10,32,24,43,43,43,23,16,9,13,13,18,30,33,24,13,20,27,12,12,10,17,24,17,10,9,14,19,28,15,21,38,39,35,20,73,12,29,70,41,24,50,52,54,49,15,15,-1,125,145,52,49,44,20,39,18,12,20,18,18,18,32,30,14,28,20,40,54,48,30,69,16,79,90,34,34,37,37,37,44,45,14,9,15,15,16,15,16,16,46,50,50,42,30,13,78,39,39,39,22,26,27,22,29,27,42,62,62,21,27,80,-1,23,36,36,29,29,80,67,0,-1,9,52,53,23,30,32,14,14,14,30,29,12,31,25,26,25,19,19,86,22,23,27,28,10,15,21,21,20,19,19,22,86,88,32,481,484,484,484,17,16,17,38,18,19,25,30,24,23,24,28,17,16,18,17,29,19,29,17,28,30,29,29,29,28,29,29,29,28,41,16,16,16,17,14,17,34,-1,79,-1,-1,26,27,26,25,28,19,23,23,22,27,27,9,24,22,30,23,92,18,13,13,-1,59,21,17,100,21,25,25,103,29,39,-1,29,16,17,14,41,33,29,23
27,30,37,92,28,22,26,37,28,28,28,17,27,26,-1,26,27,30,34,184,17,35,24,17,17,19,18,46,89,89,88,89,35,23,22,18,48,39,39,33,25,18,25,17,15,65,51,41,27,35,35,15,32,37,37,37,74,-1,14,45,14,54,-1,59,47,45,45,-1,69,-1,6,8,21,9,11,21,34,34,27,27,27,9,45,36,43,8,17,-1,-1,88,17,17,123,39,26,25,14,15,40,23,57,17,28,46,11,11,17,10,7,13,10,32,24,43,43,43,23,16,9,13,13,18,30,33,31,13,28,27,12,12,10,17,24,24,10,9,14,19,28,15,21,38,43,35,20,73,12,29,70,41,28,50,52,53,49,15,15,-1,125,145,52,49,44,20,39,18,12,20,18,18,18,32,30,14,28,20,40,54,48,30,69,16,79,90,34,34,37,37,37,44,45,14,9,15,15,16,15,16,16,46,50,50,42,30,13,78,39,39,39,29,31,27,22,29,27,42,62,62,21,27,80,-1,23,36,36,29,29,80,67,-1,0,9,52,53,23,30,32,14,14,14,30,29,12,31,25,26,25,19,19,86,22,23,27,28,10,15,21,21,20,19,19,22,86,88,32,481,484,484,484,17,16,17,38,18,19,27,30,24,23,24,28,17,16,18,16,29,19,28,17,27,29,28,28,28,28,29,29,29,28,41,16,16,16,17,14,17,34,-1,79,-1,-1,26,27,25,24,21,19,23,23,22,26,26,9,24,22,30,23,92,23,13,13,-1,49,21,21,100,26,25,20,103,29,39,-1,29,16,17,14,41,33,29,23
19,16,27,85,12,18,11,10,8,8,-1,-1,-1,-1,-1,-1,-1,27,18,193,-1,44,19,16,15,14,13,60,47,47,46,47,-1,-1,-1,44,21,-1,-1,-1,-1,-1,-1,-1,-1,29,87,-1,-1,-1,-1,30,54,10,10,10,36,22,20,26,16,56,49,52,-1,-1,-1,43,12,48,36,34,18,15,16,18,27,27,49,49,49,14,36,34,-1,39,-1,7,7,78,19,20,99,32,23,22,15,23,30,23,33,22,16,38,17,16,15,10,9,26,16,23,25,35,35,35,24,14,14,30,30,21,23,25,20,9,13,14,17,15,17,20,16,14,21,19,20,14,20,17,14,29,30,28,16,35,18,9,63,37,19,22,-1,-1,-1,-1,-1,48,98,178,-1,-1,24,22,-1,-1,-1,-1,27,27,27,82,25,-1,-1,13,12,38,39,53,62,12,72,83,18,18,22,22,22,47,52,-1,32,-1,-1,-1,-1,-1,-1,-1,-1,-1,49,10,16,71,29,29,29,17,-1,-1,-1,14,12,26,24,24,19,20,73,16,24,23,23,15,16,71,58,9,9,0,46,47,21,10,25,17,31,18,10,10,27,18,11,10,-1,15,15,32,16,16,10,10,18,-1,13,13,13,15,15,14,32,34,26,55,58,58,58,16,16,15,50,14,15,9,42,-1,-1,-1,16,30,29,21,29,11,6,8,-1,9,10,8,8,8,9,9,9,11,11,35,22,22,21,20,26,20,15,10,73,10,12,14,14,14,14,16,14,20,20,16,10,10,10,18,16,23,17,38,13,-1,-1,12,36,34,16,94,8,12,-1,81,22,31,9,20,-1,-1,-1,54,26,22,12
28,33,35,80,25,34,34,30,29,29,41,55,51,57,56,55,56,55,55,120,45,-1,32,29,28,27,26,72,56,56,55,56,23,24,23,56,33,31,31,31,33,29,34,28,55,50,9,21,18,23,23,76,100,60,55,55,14,60,48,54,32,42,94,33,21,17,17,64,15,66,63,46,48,44,43,48,20,22,79,79,79,38,47,58,22,74,22,37,37,72,35,36,96,22,53,52,39,32,41,27,28,46,26,42,41,40,39,34,33,52,40,29,34,45,45,45,48,38,55,49,41,49,33,43,28,39,33,43,36,48,47,39,30,30,47,46,46,33,55,33,35,41,38,19,32,26,49,35,65,48,27,34,35,36,30,34,34,91,103,118,30,19,36,34,27,27,36,37,25,25,25,6,37,32,26,59,58,28,50,4,82,58,92,86,30,30,27,28,28,76,76,31,56,47,32,33,32,33,33,26,27,52,54,29,36,74,38,38,38,26,52,53,51,46,26,39,37,37,29,28,76,114,35,49,49,104,104,124,111,52,52,46,0,-1,32,33,40,54,52,52,32,33,48,44,34,35,50,44,44,85,31,32,30,30,50,47,41,41,42,43,43,31,85,87,54,480,483,483,483,44,42,42,67,43,44,36,59,47,48,47,53,54,54,48,54,29,36,34,37,34,35,33,33,33,31,31,31,27,27,48,52,52,52,46,48,47,33,65,75,65,67,26,24,33,31,53,54,30,30,31,33,33,62,36,33,41,35,91,37,59,59,67,27,53,38,104,37,34,50,17,40,47,64,35,48,46,48,499,41,40,61
28,33,35,80,25,34,34,30,29,29,41,56,52,58,57,56,57,56,56,121,46,-1,32,29,28,27,26,72,56,56,55,56,23,24,23,56,33,31,31,31,33,29,34,28,55,50,9,21,18,23,23,76,100,60,56,56,15,61,48,54,32,43,94,33,21,17,17,64,15,66,63,46,49,44,43,49,21,23,79,79,79,39,47,59,22,74,22,38,38,72,35,36,96,23,54,53,39,33,42,27,29,47,26,42,42,41,40,35,34,52,41,29,34,45,45,45,49,39,55,49,41,49,33,43,28,39,33,44,36,48,47,39,30,30,47,46,47,33,55,33,35,42,38,20,32,27,49,36,65,48,27,34,35,36,30,34,34,91,104,119,30,19,36,34,27,27,36,37,25,25,25,6,37,32,26,59,58,28,50,4,83,58,93,87,30,30,27,28,28,76,76,32,56,47,33,34,33,34,34,27,28,52,55,29,36,75,38,38,38,26,52,53,51,47,26,39,37,37,29,28,77,114,35,50,50,104,104,125,112,53,53,47,-1,0,33,34,41,55,53,53,33,34,49,45,35,36,51,45,45,86,32,33,31,31,51,48,42,42,43,44,44,32,86,88,55,481,484,484,484,45,43,43,68,44,45,37,60,48,49,48,54,55,55,49,55,30,37,35,38,35,36,34,34,34,32,32,32,28,28,48,53,53,53,47,49,48,34,66,76,66,68,27,25,34,32,54,55,31,31,32,34,34,63,37,34,42,36,92,38,51,52,68,28,54,39,105,38,35,51,18,41,48,65,36,49,47,49,500,42,41,62
-1,11,47,77,-1,13,13,13,11,11,15,14,14,14,14,13,14,26,-1,136,34,17,-1,-1,-1,-1,-1,35,26,26,25,26,29,18,17,25,-1,40,40,15,41,11,41,10,12,41,20,24,20,29,29,31,39,21,36,34,34,26,21,35,11,16,23,71,28,22,22,47,57,53,40,38,58,35,33,58,34,36,33,33,33,40,16,55,26,43,26,27,27,71,13,14,88,34,30,35,18,12,11,-1,24,41,-1,18,22,22,22,22,24,17,17,-1,9,17,16,19,18,19,19,14,13,14,-1,7,-1,10,10,21,8,12,16,13,8,7,12,15,11,7,17,8,14,11,13,26,-1,36,12,20,52,16,-1,-1,-1,-1,-1,17,17,53,77,132,-1,25,9,-1,11,11,14,34,-1,-1,-1,15,-1,16,26,13,12,-1,19,15,60,12,72,73,-1,-1,-1,-1,-1,26,27,17,19,23,18,19,23,25,29,29,27,27,24,10,15,68,-1,13,13,-1,17,18,21,4,6,31,31,31,-1,-1,67,31,11,-1,-1,25,27,54,31,23,23,21,32,33,0,14,14,17,14,15,15,14,11,16,15,17,24,18,18,10,10,10,12,12,13,27,19,19,18,19,19,8,10,12,29,44,47,47,47,18,16,16,28,17,18,18,20,23,23,23,28,18,19,16,18,12,15,18,19,13,15,13,13,13,13,13,13,11,12,27,17,17,17,16,16,15,12,35,63,35,37,-1,-1,14,13,24,25,-1,-1,-1,15,16,29,-1,11,-1,-1,16,13,27,27,43,32,24,13,76,13,15,24,77,-1,19,31,-1,26,24,22,48,13,-1,33
-1,11,32,98,7,-1,-1,-1,-1,-1,12,21,21,20,22,22,21,27,-1,152,17,33,25,-1,-1,-1,-1,50,39,39,38,39,-1,-1,-1,32,-1,-1,-1,-1,-1,-1,24,-1,20,39,36,13,10,13,13,22,46,14,14,14,46,28,23,38,-1,36,30,53,11,9,9,47,70,51,39,37,31,33,32,31,50,50,40,40,40,47,23,62,13,42,13,44,45,71,-1,-1,100,45,33,38,15,23,23,-1,41,35,9,25,29,29,29,23,22,30,26,13,18,24,23,26,24,27,37,31,19,20,16,18,13,19,13,16,16,18,23,17,-1,-1,19,22,21,15,23,15,18,22,23,41,-1,58,19,13,67,21,12,-1,-1,-1,-1,24,24,51,90,148,-1,-1,-1,-1,-1,-1,22,26,11,11,11,31,28,23,17,-1,20,19,26,31,75,20,85,78,-1,-1,-1,-1,-1,41,45,10,38,16,16,20,16,21,22,22,20,20,42,-1,17,80,21,22,22,10,10,11,14,-1,-1,31,27,27,16,16,81,34,18,16,16,19,20,59,43,30,30,10,33,34,14,0,20,31,34,32,-1,-1,30,19,-1,-1,16,15,15,23,-1,-1,-1,-1,32,13,11,11,12,12,13,19,23,25,40,46,49,49,49,16,16,15,45,15,13,7,37,14,15,14,20,36,37,20,36,-1,-1,-1,5,-1,-1,-1,-1,-1,-1,-1,-1,-1,-1,42,34,34,34,29,29,29,10,52,78,52,54,-1,-1,-1,-1,20,21,13,12,16,-1,-1,40,13,-1,18,12,29,22,17,17,53,26,34,22,108,10,-1,17,71,17,26,42,15,14,13,12,50,21,17,29
15,-1,54,71,-1,15,20,21,21,18,21,22,22,21,22,21,22,36,-1,143,42,24,-1,-1,-1,-1,-1,42,29,29,28,29,40,25,24,32,-1,48,48,22,49,18,49,17,19,52,27,31,27,40,40,41,46,28,42,41,41,34,29,45,13,23,30,69,38,29,29,57,50,27,49,47,66,44,42,66,41,43,40,40,40,49,22,64,36,53,34,34,34,78,16,17,86,41,37,42,19,19,17,14,31,49,12,24,31,31,31,31,33,24,28,-1,18,21,21,21,25,26,26,21,22,21,-1,-1,9,19,14,27,15,19,25,18,11,11,20,24,18,16,24,16,16,17,19,33,13,43,19,28,60,22,-1,-1,-1,-1,-1,39,39,27,84,139,-1,32,16,20,18,18,34,43,-1,-1,-1,22,-1,36,40,20,19,-1,25,22,67,19,79,80,10,10,-1,-1,-1,33,34,25,28,31,24,25,31,31,31,37,35,35,31,18,17,66,-1,-1,-1,7,23,26,27,14,15,67,41,41,11,10,65,34,20,-1,-1,32,38,61,37,32,32,25,40,41,14,20,0,24,21,22,20,19,18,20,24,24,31,25,25,17,17,17,19,19,20,28,26,26,27,27,28,15,17,19,36,55,58,58,58,25,23,23,35,24,25,22,27,29,30,29,35,25,26,29,25,17,20,20,20,18,20,18,18,18,18,18,18,16,17,34,24,24,24,28,28,28,-1,42,70,42,44,20,13,21,22,34,33,9,9,15,20,19,30,-1,19,-1,-1,23,21,32,32,43,88,33,21,83,21,24,32,78,-1,-1,32,-1,29,28,27,482,-1,-1,39
21,28,36,87,23,20,21,21,23,23,22,11,12,10,13,11,12,-1,22,186,24,37,26,32,19,21,20,48,49,49,48,49,-1,25,24,23,30,-1,-1,-1,-1,20,-1,19,-1,59,77,-1,29,21,21,-1,37,23,23,23,47,-1,-1,27,27,26,-1,66,20,29,29,14,71,19,-1,-1,28,-1,-1,28,41,41,32,32,32,39,42,49,24,-1,24,11,11,81,14,14,102,46,42,47,11,9,34,20,34,22,27,41,-1,-1,-1,-1,-1,-1,-1,28,20,40,40,40,-1,-1,-1,10,10,12,30,27,29,10,16,-1,9,11,7,11,18,17,12,-1,-1,16,-1,12,14,30,31,42,23,52,9,-1,71,35,22,26,36,38,32,-1,-1,19,99,179,37,34,18,30,20,20,-1,-1,28,28,28,39,32,11,21,22,13,45,45,37,76,13,86,83,40,40,42,43,29,29,30,25,-1,22,22,32,22,23,23,34,32,43,27,27,10,85,27,32,32,23,25,24,19,26,24,49,53,53,18,21,87,13,17,21,21,-1,-1,63,50,14,14,17,54,55,17,31,24,0,-1,-1,25,24,-1,34,20,21,24,18,16,36,18,18,22,22,-1,24,21,20,20,19,19,18,36,38,38,59,62,62,62,15,16,17,30,17,18,22,22,24,23,23,-1,-1,-1,13,-1,24,24,23,24,22,24,23,23,23,23,24,24,24,23,36,-1,-1,-1,12,9,12,25,-1,72,-1,-1,21,22,20,19,-1,-1,18,17,17,21,21,-1,16,17,21,15,42,18,22,22,-1,90,16,16,85,21,20,25,80,20,29,-1,22,25,26,23,56,26,20,-1
25,30,38,84,24,20,23,23,28,25,24,-1,-1,12,-1,13,-1,-1,19,184,25,35,24,30,17,19,18,46,47,47,46,47,-1,23,22,20,28,-1,-1,-1,-1,18,-1,17,-1,56,75,-1,27,35,35,-1,34,25,25,25,44,-1,-1,26,24,23,19,67,33,27,27,14,69,16,-1,-1,29,-1,-1,29,42,42,29,29,29,41,42,49,25,-1,25,11,11,78,14,14,99,47,42,47,11,-1,35,20,31,22,26,42,-1,-1,-1,-1,14,-1,-1,29,21,40,40,40,-1,-1,-1,10,10,10,27,30,27,10,14,-1,9,9,7,12,19,15,7,-1,-1,16,-1,12,12,28,29,43,21,49,9,-1,68,36,23,23,33,35,29,-1,-1,16,97,177,34,32,16,28,18,18,-1,-1,26,26,26,40,30,-1,21,20,13,43,45,38,77,13,79,80,37,37,40,40,21,26,27,25,10,23,23,33,23,24,24,35,33,43,24,27,10,86,24,33,33,19,26,24,22,23,24,50,50,50,18,22,88,13,18,18,18,-1,-1,60,47,14,14,31,52,53,14,34,21,-1,0,-1,27,26,-1,32,20,21,24,18,-1,34,18,18,22,22,-1,-1,21,20,20,19,19,18,34,36,35,57,60,60,60,-1,16,17,27,17,18,22,19,24,23,23,-1,-1,-1,-1,-1,24,24,23,24,22,24,23,23,23,25,25,25,22,23,33,-1,-1,-1,-1,9,-1,22,-1,69,-1,-1,21,22,20,19,-1,-1,15,14,17,21,21,-1,13,17,18,12,40,18,23,23,-1,87,16,16,82,21,20,25,77,17,26,-1,19,-1,26,24,56,23,17,-1
22,29,37,85,24,20,22,22,29,24,23,-1,-1,11,-1,13,-1,-1,20,184,25,35,24,30,17,19,18,46,47,47,46,47,-1,23,22,21,28,-1,-1,-1,-1,18,-1,17,-1,57,75,-1,27,35,35,-1,35,24,24,24,45,-1,-1,26,25,24,20,67,33,27,27,15,69,17,-1,-1,29,-1,-1,29,42,42,30,30,30,41,42,49,25,-1,25,11,11,79,14,14,100,47,42,47,11,-1,35,20,32,22,27,42,-1,-1,-1,-1,-1,-1,-1,29,21,40,40,40,-1,-1,-1,10,10,13,27,31,27,10,15,-1,9,9,7,12,19,16,7,-1,-1,16,-1,12,13,28,29,43,22,50,9,-1,69,36,23,32,34,35,30,-1,-1,17,97,177,34,32,16,28,18,18,-1,-1,26,26,26,40,30,-1,21,20,13,43,45,38,77,13,80,81,38,38,40,40,22,27,28,25,-1,23,23,49,23,24,24,43,47,43,25,27,10,86,25,33,33,24,26,24,23,24,24,50,51,51,18,22,88,13,18,19,19,-1,-1,61,48,14,14,18,52,53,15,32,22,-1,-1,0,27,26,-1,32,20,21,24,18,-1,34,18,18,22,22,-1,25,21,20,20,19,19,18,34,36,35,57,60,60,60,-1,16,17,27,17,18,22,19,24,23,23,-1,-1,-1,-1,-1,24,24,23,24,22,24,23,23,23,25,25,25,22,23,33,-1,-1,-1,-1,9,-1,22,-1,69,-1,-1,21,22,20,19,-1,-1,15,14,17,21,21,-1,13,17,18,12,40,18,39,39,-1,87,16,16,82,21,20,25,77,17,26,-1,19,26,26,24,55,23,17,-1
-1,12,32,92,8,-1,-1,-1,-1,-1,12,21,21,20,22,22,21,27,-1,151,17,32,25,-1,-1,-1,-1,50,39,39,38,39,-1,-1,-1,32,-1,-1,-1,-1,-1,-1,24,-1,20,39,35,13,10,13,13,31,46,14,14,14,45,28,23,38,18,35,30,53,11,9,9,47,70,51,39,37,31,33,32,31,49,49,40,40,40,47,24,62,13,43,13,45,45,72,21,22,99,45,33,38,15,23,24,-1,39,48,10,26,29,29,29,23,22,30,26,14,19,25,24,26,24,35,36,30,19,20,17,19,14,19,13,16,16,18,23,17,-1,-1,19,22,21,15,23,15,18,23,24,41,-1,57,19,13,67,22,13,-1,-1,-1,-1,24,24,51,90,147,-1,-1,-1,-1,-1,-1,22,26,10,10,10,30,27,23,17,21,20,18,27,30,75,20,78,78,-1,-1,-1,-1,-1,41,46,10,37,16,16,20,16,21,22,22,20,16,43,-1,17,79,22,23,23,11,10,11,14,-1,-1,31,27,27,-1,-1,78,34,18,17,17,19,20,58,43,30,30,10,32,33,15,-1,20,25,27,27,0,-1,30,31,-1,-1,17,16,16,24,-1,-1,-1,-1,32,14,12,12,13,13,14,19,24,26,46,47,50,50,50,17,17,16,43,16,14,8,35,15,16,15,21,36,37,21,36,-1,6,-1,6,-1,-1,-1,-1,-1,-1,-1,-1,-1,-1,44,34,34,34,21,29,21,10,24,84,24,26,-1,-1,-1,-1,20,19,13,12,16,-1,-1,42,13,-1,18,12,30,16,18,18,26,30,34,22,93,11,-1,18,72,17,26,23,14,15,14,13,51,21,17,25
-1,11,32,98,7,-1,-1,-1,-1,-1,11,20,20,19,21,21,20,27,-1,151,17,32,24,-1,-1,-1,-1,50,38,38,37,38,-1,-1,-1,31,-1,-1,-1,-1,-1,-1,23,-1,19,39,35,12,9,12,12,21,45,13,13,13,46,27,22,38,-1,36,29,53,10,8,8,46,69,51,39,37,31,33,31,31,49,49,39,39,39,46,23,61,12,42,12,44,44,71,-1,-1,99,45,32,37,14,22,23,-1,41,49,9,25,28,28,29,23,22,30,25,13,18,24,23,25,23,27,37,31,18,19,16,18,13,19,13,16,15,17,22,16,-1,-1,18,21,20,14,22,15,17,22,23,41,-1,58,18,13,67,21,12,-1,-1,-1,-1,23,23,51,89,147,-1,-1,-1,-1,-1,-1,21,25,11,11,11,30,28,22,16,-1,19,19,26,30,75,19,78,78,-1,-1,-1,-1,-1,41,45,10,38,16,16,20,16,21,22,22,20,16,42,-1,16,79,21,22,22,10,10,11,13,-1,-1,31,26,26,16,16,81,33,17,16,16,19,20,58,42,29,29,10,33,34,14,-1,19,24,26,26,-1,0,29,30,-1,-1,16,15,15,23,-1,-1,-1,-1,31,13,11,11,12,12,13,18,23,25,45,46,49,49,49,16,16,15,43,15,13,7,35,14,15,14,20,35,36,20,35,-1,5,-1,5,-1,-1,-1,-1,-1,-1,-1,-1,-1,-1,43,33,33,33,20,28,20,9,24,83,24,26,-1,-1,-1,-1,19,18,12,11,15,-1,-1,42,12,-1,17,11,29,15,17,17,26,29,33,21,92,10,-1,17,72,16,25,23,15,14,13,12,50,20,16,24
17,23,31,81,18,19,16,16,18,18,18,-1,-1,-1,-1,-1,-1,-1,16,179,-1,30,19,12,12,14,13,41,43,43,42,43,-1,18,17,16,24,-1,-1,-1,-1,13,-1,12,-1,45,71,-1,-1,25,25,-1,30,36,18,18,41,-1,-1,26,21,20,15,70,24,20,20,10,64,12,9,-1,32,-1,-1,32,122,54,25,25,25,43,40,54,18,-1,18,10,10,75,12,12,96,38,40,45,7,-1,29,17,28,20,21,36,8,8,8,9,11,-1,-1,24,16,40,39,35,-1,7,8,-1,-1,-1,25,26,23,8,10,-1,9,-1,-1,-1,13,11,-1,-1,-1,11,-1,10,8,22,23,41,17,46,-1,-1,65,30,17,20,22,23,26,-1,-1,12,93,173,27,-1,11,24,13,13,-1,-1,22,22,22,82,25,-1,17,15,11,39,48,80,64,-1,76,77,32,32,35,35,35,23,24,35,9,21,21,32,31,22,22,31,32,41,21,22,8,84,21,27,27,18,20,26,15,20,22,48,47,47,16,16,73,11,12,15,15,-1,-1,57,44,12,12,27,48,49,11,30,18,-1,-1,-1,30,29,0,24,16,17,-1,-1,-1,30,14,14,18,18,-1,-1,-1,-1,-1,-1,-1,14,30,32,32,53,56,56,56,-1,-1,-1,24,-1,-1,18,16,-1,-1,-1,-1,-1,-1,-1,-1,20,20,19,20,18,20,19,19,19,19,20,20,20,19,30,-1,-1,-1,-1,5,-1,26,12,70,12,14,17,18,16,15,-1,-1,14,14,13,17,17,-1,15,13,21,14,36,-1,26,26,-1,64,12,12,79,17,16,-1,73,20,29,-1,22,-1,-1,-1,35,26,20,-1
15,29,36,94,17,15,-1,-1,17,17,33,18,18,19,25,18,18,29,23,155,41,36,30,-1,-1,-1,-1,52,44,44,43,44,40,-1,-1,37,-1,47,47,-1,48,-1,49,-1,25,44,39,-1,-1,39,39,39,51,38,41,41,57,23,17,18,13,33,35,40,37,-1,-1,55,75,32,48,46,60,42,42,60,53,55,45,45,45,50,45,65,36,49,35,52,53,93,12,13,108,59,38,43,23,21,-1,13,42,46,17,14,32,35,35,34,36,34,27,22,9,13,12,13,30,32,33,21,21,21,25,26,16,16,14,25,12,16,26,21,14,10,23,25,28,9,27,10,22,-1,-1,55,13,56,17,23,69,11,19,-1,-1,-1,-1,39,39,60,52,151,-1,36,-1,-1,-1,-1,27,43,24,24,24,34,-1,28,39,17,14,25,50,34,83,25,86,86,21,21,24,24,24,43,34,17,35,23,23,24,23,23,24,23,24,24,41,16,12,81,23,23,27,18,18,18,18,22,24,62,52,52,11,13,89,34,14,21,21,25,26,72,39,31,31,18,44,45,16,19,20,34,32,32,31,30,24,0,20,21,35,29,29,40,15,15,20,20,35,34,30,30,29,30,30,12,46,45,44,37,40,40,40,29,27,27,45,28,29,22,37,34,34,34,38,39,40,33,39,21,25,23,25,22,24,22,22,22,21,21,22,21,20,42,37,37,37,32,32,32,27,52,82,52,54,18,18,20,19,38,40,15,15,12,21,21,40,16,18,22,15,32,22,37,37,53,40,37,25,91,22,21,36,85,21,30,42,23,34,30,35,53,27,21,47
-1,15,30,86,11,-1,-1,-1,-1,-1,-1,18,16,-1,17,16,-1,18,-1,181,15,32,25,-1,-1,-1,15,51,35,35,34,35,-1,-1,-1,28,-1,-1,-1,-1,-1,-1,-1,-1,16,31,63,-1,-1,13,13,18,42,14,14,14,47,22,17,36,-1,32,27,22,11,-1,-1,38,44,42,30,23,31,22,21,31,85,40,37,37,37,42,21,57,11,34,12,36,36,76,-1,-1,102,45,30,35,-1,18,16,-1,40,33,14,23,24,28,27,22,24,20,21,20,-1,22,21,23,19,20,21,-1,-1,-1,21,21,-1,15,-1,17,-1,-1,18,-1,-1,-1,18,17,16,-1,18,-1,-1,16,16,41,-1,59,-1,14,76,19,15,-1,-1,-1,-1,-1,-1,42,86,166,-1,-1,-1,-1,-1,-1,-1,-1,15,15,15,66,27,-1,-1,-1,16,22,24,66,75,16,79,79,-1,-1,-1,-1,-1,39,57,11,22,14,14,15,16,16,15,16,17,17,37,-1,-1,82,26,25,25,15,10,11,11,-1,10,29,27,27,-1,-1,81,24,-1,23,23,20,21,64,41,25,25,11,34,35,15,-1,24,20,20,20,-1,-1,16,20,0,-1,-1,-1,-1,20,-1,-1,-1,-1,-1,-1,-1,-1,-1,-1,-1,13,20,22,44,43,46,46,46,-1,-1,-1,43,-1,-1,-1,35,-1,-1,-1,-1,-1,-1,-1,-1,10,-1,-1,-1,-1,-1,-1,-1,-1,-1,-1,-1,10,10,42,-1,-1,-1,-1,20,-1,14,23,82,23,25,-1,-1,-1,-1,-1,18,17,16,-1,-1,-1,33,16,-1,22,15,26,-1,17,17,25,25,25,12,91,-1,-1,-1,71,21,32,34,19,-1,-1,12,47,25,21,24
-1,15,30,97,11,-1,-1,-1,-1,-1,-1,-1,-1,-1,-1,-1,-1,18,-1,182,15,33,25,-1,-1,-1,19,52,36,36,35,36,-1,-1,-1,29,-1,21,21,-1,-1,-1,-1,-1,17,30,64,-1,-1,13,13,19,43,14,14,14,48,21,16,35,-1,33,28,21,11,-1,-1,38,44,42,30,24,30,23,22,30,107,39,38,38,38,43,22,58,10,34,11,35,36,77,-1,-1,103,44,31,36,-1,-1,17,-1,41,33,14,24,25,29,28,22,24,21,22,21,23,23,22,24,19,20,21,-1,-1,-1,21,19,16,15,-1,17,-1,-1,19,-1,-1,-1,-1,18,17,-1,19,-1,-1,17,23,40,-1,60,-1,14,77,20,15,-1,-1,-1,-1,-1,-1,42,87,167,-1,-1,-1,-1,-1,-1,-1,-1,16,16,16,88,28,-1,12,-1,17,20,25,65,74,17,80,80,-1,-1,-1,-1,-1,39,58,11,21,13,14,15,15,15,15,15,16,17,37,-1,-1,83,26,26,26,15,9,10,10,-1,10,29,27,27,-1,-1,82,24,-1,24,24,20,21,65,42,26,26,10,35,36,17,-1,24,21,21,21,-1,-1,17,21,-1,0,-1,-1,-1,21,-1,-1,-1,-1,-1,-1,-1,-1,-1,-1,-1,12,21,23,39,44,47,47,47,-1,-1,-1,44,-1,-1,-1,36,-1,-1,-1,-1,-1,-1,-1,-1,9,-1,-1,-1,-1,-1,-1,-1,-1,-1,-1,-1,9,9,48,-1,-1,-1,-1,20,-1,13,23,88,23,25,-1,-1,-1,-1,-1,18,16,15,-1,-1,-1,33,17,-1,23,16,27,-1,17,17,25,25,25,-1,86,-1,-1,-1,71,22,29,34,18,-1,-1,12,48,24,22,24
23,21,33,95,17,16,16,15,13,13,-1,-1,-1,-1,-1,-1,-1,17,23,192,-1,43,24,21,20,19,18,65,45,45,44,45,-1,-1,-1,32,-1,-1,-1,-1,-1,-1,-1,-1,-1,35,73,-1,-1,-1,-1,-1,46,7,7,7,46,17,12,31,19,36,39,62,12,-1,-1,34,42,39,18,21,28,-1,-1,28,106,37,41,41,41,57,41,61,-1,20,-1,17,17,88,24,25,109,42,41,32,8,15,19,22,44,33,27,32,-1,-1,21,22,19,-1,20,28,30,40,40,40,23,20,21,13,13,13,28,26,25,14,14,-1,11,12,13,11,17,19,13,21,16,16,23,14,14,19,20,38,20,45,10,-1,73,33,22,-1,-1,-1,-1,-1,-1,39,95,175,-1,-1,-1,27,-1,-1,-1,-1,24,24,24,87,30,-1,-1,18,17,40,44,63,72,17,92,93,23,23,27,27,27,39,40,-1,22,13,15,13,15,14,15,15,13,19,37,15,13,81,33,34,34,22,-1,-1,-1,19,17,32,30,30,21,22,83,24,20,28,28,-1,-1,76,63,25,25,-1,50,51,24,16,31,24,24,24,17,16,-1,35,-1,-1,0,-1,-1,33,18,18,14,14,-1,-1,-1,-1,-1,-1,-1,24,33,35,37,56,59,59,59,-1,-1,-1,41,-1,-1,13,33,-1,-1,-1,-1,-1,-1,-1,-1,15,10,12,12,13,14,12,12,12,13,13,13,15,15,46,-1,-1,-1,-1,-1,-1,19,21,86,21,23,18,18,14,16,-1,-1,22,21,23,14,14,21,22,17,27,21,39,-1,-1,-1,23,24,-1,-1,105,-1,15,-1,69,26,35,20,24,-1,-1,-1,46,30,26,-1
17,24,37,89,19,-1,-1,-1,13,13,-1,-1,-1,-1,-1,-1,-1,-1,24,185,-1,36,37,18,18,20,19,47,39,39,38,39,-1,-1,-1,25,-1,-1,-1,-1,-1,-1,-1,-1,-1,35,67,-1,-1,-1,-1,-1,39,-1,-1,-1,57,15,10,29,14,28,36,26,-1,-1,-1,19,47,35,18,-1,34,-1,-1,34,110,43,34,34,34,53,35,55,-1,20,-1,23,23,83,13,13,109,48,35,40,-1,-1,16,16,36,27,21,29,15,15,15,16,18,14,14,25,17,31,31,31,17,14,15,-1,-1,-1,26,20,19,8,-1,-1,-1,-1,-1,-1,11,11,-1,15,10,10,17,-1,-1,16,17,44,17,54,-1,14,73,27,16,-1,-1,-1,-1,-1,-1,35,89,169,-1,-1,-1,20,-1,-1,-1,-1,18,18,18,91,31,-1,-1,14,10,35,38,69,78,11,84,85,23,23,24,24,24,31,32,14,16,18,23,21,20,22,23,20,21,17,29,14,-1,87,27,26,26,19,-1,-1,-1,20,16,36,34,34,15,16,89,18,13,23,23,-1,-1,65,52,19,19,15,44,45,18,15,25,18,18,18,16,15,-1,29,-1,-1,-1,0,-1,27,-1,-1,-1,-1,-1,-1,-1,-1,-1,-1,-1,-1,27,29,42,50,53,53,53,-1,-1,-1,33,-1,-1,-1,25,-1,-1,-1,-1,-1,-1,-1,-1,16,-1,-1,-1,-1,-1,-1,-1,-1,14,14,14,16,16,51,-1,-1,-1,-1,-1,-1,20,26,91,26,28,-1,-1,-1,-1,-1,-1,23,22,-1,-1,-1,21,23,-1,28,22,33,-1,-1,-1,28,28,-1,-1,92,-1,-1,-1,74,27,36,25,25,-1,-1,-1,39,31,27,-1
17,24,37,89,19,-1,-1,-1,13,13,-1,-1,-1,-1,-1,-1,-1,-1,24,185,-1,36,37,18,18,20,19,47,39,39,38,39,-1,-1,-1,25,-1,-1,-1,-1,-1,-1,-1,-1,-1,35,67,-1,-1,-1,-1,-1,39,-1,-1,-1,57,15,10,29,14,28,36,26,-1,-1,-1,19,47,35,18,-1,34,-1,-1,34,110,43,34,34,34,53,36,53,-1,22,-1,23,23,83,13,13,109,48,36,41,-1,-1,16,16,36,27,21,29,15,15,15,16,18,14,14,25,17,31,31,31,17,14,15,-1,-1,-1,26,20,19,9,-1,-1,-1,-1,-1,-1,11,11,-1,15,10,10,17,-1,-1,16,17,44,17,54,-1,15,73,27,16,-1,-1,-1,-1,-1,-1,35,89,169,-1,-1,-1,20,-1,-1,-1,-1,18,18,18,91,31,-1,-1,14,10,35,39,69,78,11,84,85,23,23,24,24,24,31,32,14,16,18,23,21,20,22,23,20,21,17,29,14,-1,87,27,26,26,19,-1,-1,-1,20,16,36,34,34,15,16,89,18,13,23,23,-1,-1,65,52,19,19,15,44,45,18,15,25,16,-1,-1,16,15,-1,29,-1,-1,-1,-1,0,27,-1,-1,-1,-1,-1,-1,-1,-1,-1,-1,-1,-1,27,29,42,50,53,53,53,-1,-1,-1,33,-1,-1,-1,25,-1,-1,-1,-1,-1,-1,-1,-1,-1,-1,-1,-1,-1,-1,-1,-1,-1,-1,-1,-1,-1,-1,51,-1,-1,-1,-1,-1,-1,-1,26,91,26,28,-1,-1,-1,-1,-1,-1,20,20,-1,-1,-1,21,21,-1,34,16,33,-1,-1,-1,28,28,-1,-1,92,-1,-1,-1,31,33,41,25,28,-1,-1,-1,39,35,33,-1
18,34,76,105,20,18,18,18,20,20,28,24,24,25,25,24,25,34,16,219,36,70,17,16,16,12,11,46,61,61,60,61,34,23,22,30,18,43,43,25,44,17,44,16,23,46,146,29,26,34,34,45,80,65,47,47,55,29,23,38,16,53,28,85,29,23,23,88,99,90,87,89,66,32,32,66,77,77,103,103,103,57,-1,72,27,41,27,66,66,94,15,16,111,70,50,55,22,27,10,23,45,49,19,-1,48,38,38,52,54,34,34,28,18,-1,-1,-1,33,49,50,20,20,20,24,29,24,23,17,53,20,21,23,20,20,14,22,28,31,17,26,17,19,11,12,47,16,66,23,47,85,-1,25,20,22,23,25,22,22,25,-1,180,22,32,54,44,17,17,20,24,20,20,20,58,34,26,31,56,57,60,-1,58,89,23,92,92,21,21,24,24,24,65,25,32,40,48,35,36,51,42,42,38,39,48,22,21,20,82,25,25,30,21,29,29,29,28,30,63,77,77,17,18,105,53,19,24,24,39,45,123,22,86,86,32,85,86,10,23,17,36,34,34,24,23,30,40,20,21,33,27,27,0,59,59,68,68,93,94,89,89,89,88,88,55,-1,-1,40,32,35,35,35,87,85,85,96,86,87,86,87,92,92,92,100,97,98,91,97,68,75,73,88,72,73,71,71,71,70,69,69,65,65,41,95,95,95,90,86,90,65,128,75,128,130,65,64,84,82,100,98,58,57,59,71,71,103,56,81,61,55,11,87,95,96,130,99,91,85,124,85,84,94,78,60,69,129,62,94,93,93,266,66,60,105
-1,20,35,87,15,-1,-1,-1,-1,-1,17,14,14,18,15,12,14,16,-1,146,20,27,17,-1,-1,-1,-1,45,31,31,30,31,-1,-1,-1,24,-1,-1,-1,-1,-1,-1,-1,-1,12,36,30,-1,14,17,17,14,38,18,18,18,44,26,21,37,-1,26,22,56,-1,-1,-1,40,50,44,32,30,37,17,16,37,44,46,32,32,32,40,60,55,17,36,17,38,38,68,-1,-1,97,52,25,30,-1,16,11,-1,34,36,-1,18,22,26,25,25,27,27,19,17,-1,17,16,18,17,23,24,15,12,13,19,16,-1,10,-1,20,9,11,16,18,-1,-1,12,15,14,8,16,9,7,11,11,49,-1,56,11,17,62,14,12,-1,-1,-1,-1,16,16,44,82,142,-1,-1,-1,-1,-1,-1,14,18,-1,-1,-1,25,23,15,21,-1,12,-1,19,25,81,12,82,83,-1,-1,16,16,-1,36,52,14,25,20,19,24,20,22,26,21,22,20,34,-1,10,77,22,20,22,-1,16,15,16,-1,-1,34,31,31,-1,-1,76,26,11,18,18,23,24,59,36,22,22,16,31,32,10,-1,17,18,18,18,-1,-1,14,15,-1,-1,18,-1,-1,59,0,-1,-1,-1,22,-1,-1,-1,-1,-1,-1,-1,16,18,51,39,42,42,42,-1,-1,-1,37,-1,-1,-1,29,-1,-1,-1,-1,27,28,-1,27,-1,-1,-1,-1,-1,-1,-1,-1,-1,-1,-1,-1,-1,-1,52,-1,-1,26,-1,23,-1,-1,29,72,29,31,-1,-1,-1,-1,-1,-1,-1,-1,-1,-1,-1,29,11,-1,17,10,22,-1,-1,-1,31,34,31,-1,81,-1,-1,-1,37,16,25,28,-1,-1,-1,-1,43,-1,16,-1
-1,20,35,87,15,-1,-1,-1,-1,-1,16,14,14,18,15,13,14,17,-1,147,20,28,18,-1,-1,-1,-1,45,32,32,31,32,-1,-1,-1,25,-1,-1,-1,-1,-1,-1,-1,-1,13,37,31,-1,14,17,17,15,39,17,17,17,45,26,21,37,-1,26,23,56,-1,-1,-1,40,50,45,32,30,36,18,17,36,45,47,33,33,33,40,16,55,17,36,17,38,38,68,-1,-1,98,53,26,31,-1,16,11,-1,34,36,-1,18,22,26,25,25,27,27,19,18,-1,17,16,19,17,23,24,15,12,13,19,17,-1,10,-1,20,9,11,16,19,-1,-1,12,15,14,8,16,9,7,11,11,50,-1,57,11,17,62,14,12,-1,-1,-1,-1,17,17,45,83,143,-1,-1,-1,-1,-1,-1,15,19,-1,-1,-1,26,24,16,21,-1,13,-1,19,26,80,13,82,83,-1,-1,-1,-1,-1,36,52,14,25,20,19,24,20,21,26,21,22,20,34,-1,10,78,22,21,22,-1,15,15,16,-1,-1,34,31,31,-1,-1,77,27,11,19,19,23,24,60,36,23,23,16,32,33,10,-1,17,18,18,18,-1,-1,14,15,-1,-1,18,-1,-1,59,-1,0,-1,-1,23,-1,-1,-1,-1,-1,-1,-1,16,18,51,39,42,42,42,17,-1,-1,38,-1,-1,-1,30,-1,-1,-1,-1,28,29,15,28,-1,-1,-1,-1,-1,-1,-1,-1,-1,-1,-1,-1,-1,-1,52,16,16,27,15,16,14,-1,29,72,29,31,-1,-1,-1,-1,-1,-1,-1,-1,-1,-1,-1,29,11,-1,17,10,22,-1,-1,-1,31,34,32,-1,81,-1,-1,-1,37,16,25,28,-1,-1,-1,-1,43,-1,16,-1
-1,11,31,89,7,-1,-1,-1,-1,-1,12,18,18,22,19,17,18,24,-1,149,16,30,22,-1,-1,-1,-1,47,36,36,35,36,-1,-1,-1,29,-1,-1,-1,-1,-1,-1,24,-1,17,37,33,-1,10,13,13,19,43,13,13,13,43,30,25,35,-1,28,27,52,11,9,9,44,47,49,36,34,33,31,21,33,47,49,37,37,37,44,21,59,13,40,13,42,42,70,-1,-1,97,51,30,35,-1,20,23,-1,36,40,9,23,26,26,26,29,24,30,23,12,18,22,21,23,21,27,28,20,16,17,16,16,13,14,-1,16,13,15,20,14,-1,-1,16,19,18,12,20,13,11,22,16,48,-1,55,15,13,64,19,10,-1,-1,-1,-1,21,21,48,87,145,-1,-1,-1,-1,-1,-1,19,23,-1,-1,-1,28,28,20,17,-1,17,15,24,28,77,17,84,85,-1,-1,-1,-1,-1,38,57,10,29,16,15,20,16,19,22,22,20,16,36,-1,14,77,22,22,22,10,14,11,14,-1,-1,30,27,27,-1,-1,76,31,15,16,16,19,20,59,40,27,27,10,30,31,12,-1,19,22,22,22,-1,-1,18,20,-1,-1,14,-1,-1,68,-1,-1,0,-1,26,-1,-1,-1,-1,-1,-1,-1,21,23,56,44,47,47,47,-1,-1,-1,41,-1,-1,-1,33,-1,-1,-1,-1,24,24,20,24,-1,-1,-1,-1,-1,-1,-1,-1,-1,-1,-1,-1,-1,-1,57,21,21,22,20,27,19,-1,26,77,26,28,-1,-1,-1,-1,-1,-1,-1,-1,-1,-1,-1,26,15,-1,21,14,27,-1,-1,-1,28,29,35,-1,86,-1,-1,-1,32,20,-1,25,-1,-1,-1,-1,48,-1,20,-1
-1,11,31,89,7,-1,-1,-1,-1,-1,12,18,18,22,19,18,18,24,-1,149,16,30,23,-1,-1,-1,-1,47,37,37,36,37,-1,-1,-1,30,-1,-1,-1,-1,-1,-1,24,-1,18,38,33,-1,10,13,13,20,44,14,14,14,43,30,25,35,-1,28,28,52,11,9,9,44,47,49,37,35,33,31,30,33,47,49,38,38,38,44,21,59,13,40,13,42,42,70,-1,-1,97,51,31,36,-1,20,23,-1,36,40,9,23,26,26,26,29,24,30,23,12,18,22,21,24,21,27,28,20,16,17,16,16,-1,14,-1,16,13,15,20,14,-1,-1,16,19,18,12,20,13,11,22,16,48,-1,55,15,13,64,19,10,-1,-1,-1,-1,22,22,49,88,145,-1,-1,-1,-1,-1,-1,20,24,-1,-1,-1,28,24,21,17,-1,18,15,24,28,77,18,84,85,-1,-1,-1,-1,-1,38,57,10,29,16,15,20,16,19,22,22,20,16,36,-1,14,77,22,22,22,10,14,11,14,-1,-1,30,27,27,-1,-1,76,32,15,16,16,19,20,59,41,28,28,10,30,31,12,-1,19,22,22,22,-1,-1,18,20,-1,-1,14,-1,-1,68,-1,-1,-1,0,25,-1,-1,-1,-1,-1,-1,-1,21,23,56,44,47,47,47,-1,-1,-1,40,-1,-1,-1,32,-1,-1,-1,-1,24,24,20,24,-1,-1,-1,-1,-1,-1,-1,-1,-1,-1,-1,-1,-1,-1,57,21,21,22,20,26,19,-1,26,77,26,28,-1,-1,-1,-1,-1,-1,-1,-1,-1,-1,-1,40,15,-1,21,14,27,-1,-1,-1,52,29,34,-1,86,-1,-1,-1,32,20,-1,42,-1,-1,-1,-1,48,-1,20,-1
19,26,34,83,20,16,19,19,21,21,20,9,10,8,11,9,10,-1,18,182,25,33,22,15,15,17,16,44,45,45,44,45,-1,21,20,19,26,-1,-1,-1,-1,16,-1,15,-1,55,73,-1,25,22,22,-1,33,21,21,21,43,-1,-1,29,23,22,18,67,21,25,25,13,67,11,-1,-1,29,-1,-1,29,126,42,28,28,28,40,38,50,18,-1,18,7,7,77,10,10,98,47,38,43,10,-1,32,16,30,18,23,39,-1,-1,-1,7,9,-1,-1,26,18,36,36,36,-1,-1,6,6,6,10,23,25,25,6,12,-1,5,5,3,9,16,13,3,-1,-1,12,-1,8,10,26,27,31,19,48,5,-1,67,33,17,22,24,25,28,-1,-1,15,95,175,29,30,14,26,16,16,-1,-1,24,24,24,40,28,7,17,18,9,41,41,38,77,9,78,79,36,36,38,38,25,25,26,21,7,19,19,29,19,20,20,31,29,39,23,18,6,82,23,30,30,15,19,20,20,22,20,46,49,49,14,19,88,9,15,17,17,-1,-1,59,46,10,10,18,50,51,13,32,20,-1,-1,-1,32,31,-1,35,-1,-1,-1,-1,-1,93,22,23,26,25,0,-1,-1,-1,-1,-1,-1,13,32,34,67,55,58,58,58,-1,-1,-1,26,-1,-1,20,18,-1,-1,-1,-1,-1,-1,-1,-1,31,22,20,21,19,21,20,20,20,19,20,20,33,32,68,-1,-1,-1,-1,-1,-1,36,14,88,14,16,19,30,17,16,-1,-1,30,28,13,18,18,-1,25,15,31,24,38,-1,23,23,16,66,-1,-1,97,19,18,-1,69,30,39,-1,32,-1,-1,-1,57,36,30,26
21,18,30,91,14,13,13,12,10,10,-1,-1,-1,-1,-1,-1,-1,-1,21,193,-1,44,22,19,18,17,16,63,47,47,46,47,-1,-1,-1,35,-1,-1,-1,-1,-1,-1,-1,-1,-1,32,90,-1,-1,-1,-1,-1,49,7,7,7,42,20,15,34,22,39,44,58,-1,-1,-1,39,38,43,14,17,24,-1,-1,24,33,33,44,44,44,20,45,40,-1,34,-1,36,36,84,22,23,105,38,29,28,11,16,32,22,39,28,18,34,21,22,22,16,15,23,23,26,27,38,38,38,24,20,24,16,16,16,25,27,22,12,14,9,17,18,16,14,17,17,16,22,19,15,23,20,15,31,23,34,17,41,13,6,69,39,15,-1,-1,-1,-1,-1,-1,43,98,178,-1,-1,-1,25,-1,-1,-1,-1,27,27,27,85,28,-1,-1,16,15,39,48,59,68,15,79,79,21,21,25,25,25,42,43,-1,25,13,-1,13,-1,14,-1,-1,13,13,40,12,14,77,36,31,31,19,-1,-1,-1,16,14,29,27,27,22,23,79,27,23,25,25,12,13,73,60,15,15,-1,47,48,27,13,28,24,-1,25,14,13,-1,34,-1,-1,-1,-1,-1,94,-1,-1,-1,-1,-1,0,-1,-1,-1,-1,-1,-1,31,33,37,54,57,57,57,-1,-1,-1,44,-1,-1,-1,36,-1,-1,-1,-1,-1,-1,-1,-1,-1,-1,-1,-1,-1,-1,-1,-1,-1,-1,-1,-1,-1,-1,32,-1,-1,-1,-1,-1,-1,-1,17,87,17,19,-1,-1,-1,-1,-1,-1,-1,-1,-1,-1,-1,17,24,-1,30,23,37,-1,-1,-1,19,22,-1,-1,96,-1,-1,-1,25,29,38,16,-1,-1,-1,-1,49,35,29,-1
17,17,33,93,13,-1,-1,-1,9,9,-1,-1,-1,-1,-1,-1,-1,14,-1,186,-1,37,34,-1,-1,21,20,67,41,41,40,41,-1,-1,-1,29,-1,-1,-1,-1,-1,-1,-1,-1,-1,33,69,-1,-1,-1,-1,-1,43,17,17,17,54,15,10,29,-1,32,39,22,-1,-1,-1,34,45,38,22,-1,31,-1,-1,31,108,40,38,38,38,57,37,58,-1,23,-1,31,32,74,16,16,107,45,35,40,-1,-1,16,17,40,29,22,29,17,17,17,18,20,16,16,29,25,28,28,28,17,16,17,-1,-1,-1,23,27,20,8,-1,-1,-1,-1,-1,-1,-1,-1,-1,18,12,-1,17,-1,-1,16,17,59,-1,58,-1,16,77,28,19,-1,-1,-1,-1,-1,-1,38,91,171,-1,-1,-1,-1,-1,-1,-1,-1,20,20,20,89,32,-1,-1,17,10,23,40,66,75,11,79,79,-1,23,25,26,26,35,36,13,18,16,18,23,18,16,15,18,19,16,33,10,-1,84,28,26,26,17,10,13,-1,14,12,32,30,30,16,17,86,20,17,23,23,-1,-1,69,47,21,21,13,41,42,19,11,26,21,21,21,12,11,-1,30,-1,-1,-1,-1,-1,89,-1,-1,-1,-1,-1,-1,0,-1,-1,-1,-1,-1,25,27,60,48,51,51,51,-1,-1,-1,38,-1,-1,-1,30,-1,-1,-1,-1,-1,-1,-1,-1,-1,-1,-1,-1,-1,-1,-1,-1,-1,-1,-1,-1,-1,-1,35,-1,-1,-1,-1,-1,-1,-1,39,81,40,42,-1,-1,-1,-1,-1,-1,-1,-1,-1,-1,-1,27,18,-1,24,17,31,-1,-1,-1,41,25,-1,-1,90,-1,-1,-1,28,23,32,26,25,-1,-1,-1,42,29,23,-1
18,17,33,93,13,-1,-1,-1,9,9,-1,-1,-1,-1,-1,-1,-1,13,-1,187,-1,38,34,-1,-1,21,20,67,41,41,40,41,-1,-1,-1,29,-1,-1,-1,-1,-1,-1,-1,-1,-1,33,69,-1,-1,-1,-1,-1,43,17,17,17,54,15,10,29,-1,32,39,23,-1,-1,-1,34,45,38,22,-1,31,-1,-1,31,108,40,38,38,38,56,37,57,-1,23,-1,31,31,74,15,15,107,45,35,40,-1,-1,16,17,40,29,22,29,17,17,17,18,20,16,16,29,21,28,28,28,17,16,17,-1,-1,-1,23,27,20,8,-1,-1,-1,-1,-1,-1,-1,-1,-1,17,12,-1,17,-1,-1,16,17,41,-1,58,-1,16,77,28,19,-1,-1,-1,-1,-1,-1,38,91,171,-1,-1,-1,-1,-1,-1,-1,-1,20,20,20,89,32,-1,-1,16,10,23,40,66,75,11,79,79,-1,23,25,26,26,35,36,13,18,16,18,23,18,17,16,18,19,17,33,10,-1,84,28,30,26,17,11,13,-1,14,12,32,30,30,16,17,86,20,17,23,23,-1,-1,69,47,21,21,13,41,42,19,11,26,20,20,20,12,11,-1,30,-1,-1,-1,-1,-1,89,-1,-1,-1,-1,-1,-1,-1,0,-1,-1,-1,-1,25,27,60,48,51,51,51,-1,-1,-1,37,-1,-1,-1,29,-1,-1,-1,-1,-1,-1,-1,-1,-1,-1,-1,-1,-1,-1,-1,-1,-1,-1,-1,-1,-1,-1,36,-1,-1,-1,-1,-1,-1,-1,39,81,40,41,-1,-1,-1,-1,-1,-1,-1,-1,-1,-1,-1,25,18,-1,24,17,31,-1,-1,-1,41,26,-1,-1,90,-1,-1,-1,29,23,32,24,25,-1,-1,-1,42,29,23,-1
17,24,34,92,19,-1,-1,-1,10,10,-1,-1,-1,-1,-1,-1,-1,13,-1,188,-1,39,35,-1,-1,22,21,50,41,41,40,41,-1,-1,-1,28,-1,-1,-1,-1,-1,-1,-1,-1,-1,33,69,-1,-1,-1,-1,-1,42,18,18,18,55,15,10,29,14,31,39,24,-1,-1,-1,33,46,38,21,-1,32,-1,-1,32,109,41,37,37,37,56,36,57,-1,24,-1,31,31,73,15,15,108,46,36,41,-1,-1,16,16,39,28,21,29,16,16,16,17,19,15,15,28,20,29,29,29,16,15,16,-1,-1,-1,25,26,19,8,-1,-1,-1,-1,-1,-1,11,11,-1,17,11,-1,16,-1,-1,16,17,40,-1,57,-1,14,76,27,20,-1,-1,-1,-1,-1,-1,38,91,171,-1,-1,-1,-1,-1,-1,-1,-1,20,20,20,90,34,-1,-1,16,10,24,39,67,76,11,87,88,24,24,24,25,25,34,35,14,17,16,18,21,18,18,17,18,19,18,32,11,-1,85,27,25,25,21,13,13,-1,15,13,33,31,31,15,16,87,19,16,24,24,-1,-1,70,48,20,20,13,42,43,18,12,27,20,20,20,13,12,-1,29,-1,-1,-1,-1,-1,89,-1,-1,-1,-1,-1,-1,-1,-1,0,-1,-1,-1,25,27,60,48,51,51,51,-1,-1,-1,37,-1,-1,-1,29,-1,-1,-1,-1,-1,-1,-1,-1,-1,-1,-1,-1,-1,-1,-1,-1,-1,-1,-1,-1,-1,-1,36,-1,-1,-1,-1,-1,-1,-1,39,95,39,41,-1,-1,-1,-1,-1,-1,22,22,-1,-1,-1,24,19,-1,25,18,31,-1,-1,-1,40,26,-1,-1,111,-1,-1,-1,29,24,33,23,26,-1,-1,-1,41,30,24,-1
18,26,35,91,21,-1,-1,-1,11,11,-1,-1,-1,-1,-1,-1,-1,12,-1,187,-1,38,36,20,23,22,21,49,40,40,39,40,-1,-1,-1,27,-1,-1,-1,-1,-1,-1,-1,-1,-1,35,68,-1,-1,-1,-1,-1,41,-1,-1,-1,56,13,8,27,15,30,37,24,-1,-1,-1,32,46,37,20,-1,33,-1,-1,33,109,42,36,36,36,55,36,56,-1,25,-1,22,22,72,14,14,109,47,37,42,-1,-1,14,17,38,27,22,27,15,15,15,16,18,14,14,27,19,30,30,30,17,14,15,-1,-1,-1,24,21,20,6,-1,-1,-1,-1,-1,-1,12,12,-1,16,10,-1,17,-1,-1,14,15,39,-1,56,-1,13,75,28,20,-1,-1,-1,-1,-1,-1,37,90,170,-1,-1,-1,21,-1,-1,-1,-1,19,19,19,90,33,-1,-1,15,8,24,39,68,77,9,86,87,24,24,25,25,25,33,34,11,16,17,22,20,20,18,22,20,21,18,31,11,-1,86,28,26,26,20,-1,-1,-1,15,13,34,32,32,16,17,88,18,15,24,24,-1,-1,71,59,19,19,15,43,44,19,12,27,19,19,19,13,12,-1,30,-1,-1,-1,-1,-1,88,-1,-1,-1,-1,-1,-1,-1,-1,-1,0,-1,-1,27,29,62,50,53,53,53,-1,-1,-1,36,-1,-1,-1,28,-1,-1,-1,-1,-1,-1,-1,-1,-1,-1,-1,-1,-1,-1,-1,-1,-1,-1,-1,-1,-1,-1,37,-1,-1,-1,-1,-1,-1,-1,38,103,38,40,-1,-1,-1,-1,-1,-1,21,21,-1,-1,-1,23,18,-1,34,17,34,-1,-1,-1,39,27,-1,-1,112,-1,-1,-1,30,23,40,22,25,-1,-1,-1,40,35,23,-1
18,26,35,91,21,-1,-1,-1,11,11,-1,-1,-1,-1,-1,-1,-1,12,-1,187,-1,38,36,20,23,22,21,49,40,40,39,40,-1,-1,-1,27,-1,-1,-1,-1,-1,-1,-1,-1,-1,35,68,-1,-1,-1,-1,-1,41,-1,-1,-1,56,13,8,27,15,30,37,24,-1,-1,-1,32,46,36,20,-1,32,-1,-1,32,109,41,36,36,36,55,36,56,-1,24,-1,21,21,72,14,14,109,46,36,41,-1,-1,14,17,38,27,22,27,15,15,15,16,18,14,14,27,19,30,30,30,18,14,15,-1,-1,-1,24,21,20,6,-1,-1,-1,-1,-1,-1,12,12,-1,16,10,-1,18,-1,-1,14,15,39,-1,56,-1,13,75,28,20,-1,-1,-1,-1,-1,-1,36,90,170,-1,-1,-1,21,-1,-1,-1,-1,19,19,19,90,33,-1,-1,15,8,34,39,67,76,9,86,87,24,24,25,25,25,33,34,11,16,17,22,20,20,18,22,20,21,18,31,12,-1,85,28,26,26,20,-1,-1,-1,16,14,34,32,32,16,17,87,18,15,24,24,-1,-1,71,60,19,19,15,43,44,19,13,28,19,19,19,14,13,-1,30,-1,-1,-1,-1,-1,88,-1,-1,-1,-1,-1,-1,-1,-1,-1,-1,0,-1,28,30,42,50,53,53,53,-1,-1,-1,36,-1,-1,-1,28,-1,-1,-1,-1,-1,-1,-1,-1,-1,-1,-1,-1,-1,-1,-1,-1,-1,-1,-1,-1,-1,-1,37,-1,-1,-1,-1,-1,-1,-1,38,103,38,40,-1,-1,-1,-1,-1,-1,21,21,-1,-1,-1,23,18,-1,34,17,34,-1,-1,-1,39,27,-1,-1,112,-1,-1,-1,30,32,40,22,25,-1,-1,-1,40,35,32,-1
-1,17,23,83,12,-1,-1,-1,15,15,20,14,14,23,15,12,14,18,10,144,26,25,17,-1,-1,-1,-1,41,31,31,30,31,-1,-1,-1,24,-1,-1,-1,-1,35,-1,36,-1,12,36,28,-1,-1,23,23,14,38,25,24,24,44,26,21,22,-1,22,22,36,-1,-1,-1,42,62,47,35,33,41,17,16,41,42,44,32,32,32,40,56,55,23,38,23,40,40,64,-1,-1,97,52,25,30,11,16,8,-1,30,36,14,15,22,26,25,25,27,23,19,16,-1,14,13,18,17,23,24,13,12,13,18,16,11,10,9,21,9,11,16,18,-1,-1,12,15,14,8,16,9,7,8,8,32,-1,42,13,19,58,11,-1,-1,-1,-1,-1,16,16,47,82,140,-1,-1,-1,-1,-1,-1,14,18,11,11,11,23,23,15,26,-1,12,-1,16,23,66,12,78,79,16,16,17,17,18,32,49,13,25,20,19,20,19,35,20,19,20,30,30,-1,8,69,21,20,21,11,14,14,14,9,11,40,37,37,-1,-1,76,26,11,18,18,24,29,59,34,22,22,14,31,32,8,19,15,18,18,18,19,18,14,12,13,12,24,-1,-1,55,-1,-1,-1,-1,13,-1,-1,-1,-1,-1,-1,0,15,17,50,38,41,41,41,16,14,14,34,15,16,-1,26,22,23,23,28,24,25,22,24,-1,-1,-1,-1,-1,-1,-1,-1,-1,-1,-1,-1,-1,-1,51,23,23,23,22,20,21,20,49,85,49,51,-1,-1,-1,-1,28,26,-1,-1,-1,-1,-1,37,9,-1,15,8,21,-1,23,24,49,31,28,-1,134,-1,-1,25,34,14,23,38,16,22,21,21,42,20,14,33
21,37,79,108,23,21,21,21,23,23,28,24,24,25,25,24,25,34,16,219,36,70,17,16,16,12,11,46,64,64,63,64,34,23,22,30,18,43,43,25,44,17,44,16,23,46,149,29,29,37,37,48,83,68,50,50,58,32,26,41,19,56,28,50,29,23,23,88,99,90,87,89,70,32,32,70,77,77,103,103,103,66,-1,81,27,44,27,69,69,98,15,16,114,79,55,60,25,30,13,28,66,52,32,7,51,48,47,55,57,37,37,31,21,-1,-1,-1,36,52,53,23,23,23,27,32,27,26,20,56,23,24,26,23,23,17,25,31,34,20,29,20,22,14,14,50,19,69,26,40,88,-1,10,20,22,23,25,22,22,25,-1,180,22,32,16,51,17,17,20,24,20,20,20,58,34,26,31,16,19,25,-1,58,92,23,95,95,21,21,24,24,24,68,29,47,43,51,38,39,54,45,45,41,42,51,26,24,23,92,31,31,33,24,33,33,33,31,33,66,77,77,20,21,105,56,22,27,27,42,48,123,25,86,86,32,85,86,10,23,17,36,34,34,24,23,30,46,20,21,33,27,27,-1,16,16,21,21,32,31,25,25,25,27,28,15,0,-1,38,30,33,33,33,85,83,83,94,84,85,84,85,90,90,90,94,95,96,89,95,66,73,71,86,70,71,69,69,69,68,67,67,63,63,39,93,93,93,88,84,88,63,126,73,126,128,63,62,82,80,94,92,56,55,60,83,69,101,54,79,59,53,9,85,89,90,128,97,89,83,122,83,82,92,76,58,67,127,60,88,87,87,264,64,58,99
20,36,78,107,22,20,20,20,22,22,30,26,26,27,27,26,27,36,18,221,38,72,19,18,18,14,13,48,63,63,62,63,36,25,24,32,20,45,45,27,46,19,46,18,25,48,148,31,28,36,36,47,82,67,49,49,57,31,25,40,18,55,30,87,31,25,25,90,101,92,89,91,68,34,34,68,79,79,105,105,105,65,-1,80,29,43,29,68,68,96,17,18,113,78,52,57,24,29,12,20,67,51,31,-1,50,44,43,54,56,36,36,30,20,-1,-1,-1,35,51,52,22,22,22,26,31,26,25,19,55,22,23,25,22,16,16,24,30,33,19,28,19,21,13,13,49,18,68,25,40,87,-1,12,22,24,25,27,24,24,27,-1,182,24,34,18,50,19,19,22,26,22,22,22,60,36,28,33,18,21,27,-1,60,91,25,94,94,23,23,26,26,26,67,26,46,42,50,37,38,53,44,44,40,41,32,23,23,22,91,29,29,32,23,31,31,31,30,32,65,79,79,19,20,107,55,21,26,26,41,47,125,23,88,88,34,87,88,12,25,19,38,36,36,26,25,32,45,22,23,35,29,29,-1,18,18,23,23,34,33,27,27,27,29,30,17,-1,0,40,32,35,35,35,87,85,85,96,86,87,86,87,92,92,92,96,97,98,91,97,68,75,73,88,72,73,71,71,71,70,69,69,65,65,41,95,95,95,90,86,90,65,128,75,128,130,65,64,84,82,96,94,58,57,62,85,71,103,56,81,61,55,11,87,91,92,130,99,91,85,124,85,84,94,78,60,69,129,62,90,89,89,266,66,60,101
49,38,56,80,46,42,51,51,41,47,33,35,35,36,35,34,35,34,34,116,33,13,44,41,40,39,38,40,109,109,108,109,39,40,39,65,53,47,47,47,49,45,50,44,71,66,25,37,35,40,40,53,77,81,40,40,14,45,69,56,53,27,63,49,36,32,32,55,30,57,54,62,41,60,59,41,20,20,70,70,70,37,60,57,33,33,33,30,30,61,41,41,99,-1,46,45,40,34,43,48,-1,45,37,55,42,39,38,33,32,39,39,32,36,52,51,52,39,37,43,38,36,36,33,38,33,40,54,60,39,35,34,35,51,51,34,35,33,48,39,39,40,56,56,-1,38,-1,37,40,49,59,45,55,57,51,45,49,49,60,40,116,45,34,51,49,42,42,51,52,41,41,41,22,53,48,42,42,45,32,59,20,57,45,68,68,46,46,34,35,35,48,50,30,36,31,31,32,31,32,32,31,32,32,46,42,41,66,38,38,39,30,32,33,37,38,40,73,58,58,34,33,68,39,45,32,33,50,50,73,60,32,32,26,54,55,29,40,36,38,35,35,46,45,32,44,44,39,37,42,42,40,51,51,56,56,67,37,60,60,60,62,42,50,38,40,0,100,103,103,103,40,39,40,49,41,42,46,41,47,46,47,51,39,40,37,39,40,47,45,48,44,45,43,43,43,42,41,41,37,37,-1,83,83,83,78,74,78,37,55,63,55,57,37,36,43,42,68,66,30,29,34,43,43,57,28,41,33,27,59,46,63,64,57,71,79,47,84,46,44,65,28,32,41,56,34,62,61,61,78,38,32,73
34,35,54,76,25,33,33,33,258,258,266,258,258,260,259,258,258,257,254,277,274,243,255,254,254,250,249,224,-1,-1,-1,-1,272,261,260,268,256,281,281,263,282,255,282,254,261,82,251,267,54,62,62,65,100,64,56,59,90,71,66,49,30,52,120,84,56,50,50,115,126,117,114,116,122,59,59,122,95,95,130,130,130,58,34,78,54,76,54,79,79,95,42,43,171,110,49,54,35,71,45,39,110,66,34,52,60,60,60,59,61,56,57,28,33,69,69,69,57,48,48,39,40,40,30,27,30,42,32,53,35,39,51,38,28,28,47,46,45,32,61,34,56,55,56,109,39,74,39,69,88,40,47,43,45,46,48,56,56,117,32,207,45,55,39,40,40,40,49,60,47,47,47,115,22,53,58,43,46,52,33,85,63,50,96,96,48,48,51,51,51,78,71,46,64,56,60,56,52,58,49,52,56,56,106,36,38,83,26,27,27,27,47,48,46,37,121,142,142,142,117,116,79,140,122,115,115,130,130,11,505,481,481,55,480,481,44,46,55,59,57,57,47,46,53,37,43,44,56,50,50,32,39,39,44,44,55,54,48,48,48,50,50,38,30,32,100,0,-1,-1,-1,47,47,48,63,48,49,43,55,52,53,52,58,52,53,50,52,40,43,43,43,41,43,41,41,41,41,41,41,39,40,64,50,50,50,49,47,49,39,60,60,63,63,40,38,41,39,57,56,32,32,37,42,42,54,29,38,35,28,44,42,55,55,58,71,52,43,115,42,41,55,54,34,29,55,35,52,51,50,85,28,34,62
37,38,57,79,28,36,36,36,261,261,269,261,261,263,262,261,261,260,257,280,277,246,258,257,257,253,252,224,-1,-1,-1,-1,275,264,263,271,259,284,284,266,285,258,285,257,264,85,254,270,57,65,65,68,103,67,59,62,93,74,69,52,33,55,123,87,59,53,53,118,129,120,117,119,125,62,62,125,98,98,133,133,133,61,37,81,57,79,57,82,82,98,45,46,174,113,52,57,38,74,48,42,113,69,37,55,63,63,63,62,64,59,60,31,36,72,72,72,60,51,51,42,43,43,33,30,33,45,35,56,38,42,54,41,31,31,50,49,48,35,64,37,59,58,59,109,42,77,42,72,91,43,50,46,48,49,51,59,59,120,35,210,48,58,42,43,43,43,52,63,50,50,50,118,25,56,61,46,49,55,36,88,66,53,99,99,51,51,54,54,54,81,74,49,67,59,63,59,55,61,52,55,59,59,109,39,41,86,29,30,30,30,50,51,49,40,124,145,145,145,120,119,82,143,125,118,118,133,133,14,508,484,484,58,483,484,47,49,58,62,60,60,50,49,56,40,46,47,59,53,53,35,42,42,47,47,58,57,51,51,51,53,53,41,33,35,103,-1,0,62,62,50,50,51,66,51,52,46,58,55,56,55,61,55,56,53,55,43,46,46,46,44,46,44,44,44,44,44,44,42,43,67,53,53,53,52,50,52,42,63,63,66,66,43,41,44,42,60,59,35,35,40,45,45,57,32,41,38,31,46,45,58,58,61,74,55,46,118,45,44,58,57,37,32,58,38,55,54,53,88,31,37,65
37,38,57,79,28,36,36,36,261,261,269,261,261,263,262,261,261,260,257,280,277,246,258,257,257,253,252,224,-1,-1,-1,-1,275,264,263,271,259,284,284,266,285,258,285,257,264,85,254,270,57,65,65,68,103,67,59,62,93,74,69,52,33,55,123,87,59,53,53,118,129,120,117,119,125,62,62,125,98,98,133,133,133,61,37,81,57,79,57,82,82,98,45,46,174,113,52,57,38,74,48,42,113,69,37,55,63,63,63,62,64,59,60,31,36,72,72,72,60,51,51,42,43,43,33,30,33,45,35,56,38,42,54,41,31,31,50,49,48,35,64,37,59,58,59,109,42,77,42,72,91,43,50,46,48,49,51,59,59,120,35,210,48,58,42,43,43,43,52,63,50,50,50,118,25,56,61,46,49,55,36,88,66,53,99,99,51,51,54,54,54,81,74,49,67,59,63,59,55,61,52,55,59,59,109,39,41,86,29,30,30,30,50,51,49,40,124,145,145,145,120,119,82,143,125,118,118,133,133,14,508,484,484,58,483,484,47,49,58,62,60,60,50,49,56,40,46,47,59,53,53,35,42,42,47,47,58,57,51,51,51,53,53,41,33,35,103,-1,62,0,65,50,50,51,66,51,52,46,58,55,56,55,61,55,56,53,55,43,46,46,46,44,46,44,44,44,44,44,44,42,43,67,53,53,53,52,50,52,42,63,63,66,66,43,41,44,42,60,59,35,35,40,45,45,57,32,41,38,31,46,45,58,58,61,74,55,46,118,45,44,58,57,37,32,58,38,55,54,53,88,31,37,65
37,38,57,79,28,36,36,36,261,261,269,261,261,263,262,261,261,260,257,280,277,246,258,257,257,253,252,224,-1,-1,-1,-1,275,264,263,271,259,284,284,266,285,258,285,257,264,85,254,270,57,65,65,68,103,67,59,62,93,74,69,52,33,55,123,87,59,53,53,118,129,120,117,119,125,62,62,125,98,98,133,133,133,61,37,81,57,79,57,82,82,98,45,46,174,113,52,57,38,74,48,42,113,69,37,55,63,63,63,62,64,59,60,31,36,72,72,72,60,51,51,42,43,43,33,30,33,45,35,56,38,42,54,41,31,31,50,49,48,35,64,37,59,58,59,109,42,77,42,72,91,43,50,46,48,49,51,59,59,120,35,210,48,58,42,43,43,43,52,63,50,50,50,118,25,56,61,46,49,55,36,88,66,53,99,99,51,51,54,54,54,81,74,49,67,59,63,59,55,61,52,55,59,59,109,39,41,86,30,30,30,30,50,51,49,40,124,145,145,145,120,119,82,143,125,118,118,133,133,14,508,484,484,58,483,484,47,49,58,62,60,60,50,49,56,40,46,47,59,53,53,35,42,42,47,47,58,57,51,51,51,53,53,41,33,35,103,-1,62,65,0,50,50,51,66,51,52,46,58,55,56,55,61,55,56,53,55,43,46,46,46,44,46,44,44,44,44,44,44,42,43,67,53,53,53,52,50,52,42,63,63,66,66,43,41,44,42,60,59,35,35,40,45,45,57,32,41,38,31,46,45,58,58,61,74,55,46,118,45,44,58,57,37,32,58,38,55,54,53,88,31,37,65
17,23,38,89,18,16,16,16,18,18,-1,-1,-1,-1,-1,-1,-1,-1,23,184,-1,35,37,17,17,19,18,46,39,39,38,39,-1,-1,-1,24,-1,-1,-1,-1,-1,-1,-1,-1,-1,36,67,-1,-1,-1,-1,-1,38,-1,-1,-1,57,14,9,25,16,28,35,27,-1,-1,-1,18,48,34,17,-1,35,-1,-1,35,44,44,33,33,33,52,36,52,-1,19,-1,24,24,83,13,13,112,49,36,41,-1,-1,15,17,36,25,21,28,13,13,13,14,16,12,12,24,16,31,31,31,18,12,13,-1,-1,-1,25,20,19,8,-1,-1,-1,-1,-1,-1,11,11,-1,9,8,10,18,-1,-1,15,16,37,17,54,-1,16,73,30,20,-1,-1,-1,-1,-1,-1,34,89,169,-1,-1,16,20,-1,-1,-1,-1,18,18,18,92,30,-1,-1,14,9,35,39,70,79,9,84,85,23,23,23,24,24,31,32,15,14,19,24,22,21,23,24,21,22,18,28,15,-1,82,28,25,25,19,-1,-1,-1,20,17,37,35,35,15,16,90,16,12,23,23,-1,-1,65,52,17,17,16,44,45,18,16,25,15,-1,-1,17,16,-1,29,-1,-1,-1,-1,-1,87,-1,17,-1,-1,-1,-1,-1,-1,-1,-1,-1,16,85,87,40,47,50,50,50,0,-1,-1,30,-1,-1,-1,21,-1,-1,-1,-1,-1,-1,-1,-1,-1,-1,-1,-1,-1,-1,-1,-1,-1,-1,-1,-1,-1,-1,39,-1,-1,-1,-1,-1,-1,30,35,105,35,37,-1,-1,-1,-1,-1,-1,20,20,19,-1,-1,20,17,-1,34,16,31,-1,-1,-1,36,29,-1,-1,114,-1,-1,-1,32,33,41,19,24,-1,-1,-1,39,35,33,-1
15,23,38,88,18,16,16,16,20,20,-1,-1,-1,-1,-1,-1,-1,9,20,184,-1,35,35,17,17,19,18,46,37,37,36,37,-1,-1,-1,24,-1,-1,-1,-1,-1,-1,-1,-1,-1,36,65,-1,-1,-1,-1,-1,38,-1,-1,-1,55,12,7,23,12,27,35,28,-1,-1,-1,29,48,34,17,-1,35,-1,-1,35,44,44,33,33,33,52,28,53,-1,-1,-1,18,18,82,11,11,107,49,33,38,-1,-1,13,14,35,24,19,26,20,12,12,13,15,11,11,24,16,29,28,29,15,11,12,-1,-1,-1,21,18,17,-1,-1,-1,-1,-1,-1,-1,9,9,-1,13,7,-1,15,-1,-1,13,14,36,15,53,-1,16,64,25,19,-1,-1,-1,-1,-1,-1,34,87,167,-1,-1,-1,18,-1,-1,-1,-1,16,16,16,92,30,-1,-1,12,7,20,31,70,79,8,83,84,26,21,22,28,22,30,31,15,13,19,24,22,21,23,24,21,22,18,26,15,-1,77,26,23,23,17,-1,-1,-1,18,17,37,35,35,13,14,87,15,12,21,21,-1,-1,70,47,16,16,16,42,43,16,16,23,16,16,16,17,16,-1,27,-1,-1,-1,-1,-1,85,-1,-1,-1,-1,-1,-1,-1,-1,-1,-1,-1,14,83,85,39,47,50,50,50,-1,0,-1,27,-1,-1,-1,18,-1,-1,-1,-1,-1,-1,-1,-1,-1,-1,-1,-1,-1,-1,-1,-1,-1,-1,-1,-1,-1,-1,39,-1,-1,-1,-1,-1,-1,26,35,105,35,37,-1,-1,-1,-1,-1,-1,18,18,-1,-1,-1,20,15,-1,32,14,31,-1,-1,-1,36,29,-1,-1,114,-1,-1,-1,32,20,39,19,22,-1,-1,-1,37,33,20,-1
16,24,37,89,19,-1,-1,-1,13,21,-1,-1,-1,-1,-1,-1,-1,10,21,185,-1,36,36,18,18,20,19,47,37,37,36,37,-1,-1,-1,25,-1,-1,-1,-1,-1,-1,-1,-1,-1,35,65,-1,-1,-1,-1,-1,39,-1,-1,-1,55,12,7,23,13,28,35,27,-1,-1,-1,30,48,35,18,-1,34,-1,-1,34,43,43,34,34,34,53,34,54,-1,21,-1,23,19,83,11,11,107,48,34,39,-1,-1,14,15,36,25,19,27,13,13,13,14,16,12,12,25,17,29,29,29,16,12,13,-1,-1,-1,22,19,17,6,-1,-1,-1,-1,-1,-1,9,9,-1,14,8,-1,16,-1,-1,14,15,37,15,54,-1,15,65,26,22,-1,-1,-1,-1,-1,-1,35,87,167,-1,-1,-1,18,-1,-1,-1,-1,16,16,16,92,31,-1,-1,12,8,20,37,69,78,9,84,85,21,21,22,28,22,31,32,14,14,18,23,21,20,22,23,20,21,17,26,14,-1,78,26,24,24,17,-1,-1,-1,18,16,36,34,34,14,14,87,16,13,22,22,-1,-1,70,60,17,17,15,42,43,16,15,23,17,17,17,16,15,-1,27,-1,-1,-1,-1,-1,85,-1,-1,-1,-1,-1,-1,-1,-1,-1,-1,-1,14,83,85,40,48,51,51,51,-1,-1,0,28,-1,-1,-1,19,-1,-1,-1,-1,-1,-1,-1,-1,-1,-1,-1,-1,-1,-1,-1,-1,-1,-1,-1,-1,-1,-1,38,-1,-1,-1,-1,-1,-1,27,36,104,36,38,-1,-1,-1,-1,-1,-1,19,19,-1,-1,-1,20,16,-1,32,15,32,-1,-1,-1,37,28,-1,-1,113,-1,-1,-1,31,21,40,19,23,-1,-1,-1,38,34,21,-1
28,38,93,98,28,42,42,42,54,54,43,27,27,28,27,26,27,26,33,177,48,50,35,31,31,29,28,69,105,105,104,105,45,33,32,48,29,54,54,26,54,28,55,27,23,127,76,36,37,45,45,35,77,49,82,82,58,33,28,48,38,37,121,113,42,36,36,124,135,48,36,34,73,30,30,73,55,55,139,139,139,38,57,58,43,38,43,41,41,92,40,40,113,55,78,83,32,26,36,34,45,46,33,46,34,34,34,36,38,31,43,44,34,59,58,54,31,33,33,28,29,29,32,37,32,45,44,67,31,27,26,27,37,30,31,27,25,33,35,34,32,45,46,46,37,63,30,54,74,31,29,37,39,40,43,29,29,118,98,178,32,41,25,29,27,27,25,40,27,27,27,94,41,29,42,42,37,32,35,94,107,29,93,94,34,34,34,35,35,-1,-1,51,35,57,47,67,63,52,48,57,61,57,-1,37,30,89,38,38,38,30,57,57,57,37,39,74,64,64,34,33,99,37,41,32,32,42,42,74,55,38,38,50,67,68,28,45,35,30,27,27,43,43,24,45,43,44,41,33,33,96,37,38,41,40,26,44,38,37,37,36,36,34,94,96,49,63,66,66,66,30,27,28,0,25,26,30,-1,31,31,31,45,36,37,30,36,32,32,30,32,30,32,30,30,30,30,31,31,34,33,70,34,34,34,29,25,29,34,154,91,154,156,30,31,28,26,45,47,26,26,24,29,29,42,23,25,29,22,40,25,42,43,156,100,29,24,120,29,28,33,103,28,37,155,30,40,33,40,68,34,28,53
16,24,37,90,19,-1,-1,-1,21,21,-1,-1,-1,-1,-1,-1,-1,10,21,185,-1,36,36,18,18,20,19,47,38,38,37,38,-1,-1,-1,25,-1,-1,-1,-1,-1,-1,-1,-1,-1,35,66,-1,-1,-1,-1,-1,39,-1,-1,-1,56,13,8,24,13,29,36,26,-1,-1,-1,31,47,35,18,-1,34,-1,-1,34,43,43,34,34,34,53,35,54,-1,21,-1,23,23,71,12,12,108,48,35,40,-1,-1,14,15,37,26,20,27,14,14,14,15,17,13,13,25,17,30,30,30,16,13,14,-1,-1,-1,22,19,18,6,-1,-1,-1,-1,-1,-1,10,10,-1,14,9,-1,16,-1,-1,14,15,38,16,55,-1,14,66,26,21,-1,-1,-1,-1,-1,-1,35,88,168,-1,-1,-1,19,-1,-1,-1,-1,17,17,17,91,31,-1,-1,13,8,34,38,69,78,9,85,86,22,22,23,23,23,32,33,13,15,17,23,21,19,22,23,19,20,17,27,14,-1,78,27,24,24,18,-1,-1,-1,19,16,36,34,34,14,15,89,17,13,22,22,-1,-1,71,61,18,18,14,43,44,17,15,24,17,17,17,16,15,-1,28,-1,-1,-1,-1,-1,86,-1,-1,-1,-1,-1,-1,-1,-1,-1,-1,-1,15,84,86,41,48,51,51,51,-1,-1,-1,25,0,-1,-1,19,-1,-1,-1,-1,-1,-1,-1,-1,-1,-1,-1,-1,-1,-1,-1,-1,-1,-1,-1,-1,-1,-1,37,-1,-1,-1,-1,-1,-1,23,36,103,36,38,-1,-1,-1,-1,-1,-1,19,19,-1,-1,-1,21,16,-1,33,15,32,-1,-1,-1,37,27,-1,-1,112,-1,-1,-1,30,32,40,20,23,-1,-1,-1,38,34,32,-1
17,25,35,91,20,-1,-1,-1,11,11,-1,-1,-1,-1,-1,-1,-1,11,-1,186,-1,37,37,24,23,22,21,48,39,39,38,39,-1,-1,-1,26,-1,-1,-1,-1,-1,-1,-1,-1,-1,35,67,-1,-1,-1,-1,-1,40,-1,-1,-1,57,13,8,27,15,30,37,25,-1,-1,-1,32,46,36,19,-1,32,-1,-1,32,41,41,35,35,35,54,36,55,-1,24,-1,21,21,72,13,13,109,46,36,41,-1,-1,14,16,38,27,21,27,15,15,15,16,18,14,14,26,18,31,31,31,17,14,15,-1,-1,-1,23,20,19,6,-1,-1,-1,-1,-1,-1,11,11,-1,15,10,10,17,-1,-1,14,15,39,17,56,-1,13,67,27,20,-1,-1,-1,-1,-1,-1,36,89,169,-1,-1,-1,20,-1,-1,-1,-1,18,18,18,90,32,-1,-1,14,8,35,39,67,76,9,86,87,23,23,24,24,24,33,34,14,16,17,21,19,20,20,21,20,19,19,28,12,-1,85,28,25,25,19,-1,-1,-1,16,14,34,32,32,15,16,87,18,14,23,23,-1,-1,72,62,19,19,15,44,45,18,13,25,18,18,18,14,13,-1,29,-1,-1,-1,-1,-1,87,-1,-1,-1,-1,-1,-1,-1,-1,-1,-1,-1,16,85,87,42,49,52,52,52,-1,-1,-1,26,-1,0,-1,21,-1,-1,-1,-1,-1,-1,-1,-1,-1,-1,-1,-1,-1,-1,-1,-1,-1,-1,-1,-1,-1,-1,36,-1,-1,-1,-1,-1,-1,-1,37,102,37,39,-1,-1,-1,-1,-1,-1,21,21,-1,-1,-1,22,18,-1,34,17,33,-1,-1,-1,39,26,-1,-1,111,-1,-1,-1,29,33,41,21,25,-1,-1,-1,40,35,33,-1
16,13,28,95,9,-1,-1,-1,-1,-1,-1,-1,-1,-1,-1,-1,-1,19,-1,183,13,34,22,-1,-1,17,16,53,37,37,36,37,-1,-1,-1,30,-1,19,19,-1,-1,-1,-1,-1,-1,31,65,-1,-1,11,11,20,44,12,12,12,49,20,15,34,-1,34,29,19,9,-1,-1,38,41,43,31,25,28,24,23,28,37,37,39,39,39,44,23,59,-1,34,-1,36,36,88,-1,-1,104,42,32,37,-1,-1,26,19,44,33,12,25,26,30,26,20,19,26,26,21,21,24,23,25,19,20,21,-1,-1,-1,19,20,16,12,-1,15,-1,-1,-1,-1,-1,-1,-1,19,18,-1,19,-1,-1,21,18,54,-1,61,-1,11,73,21,15,-1,-1,-1,-1,-1,-1,43,88,168,-1,-1,-1,-1,-1,-1,-1,-1,17,17,17,85,28,-1,-1,16,18,19,26,63,72,15,92,93,-1,-1,-1,-1,-1,39,59,9,22,15,12,19,15,13,13,21,19,15,37,6,-1,81,28,27,25,13,7,10,-1,10,8,27,25,25,19,19,83,24,-1,19,19,18,19,66,43,25,27,9,36,37,18,7,22,22,22,22,8,7,18,22,-1,-1,13,-1,-1,86,-1,-1,-1,-1,20,-1,-1,-1,-1,-1,-1,-1,84,86,46,43,46,46,46,-1,-1,-1,30,-1,-1,0,22,-1,-1,-1,-1,-1,-1,-1,-1,-1,-1,-1,-1,-1,-1,-1,-1,-1,-1,-1,-1,-1,-1,32,-1,-1,-1,-1,21,-1,-1,44,98,45,46,-1,-1,-1,-1,-1,-1,-1,-1,-1,-1,-1,34,14,-1,20,13,28,-1,-1,-1,46,22,26,-1,107,-1,-1,-1,25,19,34,35,-1,-1,-1,-1,49,25,19,-1
20,30,85,90,20,34,34,34,46,46,35,19,19,20,19,18,19,18,25,168,40,42,27,23,23,21,20,60,97,97,96,97,36,24,23,39,20,45,45,17,45,19,46,18,14,119,67,27,28,36,36,26,68,41,74,74,50,25,20,40,30,29,112,114,33,27,27,116,127,40,28,26,65,22,22,65,47,47,131,131,131,30,49,50,35,30,35,33,33,84,32,32,105,47,70,75,24,18,28,26,37,38,25,38,26,26,26,28,30,23,23,36,26,51,50,46,23,25,25,20,21,21,24,29,24,37,28,59,23,19,18,19,29,22,23,19,17,25,27,26,24,37,36,38,29,55,22,46,66,23,21,29,31,32,35,21,21,109,89,169,23,32,16,20,18,18,16,31,18,18,18,86,33,21,34,34,29,24,27,86,99,21,85,86,26,26,26,27,27,13,10,43,27,49,39,59,55,44,40,49,53,49,11,29,22,81,30,30,30,22,49,49,49,29,31,66,56,56,26,25,90,29,33,24,24,34,34,66,46,30,30,42,59,60,20,37,27,22,19,19,35,35,16,37,35,36,33,25,25,87,29,30,33,32,18,36,30,29,29,28,28,26,85,87,41,55,58,58,58,21,18,19,-1,19,21,22,0,23,23,23,37,28,29,22,28,24,24,22,24,22,24,22,22,22,22,23,23,26,25,62,26,26,26,21,17,21,26,146,83,146,148,22,23,20,18,37,39,18,18,16,21,21,34,15,17,21,14,32,17,34,35,148,92,21,16,112,21,20,25,95,20,29,147,22,32,25,32,61,26,20,45
23,19,31,95,15,14,14,13,11,11,-1,-1,-1,-1,-1,-1,-1,17,21,192,-1,43,22,19,18,17,16,63,44,44,43,44,-1,-1,-1,32,-1,-1,-1,-1,-1,-1,-1,-1,-1,33,72,-1,-1,-1,-1,-1,46,-1,-1,-1,46,16,11,30,18,35,40,62,-1,-1,-1,35,41,39,25,21,28,-1,-1,28,37,37,41,41,41,58,41,61,-1,20,-1,33,33,88,22,23,109,42,41,46,8,-1,19,22,43,32,19,32,20,20,20,21,19,19,19,31,28,34,34,34,23,19,20,13,13,13,26,26,24,12,-1,-1,-1,12,13,11,16,16,-1,21,15,15,23,14,-1,19,33,38,19,45,10,-1,73,40,15,-1,-1,-1,-1,-1,-1,39,94,174,-1,-1,-1,25,-1,-1,-1,-1,23,23,23,85,28,-1,-1,16,15,38,44,63,72,15,92,93,21,21,25,25,25,38,39,-1,21,15,-1,15,-1,16,-1,-1,15,15,33,13,-1,81,33,32,32,20,-1,-1,-1,17,15,28,28,28,21,21,83,23,20,26,26,-1,-1,74,61,24,24,-1,47,48,23,14,29,24,24,24,15,14,-1,34,-1,-1,-1,-1,-1,92,-1,-1,-1,-1,-1,-1,-1,-1,-1,-1,-1,22,90,92,47,52,55,55,55,-1,-1,-1,31,-1,-1,-1,23,0,-1,-1,-1,-1,-1,-1,-1,-1,-1,-1,-1,-1,-1,-1,-1,-1,-1,-1,-1,-1,-1,32,-1,-1,-1,-1,-1,-1,-1,41,98,41,43,-1,-1,-1,-1,-1,-1,26,26,-1,-1,-1,28,23,-1,38,22,39,-1,-1,-1,42,22,-1,-1,107,-1,-1,-1,25,37,44,27,30,-1,-1,-1,45,37,37,-1
22,20,32,96,16,15,15,14,12,12,-1,-1,-1,-1,-1,-1,-1,16,22,191,-1,42,23,20,19,18,17,64,44,44,43,44,-1,-1,-1,31,-1,-1,-1,-1,-1,-1,-1,-1,-1,34,72,-1,-1,-1,-1,-1,45,-1,-1,-1,47,16,11,30,18,34,39,63,-1,-1,-1,34,42,39,24,22,29,-1,-1,29,38,38,40,40,40,57,40,60,-1,21,-1,32,32,76,23,24,110,43,40,45,7,-1,18,21,42,31,26,31,19,19,19,20,22,18,18,30,29,39,39,39,22,18,19,12,12,12,27,25,24,13,13,-1,-1,11,12,10,16,16,-1,20,14,14,22,13,-1,18,34,39,20,60,9,-1,74,32,16,-1,-1,-1,-1,-1,-1,39,94,174,-1,-1,-1,26,-1,-1,-1,-1,23,23,23,86,29,-1,-1,17,16,39,43,64,73,16,81,81,22,22,26,26,26,37,38,-1,20,14,15,14,16,15,16,16,14,14,33,14,-1,82,33,33,33,21,-1,-1,-1,18,16,29,29,29,20,21,84,22,19,27,27,-1,-1,75,62,23,23,-1,48,49,23,15,30,23,23,23,16,15,-1,34,-1,-1,-1,-1,-1,92,-1,-1,-1,-1,-1,-1,-1,-1,-1,-1,-1,23,90,92,46,53,56,56,56,-1,-1,-1,31,-1,-1,-1,23,-1,0,-1,-1,-1,-1,-1,-1,-1,-1,-1,-1,-1,-1,-1,-1,-1,-1,-1,-1,-1,-1,33,-1,-1,-1,-1,-1,-1,-1,40,99,40,42,-1,-1,-1,-1,-1,-1,25,25,-1,-1,-1,27,22,-1,39,21,38,-1,-1,-1,41,23,-1,-1,108,-1,-1,-1,26,38,45,26,32,-1,-1,-1,44,37,38,-1
22,19,31,95,15,14,14,13,11,11,-1,-1,-1,-1,-1,-1,-1,16,22,191,-1,42,23,20,19,18,17,64,44,44,43,44,-1,-1,-1,31,-1,-1,-1,-1,-1,-1,-1,-1,-1,33,72,-1,-1,-1,-1,-1,45,-1,-1,-1,46,16,11,30,18,35,40,62,-1,-1,-1,35,42,39,24,21,28,-1,-1,28,37,37,40,40,40,57,41,60,-1,20,-1,32,32,88,23,24,109,42,41,32,7,-1,18,21,43,32,19,31,20,20,20,21,19,19,19,30,28,34,34,34,23,19,20,12,12,12,26,25,24,13,13,-1,-1,11,12,10,16,16,12,20,15,14,23,13,-1,18,33,38,20,45,9,-1,73,40,16,-1,-1,-1,-1,-1,-1,39,94,174,-1,-1,-1,26,-1,-1,-1,-1,23,23,23,86,29,-1,-1,17,16,38,44,63,72,16,92,93,22,22,26,26,26,38,39,-1,21,15,-1,15,-1,16,17,17,15,15,33,13,-1,81,33,32,32,20,-1,-1,-1,17,15,28,28,28,20,21,83,23,19,26,26,-1,-1,74,61,24,24,-1,47,48,23,14,29,23,23,23,15,14,-1,34,-1,-1,-1,-1,-1,92,-1,-1,-1,-1,-1,-1,-1,-1,-1,-1,-1,23,90,92,47,52,55,55,55,-1,-1,-1,31,-1,-1,-1,23,-1,-1,0,-1,-1,-1,-1,-1,-1,-1,-1,-1,-1,-1,-1,-1,-1,-1,-1,-1,-1,-1,32,-1,-1,-1,-1,-1,-1,-1,40,98,41,42,-1,-1,-1,-1,-1,-1,26,26,-1,-1,-1,28,23,-1,38,22,39,-1,-1,-1,42,22,-1,-1,107,-1,-1,-1,25,37,44,27,30,-1,-1,-1,45,37,37,-1
26,25,37,100,21,20,20,19,17,17,-1,-1,-1,-1,-1,-1,-1,-1,27,195,-1,46,28,25,24,23,22,69,52,52,51,52,-1,-1,-1,35,-1,-1,-1,-1,-1,-1,-1,-1,-1,39,80,-1,-1,-1,-1,-1,49,-1,-1,-1,51,20,15,34,22,39,35,67,11,-1,-1,29,46,34,-1,-1,33,-1,-1,33,42,42,44,44,44,52,40,60,-1,-1,-1,22,22,81,27,28,114,47,45,37,8,13,19,25,47,36,28,32,-1,-1,-1,-1,-1,-1,-1,34,27,41,40,40,26,-1,-1,13,13,13,32,29,29,11,14,-1,11,12,13,11,20,20,13,-1,19,15,26,14,12,19,20,43,22,65,10,-1,78,51,38,-1,-1,-1,-1,-1,-1,34,103,183,-1,-1,-1,31,-1,-1,-1,-1,35,35,32,91,34,-1,-1,21,20,44,43,68,77,20,86,86,27,27,32,33,33,42,55,14,-1,12,14,12,14,13,14,14,12,12,52,19,11,86,38,36,36,26,-1,-1,-1,23,21,34,34,34,24,26,88,27,14,32,32,-1,-1,80,67,28,28,16,53,54,28,20,35,-1,-1,-1,21,20,-1,38,-1,-1,-1,-1,-1,100,-1,-1,-1,-1,-1,-1,-1,-1,-1,-1,-1,28,94,96,51,58,61,61,61,-1,-1,-1,45,-1,-1,-1,37,-1,-1,-1,0,-1,-1,-1,-1,-1,-1,-1,-1,-1,-1,-1,-1,-1,-1,-1,-1,-1,-1,37,-1,-1,-1,-1,-1,-1,30,35,103,35,37,-1,-1,-1,-1,-1,-1,33,33,-1,-1,-1,-1,37,-1,43,35,42,-1,-1,-1,36,27,-1,-1,112,-1,-1,-1,30,42,49,24,37,-1,-1,-1,48,42,42,-1
22,28,36,88,23,22,21,21,23,23,-1,12,12,10,13,11,12,-1,23,186,-1,37,26,19,19,21,20,48,49,49,48,49,-1,-1,-1,23,21,-1,-1,-1,-1,20,-1,19,-1,58,77,-1,-1,25,25,-1,37,-1,-1,-1,48,-1,-1,32,26,27,22,70,24,-1,-1,17,57,19,-1,-1,32,-1,-1,32,53,53,32,32,32,44,45,55,-1,-1,-1,-1,-1,82,17,17,103,50,45,30,12,-1,35,23,35,25,27,41,-1,-1,-1,14,16,-1,-1,28,20,43,43,43,-1,-1,-1,13,13,13,26,27,29,13,16,-1,14,11,10,11,18,17,13,-1,-1,16,-1,15,14,25,37,36,23,53,9,-1,64,35,40,27,29,30,28,-1,-1,19,99,179,25,-1,18,30,-1,-1,-1,-1,28,28,28,81,32,-1,-1,22,16,45,48,79,80,16,83,84,35,35,37,37,38,30,31,20,12,26,26,26,28,27,28,28,26,26,28,27,13,89,28,32,32,23,21,22,-1,29,27,54,54,54,22,21,91,16,17,22,22,-1,-1,64,51,17,17,30,54,55,18,36,25,-1,-1,-1,36,35,-1,39,-1,-1,-1,-1,-1,97,27,28,24,24,-1,-1,-1,-1,-1,-1,-1,24,95,97,39,52,55,55,55,-1,-1,-1,36,-1,-1,-1,28,-1,-1,-1,-1,0,-1,-1,-1,25,-1,-1,-1,23,25,24,24,24,23,24,24,30,26,59,-1,-1,-1,-1,-1,-1,36,19,95,19,21,23,24,21,20,-1,-1,32,32,17,22,22,12,38,19,44,37,29,-1,-1,-1,16,89,-1,-1,109,-1,-1,-1,92,42,50,14,38,-1,-1,-1,38,45,42,-1
22,29,37,89,24,22,22,22,24,24,-1,12,13,11,14,12,13,-1,24,186,-1,37,26,19,19,21,20,48,50,50,49,50,-1,-1,-1,24,21,-1,-1,-1,-1,20,-1,19,-1,59,78,-1,-1,25,25,-1,38,-1,-1,-1,49,-1,-1,33,27,28,23,70,24,-1,-1,18,58,20,-1,-1,32,-1,-1,32,53,53,33,33,33,43,44,54,-1,-1,-1,-1,-1,83,16,16,104,50,44,29,13,-1,36,22,36,24,28,42,-1,-1,-1,14,16,-1,-1,29,21,42,42,42,16,-1,-1,12,12,12,27,28,30,12,17,-1,15,12,9,12,19,18,13,-1,-1,15,15,14,15,26,38,37,24,54,10,-1,65,36,41,28,30,31,28,-1,-1,20,100,180,25,-1,18,31,-1,-1,-1,-1,29,29,29,81,32,-1,-1,22,15,45,47,79,80,15,84,85,35,35,38,38,38,31,32,20,12,25,25,25,27,26,27,27,25,25,29,28,12,88,29,33,33,24,21,22,-1,28,26,55,55,55,23,22,91,15,18,23,23,-1,-1,65,52,16,16,29,54,55,19,37,26,-1,-1,-1,37,36,-1,40,-1,-1,-1,-1,-1,98,28,29,24,24,-1,-1,-1,-1,-1,-1,-1,25,96,98,40,53,56,56,56,-1,-1,-1,37,-1,-1,-1,29,-1,-1,-1,-1,-1,0,-1,-1,26,-1,-1,-1,24,26,25,25,25,24,25,25,31,31,60,-1,-1,-1,-1,-1,-1,36,19,95,19,21,24,30,22,21,-1,-1,32,33,18,23,23,11,38,20,44,37,30,-1,-1,-1,15,90,-1,-1,110,-1,-1,-1,93,43,51,13,39,-1,-1,-1,37,45,43,-1
21,26,41,86,21,21,19,19,21,21,-1,-1,-1,-1,-1,-1,-1,-1,21,182,-1,33,22,15,15,17,16,44,43,43,42,43,-1,-1,-1,22,17,-1,-1,-1,-1,-1,-1,15,-1,41,71,-1,-1,-1,-1,-1,36,-1,-1,-1,46,18,-1,29,20,25,32,30,-1,-1,-1,16,51,31,15,-1,38,-1,-1,38,47,47,31,31,31,49,39,60,-1,-1,-1,15,15,80,15,15,101,52,43,31,-1,-1,19,20,33,26,24,32,-1,-1,-1,15,17,-1,-1,27,19,38,38,38,-1,13,14,-1,-1,-1,24,24,23,11,13,-1,10,-1,-1,-1,16,14,-1,-1,-1,13,-1,13,11,19,35,34,20,51,-1,18,62,33,34,19,21,22,-1,-1,-1,31,93,173,21,-1,14,24,-1,-1,-1,-1,22,22,22,95,28,-1,-1,16,14,39,42,73,82,-1,81,82,31,31,26,27,32,28,29,-1,15,25,27,25,27,26,27,27,25,25,32,19,-1,90,26,28,28,21,-1,-1,-1,24,21,38,38,38,19,19,78,17,17,20,20,-1,-1,62,49,18,18,21,48,49,16,20,29,13,-1,-1,21,20,-1,33,-1,-1,-1,-1,-1,91,-1,15,20,20,-1,-1,-1,-1,-1,-1,-1,22,89,91,37,50,53,53,53,-1,-1,-1,30,-1,-1,-1,22,-1,-1,-1,-1,-1,-1,0,-1,20,-1,-1,-1,-1,-1,-1,-1,-1,17,18,18,27,25,41,-1,-1,-1,-1,-1,-1,30,16,107,16,33,22,23,-1,-1,-1,-1,19,19,16,-1,-1,18,32,-1,37,15,28,-1,-1,-1,18,31,-1,-1,116,-1,-1,-1,34,36,45,17,33,-1,-1,-1,39,39,36,21
22,28,36,88,23,24,21,21,23,23,-1,12,12,10,13,11,12,-1,23,186,-1,37,26,19,19,21,20,48,49,49,48,49,-1,-1,-1,23,21,-1,-1,-1,-1,20,-1,19,-1,58,77,-1,-1,25,25,-1,37,-1,-1,-1,48,-1,-1,32,26,27,22,70,24,-1,-1,17,57,19,-1,-1,32,-1,-1,32,53,53,32,32,32,43,50,54,-1,17,-1,13,13,82,17,17,103,50,45,36,12,-1,35,22,35,25,27,41,-1,-1,-1,-1,16,-1,-1,28,20,43,43,43,-1,-1,-1,13,13,12,26,27,29,13,16,-1,14,11,10,11,18,17,10,-1,-1,16,-1,15,14,25,37,36,23,53,9,-1,64,35,40,27,29,30,28,-1,-1,19,99,179,25,-1,18,30,-1,-1,-1,-1,28,28,28,81,32,-1,-1,22,16,45,53,79,80,16,83,84,35,35,37,37,38,30,31,19,12,25,26,25,27,26,27,27,25,25,28,27,13,89,28,32,32,23,20,21,-1,29,27,54,54,54,22,21,80,16,17,22,22,-1,-1,64,51,17,16,29,54,55,18,36,25,-1,-1,-1,36,35,-1,39,-1,-1,-1,-1,-1,97,27,28,24,24,-1,-1,-1,-1,-1,-1,-1,24,95,97,39,52,55,55,55,-1,-1,-1,36,-1,-1,-1,28,-1,-1,-1,-1,-1,-1,-1,0,25,-1,-1,-1,23,25,24,24,24,23,24,24,30,26,59,-1,-1,-1,-1,-1,-1,36,19,95,19,21,23,24,21,20,-1,-1,32,32,17,22,22,12,38,19,43,37,29,-1,-1,-1,21,89,-1,-1,109,-1,-1,-1,92,42,50,14,38,-1,-1,-1,38,45,42,-1
-1,9,33,89,5,-1,-1,-1,-1,-1,13,20,20,31,21,23,20,24,-1,148,18,29,-1,-1,-1,-1,-1,47,38,38,37,38,-1,-1,-1,32,-1,22,22,-1,24,-1,25,-1,20,40,32,14,11,14,14,32,46,14,14,14,42,32,27,39,14,32,30,54,12,10,10,47,70,52,40,38,35,34,32,35,48,48,40,40,40,46,24,61,14,43,14,45,45,70,18,19,96,50,33,39,16,23,21,-1,36,45,-1,29,28,30,28,34,36,31,25,11,16,25,24,26,24,32,33,27,19,20,14,15,-1,16,16,17,15,18,24,21,18,13,19,21,20,14,22,15,19,20,21,47,-1,54,18,14,70,22,-1,-1,-1,-1,-1,24,24,52,90,144,-1,-1,-1,-1,-1,-1,22,26,7,7,7,27,24,23,18,19,22,15,27,27,79,26,84,85,-1,-1,-1,-1,-1,38,39,11,34,17,17,21,17,22,23,17,21,17,38,-1,18,75,20,20,20,8,11,12,15,-1,-1,28,28,28,-1,-1,79,34,17,14,14,20,21,55,44,29,29,11,29,30,12,-1,17,24,24,24,-1,-1,20,21,10,9,15,16,-1,68,-1,-1,-1,-1,31,-1,-1,-1,-1,-1,-1,-1,66,68,40,40,43,43,43,-1,-1,-1,32,-1,-1,-1,24,-1,-1,-1,-1,25,26,20,25,0,-1,-1,-1,-1,-1,-1,-1,-1,-1,-1,-1,-1,-1,46,24,24,25,23,24,22,-1,25,112,25,27,-1,-1,-1,-1,-1,-1,-1,-1,-1,-1,-1,43,-1,-1,-1,-1,30,-1,-1,-1,27,36,29,-1,121,-1,-1,-1,39,-1,-1,45,-1,-1,-1,-1,51,-1,-1,-1
14,11,26,95,7,-1,-1,-1,-1,-1,-1,-1,-1,-1,-1,-1,-1,21,-1,185,11,36,22,-1,18,17,16,54,39,39,38,39,-1,-1,-1,32,-1,17,17,-1,19,-1,20,-1,-1,34,67,-1,-1,9,9,22,46,10,10,10,49,22,17,36,-1,40,31,47,7,-1,-1,40,41,45,32,27,28,26,25,28,37,37,41,41,41,46,26,61,7,36,8,38,38,72,-1,-1,108,42,34,32,-1,-1,24,14,42,36,10,32,28,25,25,20,19,26,26,14,19,27,26,27,22,24,24,-1,17,17,17,19,14,12,-1,12,-1,-1,-1,-1,-1,-1,-1,21,20,-1,22,-1,-1,23,24,46,9,61,-1,11,73,24,15,-1,-1,-1,-1,-1,-1,44,90,170,-1,-1,-1,-1,-1,-1,-1,-1,16,16,16,64,28,-1,-1,16,20,23,29,63,72,15,91,92,-1,-1,-1,-1,-1,42,46,6,25,12,10,16,12,10,11,18,16,12,39,4,-1,81,23,23,23,11,7,7,-1,8,6,23,23,23,17,17,88,27,-1,17,17,15,16,65,45,19,19,6,36,37,15,-1,20,24,24,24,6,5,20,25,-1,-1,10,-1,-1,75,-1,-1,-1,-1,22,-1,-1,-1,-1,-1,-1,-1,73,75,47,43,46,46,46,-1,-1,-1,32,-1,-1,-1,24,-1,-1,-1,-1,-1,-1,-1,-1,-1,0,-1,-1,-1,-1,-1,-1,-1,-1,-1,-1,-1,-1,32,-1,-1,-1,-1,23,-1,-1,46,98,46,48,-1,-1,-1,-1,-1,-1,-1,-1,-1,-1,-1,35,16,-1,22,15,30,-1,-1,-1,48,22,28,-1,107,-1,-1,-1,25,21,34,37,-1,-1,-1,-1,51,-1,21,-1
-1,12,27,97,8,-1,-1,-1,-1,-1,-1,19,19,-1,20,18,19,22,-1,183,12,34,24,-1,-1,19,18,52,37,37,36,37,-1,-1,-1,30,-1,18,18,-1,20,-1,21,-1,18,34,65,-1,-1,10,10,20,44,11,11,11,47,23,18,37,-1,38,29,48,8,-1,-1,42,43,46,34,32,30,24,23,30,39,39,39,39,39,45,24,60,10,38,10,40,40,72,-1,-1,104,44,32,34,-1,21,24,-1,42,36,10,26,27,27,27,22,21,28,24,14,19,25,24,25,22,23,24,17,17,18,17,19,17,14,-1,14,14,16,21,15,-1,-1,17,20,19,-1,21,-1,-1,23,24,52,-1,59,-1,13,75,22,17,-1,-1,-1,-1,-1,-1,46,88,168,-1,7,-1,-1,-1,-1,21,-1,17,17,17,62,29,-1,-1,18,18,21,27,32,74,17,80,80,-1,-1,-1,-1,-1,43,60,8,25,14,11,18,14,11,12,20,18,12,37,-1,-1,83,28,23,23,11,10,9,-1,-1,6,24,24,24,17,17,88,33,16,17,17,17,18,61,43,29,28,8,34,35,18,-1,20,23,23,23,-1,-1,19,23,-1,-1,12,-1,-1,73,-1,-1,-1,-1,20,-1,-1,-1,-1,-1,-1,-1,71,73,45,43,46,46,46,-1,-1,-1,30,-1,-1,-1,22,-1,-1,-1,-1,-1,-1,-1,-1,-1,-1,0,-1,-1,-1,-1,-1,-1,-1,-1,-1,-1,-1,35,22,22,23,-1,22,-1,-1,23,101,23,25,-1,-1,-1,-1,-1,-1,-1,-1,-1,-1,-1,37,15,-1,21,14,28,-1,-1,-1,25,25,27,-1,110,-1,-1,-1,28,20,29,39,-1,-1,-1,-1,49,-1,20,15
14,11,27,93,7,-1,-1,-1,-1,-1,-1,-1,-1,-1,-1,-1,-1,21,-1,185,-1,36,21,18,17,16,15,62,39,39,38,39,-1,-1,-1,32,-1,-1,-1,-1,-1,-1,-1,-1,-1,32,67,-1,-1,-1,-1,22,46,11,11,11,50,21,16,35,18,37,30,17,-1,-1,-1,39,40,43,31,26,26,25,24,26,35,35,40,40,40,46,26,61,-1,34,-1,36,36,86,21,22,107,40,33,30,-1,-1,24,14,42,34,10,27,28,27,27,18,17,28,24,14,19,26,25,26,20,22,22,-1,16,16,17,19,17,11,-1,14,-1,-1,-1,-1,-1,-1,-1,21,20,-1,20,-1,-1,22,24,46,-1,62,-1,9,71,24,14,-1,-1,-1,-1,-1,-1,43,90,170,-1,-1,-1,-1,-1,-1,-1,-1,19,19,19,84,27,-1,-1,15,14,18,28,61,70,14,81,81,-1,-1,-1,-1,-1,40,46,8,23,14,13,18,14,19,14,20,18,14,38,4,-1,79,29,23,23,11,5,9,-1,8,6,24,24,24,17,17,88,25,-1,17,17,17,18,65,45,17,17,-1,37,38,19,5,20,24,24,24,6,5,20,25,-1,-1,12,-1,-1,88,-1,-1,-1,-1,21,-1,-1,-1,-1,-1,-1,-1,86,88,48,43,46,46,46,-1,-1,-1,32,-1,-1,-1,24,-1,-1,-1,-1,-1,-1,-1,-1,-1,-1,-1,0,-1,-1,-1,-1,-1,-1,-1,-1,-1,-1,31,-1,-1,-1,-1,20,-1,-1,45,97,45,47,-1,-1,-1,-1,-1,-1,-1,-1,-1,-1,-1,34,16,-1,22,15,29,-1,-1,-1,46,21,28,-1,106,-1,-1,-1,24,21,36,35,-1,-1,-1,-1,50,-1,21,-1
-1,10,28,98,6,-1,-1,-1,-1,-1,11,18,18,19,19,18,18,22,-1,183,13,34,26,-1,-1,-1,20,51,37,37,36,37,-1,-1,-1,30,-1,20,20,-1,22,-1,23,-1,18,36,65,12,9,12,12,20,44,12,12,12,47,24,19,35,-1,37,28,49,10,8,8,43,68,48,35,33,31,23,22,31,50,50,38,38,38,44,23,59,12,39,12,41,41,70,-1,-1,103,45,31,35,-1,20,22,15,40,40,8,25,26,28,26,23,22,29,23,12,17,24,23,24,21,27,28,22,16,17,15,17,12,16,-1,15,13,15,19,14,-1,-1,16,19,18,-1,20,-1,11,21,22,52,-1,59,-1,14,75,21,19,-1,-1,-1,-1,-1,-1,48,88,168,-1,9,-1,-1,-1,-1,20,24,20,20,20,61,29,-1,16,-1,18,20,26,31,75,19,79,79,-1,-1,-1,-1,-1,42,44,9,29,15,12,19,15,12,13,21,19,15,36,-1,14,84,21,21,21,9,11,10,14,6,4,26,26,26,15,15,86,32,15,15,15,18,19,59,43,28,27,9,34,35,13,-1,18,22,22,22,-1,-1,18,22,-1,-1,13,-1,-1,72,-1,-1,-1,-1,19,-1,-1,-1,-1,-1,-1,-1,70,72,44,41,44,44,44,-1,-1,-1,30,-1,-1,-1,22,-1,-1,-1,-1,23,24,-1,23,-1,-1,-1,-1,0,-1,-1,-1,-1,-1,-1,-1,-1,-1,36,21,21,22,-1,21,-1,-1,22,102,22,24,-1,-1,-1,-1,-1,-1,-1,-1,-1,-1,-1,38,14,-1,20,13,28,-1,-1,-1,24,26,26,-1,111,-1,-1,-1,29,19,28,40,-1,-1,-1,-1,49,-1,19,16
-1,12,31,96,8,-1,-1,-1,-1,-1,13,20,20,21,21,20,20,24,-1,185,16,36,27,-1,-1,-1,21,52,39,39,38,39,-1,-1,-1,32,-1,21,21,-1,23,-1,24,-1,20,38,67,13,10,13,13,22,46,14,14,14,48,26,21,38,-1,38,30,52,11,9,9,45,16,49,37,35,29,32,24,29,38,38,40,40,40,46,25,61,13,41,13,43,43,72,-1,-1,105,43,33,33,-1,22,24,17,42,33,10,27,28,29,28,21,20,30,25,14,19,26,25,26,23,25,31,18,18,19,17,19,14,17,-1,16,15,17,21,16,-1,-1,18,21,20,-1,22,-1,13,23,24,53,-1,60,-1,16,74,23,20,-1,-1,-1,-1,-1,-1,49,90,170,-1,10,-1,-1,-1,-1,22,26,21,21,21,62,31,-1,17,-1,20,21,28,32,73,20,93,94,-1,-1,-1,-1,-1,43,46,10,32,16,15,20,16,15,16,22,20,16,38,-1,16,82,23,23,23,11,12,11,15,-1,-1,27,27,27,17,17,88,34,17,17,17,19,20,60,44,30,29,10,35,36,15,-1,20,24,24,24,-1,-1,20,24,-1,-1,14,-1,-1,73,-1,-1,-1,-1,21,-1,-1,-1,-1,-1,-1,-1,71,73,45,43,46,46,46,-1,-1,-1,32,-1,-1,-1,24,-1,-1,-1,-1,25,26,-1,25,-1,-1,-1,-1,-1,0,-1,-1,-1,-1,-1,-1,6,-1,37,24,24,25,-1,24,-1,-1,25,103,25,27,-1,-1,-1,-1,-1,-1,-1,-1,-1,-1,-1,41,17,-1,23,16,30,-1,-1,-1,27,27,29,-1,112,-1,-1,-1,30,22,31,42,-1,-1,-1,-1,51,-1,22,17
-1,10,29,99,6,-1,-1,-1,-1,-1,11,19,19,19,20,18,19,22,-1,183,14,34,26,-1,-1,-1,-1,50,37,37,36,37,-1,-1,-1,30,-1,19,19,-1,21,-1,22,-1,18,36,65,11,8,11,11,20,44,12,12,12,46,25,20,36,-1,36,29,50,9,7,7,44,68,48,36,34,32,24,23,32,49,49,39,39,39,45,23,60,11,40,11,41,42,70,-1,-1,100,46,32,36,-1,21,22,15,40,41,8,25,27,27,27,24,23,28,24,12,17,24,23,25,22,28,29,23,17,18,15,17,12,16,-1,14,14,16,20,15,-1,-1,17,20,19,-1,21,-1,12,21,22,51,-1,58,-1,15,70,21,19,-1,-1,-1,-1,-1,-1,48,88,168,-1,-1,-1,-1,-1,-1,20,25,11,11,11,60,29,-1,15,-1,18,19,26,30,76,19,78,78,-1,-1,-1,-1,-1,41,44,8,24,14,13,18,14,19,14,20,18,14,37,-1,15,85,21,21,21,9,12,9,13,6,4,25,25,25,15,15,86,30,16,15,15,17,18,59,42,29,28,8,33,34,13,-1,18,23,23,23,-1,-1,19,22,-1,-1,12,-1,-1,71,-1,-1,-1,-1,20,-1,-1,-1,-1,-1,-1,-1,69,71,43,41,44,44,44,-1,-1,-1,30,-1,-1,-1,22,-1,-1,-1,-1,24,25,-1,24,-1,-1,-1,-1,-1,-1,0,17,17,-1,-1,-1,-1,-1,37,22,22,23,-1,22,-1,-1,23,103,23,25,-1,-1,-1,-1,-1,-1,-1,-1,-1,-1,-1,39,15,-1,21,14,28,-1,-1,-1,25,27,27,-1,112,-1,-1,-1,30,20,29,41,-1,-1,-1,-1,49,-1,20,-1
-1,10,29,99,6,-1,-1,-1,-1,-1,11,19,19,19,20,18,19,22,-1,183,14,34,26,-1,-1,-1,-1,50,37,37,36,37,-1,-1,-1,30,-1,19,19,-1,21,-1,22,-1,18,36,65,11,8,11,11,20,44,12,12,12,46,25,20,36,-1,36,29,50,9,7,7,44,68,48,36,34,32,24,23,32,49,49,39,39,39,45,23,60,11,40,11,41,42,70,-1,-1,100,46,32,36,-1,21,22,15,40,41,8,25,27,27,27,24,23,28,24,12,17,24,23,25,22,28,29,23,17,18,15,17,12,16,-1,14,14,16,20,15,-1,-1,17,20,19,-1,21,-1,12,21,22,51,-1,58,-1,15,70,21,19,-1,-1,-1,-1,-1,-1,48,88,168,-1,-1,-1,-1,-1,-1,20,25,11,11,11,60,29,-1,15,-1,18,19,26,30,76,19,78,78,-1,-1,-1,-1,-1,41,44,8,24,14,13,18,14,19,14,20,18,14,37,-1,15,85,21,21,21,9,12,9,13,6,4,25,25,25,15,15,86,30,16,15,15,17,18,59,42,29,28,8,33,34,13,-1,18,23,23,23,-1,-1,19,22,-1,-1,12,-1,-1,71,-1,-1,-1,-1,20,-1,-1,-1,-1,-1,-1,-1,69,71,43,41,44,44,44,-1,-1,-1,30,-1,-1,-1,22,-1,-1,-1,-1,24,25,-1,24,-1,-1,-1,-1,-1,-1,17,0,-1,-1,-1,-1,-1,-1,37,22,22,23,-1,19,-1,-1,23,103,23,25,-1,-1,-1,-1,-1,-1,-1,-1,-1,-1,-1,39,15,-1,21,14,28,-1,-1,-1,25,27,27,-1,112,-1,-1,-1,30,20,29,41,-1,-1,-1,-1,49,-1,20,-1
-1,10,29,99,6,-1,-1,-1,-1,-1,11,19,19,19,20,18,19,22,-1,183,14,34,26,-1,-1,-1,-1,50,37,37,36,37,-1,-1,-1,30,-1,19,19,-1,21,-1,22,-1,18,36,65,11,8,11,11,20,44,12,12,12,46,25,20,36,-1,36,29,50,9,7,7,44,68,48,36,34,32,24,23,32,49,49,39,39,39,45,23,60,11,40,11,41,42,70,-1,-1,100,46,32,36,-1,21,22,15,40,41,8,25,27,27,27,24,23,28,24,12,17,24,23,25,22,28,29,23,17,18,15,17,12,16,-1,14,14,16,20,15,-1,-1,17,20,19,-1,21,-1,12,21,22,51,-1,58,-1,15,70,21,19,-1,-1,-1,-1,-1,-1,48,88,168,-1,-1,-1,-1,-1,-1,20,25,11,11,11,60,29,-1,15,-1,18,19,26,30,76,19,78,78,-1,-1,-1,-1,-1,41,44,8,24,14,13,18,14,19,14,20,18,14,37,-1,15,85,21,21,21,9,12,9,13,6,4,25,25,25,15,15,86,30,16,15,15,17,18,59,42,29,28,8,33,34,13,-1,18,23,23,23,-1,-1,19,22,-1,-1,12,-1,-1,71,-1,-1,-1,-1,20,-1,-1,-1,-1,-1,-1,-1,69,71,43,41,44,44,44,-1,-1,-1,30,-1,-1,-1,22,-1,-1,-1,-1,24,25,-1,24,-1,-1,-1,-1,-1,-1,17,-1,0,-1,-1,-1,-1,-1,37,22,22,23,-1,19,-1,-1,23,103,23,25,-1,-1,-1,-1,-1,-1,-1,-1,-1,-1,-1,39,15,-1,21,14,28,-1,-1,-1,25,27,27,-1,112,-1,-1,-1,30,20,29,24,-1,-1,-1,-1,49,-1,20,-1
-1,10,31,91,6,-1,-1,-1,-1,-1,10,19,19,18,20,20,19,26,-1,150,16,31,23,-1,-1,-1,-1,49,37,37,36,37,-1,-1,-1,30,-1,-1,-1,-1,-1,-1,22,-1,18,38,34,11,8,11,11,20,44,12,12,12,44,26,21,37,-1,35,28,52,9,7,7,45,68,50,38,36,33,32,30,33,48,48,38,38,38,45,22,60,11,41,11,43,43,70,-1,-1,98,49,31,37,14,21,22,-1,40,48,8,24,27,28,27,37,24,29,24,12,17,23,22,24,22,35,36,30,17,18,15,17,12,18,12,15,14,16,20,15,-1,-1,17,20,19,13,21,14,16,21,22,49,-1,56,17,16,70,20,-1,-1,-1,-1,-1,22,22,50,88,146,-1,-1,-1,-1,-1,-1,20,24,9,9,9,29,26,21,15,-1,18,17,25,29,77,21,86,87,-1,-1,-1,-1,-1,40,44,9,24,15,20,19,15,20,15,21,19,15,36,-1,15,81,21,21,21,9,9,10,12,-1,-1,25,25,25,-1,15,86,32,16,15,15,18,19,57,41,28,28,9,31,32,13,-1,18,23,25,25,-1,-1,19,21,-1,-1,13,14,-1,70,-1,-1,-1,-1,19,-1,-1,-1,-1,-1,-1,-1,68,70,42,41,44,44,44,-1,-1,-1,30,-1,-1,-1,22,-1,-1,-1,-1,23,24,17,23,-1,-1,-1,-1,-1,-1,-1,-1,-1,0,-1,-1,-1,-1,38,22,22,23,21,19,20,-1,23,104,23,25,-1,-1,-1,-1,-1,-1,-1,-1,-1,-1,-1,41,15,-1,21,14,28,-1,-1,-1,25,28,27,-1,113,-1,-1,-1,31,20,-1,24,-1,-1,-1,-1,49,-1,20,-1
-1,10,31,90,6,-1,-1,-1,-1,-1,11,20,20,18,21,21,20,25,-1,150,16,31,24,-1,-1,-1,-1,48,38,38,37,38,-1,-1,-1,30,-1,-1,-1,-1,-1,-1,23,-1,19,38,34,12,9,12,12,20,44,12,12,12,44,27,22,37,-1,34,29,52,10,8,8,45,69,50,38,36,33,32,31,33,48,48,39,39,39,46,22,61,12,41,12,43,43,70,-1,-1,98,49,32,37,14,22,22,-1,37,47,8,24,28,28,28,36,24,29,25,13,17,23,22,25,23,34,35,29,18,19,15,17,12,18,12,15,15,17,21,16,-1,-1,18,21,20,14,22,14,17,21,22,49,-1,56,18,16,67,20,-1,-1,-1,-1,-1,23,23,50,89,146,-1,-1,-1,-1,-1,-1,21,25,9,9,9,29,26,22,16,-1,19,17,25,29,77,21,85,86,-1,-1,-1,-1,-1,39,44,9,25,15,20,19,15,20,15,21,19,15,37,-1,16,81,21,21,21,9,9,10,13,-1,-1,26,26,26,-1,15,80,33,17,15,15,18,19,57,42,29,29,9,31,32,13,-1,18,24,25,25,-1,-1,20,21,-1,-1,13,14,-1,69,-1,-1,-1,-1,20,-1,-1,-1,-1,-1,-1,-1,67,69,41,41,44,44,44,-1,-1,-1,31,-1,-1,-1,23,-1,-1,-1,-1,24,25,18,24,-1,-1,-1,-1,-1,-1,-1,-1,-1,-1,0,-1,-1,-1,39,22,22,23,21,19,20,-1,23,105,23,25,-1,-1,-1,-1,-1,-1,-1,-1,-1,-1,-1,25,15,-1,21,14,28,-1,-1,-1,25,29,27,-1,114,-1,-1,-1,32,20,-1,24,-1,-1,-1,-1,49,-1,20,-1
-1,11,31,90,7,-1,-1,-1,-1,-1,11,20,20,19,22,21,20,25,-1,149,16,30,-1,-1,-1,-1,-1,48,38,38,37,38,-1,-1,-1,31,-1,-1,-1,-1,-1,-1,23,-1,19,39,33,12,9,12,12,30,45,13,13,13,44,27,22,38,16,34,29,52,10,8,8,46,69,51,38,36,34,33,31,34,49,49,39,39,39,46,23,61,12,42,12,44,44,71,20,21,97,52,32,38,14,22,22,-1,37,47,-1,25,28,28,28,36,38,29,25,13,17,24,23,25,23,34,35,29,18,19,15,16,11,18,12,15,16,17,19,16,-1,15,18,25,20,14,22,16,17,21,22,49,-1,56,18,17,66,21,-1,-1,-1,-1,-1,23,23,51,89,145,-1,-1,-1,-1,-1,-1,21,25,8,8,8,28,25,22,16,20,19,16,26,28,78,26,85,86,-1,-1,-1,-1,-1,39,40,9,25,15,20,19,15,20,15,15,19,15,37,-1,16,76,21,21,21,9,9,10,13,-1,-1,26,26,26,-1,-1,80,33,17,15,15,18,19,56,42,29,29,9,31,32,13,-1,18,24,25,25,-1,-1,20,22,-1,-1,13,14,-1,69,-1,-1,-1,-1,20,-1,-1,-1,-1,-1,-1,-1,67,69,41,41,44,44,44,-1,-1,-1,31,-1,-1,-1,23,-1,-1,-1,-1,24,25,18,24,-1,-1,-1,-1,-1,-1,-1,-1,-1,-1,-1,0,-1,-1,39,23,23,24,22,20,21,-1,24,84,24,26,-1,-1,-1,-1,-1,-1,-1,-1,-1,-1,-1,26,-1,-1,-1,-1,29,-1,-1,-1,26,29,28,-1,109,-1,-1,-1,32,-1,-1,25,-1,-1,-1,-1,50,-1,-1,-1
-1,-1,35,86,4,7,6,6,-1,4,13,20,20,32,21,23,20,21,-1,146,20,27,-1,-1,-1,-1,-1,44,35,35,34,35,-1,-1,-1,35,-1,22,22,-1,32,-1,33,-1,22,43,30,-1,11,14,14,33,49,14,14,14,40,32,27,40,11,29,33,56,12,10,10,49,67,53,41,39,38,36,34,38,44,44,38,38,38,34,25,61,14,45,14,47,47,67,15,16,94,48,32,46,18,21,20,-1,33,42,-1,28,28,30,28,31,33,26,25,8,15,26,25,24,24,29,30,24,20,20,13,13,-1,19,13,17,15,23,21,18,15,10,19,26,20,14,22,15,14,19,20,45,-1,52,18,14,63,22,-1,-1,-1,-1,-1,27,27,53,87,142,-1,-1,-1,-1,13,13,24,31,4,4,4,25,21,21,18,16,19,12,28,23,82,23,81,82,-1,-1,-1,-1,-1,35,36,11,25,17,15,21,17,22,23,23,21,17,40,-1,25,72,19,19,19,-1,14,12,15,-1,-1,28,28,28,-1,-1,76,36,17,12,12,20,21,52,40,29,29,11,27,28,11,-1,16,24,22,22,-1,-1,20,21,10,9,15,16,-1,65,-1,-1,-1,-1,33,-1,-1,-1,-1,-1,-1,-1,63,65,37,39,42,42,42,-1,-1,-1,34,-1,-1,-1,26,-1,-1,-1,-1,30,31,27,30,-1,-1,-1,-1,-1,6,-1,-1,-1,-1,-1,-1,0,-1,44,32,32,32,25,23,24,-1,27,82,27,29,-1,-1,-1,-1,-1,29,-1,-1,-1,-1,-1,29,-1,-1,-1,-1,26,-1,26,27,29,34,40,25,106,-1,-1,-1,37,-1,-1,28,-1,-1,-1,24,52,-1,-1,34
-1,10,35,86,5,-1,-1,-1,-1,4,13,19,19,32,20,18,19,21,-1,146,20,27,-1,-1,-1,-1,-1,44,35,35,34,35,-1,-1,-1,33,-1,22,22,-1,32,-1,33,-1,21,41,30,-1,11,14,14,32,47,14,14,14,40,31,26,39,12,32,31,56,12,10,10,48,51,52,40,38,37,34,33,37,46,46,41,41,41,45,23,60,14,43,14,45,45,67,18,19,94,48,34,46,19,22,21,-1,33,45,-1,25,27,27,27,34,36,26,24,9,16,24,23,25,23,32,33,27,21,19,14,13,-1,15,13,17,14,17,22,19,14,10,18,25,20,13,21,14,15,20,21,45,-1,52,17,14,63,21,-1,-1,-1,-1,-1,25,25,52,87,142,-1,-1,-1,-1,-1,-1,23,31,7,7,7,25,21,24,18,19,22,15,26,25,81,26,81,82,-1,-1,-1,-1,-1,35,36,11,24,17,22,21,17,22,23,23,21,17,39,-1,18,72,20,20,20,-1,11,12,15,-1,-1,28,28,28,-1,-1,76,35,16,14,14,20,21,55,40,28,28,11,27,28,12,-1,17,23,23,23,-1,-1,19,20,10,9,15,16,-1,65,-1,-1,-1,-1,32,-1,-1,-1,-1,-1,-1,-1,63,65,37,40,43,43,43,-1,-1,-1,33,-1,-1,-1,25,-1,-1,-1,-1,26,31,25,26,-1,-1,-1,-1,-1,-1,-1,-1,-1,-1,-1,-1,-1,0,44,26,26,27,25,23,24,-1,27,82,27,29,-1,-1,-1,-1,-1,29,-1,-1,-1,-1,-1,29,-1,-1,-1,-1,26,-1,26,27,29,34,31,25,106,-1,-1,-1,37,-1,-1,28,-1,-1,-1,24,51,-1,-1,36
45,36,52,79,42,40,47,47,45,45,58,33,33,34,33,32,33,32,32,116,42,11,42,39,38,37,36,38,73,73,72,73,34,35,34,67,44,42,42,42,44,40,45,39,66,75,20,32,29,34,34,51,75,77,54,54,5,70,65,54,49,25,64,43,31,27,27,53,25,55,52,56,50,54,53,50,19,19,68,68,68,44,59,81,32,44,32,47,47,63,39,39,101,-1,55,54,38,32,41,33,-1,52,32,53,40,40,40,42,41,37,37,30,33,50,49,48,37,39,39,34,34,34,31,36,31,38,50,58,37,33,32,33,47,47,32,33,31,46,37,37,38,45,54,-1,36,18,35,48,51,57,34,56,58,46,40,44,44,61,41,115,40,29,46,44,37,37,46,47,35,35,35,16,47,42,36,40,43,30,58,14,66,61,70,70,40,40,32,33,33,46,47,39,40,51,40,41,40,59,41,40,41,51,44,40,38,71,36,36,37,29,41,42,46,36,38,54,54,54,32,31,79,58,43,30,31,48,48,71,58,41,41,35,48,48,27,42,34,36,33,33,44,43,30,42,42,48,46,51,51,41,52,52,57,57,68,32,35,36,36,37,37,51,39,41,-1,64,67,67,67,39,39,38,70,37,36,32,62,32,33,32,37,59,60,41,59,46,32,35,31,36,37,37,37,37,38,39,39,44,44,0,73,73,73,109,64,109,38,55,77,55,57,38,37,101,42,104,102,30,30,34,102,101,81,27,104,33,26,47,106,99,100,57,107,69,63,81,101,101,101,26,32,41,56,34,98,97,97,87,38,32,109
20,26,34,87,21,22,19,19,21,21,-1,-1,-1,8,-1,9,-1,-1,22,183,-1,34,23,16,16,18,17,45,47,47,46,47,-1,-1,-1,22,18,-1,-1,-1,-1,17,-1,16,-1,56,75,-1,-1,26,26,-1,36,21,21,21,47,-1,-1,30,24,26,21,71,25,-1,-1,16,57,18,-1,-1,33,-1,-1,33,53,53,31,31,31,44,48,55,-1,-1,-1,-1,-1,81,16,16,115,51,44,29,10,-1,33,20,34,24,22,39,-1,-1,-1,14,16,-1,-1,27,19,44,43,39,-1,-1,-1,10,10,10,28,25,27,11,14,-1,12,9,-1,9,16,18,-1,-1,-1,15,-1,14,12,23,35,35,21,52,7,-1,63,33,38,26,28,29,25,-1,-1,18,97,177,22,-1,15,28,-1,-1,-1,-1,26,26,26,81,29,-1,-1,19,15,43,51,79,81,12,82,83,33,33,36,36,36,29,30,21,12,25,25,27,29,28,29,29,27,27,27,25,12,85,27,30,30,21,-1,-1,-1,28,26,53,53,53,20,19,79,15,15,21,21,-1,-1,63,50,16,16,22,52,53,17,34,24,-1,-1,-1,34,33,-1,37,-1,-1,-1,-1,-1,95,-1,16,21,21,-1,-1,-1,-1,-1,-1,-1,23,93,95,83,50,53,53,53,-1,-1,-1,34,-1,-1,-1,26,-1,-1,-1,-1,-1,-1,-1,-1,24,-1,22,-1,21,24,22,22,22,22,22,23,32,26,73,0,-1,-1,-1,-1,-1,35,16,92,16,18,22,23,20,19,-1,-1,29,30,16,21,21,11,16,18,22,15,28,-1,-1,-1,18,88,-1,-1,108,-1,-1,-1,91,21,30,13,36,-1,-1,-1,37,27,21,-1
20,26,34,87,21,22,19,19,21,21,-1,-1,-1,8,-1,9,-1,-1,22,183,-1,34,23,16,16,18,17,45,47,47,46,47,-1,-1,-1,22,18,-1,-1,-1,-1,17,-1,16,-1,56,75,-1,-1,26,26,-1,36,21,21,21,47,-1,-1,30,24,26,21,71,25,-1,-1,16,57,18,-1,-1,33,-1,-1,33,53,53,31,31,31,44,48,55,-1,-1,-1,-1,-1,81,16,16,115,51,44,29,10,-1,33,20,34,24,22,39,-1,-1,-1,14,16,-1,-1,27,19,44,43,39,-1,-1,-1,10,10,10,24,25,27,11,14,-1,12,9,-1,9,16,18,-1,-1,-1,15,-1,14,12,23,35,35,21,52,7,-1,63,33,38,26,28,29,25,-1,-1,18,97,177,22,-1,15,28,-1,-1,-1,-1,26,26,17,81,29,-1,-1,19,15,43,51,79,81,12,82,83,33,33,36,36,36,29,30,21,12,25,25,27,29,28,29,29,27,27,27,25,12,85,27,30,30,21,-1,-1,-1,28,26,53,53,53,20,19,79,15,15,21,21,-1,-1,63,50,16,16,22,52,53,17,34,24,-1,-1,-1,34,33,-1,37,-1,-1,-1,-1,-1,95,-1,16,21,21,-1,-1,-1,-1,-1,-1,-1,23,93,95,83,50,53,53,53,-1,-1,-1,34,-1,-1,-1,26,-1,-1,-1,-1,-1,-1,-1,-1,24,-1,22,-1,21,24,22,22,22,22,22,23,32,26,73,-1,0,-1,-1,-1,-1,35,16,92,16,18,22,23,20,19,-1,-1,30,30,16,21,21,11,16,18,22,15,28,-1,-1,-1,18,88,-1,-1,108,-1,-1,-1,91,21,30,14,23,-1,-1,-1,38,27,21,-1
20,26,34,87,21,22,19,19,21,21,-1,10,10,8,11,9,10,-1,22,184,-1,35,24,17,17,19,18,46,47,47,46,47,-1,-1,-1,21,19,-1,-1,-1,-1,18,-1,17,-1,57,75,-1,-1,25,25,-1,35,21,21,21,47,-1,-1,30,24,26,20,70,24,-1,-1,15,58,17,-1,-1,32,-1,-1,32,53,53,30,30,30,44,48,55,-1,-1,-1,-1,-1,81,16,16,115,50,44,29,10,-1,33,20,34,24,22,39,-1,-1,-1,14,16,-1,-1,26,19,42,42,42,-1,-1,-1,10,10,10,24,25,27,11,14,-1,12,9,-1,9,16,18,-1,-1,-1,15,-1,14,12,23,35,35,21,52,7,-1,63,33,38,26,28,29,26,-1,-1,17,97,177,23,-1,16,28,-1,-1,-1,-1,26,26,18,81,30,-1,-1,20,15,43,51,79,80,12,82,83,33,33,36,36,36,29,30,21,12,25,25,27,29,28,29,29,27,27,27,25,12,85,27,30,30,21,-1,23,-1,28,26,53,53,53,20,19,79,15,15,21,21,-1,-1,63,50,16,16,21,52,53,17,34,24,-1,-1,-1,34,33,-1,37,-1,-1,-1,-1,-1,95,26,27,22,22,-1,-1,-1,-1,-1,-1,-1,23,93,95,83,50,53,53,53,-1,-1,-1,34,-1,-1,-1,26,-1,-1,-1,-1,-1,-1,-1,-1,25,-1,23,-1,22,25,23,23,23,23,23,24,32,27,73,-1,-1,0,-1,-1,-1,35,17,93,17,19,21,22,19,18,-1,-1,30,30,15,20,20,11,15,17,21,14,27,-1,-1,-1,19,87,-1,-1,107,-1,-1,-1,90,20,29,13,22,-1,-1,-1,37,26,20,-1
19,25,42,86,20,21,18,18,20,20,-1,-1,-1,-1,-1,-1,-1,-1,21,182,-1,33,22,15,15,17,16,44,42,42,41,42,-1,-1,-1,21,17,-1,-1,-1,-1,-1,-1,15,-1,40,70,-1,-1,-1,-1,-1,35,20,20,20,46,17,12,28,19,25,31,31,-1,-1,-1,15,52,30,14,-1,37,-1,-1,37,48,48,30,30,30,48,38,59,-1,-1,-1,14,14,80,15,15,111,43,38,30,-1,-1,18,19,33,25,22,30,-1,13,13,14,16,-1,-1,25,18,37,37,37,-1,12,13,-1,-1,-1,23,23,22,10,12,-1,9,-1,-1,-1,15,13,-1,-1,-1,12,-1,12,10,18,34,34,19,51,-1,20,62,32,17,19,21,22,24,-1,-1,30,92,172,21,-1,14,23,-1,-1,-1,-1,21,21,16,96,28,-1,-1,16,14,37,41,74,69,-1,81,82,25,25,25,26,26,28,29,19,13,23,28,26,25,27,28,25,26,26,31,19,-1,77,26,27,27,20,-1,-1,-1,23,21,39,39,39,18,18,78,16,14,20,20,-1,-1,62,49,17,17,20,46,47,16,29,28,12,-1,-1,21,20,-1,32,-1,-1,-1,-1,-1,90,-1,15,20,20,-1,-1,-1,-1,-1,-1,-1,22,88,90,78,49,52,52,52,-1,-1,-1,29,-1,-1,-1,21,-1,-1,-1,-1,-1,-1,-1,-1,23,-1,-1,-1,-1,-1,-1,-1,-1,21,21,22,25,25,109,-1,-1,-1,0,-1,-1,30,15,88,15,17,21,22,-1,-1,-1,-1,18,18,15,-1,-1,17,15,-1,21,14,27,-1,-1,-1,17,32,-1,-1,107,-1,-1,-1,35,20,29,16,31,-1,-1,-1,38,26,20,23
19,32,34,84,26,19,25,21,26,26,27,-1,-1,-1,-1,-1,-1,-1,19,180,-1,31,20,13,13,15,14,42,38,38,37,38,-1,19,18,20,15,-1,-1,-1,-1,14,-1,13,-1,50,66,-1,23,31,31,-1,34,36,25,25,44,-1,-1,-1,-1,23,19,76,29,23,23,14,65,31,13,15,38,-1,-1,38,57,57,29,29,29,50,31,59,21,13,21,11,11,78,13,13,108,41,41,29,-1,-1,17,18,31,24,21,32,13,17,13,13,15,9,10,24,17,39,38,34,-1,11,12,-1,-1,-1,21,25,17,-1,9,22,9,-1,-1,7,10,12,-1,-1,-1,12,-1,9,7,17,31,32,16,49,-1,29,60,29,35,23,25,26,29,-1,-1,16,88,168,22,28,12,19,14,14,-1,-1,17,17,14,76,26,-1,20,14,-1,39,34,76,67,-1,79,80,22,22,37,37,23,26,27,34,10,40,25,44,40,26,26,32,44,40,27,20,11,75,24,28,28,18,22,30,17,23,21,54,54,54,17,16,76,15,13,18,18,21,22,60,47,14,14,26,48,49,16,29,28,9,9,9,29,28,5,32,20,20,-1,-1,-1,86,23,16,27,26,-1,-1,-1,-1,-1,-1,-1,20,84,86,74,47,50,50,50,-1,-1,-1,25,-1,-1,21,17,-1,-1,-1,-1,-1,-1,-1,-1,24,23,22,20,21,24,22,19,19,19,19,20,23,23,64,-1,-1,-1,-1,0,-1,25,13,82,13,15,21,22,19,17,-1,-1,17,17,15,20,20,15,14,16,20,13,25,-1,19,20,15,85,-1,-1,105,-1,19,-1,88,19,28,14,21,-1,-1,-1,36,25,19,17
19,25,43,85,20,20,18,18,20,20,-1,-1,-1,-1,-1,-1,-1,-1,20,181,-1,32,21,14,14,16,15,43,42,42,41,42,-1,-1,-1,21,16,-1,-1,-1,-1,-1,-1,14,-1,40,70,-1,-1,-1,-1,-1,35,20,20,20,45,17,-1,28,19,24,31,32,-1,-1,-1,15,52,30,14,-1,37,-1,-1,37,48,48,30,30,30,48,38,59,-1,-1,-1,14,14,79,14,14,111,42,42,30,-1,-1,18,19,32,25,22,30,-1,13,13,14,16,-1,-1,25,18,37,37,37,-1,12,13,-1,-1,-1,23,23,22,10,12,-1,9,-1,-1,-1,15,13,-1,-1,-1,12,-1,12,10,18,34,33,19,50,-1,20,61,32,16,18,20,21,23,-1,-1,30,92,172,20,-1,13,23,-1,-1,-1,-1,21,21,15,96,27,-1,-1,15,13,37,41,74,68,-1,80,81,25,25,25,26,31,27,28,19,13,23,26,26,25,27,28,25,26,26,31,19,-1,76,25,27,27,20,-1,-1,-1,23,21,40,40,40,18,18,77,16,16,19,19,-1,-1,61,48,17,17,20,47,48,15,29,28,12,-1,-1,21,20,-1,32,-1,-1,-1,-1,-1,90,-1,14,19,19,-1,-1,-1,-1,-1,-1,-1,21,88,90,78,49,52,52,52,-1,-1,-1,29,-1,-1,-1,21,-1,-1,-1,-1,-1,-1,-1,-1,22,-1,-1,-1,-1,-1,-1,-1,-1,20,20,21,24,24,109,-1,-1,-1,-1,-1,0,30,15,88,15,17,21,22,-1,-1,-1,-1,18,18,15,-1,-1,17,15,-1,21,14,27,-1,-1,-1,17,32,-1,-1,107,-1,-1,-1,35,20,29,16,22,-1,-1,-1,38,26,20,23
13,-1,44,86,6,13,10,10,8,8,19,25,25,23,25,24,25,21,-1,146,26,27,-1,-1,-1,-1,-1,44,35,35,34,35,-1,-1,-1,35,-1,37,37,25,38,-1,38,-1,22,49,30,-1,17,20,20,39,49,18,35,35,46,37,32,48,17,31,33,36,18,16,16,54,-1,59,47,45,41,41,40,41,46,46,39,39,39,35,25,66,20,50,20,36,36,67,16,17,93,54,33,50,20,21,21,14,33,43,-1,27,33,33,33,32,34,26,26,-1,16,26,25,26,29,30,31,25,24,25,14,-1,11,20,14,21,20,24,27,24,18,11,24,31,20,22,27,20,20,20,21,35,13,45,23,18,66,25,-1,-1,-1,-1,-1,32,32,59,87,142,-1,-1,19,-1,14,14,33,36,5,5,5,25,-1,31,24,17,20,-1,28,25,69,24,81,82,-1,-1,-1,-1,-1,35,36,15,30,20,16,25,21,26,27,27,25,21,33,8,17,72,18,-1,18,8,15,16,20,9,7,34,34,34,14,14,76,39,22,14,14,24,25,53,40,34,34,15,33,34,12,10,-1,25,22,22,10,9,26,27,14,13,19,20,-1,65,-1,-1,-1,-1,36,-1,-1,-1,-1,-1,-1,20,63,65,37,39,42,42,42,30,26,27,34,23,-1,-1,26,-1,-1,-1,30,36,36,30,36,-1,-1,-1,-1,-1,-1,-1,-1,-1,-1,-1,-1,-1,-1,38,35,35,35,30,25,30,0,27,82,27,29,-1,-1,-1,-1,31,29,-1,-1,-1,-1,-1,51,-1,-1,-1,-1,26,27,26,27,29,34,46,25,106,-1,-1,28,37,-1,-1,53,-1,25,24,24,64,-1,-1,40
28,30,37,92,26,20,26,20,26,26,29,18,28,26,29,27,28,31,34,184,17,35,24,17,17,19,18,46,87,87,86,87,35,23,22,18,49,39,39,34,25,18,25,17,15,65,51,42,27,35,35,15,32,38,38,38,72,15,12,43,12,52,-1,59,47,45,45,-1,69,-1,4,6,21,7,9,21,34,34,27,27,27,-1,43,36,44,10,17,-1,-1,90,15,15,125,39,26,25,20,17,42,21,59,17,26,48,9,9,8,13,9,8,8,33,26,41,41,41,22,18,7,11,20,11,28,35,22,11,18,23,10,10,8,9,15,15,8,7,6,14,25,13,23,36,30,35,18,79,10,25,69,38,58,50,52,54,50,15,15,-1,125,145,52,49,16,20,18,18,12,20,18,18,18,32,30,14,28,20,41,54,46,30,69,14,90,90,34,34,37,37,37,42,43,26,11,15,15,16,15,16,16,44,48,44,48,35,11,90,41,41,41,20,24,17,21,27,25,62,62,62,30,29,78,-1,25,38,38,29,29,81,68,-1,-1,10,65,66,35,52,42,-1,-1,-1,24,24,12,52,23,23,21,26,26,128,29,29,26,26,14,17,39,39,39,38,38,49,126,128,55,60,63,63,63,35,35,36,154,36,37,44,146,41,40,40,35,19,19,16,19,25,46,23,45,22,25,23,23,23,23,23,24,27,27,55,16,16,17,15,13,15,27,0,100,-1,-1,23,24,21,20,35,36,20,20,17,22,22,-1,17,19,23,16,29,20,36,37,-1,89,21,20,109,23,22,27,92,22,31,-1,24,29,28,30,41,28,22,37
68,68,82,56,59,76,85,75,86,86,84,71,71,72,79,68,69,69,69,63,78,78,65,63,63,60,58,74,72,72,71,72,105,69,68,83,65,98,98,98,92,66,101,65,67,112,76,88,90,98,98,88,112,104,88,88,63,87,82,91,70,59,105,83,92,88,88,90,86,92,89,91,85,90,89,85,52,52,105,105,105,77,69,116,79,77,79,80,80,-1,77,78,88,69,93,89,70,64,74,66,59,85,67,87,74,74,74,78,79,73,70,63,66,82,81,85,69,73,73,68,69,69,66,69,64,71,78,92,71,67,66,67,73,73,78,68,66,82,73,71,74,81,79,60,68,73,68,95,38,93,67,76,92,112,106,110,110,102,82,63,106,95,112,110,78,78,81,96,63,63,63,115,75,83,93,76,79,66,68,90,49,98,-1,-1,69,69,69,70,70,79,82,74,75,79,79,80,79,94,89,73,74,96,78,73,73,53,71,71,68,63,83,75,78,69,71,89,89,89,67,66,56,91,76,64,64,81,81,65,94,79,79,73,75,76,63,78,70,72,69,69,84,83,70,82,82,88,86,91,91,75,72,72,77,77,88,87,81,81,95,103,103,85,73,75,63,60,63,63,63,105,105,104,91,103,102,98,83,98,99,98,103,95,95,107,95,112,98,101,97,102,103,103,103,103,104,105,84,82,82,77,92,92,93,88,82,88,82,100,0,103,105,114,112,112,110,129,131,105,105,108,113,113,104,102,109,108,101,108,115,126,127,105,115,119,113,110,113,112,122,121,107,116,104,109,124,122,124,152,113,107,137
30,30,37,92,29,23,26,23,29,29,31,20,31,26,32,30,28,11,34,184,17,35,24,17,17,19,18,46,90,90,89,90,35,23,22,18,49,39,39,34,25,18,25,17,15,65,51,42,27,35,35,15,32,38,38,38,75,-1,15,44,15,55,-1,59,47,46,46,-1,69,-1,7,9,21,10,18,21,34,34,27,27,27,6,46,38,44,11,17,7,-1,91,18,18,116,39,26,25,21,18,43,24,60,14,29,50,12,12,11,14,10,16,11,34,27,44,44,44,23,19,10,14,21,14,31,36,25,14,21,26,13,13,11,20,18,18,11,10,9,17,26,16,24,39,33,35,21,76,13,28,69,41,58,50,52,54,50,15,15,-1,125,145,53,49,16,20,18,18,12,20,18,18,18,32,30,14,28,20,41,54,49,30,69,33,90,90,34,34,37,37,37,45,46,14,12,15,15,16,15,16,16,47,51,47,51,36,14,80,42,42,42,23,27,17,21,30,28,62,62,62,31,30,78,-1,26,39,39,29,29,81,68,-1,-1,10,65,66,35,52,42,-1,-1,-1,24,24,12,52,23,23,21,26,26,128,29,29,26,26,14,17,40,40,39,38,38,49,126,128,55,63,66,66,66,35,35,36,154,36,37,45,146,41,40,41,35,19,19,16,19,25,46,23,45,22,25,23,23,23,23,23,24,27,27,55,16,16,17,15,13,15,27,-1,103,0,-1,24,25,22,21,31,36,21,21,18,23,23,-1,18,20,24,17,30,21,37,38,-1,90,22,21,110,24,23,28,93,23,32,-1,25,30,29,31,43,29,23,37
32,32,39,94,29,23,28,23,29,29,33,22,33,28,33,32,30,13,36,186,19,37,26,19,19,21,20,48,90,90,89,90,37,25,24,20,51,41,41,36,40,20,39,19,17,67,53,44,29,37,37,17,34,40,40,40,75,18,15,46,15,55,-1,61,49,47,48,-1,71,-1,7,9,23,10,12,23,36,36,29,29,29,7,46,37,46,13,19,9,8,94,18,18,129,41,28,27,24,21,46,24,63,15,29,52,12,12,11,12,12,19,11,36,29,44,44,44,26,22,10,14,24,14,31,39,25,14,21,26,13,13,11,23,18,18,11,10,9,17,29,16,27,39,33,37,21,79,13,28,71,41,60,52,54,56,52,17,17,-1,127,147,54,51,18,22,20,20,14,22,20,20,20,34,32,16,30,22,43,56,49,32,71,35,92,92,36,36,39,39,39,45,46,16,12,17,17,18,17,18,18,47,51,47,51,39,14,82,45,44,44,23,27,19,23,30,28,64,64,64,34,33,80,-1,29,42,42,31,31,83,70,-1,-1,12,67,68,37,54,44,-1,-1,-1,26,26,14,54,25,25,23,28,28,130,31,31,28,28,16,19,42,41,41,40,40,51,128,130,57,63,66,66,66,37,37,38,156,38,39,46,148,43,42,42,37,21,21,33,21,27,48,25,47,24,27,25,25,25,25,25,26,29,29,57,18,18,19,17,15,17,29,-1,105,-1,0,25,26,23,22,32,33,22,22,19,24,24,-1,19,21,25,18,31,22,38,39,-1,91,23,22,111,25,24,29,94,24,33,-1,26,31,30,32,41,30,24,39
-1,-1,35,86,7,-1,-1,-1,-1,-1,16,17,17,21,18,16,17,21,-1,146,20,27,-1,-1,-1,-1,-1,44,37,37,36,37,-1,-1,-1,30,-1,-1,-1,-1,-1,-1,31,-1,18,38,30,-1,14,17,17,30,44,17,17,17,39,29,24,36,14,25,28,56,15,13,13,45,50,50,37,35,37,32,30,37,46,46,38,38,38,43,21,58,17,41,17,43,43,86,17,18,94,47,31,41,15,20,17,-1,33,41,-1,23,25,29,25,27,28,26,22,11,12,22,21,24,21,28,29,20,16,17,17,13,-1,13,12,20,12,15,19,21,12,12,16,23,17,11,19,12,17,15,17,44,-1,51,15,20,62,19,-1,-1,-1,-1,-1,22,22,50,88,142,-1,-1,-1,-1,-1,-1,20,24,-1,-1,6,25,23,21,21,17,18,14,24,25,81,24,81,82,-1,-1,-1,-1,-1,35,36,14,22,19,19,24,20,25,20,20,24,20,36,-1,13,72,22,19,22,-1,16,15,18,-1,-1,31,31,31,-1,-1,76,32,14,17,17,23,24,58,41,26,26,14,26,27,-1,-1,20,21,21,21,-1,-1,17,18,-1,-1,18,-1,-1,65,-1,-1,-1,-1,19,-1,-1,-1,-1,-1,-1,-1,63,65,37,40,43,43,43,-1,-1,-1,30,-1,-1,-1,22,-1,-1,-1,-1,23,24,22,23,-1,-1,-1,-1,-1,-1,-1,-1,-1,-1,-1,-1,-1,-1,38,22,22,21,21,21,21,-1,23,114,24,25,0,-1,-1,-1,-1,-1,-1,-1,-1,-1,-1,41,-1,-1,-1,-1,27,-1,-1,-1,53,34,26,16,107,-1,-1,-1,37,-1,-1,42,-1,-1,-1,-1,48,-1,-1,-1
-1,-1,36,85,5,-1,-1,-1,-1,-1,16,18,18,21,18,17,18,20,-1,145,21,26,-1,-1,-1,-1,-1,43,34,34,33,34,-1,-1,-1,31,-1,-1,-1,-1,32,-1,33,-1,19,40,29,-1,14,17,17,31,45,17,17,17,37,30,25,37,12,24,29,57,15,13,13,46,52,51,39,36,38,33,31,38,45,45,39,39,39,44,22,59,17,42,17,44,44,84,19,20,92,45,32,42,19,21,17,-1,32,46,-1,24,26,30,26,35,29,25,23,9,12,23,22,25,22,33,34,28,17,18,15,11,-1,14,13,20,12,16,22,19,10,10,17,24,18,11,20,12,15,16,17,42,-1,49,16,17,61,20,-1,-1,-1,-1,-1,23,23,51,86,141,-1,-1,-1,-1,-1,-1,21,25,-1,-1,-1,24,21,22,21,20,19,12,25,24,82,27,80,81,-1,-1,-1,-1,-1,34,35,14,23,19,19,24,20,25,20,26,24,20,37,-1,19,71,21,17,21,-1,18,15,16,-1,-1,29,29,29,-1,-1,75,33,15,15,15,24,24,56,39,27,27,14,24,25,-1,-1,13,22,22,22,-1,-1,18,18,-1,-1,18,-1,-1,64,-1,-1,-1,-1,30,-1,-1,-1,-1,-1,-1,-1,62,64,36,38,41,41,41,-1,-1,-1,31,-1,-1,-1,23,-1,-1,-1,-1,24,30,23,24,-1,-1,-1,-1,-1,-1,-1,-1,-1,-1,-1,-1,-1,-1,37,23,23,22,22,22,22,-1,24,112,25,26,-1,0,-1,-1,-1,28,-1,-1,-1,-1,-1,42,-1,-1,-1,-1,25,-1,25,26,54,33,30,25,105,-1,-1,-1,36,-1,-1,44,-1,24,-1,23,50,-1,-1,35
-1,13,30,85,9,-1,-1,-1,-1,-1,-1,16,16,16,17,15,16,20,-1,181,15,32,21,-1,-1,-1,15,50,35,35,34,35,-1,-1,-1,27,-1,-1,-1,-1,-1,-1,24,-1,16,34,63,-1,-1,13,13,17,41,14,14,14,46,23,18,32,-1,31,26,22,11,-1,-1,41,44,46,33,31,31,21,20,31,40,40,36,36,36,42,21,57,11,37,12,39,39,75,-1,-1,101,45,29,35,-1,18,16,-1,39,38,11,23,24,28,24,27,22,30,21,19,20,22,21,22,19,25,26,20,14,15,18,20,13,15,-1,16,11,13,17,12,-1,-1,14,21,16,-1,18,-1,9,15,25,51,-1,58,13,14,75,19,18,-1,-1,-1,-1,20,20,46,86,166,-1,-1,-1,-1,-1,-1,18,22,15,15,15,63,27,-1,-1,-1,16,22,24,33,75,18,78,78,-1,-1,-1,-1,-1,40,57,10,21,15,14,20,16,14,16,22,20,16,34,-1,12,77,25,24,24,12,10,11,-1,-1,-1,27,27,27,-1,-1,82,30,13,22,18,19,20,63,40,26,25,14,33,34,14,-1,21,20,20,20,-1,-1,16,20,-1,-1,14,-1,-1,84,-1,-1,-1,-1,17,-1,-1,-1,-1,-1,-1,-1,82,84,43,41,44,44,44,-1,-1,-1,28,-1,-1,-1,20,-1,-1,-1,-1,21,22,-1,21,-1,-1,-1,-1,-1,-1,-1,-1,-1,-1,-1,-1,-1,-1,101,20,20,19,-1,19,-1,-1,21,112,22,23,-1,-1,0,-1,-1,-1,-1,-1,-1,-1,-1,37,12,-1,18,11,25,-1,-1,-1,49,26,24,14,105,-1,-1,-1,29,17,26,38,18,-1,-1,-1,46,23,17,-1
-1,14,32,84,10,-1,-1,-1,-1,-1,15,15,15,19,16,14,15,18,-1,150,17,30,19,-1,-1,-1,13,49,33,33,32,33,-1,-1,-1,26,-1,-1,-1,-1,-1,-1,26,-1,14,34,34,-1,-1,15,15,16,40,16,16,16,44,27,22,38,-1,30,25,24,13,11,11,41,46,46,33,31,33,20,19,33,48,48,35,35,35,41,20,56,15,37,-1,39,39,92,-1,-1,100,47,28,37,-1,17,15,-1,38,37,12,22,23,27,23,26,24,19,20,18,-1,21,20,21,18,24,25,17,13,14,16,19,-1,11,-1,18,10,12,16,11,-1,-1,13,20,15,9,17,10,8,14,18,49,-1,56,12,16,67,18,-1,-1,-1,-1,-1,19,19,46,84,146,-1,-1,-1,-1,-1,-1,16,21,13,13,13,29,25,18,-1,-1,14,24,23,29,77,20,86,87,-1,-1,-1,-1,-1,39,56,12,20,17,16,22,18,16,18,19,22,18,33,-1,11,76,24,23,23,13,12,13,-1,-1,-1,29,29,29,-1,-1,81,29,12,21,16,21,22,62,39,25,24,14,31,32,13,-1,22,19,19,19,-1,-1,15,19,-1,-1,16,-1,-1,82,-1,-1,-1,-1,16,-1,-1,-1,-1,-1,-1,-1,80,82,42,39,42,42,42,-1,-1,-1,26,-1,-1,-1,18,-1,-1,-1,-1,20,21,-1,20,-1,-1,-1,-1,-1,-1,-1,-1,-1,-1,-1,-1,-1,-1,42,19,19,18,-1,17,-1,-1,20,110,21,22,-1,-1,-1,0,-1,-1,-1,-1,-1,-1,-1,36,11,-1,17,10,24,-1,-1,-1,49,27,23,13,104,-1,-1,-1,30,16,25,38,17,-1,-1,-1,45,22,16,-1
29,24,35,97,20,19,19,18,16,16,-1,-1,-1,-1,-1,-1,-1,-1,27,196,-1,47,28,25,24,23,22,69,52,52,51,52,-1,-1,-1,36,-1,-1,-1,-1,-1,-1,-1,-1,-1,37,96,-1,-1,-1,-1,-1,50,-1,-1,-1,48,20,15,34,22,39,38,64,-1,-1,-1,33,43,38,20,23,30,-1,-1,30,39,39,45,45,45,56,38,48,-1,22,-1,19,19,90,24,25,111,44,35,34,6,11,17,26,45,36,25,30,-1,-1,-1,22,21,19,-1,28,23,39,38,38,27,-1,-1,11,11,11,29,30,27,14,12,-1,9,10,11,9,18,16,11,17,19,13,25,22,10,17,18,40,18,47,8,-1,74,49,37,-1,-1,-1,-1,-1,-1,37,103,183,-1,-1,-1,31,-1,-1,-1,-1,32,32,35,91,34,-1,-1,18,17,43,41,65,74,17,85,85,27,27,27,32,32,42,53,4,28,12,14,12,14,13,14,14,12,18,50,18,9,89,36,36,36,25,-1,-1,-1,22,20,32,32,32,25,28,87,27,12,31,31,-1,-1,79,66,28,21,16,53,54,24,20,34,-1,-1,-1,20,19,-1,38,-1,-1,-1,-1,-1,100,-1,-1,-1,-1,-1,-1,-1,-1,-1,-1,-1,28,94,96,68,57,60,60,60,-1,-1,-1,45,-1,-1,-1,37,-1,-1,-1,-1,-1,-1,-1,-1,-1,-1,-1,-1,-1,-1,-1,-1,-1,-1,-1,-1,-1,-1,104,-1,-1,-1,-1,-1,-1,31,35,129,31,32,-1,-1,-1,-1,0,-1,34,34,-1,17,16,22,36,-1,43,34,85,-1,-1,-1,40,27,-1,-1,107,-1,-1,-1,30,42,49,21,36,-1,-1,-1,49,41,42,-1
30,23,34,95,19,20,18,17,15,15,-1,-1,-1,-1,-1,-1,-1,-1,25,197,-1,48,26,23,22,21,20,67,54,54,53,54,-1,-1,-1,37,28,-1,-1,-1,-1,-1,-1,-1,-1,36,94,-1,-1,-1,-1,-1,51,-1,-1,-1,46,21,16,35,20,40,39,62,-1,9,9,33,42,38,18,21,28,-1,-1,28,37,37,46,46,46,56,39,44,-1,20,-1,17,17,88,23,24,109,42,33,32,7,12,18,27,43,32,24,31,-1,-1,-1,20,19,20,-1,27,22,42,42,42,28,-1,-1,12,12,12,28,31,28,13,13,-1,18,11,12,10,17,17,12,18,20,14,24,21,11,18,19,38,17,45,9,-1,72,50,38,-1,-1,-1,-1,-1,-1,38,105,185,-1,-1,-1,29,-1,-1,-1,-1,35,35,36,89,32,-1,-1,17,16,45,42,63,72,16,83,83,25,25,33,33,33,43,54,-1,23,10,12,10,12,11,12,12,10,17,53,17,10,83,37,36,36,24,-1,-1,-1,21,19,31,31,31,26,29,85,28,13,30,30,-1,-1,78,65,19,19,14,54,55,25,21,33,-1,-1,-1,19,18,-1,40,18,18,-1,-1,-1,98,-1,-1,-1,-1,-1,-1,-1,-1,-1,-1,-1,26,92,94,66,56,59,59,59,-1,-1,-1,47,-1,-1,-1,39,-1,-1,-1,-1,-1,-1,-1,-1,-1,-1,-1,-1,-1,-1,-1,-1,-1,-1,-1,-1,29,29,102,-1,-1,-1,-1,-1,-1,29,36,131,36,33,-1,28,-1,-1,-1,0,35,35,-1,15,14,20,37,19,44,36,84,-1,-1,-1,40,26,-1,-1,106,-1,17,-1,29,43,50,19,37,-1,-1,-1,50,43,43,-1
-1,11,27,79,-1,13,13,13,11,11,22,14,14,16,15,13,15,14,-1,138,28,19,-1,-1,-1,-1,-1,37,28,28,27,28,-1,-1,-1,27,-1,38,38,17,39,-1,39,-1,14,40,22,23,20,23,23,30,41,21,36,36,43,26,21,35,11,18,25,71,-1,19,19,46,59,51,39,37,45,33,32,45,38,38,35,35,35,40,18,55,23,42,23,29,29,73,-1,-1,88,51,29,47,13,14,13,-1,26,42,-1,20,22,22,22,31,23,18,19,-1,9,19,18,20,19,29,30,16,14,15,-1,7,-1,10,10,24,9,13,14,15,7,7,14,21,14,8,16,9,9,14,14,28,-1,44,13,24,55,18,-1,-1,-1,-1,-1,19,19,51,79,134,-1,-1,11,-1,-1,-1,16,33,-1,-1,-1,17,-1,18,28,15,14,-1,21,17,62,23,74,75,-1,-1,-1,-1,-1,28,29,18,19,23,20,28,24,29,30,30,28,24,34,11,14,65,13,13,13,-1,19,19,18,-1,6,31,31,31,-1,-1,69,30,11,-1,-1,26,28,54,33,23,23,20,30,31,-1,13,9,18,15,15,13,12,14,15,17,16,22,23,20,58,-1,-1,-1,-1,30,-1,-1,-1,22,21,21,-1,56,58,30,32,35,35,35,20,18,19,26,19,21,-1,18,26,25,26,33,32,32,19,32,-1,-1,-1,-1,-1,-1,-1,-1,-1,-1,-1,-1,-1,-1,30,29,30,30,18,17,18,-1,20,105,21,22,-1,-1,-1,-1,34,35,0,-1,-1,-1,-1,42,-1,-1,-1,-1,18,19,18,19,54,26,23,17,98,-1,-1,20,29,-1,-1,43,-1,17,16,16,47,-1,-1,28
-1,10,46,78,-1,12,12,12,10,10,21,14,14,15,15,13,14,13,-1,138,27,19,-1,-1,-1,-1,-1,36,28,28,27,28,-1,-1,-1,27,-1,38,38,17,39,-1,39,-1,14,40,22,27,19,22,22,30,41,20,36,36,43,26,21,35,11,17,25,71,-1,18,18,46,59,51,39,37,44,33,32,44,38,38,35,35,35,40,18,55,22,42,22,28,28,59,15,16,88,35,29,47,13,13,13,-1,25,42,-1,20,22,22,22,31,23,18,18,-1,9,19,18,20,19,29,30,15,14,15,-1,7,-1,10,10,23,9,13,13,14,7,7,14,21,14,8,16,9,14,14,14,27,-1,43,13,20,54,18,-1,-1,-1,-1,-1,19,19,51,79,134,-1,-1,11,-1,13,13,16,33,-1,-1,-1,17,-1,18,28,15,14,-1,21,17,61,23,73,74,-1,-1,-1,-1,-1,27,28,17,19,22,20,27,23,28,29,29,27,23,34,10,14,64,13,13,13,-1,19,18,18,-1,6,31,31,31,-1,-1,68,30,11,-1,-1,26,27,54,33,23,23,20,30,31,-1,12,9,17,14,14,12,11,14,15,16,15,21,22,20,57,-1,-1,-1,-1,28,-1,-1,-1,22,21,21,-1,55,57,29,32,35,35,35,20,18,19,26,19,21,-1,18,26,25,26,33,32,33,19,32,-1,-1,-1,-1,-1,-1,-1,-1,-1,-1,-1,-1,-1,-1,30,30,30,30,18,17,18,-1,20,105,21,22,-1,-1,-1,-1,34,35,-1,0,-1,-1,-1,42,-1,-1,-1,-1,18,19,18,19,54,26,23,17,98,17,-1,20,29,-1,-1,43,-1,17,16,16,47,-1,-1,28
-1,14,23,83,-1,-1,-1,-1,12,12,21,13,13,17,14,12,24,18,-1,142,24,23,-1,-1,-1,-1,-1,40,31,31,30,31,-1,-1,-1,24,-1,-1,-1,-1,34,-1,35,-1,12,36,26,-1,19,22,22,14,38,22,22,22,44,25,20,36,-1,22,22,31,-1,-1,-1,42,54,47,35,33,40,29,28,40,42,42,32,32,32,39,60,54,22,38,22,40,40,77,-1,-1,93,52,25,45,11,16,13,-1,29,40,-1,18,21,25,21,29,22,17,18,-1,8,17,16,18,17,27,28,15,12,13,11,12,-1,9,8,23,8,11,21,10,-1,-1,12,19,13,7,15,8,7,10,13,32,-1,47,11,21,58,14,-1,-1,-1,-1,-1,16,16,47,82,138,-1,-1,-1,-1,-1,-1,14,18,-1,-1,-1,21,23,15,26,13,12,-1,19,21,65,-1,77,78,-1,-1,-1,-1,-1,31,32,15,18,20,24,31,21,32,27,21,31,27,30,14,10,69,18,18,18,-1,16,16,21,-1,-1,33,33,33,-1,-1,73,26,10,18,14,24,31,59,36,22,22,16,31,32,-1,16,15,17,17,17,16,15,13,12,-1,-1,23,-1,-1,59,-1,-1,-1,-1,13,-1,-1,-1,-1,-1,-1,-1,60,62,34,37,40,40,40,19,-1,-1,24,-1,-1,-1,16,-1,-1,-1,-1,17,18,16,17,-1,-1,-1,-1,-1,-1,-1,-1,-1,-1,-1,-1,-1,-1,34,16,16,15,15,15,15,-1,17,108,18,19,-1,-1,-1,-1,-1,-1,-1,-1,0,-1,-1,38,-1,-1,-1,-1,22,-1,22,23,50,30,21,12,102,-1,-1,24,33,-1,-1,39,-1,21,20,20,43,-1,-1,35
-1,12,29,98,8,-1,-1,-1,-1,-1,13,17,17,18,18,17,19,21,-1,182,14,33,22,-1,-1,-1,16,50,36,36,35,36,-1,-1,-1,29,-1,20,20,-1,22,-1,23,-1,17,35,64,13,10,12,12,19,43,14,14,14,46,25,20,34,-1,38,27,50,10,8,8,42,45,47,35,32,31,22,21,31,40,40,37,37,37,43,22,58,12,38,13,40,40,72,-1,-1,102,45,30,35,-1,19,24,-1,42,39,10,24,25,29,25,23,22,21,22,20,19,23,22,23,20,26,27,21,15,16,17,21,14,16,-1,16,12,14,18,13,-1,-1,15,22,17,-1,19,-1,10,16,24,51,-1,58,14,14,74,20,19,-1,-1,-1,-1,21,21,47,87,167,-1,9,-1,-1,-1,-1,19,23,16,16,16,62,28,-1,17,-1,17,21,25,32,75,19,78,78,-1,-1,-1,-1,-1,41,58,9,22,15,13,20,16,13,16,22,20,16,35,-1,13,83,26,23,23,11,12,11,15,-1,-1,26,26,26,-1,17,88,31,14,17,17,19,20,61,41,27,26,10,33,34,15,-1,20,21,21,21,-1,-1,17,21,-1,-1,14,-1,-1,71,-1,-1,-1,-1,18,-1,-1,-1,-1,-1,-1,-1,83,85,43,42,45,45,45,-1,-1,-1,29,-1,-1,-1,21,-1,-1,-1,-1,22,23,-1,22,-1,-1,-1,-1,-1,-1,-1,-1,-1,-1,-1,-1,-1,-1,102,21,21,20,-1,20,-1,-1,22,113,23,24,-1,-1,-1,-1,17,15,-1,-1,-1,0,-1,38,14,-1,20,13,84,-1,-1,-1,50,26,25,15,106,-1,-1,-1,29,19,28,39,-1,-1,-1,-1,47,-1,19,16
-1,11,28,97,7,-1,-1,-1,-1,-1,12,17,17,18,18,17,-1,21,-1,182,13,33,25,-1,-1,-1,16,50,36,36,35,36,-1,-1,-1,29,-1,19,19,-1,21,-1,22,-1,17,35,64,13,10,11,11,19,43,13,13,13,46,24,19,35,-1,38,27,49,9,-1,7,43,44,48,35,33,30,22,21,30,39,39,37,37,37,43,22,58,11,39,13,41,41,71,-1,-1,102,44,30,34,-1,19,23,-1,41,40,9,24,25,25,25,22,21,21,22,13,18,23,22,22,20,27,28,22,15,16,16,21,16,15,-1,16,12,14,18,13,-1,-1,15,22,17,-1,19,-1,10,22,23,51,-1,58,14,14,73,20,18,-1,-1,-1,-1,-1,-1,47,87,167,-1,8,-1,-1,-1,-1,19,23,16,16,16,61,28,-1,17,-1,17,20,25,32,74,18,78,78,-1,-1,-1,-1,-1,41,58,8,22,15,12,20,16,12,16,22,20,16,35,-1,13,82,27,22,22,10,11,11,15,-1,5,25,25,25,16,16,87,31,14,16,16,19,20,60,42,27,26,10,33,34,16,-1,19,21,21,21,-1,-1,17,21,-1,-1,14,-1,-1,71,-1,-1,-1,-1,18,-1,-1,-1,-1,-1,-1,-1,69,71,43,42,45,45,45,-1,-1,-1,29,-1,-1,-1,21,-1,-1,-1,-1,22,23,-1,22,-1,-1,-1,-1,-1,-1,-1,-1,-1,-1,-1,-1,-1,-1,101,21,21,20,-1,20,-1,-1,22,113,23,24,-1,-1,-1,-1,16,14,-1,-1,-1,-1,0,38,15,-1,21,14,84,-1,-1,-1,50,26,26,16,106,-1,-1,-1,29,20,29,40,-1,-1,-1,-1,48,-1,20,16
23,33,37,92,26,21,26,20,26,26,24,13,17,15,18,16,17,-1,28,186,17,37,26,19,19,21,20,48,55,55,54,55,-1,25,24,18,38,22,22,18,25,20,25,19,17,65,83,29,29,38,38,-1,32,28,28,28,72,-1,12,32,34,32,-1,59,36,15,15,-1,71,-1,-1,-1,21,-1,-1,21,34,34,27,27,27,31,43,41,17,-1,17,-1,-1,87,15,15,119,39,26,25,14,11,36,21,40,20,26,43,-1,-1,-1,-1,-1,-1,-1,28,21,41,41,57,15,-1,-1,11,14,11,28,29,26,15,24,-1,10,13,8,13,15,20,14,8,10,23,14,13,17,38,30,35,25,58,10,-1,69,37,46,39,41,43,38,17,17,-1,105,185,42,38,34,36,20,20,14,-1,34,34,20,32,32,16,23,22,14,51,46,30,69,14,89,90,45,34,37,37,37,35,36,14,-1,15,15,16,15,16,16,51,48,44,48,29,11,89,35,34,34,25,27,17,22,27,25,62,62,62,24,23,85,11,19,27,27,-1,-1,69,56,9,9,10,62,63,29,40,30,-1,-1,-1,42,42,-1,40,33,33,21,21,21,103,29,29,26,40,-1,17,27,25,24,23,23,37,101,103,57,54,57,57,57,20,20,20,42,21,22,34,34,28,27,28,-1,12,11,18,12,43,35,37,34,38,41,39,39,39,41,25,26,29,29,81,11,11,11,17,15,17,51,-1,104,-1,-1,41,42,37,36,22,20,42,42,38,38,38,0,42,29,48,41,98,21,34,34,11,65,22,21,108,24,31,21,68,47,56,-1,45,17,18,15,47,51,47,24
8,-1,47,77,-1,14,13,12,11,11,14,15,15,14,15,14,13,12,-1,135,37,16,-1,-1,-1,-1,-1,35,25,25,24,25,35,17,16,24,-1,43,43,14,36,10,45,9,11,44,19,23,20,35,35,34,38,21,34,21,35,27,22,32,11,16,22,39,27,21,21,50,56,55,43,41,59,38,37,59,35,35,32,32,32,41,15,56,27,46,27,27,27,71,12,13,89,34,30,53,18,12,10,8,24,32,-1,17,23,23,23,22,24,17,17,-1,10,16,15,15,20,19,19,14,15,15,-1,-1,-1,11,11,24,10,14,12,13,8,7,15,13,15,9,17,11,14,11,15,26,12,42,14,21,53,15,-1,-1,-1,-1,-1,34,34,55,76,131,-1,24,8,12,10,10,13,18,-1,-1,-1,14,-1,31,35,12,11,-1,18,14,60,23,72,73,-1,-1,-1,-1,-1,26,27,13,20,23,17,28,24,29,24,24,28,24,24,11,17,63,16,16,16,-1,16,19,23,7,9,34,34,34,8,8,67,30,12,-1,-1,27,28,55,30,24,24,18,36,37,-1,13,-1,16,13,13,13,12,15,16,16,17,22,23,21,56,11,11,15,15,25,24,18,18,19,18,18,9,54,56,28,29,32,32,32,17,15,16,23,16,18,14,15,23,22,23,37,38,38,32,38,-1,16,15,16,14,17,15,15,15,15,15,-1,-1,-1,27,16,16,15,15,14,15,-1,17,102,18,19,-1,-1,12,11,36,37,-1,-1,-1,14,15,42,0,10,-1,-1,15,22,36,36,58,23,39,14,95,17,17,17,26,-1,-1,47,-1,14,13,13,51,-1,-1,46
-1,19,33,83,13,-1,-1,-1,-1,-1,-1,13,13,-1,14,13,-1,17,11,178,18,29,18,-1,-1,-1,12,48,32,32,31,32,-1,-1,-1,25,-1,-1,-1,-1,-1,-1,-1,-1,13,34,60,-1,-1,16,16,15,39,17,17,17,46,24,20,36,-1,29,24,24,14,-1,-1,37,47,41,29,20,33,19,18,33,42,42,34,34,34,59,19,54,14,33,15,34,35,73,-1,-1,99,47,27,37,-1,15,14,-1,37,32,14,21,21,25,21,21,24,17,18,16,-1,20,19,19,16,19,20,11,11,12,14,18,-1,9,-1,19,8,10,14,9,-1,-1,11,18,13,-1,15,-1,6,13,17,51,-1,58,-1,16,66,17,11,-1,-1,-1,-1,18,18,41,83,163,-1,-1,-1,-1,-1,-1,16,20,12,12,12,65,24,17,-1,-1,13,25,22,68,77,-1,85,86,18,18,19,19,20,37,55,11,18,17,17,23,19,17,19,21,23,19,32,-1,-1,74,22,21,21,11,12,14,16,-1,12,30,30,30,-1,-1,80,24,10,20,15,22,23,61,38,22,22,16,33,34,11,-1,19,17,17,17,-1,-1,13,18,-1,-1,17,-1,-1,81,-1,-1,-1,-1,15,-1,-1,-1,-1,-1,-1,-1,79,81,41,38,41,41,41,-1,-1,-1,25,-1,-1,-1,17,-1,-1,-1,-1,19,20,-1,19,-1,-1,-1,-1,-1,-1,-1,-1,-1,-1,-1,-1,-1,-1,104,18,18,17,-1,16,-1,-1,19,109,20,21,-1,-1,-1,-1,-1,19,-1,-1,-1,-1,-1,29,10,0,17,10,85,-1,-1,-1,44,27,21,-1,107,-1,-1,-1,30,16,25,33,16,-1,-1,-1,44,20,16,19
14,-1,52,82,-1,17,18,18,16,16,20,21,21,19,21,20,18,17,12,141,44,22,-1,-1,-1,-1,-1,40,31,31,30,31,42,23,22,30,18,50,50,29,42,16,51,15,17,50,25,37,26,42,42,40,44,26,39,26,40,33,28,38,15,21,28,71,40,27,27,56,52,25,49,47,64,43,43,64,41,41,38,38,38,47,21,62,38,52,33,32,32,63,18,19,88,39,36,42,23,17,16,14,29,37,14,23,29,25,25,27,30,22,22,-1,16,22,21,21,28,24,24,19,23,24,-1,-1,11,17,16,29,15,22,17,18,13,13,23,18,21,14,23,19,18,17,21,31,15,47,22,26,58,21,-1,-1,-1,-1,-1,40,40,25,82,137,21,37,14,18,16,16,33,24,-1,-1,-1,20,-1,37,42,18,17,-1,24,20,65,33,77,78,12,12,-1,-1,-1,31,32,19,26,23,23,33,29,34,29,29,33,29,29,16,19,68,-1,-1,-1,8,22,24,28,16,15,40,40,40,14,14,72,36,18,-1,-1,35,33,61,36,30,30,23,41,42,-1,18,-1,21,18,18,18,17,21,22,22,23,27,28,34,61,17,17,21,21,31,30,24,24,25,34,34,15,59,61,33,35,38,38,38,34,32,32,29,33,34,20,21,38,39,38,43,44,44,37,43,-1,22,21,22,20,23,21,21,21,21,21,-1,-1,-1,33,22,22,21,21,20,21,-1,23,108,24,25,-1,-1,18,17,43,44,-1,-1,-1,20,21,48,-1,17,0,-1,87,28,43,43,24,29,45,20,109,23,23,42,32,-1,-1,54,-1,41,38,19,57,-1,-1,53
7,10,46,76,-1,13,12,11,10,10,13,14,14,13,14,13,12,11,-1,134,35,15,-1,-1,-1,-1,-1,34,24,24,23,24,34,16,15,23,11,41,41,13,35,9,43,8,10,43,18,22,19,33,27,33,37,20,33,20,34,26,21,31,11,15,21,38,26,20,20,49,55,54,42,40,58,37,36,58,34,34,31,31,31,40,14,55,26,45,26,26,26,70,11,12,88,33,29,52,17,11,9,7,23,31,-1,16,22,22,22,21,23,16,16,-1,9,15,14,14,19,18,18,13,14,14,-1,7,-1,10,10,23,9,13,11,12,7,6,14,12,14,8,16,10,14,10,14,25,9,41,13,20,52,14,-1,-1,-1,-1,-1,33,33,54,75,130,-1,23,7,-1,9,9,12,17,-1,-1,-1,13,-1,14,24,11,10,-1,17,13,59,22,71,72,-1,-1,-1,-1,-1,25,26,12,19,16,16,27,23,28,23,23,27,23,23,10,16,62,15,15,15,-1,15,18,22,6,8,33,33,33,7,-1,66,29,11,-1,-1,26,27,54,29,23,23,17,35,36,-1,12,-1,15,12,12,12,11,14,15,15,16,21,22,16,55,10,10,14,14,24,23,17,17,18,17,17,8,53,55,27,28,31,31,31,16,14,15,22,15,17,13,14,22,21,22,35,37,37,15,37,-1,15,14,15,13,16,14,14,14,14,14,-1,-1,-1,26,15,15,14,14,13,14,-1,16,101,17,18,-1,-1,11,10,34,36,-1,-1,-1,13,14,41,-1,10,-1,0,14,21,14,35,57,22,19,13,94,16,16,16,25,-1,-1,46,-1,13,12,12,50,-1,-1,44
22,23,43,82,14,22,22,22,62,62,75,30,30,31,31,30,31,40,22,187,42,76,23,22,22,18,17,52,46,46,46,46,40,29,28,36,24,49,49,31,50,23,50,22,29,55,141,153,30,38,38,41,76,53,48,48,79,60,55,38,19,44,34,75,79,75,75,97,73,99,96,98,106,97,96,106,86,86,112,112,112,42,16,62,36,67,36,70,70,84,24,25,112,65,40,55,26,55,29,23,46,50,18,36,53,53,53,39,47,37,37,17,22,33,32,44,46,37,37,28,28,28,18,15,18,30,20,41,23,27,40,27,17,17,35,34,33,20,47,20,23,41,38,74,20,76,27,58,77,29,16,26,28,29,31,28,28,31,11,149,28,38,22,25,23,23,26,30,55,55,55,104,69,95,40,25,28,63,15,67,93,32,105,106,30,30,33,33,33,69,60,35,53,45,49,45,41,46,37,61,65,45,55,25,27,77,15,15,15,15,45,36,86,24,61,118,118,118,67,63,85,98,69,66,66,43,43,-1,116,92,92,38,91,92,16,29,23,42,40,40,30,29,36,32,26,27,39,33,33,11,22,22,27,27,38,37,31,31,31,34,34,21,9,11,59,44,46,46,46,31,31,32,40,32,33,28,32,39,38,39,42,29,30,28,29,30,30,28,29,28,30,28,28,28,28,28,29,26,26,47,28,28,27,27,25,27,26,29,108,30,31,27,25,25,24,85,84,18,18,22,84,84,98,15,85,87,14,0,85,96,97,60,69,89,83,87,83,82,92,111,77,86,59,79,94,92,94,114,83,77,107
14,21,37,90,15,-1,-1,-1,18,18,-1,-1,-1,-1,-1,-1,-1,11,16,182,-1,33,22,-1,-1,-1,16,53,36,36,35,36,-1,-1,-1,26,-1,-1,-1,-1,-1,-1,-1,-1,-1,33,64,-1,-1,-1,-1,-1,40,21,20,20,50,15,10,26,10,29,25,26,-1,-1,-1,31,49,36,19,-1,35,-1,-1,35,44,44,35,35,35,54,24,55,13,27,-1,29,29,84,13,13,103,49,31,31,-1,-1,19,14,37,26,17,26,22,14,14,15,23,13,13,25,18,25,24,24,14,13,14,-1,-1,-1,23,18,15,-1,-1,20,-1,-1,-1,-1,-1,-1,-1,10,9,-1,14,-1,-1,16,22,55,-1,55,-1,17,66,22,23,-1,-1,-1,-1,-1,-1,36,89,169,-1,-1,-1,-1,-1,-1,-1,-1,18,18,16,93,28,-1,-1,14,10,18,27,70,79,7,85,86,20,20,23,23,24,32,33,12,19,16,18,19,18,28,23,18,27,15,27,14,-1,77,24,23,23,18,14,13,-1,16,16,34,34,34,13,18,82,17,-1,24,19,-1,-1,65,43,18,23,13,37,38,13,22,21,18,18,18,16,15,-1,22,-1,-1,-1,-1,-1,87,-1,-1,-1,-1,-1,-1,-1,-1,-1,-1,-1,-1,85,87,46,42,45,45,45,-1,-1,-1,25,-1,-1,-1,17,-1,-1,-1,-1,-1,-1,-1,-1,-1,-1,-1,-1,-1,-1,-1,-1,-1,-1,-1,-1,-1,-1,106,-1,-1,-1,-1,-1,-1,27,20,115,21,22,-1,-1,-1,-1,-1,-1,19,19,-1,-1,-1,21,22,-1,28,21,85,0,-1,-1,38,29,-1,-1,109,-1,-1,-1,32,19,34,22,20,-1,-1,-1,39,29,19,20
22,19,29,89,15,14,14,13,11,11,-1,-1,-1,24,-1,-1,-1,-1,22,195,-1,46,23,20,19,18,17,64,49,49,48,49,-1,-1,-1,48,25,-1,-1,-1,-1,-1,-1,-1,-1,32,91,-1,-1,-1,-1,22,57,11,11,11,40,27,22,30,20,51,47,56,-1,-1,-1,41,38,46,34,15,22,19,20,22,31,31,51,51,51,18,42,38,-1,37,-1,11,11,82,23,24,103,36,27,26,19,22,36,26,37,26,18,44,21,20,19,14,13,20,20,21,16,39,39,42,23,18,27,12,12,12,22,31,26,7,22,13,21,19,21,20,12,20,19,23,25,23,18,15,21,28,36,32,20,39,16,10,65,43,35,-1,-1,-1,-1,-1,-1,46,100,180,-1,-1,28,26,-1,-1,-1,-1,29,29,17,86,29,-1,-1,17,16,42,45,57,66,16,87,87,22,22,26,26,26,48,42,-1,17,-1,-1,-1,-1,-1,-1,-1,-1,-1,47,16,20,77,35,35,35,23,-1,-1,-1,20,18,26,26,26,23,29,79,33,29,29,29,16,17,77,64,13,13,-1,59,51,27,17,32,22,23,39,18,17,26,37,17,17,-1,-1,-1,95,-1,-1,-1,-1,23,-1,-1,-1,-1,-1,-1,23,89,91,63,55,58,58,58,-1,-1,-1,42,-1,-1,-1,34,-1,-1,-1,-1,-1,-1,-1,-1,-1,-1,-1,-1,-1,-1,-1,-1,-1,-1,-1,-1,26,26,99,-1,-1,-1,-1,19,-1,26,36,126,37,38,-1,25,-1,-1,-1,-1,18,18,22,-1,-1,34,36,-1,43,14,96,-1,0,-1,48,22,38,-1,102,-1,13,12,25,40,47,37,34,-1,-1,-1,57,39,40,-1
22,19,29,89,15,14,14,13,11,11,-1,-1,40,24,-1,-1,-1,-1,23,196,-1,47,24,21,20,19,18,65,50,50,49,50,-1,-1,-1,49,26,-1,-1,-1,-1,-1,-1,-1,-1,32,92,-1,-1,-1,-1,22,57,12,12,12,40,27,22,31,21,52,47,56,-1,-1,-1,42,14,46,34,15,22,19,20,22,31,31,52,52,52,18,42,38,-1,38,-1,11,11,82,24,25,103,36,27,26,20,23,36,26,37,26,19,44,21,20,19,14,13,20,20,22,17,40,40,42,24,18,28,13,13,13,23,31,26,8,22,14,22,20,22,21,13,21,20,23,26,23,19,16,22,29,36,32,21,39,17,11,65,43,36,-1,-1,-1,-1,-1,-1,46,101,181,-1,-1,29,27,-1,-1,-1,-1,30,30,18,87,30,-1,-1,18,17,42,45,57,66,17,87,87,23,23,27,27,27,49,43,-1,17,-1,-1,-1,-1,-1,-1,-1,-1,-1,48,16,21,77,35,35,35,23,-1,-1,-1,20,18,26,26,26,23,29,79,34,29,29,29,17,18,77,64,13,13,-1,59,52,27,17,32,22,23,39,18,17,26,37,17,17,-1,-1,-1,96,-1,-1,-1,-1,23,-1,-1,-1,-1,-1,-1,24,90,92,64,55,58,58,58,-1,-1,-1,43,-1,-1,-1,35,-1,-1,-1,-1,-1,-1,-1,-1,-1,-1,-1,-1,-1,-1,-1,-1,-1,-1,-1,-1,27,27,100,-1,-1,-1,-1,20,-1,27,37,127,38,39,-1,26,-1,-1,-1,-1,19,19,23,-1,-1,34,36,-1,43,35,97,-1,-1,0,48,22,38,-1,102,-1,14,12,25,40,47,37,34,-1,-1,-1,58,40,40,-1
26,32,39,94,29,23,28,23,29,29,27,16,29,27,30,28,29,29,36,186,19,37,26,19,19,21,20,48,90,90,89,90,37,25,24,20,50,40,41,35,39,20,39,19,17,67,53,43,29,37,37,17,34,39,39,39,75,-1,15,41,15,42,-1,61,48,47,47,-1,71,-1,7,9,23,10,12,23,36,36,29,29,29,11,46,35,45,7,19,-1,-1,88,18,18,123,41,28,27,18,15,40,24,57,19,29,46,12,12,17,9,6,13,11,30,23,44,44,46,20,16,10,14,18,14,32,33,31,19,28,27,20,17,11,17,18,24,18,12,14,27,23,16,14,42,33,37,29,73,13,34,70,41,58,52,53,55,51,17,17,-1,127,147,54,50,46,22,20,20,14,22,20,20,20,34,32,16,30,22,41,56,49,32,71,17,92,92,36,36,39,39,39,45,46,29,12,17,17,18,17,18,18,55,51,46,51,33,14,93,39,39,39,29,31,19,26,30,28,64,64,64,28,27,98,9,23,36,36,31,25,82,69,-1,-1,12,67,68,43,53,43,-1,-1,-1,26,26,-1,53,25,25,23,28,28,130,31,31,28,52,16,19,41,41,40,39,39,49,128,130,57,58,61,61,61,36,36,37,156,37,39,46,148,42,41,42,36,16,15,18,21,27,48,25,46,24,27,25,25,25,25,25,26,29,29,57,18,18,19,17,15,17,29,-1,105,-1,-1,53,54,49,49,40,40,54,54,50,50,50,11,58,44,24,57,60,38,48,48,0,66,23,35,109,38,41,37,69,58,33,-1,56,42,40,42,40,30,58,37
28,35,-1,83,34,29,25,25,26,26,35,61,61,43,51,91,92,90,30,215,25,35,31,28,27,26,25,72,86,86,85,86,23,24,23,56,33,31,31,31,33,29,34,28,94,19,99,21,18,49,23,76,100,24,24,24,67,28,22,59,41,76,94,44,21,17,17,64,15,66,63,46,45,44,43,45,51,51,79,79,79,66,54,86,22,37,22,34,34,75,27,28,98,48,82,72,22,51,60,31,67,74,28,60,55,56,58,37,45,35,35,30,25,41,41,51,25,40,41,19,19,19,39,35,28,14,24,48,39,23,25,22,36,24,24,30,29,25,25,24,20,45,55,45,26,52,20,45,66,41,24,34,35,36,30,34,34,91,136,156,30,19,36,34,27,27,36,37,25,25,25,24,37,32,26,59,58,28,57,25,104,48,76,77,30,30,30,31,63,58,67,13,31,18,17,18,18,40,20,17,40,33,72,38,24,79,42,46,46,32,18,18,18,35,29,-1,-1,-1,26,29,81,58,42,53,53,46,47,157,144,59,49,36,27,28,32,26,88,90,87,87,30,29,64,40,25,25,24,28,28,99,34,34,29,29,66,22,25,26,26,27,27,31,97,99,71,71,74,74,74,29,29,28,100,27,26,22,92,22,23,22,27,89,90,31,89,36,22,25,21,26,27,27,27,27,28,29,29,34,34,107,88,88,87,32,85,32,34,89,115,90,91,34,33,26,27,27,26,26,26,30,26,26,65,23,27,29,22,69,29,22,22,66,0,78,75,100,72,71,79,41,66,75,75,68,59,60,57,90,72,66,87
24,40,67,92,34,24,33,26,31,31,32,-1,-1,20,-1,-1,-1,-1,27,188,-1,39,28,21,21,23,22,50,43,43,42,43,-1,27,27,27,23,-1,-1,-1,-1,22,-1,21,-1,55,71,-1,-1,39,39,-1,41,41,33,33,68,-1,-1,-1,-1,44,26,84,37,31,31,21,73,39,20,22,46,-1,-1,46,63,63,36,36,36,57,36,53,-1,20,-1,18,18,86,19,19,116,49,44,36,-1,-1,22,23,39,31,26,34,20,24,20,20,21,16,17,29,22,47,46,43,-1,18,19,-1,-1,-1,26,27,25,-1,17,31,15,15,12,15,18,17,13,13,12,17,-1,17,16,22,33,40,24,57,15,36,86,34,40,31,33,34,37,-1,-1,39,93,173,27,36,20,24,22,22,-1,-1,22,22,22,81,34,-1,-1,-1,-1,44,39,81,75,-1,87,88,40,40,43,43,28,34,35,32,17,39,32,49,45,50,33,37,49,44,31,28,16,86,32,32,33,23,39,40,25,28,29,62,62,62,22,21,84,22,-1,26,26,28,29,68,55,21,21,34,53,54,24,34,33,16,16,16,34,33,12,37,25,25,-1,-1,-1,91,31,32,35,34,-1,-1,-1,-1,-1,-1,-1,28,89,91,79,52,55,55,55,-1,-1,-1,29,-1,-1,26,21,-1,-1,-1,-1,-1,-1,-1,-1,29,28,27,28,26,29,27,27,27,27,27,28,40,31,69,-1,-1,-1,-1,-1,-1,46,21,119,22,23,26,30,24,23,-1,-1,23,23,21,25,26,22,39,21,45,19,89,-1,38,38,23,78,0,-1,81,-1,23,-1,68,38,47,19,39,21,-1,20,41,44,38,20
17,21,42,90,15,18,21,21,19,19,27,-1,-1,-1,-1,-1,-1,9,17,185,-1,36,25,-1,-1,20,19,54,37,37,36,37,-1,-1,-1,26,-1,-1,-1,-1,-1,-1,-1,-1,-1,38,65,-1,-1,-1,-1,-1,40,29,22,22,51,17,12,24,-1,41,25,31,-1,-1,-1,32,54,37,19,21,40,-1,-1,40,49,49,35,35,35,55,25,53,16,27,17,18,18,84,-1,-1,104,59,32,30,-1,12,20,13,37,25,16,27,20,13,13,14,21,12,12,23,17,26,25,25,13,12,13,-1,-1,-1,18,22,15,-1,-1,23,-1,-1,-1,-1,7,7,-1,15,8,-1,13,-1,-1,17,22,38,13,55,-1,21,80,23,21,-1,-1,-1,-1,-1,-1,37,87,167,-1,-1,-1,-1,-1,-1,-1,-1,16,16,15,77,31,-1,-1,-1,-1,18,28,75,84,-1,85,86,23,23,24,24,25,32,33,15,17,37,21,37,21,38,33,21,37,32,26,20,-1,76,22,22,22,14,16,16,-1,16,18,39,39,39,12,16,82,16,-1,20,20,23,24,66,44,17,21,16,38,39,13,22,21,16,16,16,22,21,12,25,12,-1,-1,-1,-1,85,-1,-1,-1,-1,-1,-1,-1,-1,-1,-1,-1,-1,83,85,47,43,46,46,46,-1,-1,-1,24,-1,-1,-1,16,-1,-1,-1,-1,-1,-1,-1,-1,-1,-1,-1,-1,-1,-1,-1,-1,-1,-1,-1,-1,25,25,63,-1,-1,-1,-1,-1,-1,25,20,113,21,22,16,25,14,13,-1,-1,17,17,12,15,16,21,14,-1,20,13,83,-1,-1,-1,35,75,-1,0,41,-1,-1,-1,31,20,36,19,22,-1,-1,-1,37,33,20,18
46,91,70,90,38,79,46,46,48,48,85,72,72,73,91,72,73,81,81,112,96,92,123,113,113,118,117,83,156,156,155,156,115,116,115,148,87,123,123,90,112,86,126,85,111,105,101,113,129,134,134,127,151,117,63,63,83,65,60,66,44,88,114,98,101,97,97,107,95,109,106,126,80,124,123,80,24,24,122,122,122,82,68,102,56,68,56,71,71,77,39,40,110,50,84,79,51,54,63,47,57,90,45,60,71,63,78,79,77,60,60,44,51,68,68,67,90,82,73,75,58,58,45,61,45,54,50,70,47,50,54,50,41,41,52,57,56,44,57,44,46,61,62,61,43,50,57,88,75,52,76,85,141,121,115,119,119,111,91,111,115,104,121,119,103,103,106,74,105,105,105,86,117,112,106,40,43,35,71,84,82,75,79,79,36,36,37,37,37,70,98,58,67,84,88,84,80,63,63,82,83,75,90,54,53,81,51,51,51,42,65,64,50,40,42,98,98,98,45,46,83,109,47,42,42,94,94,125,129,100,100,94,104,105,76,108,83,85,82,82,93,92,79,91,91,86,105,92,92,124,81,81,86,86,97,96,90,90,111,112,112,134,122,124,84,115,118,118,118,114,114,113,120,112,111,107,112,107,108,107,112,109,110,116,109,121,107,110,106,111,112,112,112,112,113,114,109,106,106,81,108,108,107,107,105,107,106,109,110,110,111,107,105,105,104,107,106,98,98,102,106,106,108,95,107,109,94,87,109,102,102,109,100,81,41,0,69,68,78,97,63,72,108,65,80,78,80,152,69,63,93
14,21,32,87,15,-1,-1,-1,-1,-1,-1,-1,-1,-1,-1,-1,-1,14,15,182,-1,33,25,-1,-1,-1,19,53,36,36,35,36,-1,-1,-1,29,-1,-1,-1,-1,-1,-1,-1,-1,-1,28,64,-1,-1,-1,-1,19,43,16,16,16,50,21,12,28,-1,38,28,22,-1,-1,-1,35,44,39,22,24,31,23,-1,31,40,40,38,38,38,57,23,58,8,31,9,32,33,74,-1,-1,103,45,31,35,-1,-1,18,12,40,29,15,25,25,25,25,18,22,21,22,20,17,24,23,23,16,16,17,-1,-1,-1,18,22,14,10,-1,15,-1,-1,-1,-1,-1,-1,-1,18,12,-1,16,-1,-1,18,21,55,-1,55,-1,12,75,21,18,-1,-1,-1,-1,-1,-1,39,87,167,-1,-1,-1,-1,-1,-1,-1,-1,16,16,16,88,28,-1,10,-1,-1,18,26,66,75,13,79,79,-1,-1,23,23,24,35,36,7,22,13,13,14,13,23,18,13,22,10,31,9,-1,75,26,21,21,15,10,8,-1,-1,11,29,29,29,11,12,85,20,-1,24,19,15,16,65,42,21,26,8,37,38,13,10,21,21,21,21,11,10,17,22,-1,-1,-1,-1,-1,85,-1,-1,-1,-1,19,-1,-1,-1,-1,-1,-1,-1,83,85,46,42,45,45,45,-1,-1,-1,29,-1,-1,-1,21,-1,-1,-1,-1,-1,-1,-1,-1,-1,-1,-1,-1,-1,-1,-1,-1,-1,-1,-1,-1,-1,-1,101,-1,-1,-1,-1,-1,-1,-1,23,113,24,25,-1,-1,-1,-1,-1,-1,-1,17,-1,-1,-1,24,17,-1,23,16,83,-1,-1,-1,38,72,-1,-1,69,0,-1,-1,28,19,34,22,20,-1,-1,-1,47,24,19,15
-1,15,31,98,11,-1,-1,-1,-1,-1,-1,14,14,-1,17,16,-1,18,-1,181,16,32,25,-1,-1,-1,15,51,35,35,34,35,-1,-1,-1,28,-1,-1,-1,-1,-1,-1,-1,-1,16,32,63,-1,-1,14,14,18,42,15,15,15,47,22,17,36,-1,37,27,22,12,-1,-1,38,44,43,31,23,31,22,21,31,40,40,37,37,37,42,22,57,12,34,13,36,36,76,-1,-1,102,45,30,35,-1,17,17,-1,40,33,14,24,24,28,24,22,22,20,21,19,-1,23,22,22,18,20,21,-1,-1,-1,21,21,-1,15,-1,17,-1,-1,18,-1,-1,-1,18,20,16,-1,18,-1,-1,16,20,52,-1,59,-1,14,75,20,18,-1,-1,-1,-1,-1,-1,43,86,166,-1,-1,-1,-1,-1,-1,-1,-1,15,15,15,66,27,-1,-1,-1,16,22,25,66,75,18,79,79,-1,-1,-1,-1,-1,39,58,9,21,15,15,21,17,15,17,17,21,16,35,-1,-1,78,25,25,23,15,10,12,-1,-1,10,28,28,28,-1,-1,83,24,-1,23,18,20,21,64,41,25,25,12,34,35,15,-1,24,20,20,20,-1,-1,16,21,-1,-1,15,-1,-1,84,-1,-1,-1,-1,18,-1,-1,-1,-1,-1,-1,-1,82,84,44,41,44,44,44,-1,-1,-1,28,-1,-1,-1,20,-1,-1,-1,-1,-1,-1,-1,-1,-1,-1,-1,-1,-1,-1,-1,-1,-1,-1,-1,-1,-1,-1,101,-1,-1,-1,-1,19,-1,-1,22,112,23,24,-1,-1,-1,-1,-1,17,-1,-1,-1,-1,-1,31,17,-1,23,16,82,-1,13,14,41,71,23,-1,68,-1,0,-1,28,19,32,35,19,-1,-1,-1,47,23,19,15
26,22,34,96,18,17,17,16,14,14,-1,-1,-1,-1,-1,-1,-1,18,24,193,-1,44,25,22,21,20,19,66,46,46,45,46,-1,-1,-1,33,-1,-1,-1,-1,-1,-1,-1,-1,-1,36,74,-1,-1,-1,-1,-1,47,7,-1,-1,47,18,13,32,20,49,39,63,12,-1,-1,33,43,38,19,22,29,-1,-1,29,38,38,42,42,42,56,42,62,-1,21,-1,18,18,89,25,26,110,43,42,33,8,13,19,23,44,33,22,32,-1,-1,-1,22,20,20,20,32,31,41,41,40,24,20,21,13,13,13,29,27,25,15,14,-1,11,12,13,11,18,17,13,19,16,15,24,14,12,19,36,39,19,46,10,-1,73,34,18,-1,-1,-1,-1,-1,-1,38,96,176,-1,-1,-1,28,-1,-1,-1,-1,25,25,19,88,31,-1,-1,19,18,41,45,64,73,18,93,94,24,27,28,28,28,39,55,-1,26,13,15,13,12,14,15,15,13,19,35,16,11,86,35,35,35,23,-1,-1,-1,20,18,31,31,31,22,25,86,24,21,29,29,-1,-1,77,64,25,20,-1,50,51,24,17,32,25,25,25,18,17,-1,36,-1,-1,-1,-1,-1,94,-1,-1,-1,-1,-1,-1,-1,-1,-1,-1,-1,25,92,94,65,55,58,58,58,-1,-1,-1,33,-1,-1,-1,25,-1,-1,-1,-1,-1,-1,-1,-1,-1,-1,-1,-1,-1,-1,-1,-1,-1,-1,-1,-1,-1,-1,101,-1,-1,-1,-1,-1,-1,28,27,122,28,29,-1,-1,-1,-1,-1,-1,20,20,24,-1,-1,21,17,-1,42,16,92,-1,12,12,37,79,-1,-1,78,-1,-1,0,28,39,46,28,34,-1,-1,-1,46,39,39,-1
25,30,13,73,22,43,31,27,26,26,49,71,67,84,91,81,82,68,68,133,58,25,34,31,30,29,28,75,53,53,52,53,26,27,26,59,36,34,34,34,36,32,37,31,97,41,17,24,21,26,26,79,103,57,48,48,30,50,45,51,29,51,97,20,24,20,20,67,18,69,66,49,59,47,46,59,34,34,82,82,82,56,44,76,25,51,25,48,48,65,64,65,88,38,74,64,36,56,52,45,37,64,23,43,66,52,52,53,65,51,51,26,31,42,42,58,45,51,52,38,38,46,30,40,25,36,30,55,33,45,39,45,27,27,44,48,47,30,52,30,32,38,42,35,29,42,41,42,56,45,27,37,38,39,33,37,37,94,115,130,33,22,39,37,30,30,39,68,28,28,28,13,40,35,29,62,61,31,47,14,66,37,66,67,33,20,24,25,25,73,73,47,53,39,39,39,40,47,54,38,49,44,70,22,33,69,35,35,35,23,49,50,48,23,23,20,20,20,26,25,71,107,89,76,82,97,97,136,123,103,103,81,17,18,77,71,78,80,77,77,72,72,73,85,71,71,69,74,31,78,37,37,32,32,69,25,28,29,29,30,30,34,76,78,28,54,57,57,57,32,32,31,103,30,29,25,95,25,26,25,30,92,93,34,92,39,25,28,24,29,30,30,30,30,31,32,32,37,37,26,91,91,90,35,88,35,37,92,121,93,94,37,36,29,30,30,29,29,29,33,29,29,68,26,30,32,25,111,32,25,25,69,41,68,31,97,28,28,28,0,22,31,67,24,64,62,64,82,28,22,77
13,-1,51,81,-1,17,17,17,15,15,19,20,20,23,20,19,17,16,11,140,43,21,-1,-1,-1,-1,-1,39,30,30,29,30,41,22,21,29,17,48,48,19,41,15,50,14,31,49,24,36,25,41,40,39,43,25,38,25,39,32,27,37,15,32,27,71,39,26,26,55,51,24,48,46,63,42,42,63,40,40,37,37,37,46,20,61,37,50,32,31,31,62,17,18,88,38,35,41,22,16,15,13,28,36,11,22,28,24,28,26,29,21,21,-1,15,21,20,20,25,23,23,18,20,20,30,-1,-1,16,16,28,14,19,16,17,17,12,22,17,20,13,22,16,15,16,20,30,15,46,21,25,74,20,-1,-1,-1,-1,-1,39,39,60,81,136,20,29,13,17,15,15,31,43,-1,-1,-1,19,-1,36,40,17,16,31,23,19,64,32,76,77,-1,-1,-1,-1,-1,30,31,18,25,22,22,32,27,33,28,28,32,27,28,15,22,67,-1,-1,-1,-1,21,23,27,11,13,38,38,38,13,13,71,36,17,76,82,31,32,59,35,29,29,22,40,41,-1,17,-1,20,17,17,17,16,20,21,21,22,26,27,33,60,16,16,20,20,30,29,23,23,24,23,32,14,58,60,32,34,37,37,37,33,20,21,28,32,33,19,20,37,38,37,42,42,43,36,42,-1,21,20,21,19,22,20,20,20,20,20,-1,-1,-1,32,21,21,20,20,19,20,-1,22,107,23,24,-1,-1,17,16,42,43,-1,-1,-1,19,20,47,-1,16,-1,-1,77,19,40,40,58,66,38,20,63,19,19,39,22,0,-1,52,-1,19,18,18,56,-1,-1,30
20,10,41,72,14,25,25,20,26,24,28,27,27,30,27,26,26,25,-1,149,50,30,-1,-1,-1,-1,-1,48,25,25,24,25,48,34,35,38,-1,56,55,36,50,31,57,23,41,69,33,43,40,48,48,48,52,34,37,37,48,39,34,45,16,41,36,70,46,40,40,31,58,33,57,55,63,51,50,63,49,49,46,46,46,56,29,71,44,60,41,40,40,79,19,20,87,47,38,57,24,29,26,19,37,52,19,31,38,38,38,36,39,34,35,14,24,24,24,29,30,40,41,25,25,26,-1,10,12,26,26,37,20,24,28,23,14,14,32,32,30,17,30,21,20,28,29,39,16,55,31,35,55,29,-1,-1,-1,-1,-1,47,47,33,90,145,-1,43,22,26,32,32,41,51,-1,-1,-1,28,-1,44,47,34,36,-1,32,28,73,41,76,76,13,13,13,14,14,39,55,27,35,31,31,41,35,42,37,35,41,36,52,21,20,75,-1,-1,-1,9,30,30,40,17,26,51,51,51,17,13,68,37,27,-1,-1,46,41,64,44,39,39,31,47,48,19,26,-1,29,26,26,26,25,29,30,32,29,35,36,41,69,25,25,-1,-1,39,38,32,32,33,40,40,23,67,69,41,29,32,32,32,41,39,40,37,40,41,34,29,44,45,44,49,50,51,45,50,-1,34,29,36,28,31,29,29,29,-1,-1,-1,-1,-1,41,30,30,29,29,28,29,-1,31,116,32,33,-1,-1,26,25,49,50,-1,-1,-1,28,29,56,-1,25,-1,-1,86,34,47,47,33,75,47,36,72,34,32,46,31,-1,0,32,-1,29,28,28,66,-1,-1,40
24,34,36,91,27,21,25,21,27,27,25,14,18,16,-1,17,18,-1,30,185,16,36,25,18,18,20,19,47,88,88,87,88,17,24,34,17,39,21,21,17,24,19,24,18,16,64,50,28,35,39,36,-1,31,29,29,29,73,-1,13,34,35,41,-1,58,37,36,36,-1,70,-1,-1,-1,20,-1,8,20,33,33,26,26,26,31,44,41,16,-1,16,-1,-1,89,16,16,120,38,25,24,15,12,37,22,42,19,27,44,-1,-1,-1,-1,-1,-1,-1,29,22,42,42,58,16,-1,-1,12,15,12,29,30,28,16,25,-1,11,11,9,14,16,21,9,8,11,24,15,14,12,37,31,34,19,60,12,23,67,38,48,41,43,44,40,16,16,-1,126,146,43,39,35,21,19,19,13,14,19,19,19,31,31,15,22,21,15,52,47,29,68,15,79,79,33,33,36,36,36,37,38,13,-1,14,14,15,14,15,15,45,49,44,49,30,12,79,36,35,35,26,28,16,20,28,26,61,61,61,25,24,87,10,20,29,29,-1,-1,71,58,-1,-1,9,64,65,31,42,32,-1,-1,-1,23,23,-1,42,34,34,20,25,25,129,28,28,25,42,-1,16,26,24,23,22,22,38,127,129,56,55,58,58,58,19,19,19,155,20,21,35,147,27,26,27,24,14,13,17,14,45,37,39,35,40,42,41,41,24,24,24,25,28,28,56,13,14,13,16,14,16,53,-1,104,-1,-1,42,44,38,38,21,19,43,43,39,39,40,-1,47,33,54,46,59,22,37,37,-1,75,19,19,108,22,35,28,67,52,32,0,47,16,28,14,46,53,48,23
13,-1,49,71,-1,15,15,18,19,13,21,20,20,23,20,19,19,18,-1,142,37,23,-1,-1,-1,-1,-1,41,31,31,30,31,35,-1,23,31,-1,43,43,21,44,17,45,-1,32,50,26,30,26,35,35,37,45,23,41,23,48,32,27,43,13,34,29,69,33,26,26,53,47,57,45,43,61,40,38,61,42,42,39,39,39,46,21,61,30,49,30,33,33,78,16,17,86,40,35,50,22,18,16,13,30,45,-1,23,28,28,28,34,29,24,25,-1,16,21,21,21,24,32,33,20,19,20,-1,-1,-1,16,16,26,14,18,18,17,18,11,22,26,20,15,22,15,14,17,21,32,13,48,21,23,54,21,-1,-1,-1,-1,-1,35,35,57,83,138,-1,-1,15,19,17,17,31,39,-1,-1,-1,21,-1,32,35,19,18,-1,24,21,66,33,78,79,-1,-1,-1,-1,-1,32,33,19,25,23,23,30,25,31,26,26,30,25,30,13,17,69,-1,-1,-1,-1,22,21,25,16,12,39,39,39,13,12,73,34,17,-1,-1,29,30,56,36,29,29,20,35,36,-1,15,-1,22,19,19,14,15,22,23,19,18,24,25,28,62,-1,-1,-1,-1,32,-1,25,25,26,25,25,16,60,62,34,35,38,38,38,24,22,23,30,23,25,-1,22,30,32,30,37,38,39,33,38,-1,-1,-1,-1,-1,-1,-1,-1,-1,-1,-1,-1,-1,-1,34,36,23,22,31,21,22,-1,24,109,25,26,-1,-1,18,17,36,37,-1,-1,-1,-1,-1,45,-1,16,-1,-1,79,20,34,34,56,68,39,22,65,20,19,34,24,-1,-1,47,0,21,20,20,57,-1,-1,46
22,19,30,92,15,14,14,13,11,11,-1,-1,-1,-1,-1,-1,-1,-1,21,193,-1,44,22,19,18,17,16,63,47,47,46,47,-1,-1,-1,35,-1,-1,-1,-1,-1,-1,-1,-1,-1,32,90,-1,-1,-1,-1,-1,49,7,7,7,43,20,15,34,22,49,44,59,-1,-1,-1,39,38,43,15,18,25,-1,-1,25,34,34,44,44,44,21,45,41,-1,34,-1,36,37,85,22,23,106,39,30,29,11,16,33,23,40,29,19,34,22,23,22,17,16,24,24,26,28,39,39,39,24,21,24,16,16,16,26,28,23,12,17,10,14,15,16,14,17,17,16,22,19,18,23,17,15,22,33,35,17,42,13,7,68,40,15,-1,-1,-1,-1,-1,-1,43,98,178,-1,-1,-1,25,-1,-1,-1,-1,27,27,16,85,28,-1,-1,16,15,39,48,60,69,15,80,80,21,24,25,25,25,42,43,-1,28,14,-1,14,-1,15,-1,-1,14,14,52,14,14,80,32,32,32,20,-1,-1,-1,17,15,27,27,27,22,26,82,27,23,26,26,11,12,74,61,16,16,-1,48,49,26,14,29,25,-1,26,15,14,-1,34,-1,-1,-1,-1,-1,94,-1,-1,-1,-1,-1,-1,-1,-1,-1,-1,-1,22,88,90,62,52,55,55,55,-1,-1,-1,40,-1,-1,-1,32,-1,-1,-1,-1,-1,-1,-1,-1,-1,-1,-1,-1,-1,-1,-1,-1,-1,-1,-1,-1,-1,-1,98,-1,-1,-1,-1,-1,-1,25,29,124,30,31,-1,24,-1,-1,-1,-1,17,17,21,-1,-1,17,14,-1,41,13,94,-1,-1,-1,42,59,21,-1,80,-1,-1,-1,64,19,29,16,21,0,-1,-1,49,38,38,12
21,18,30,93,14,13,13,12,10,10,-1,-1,-1,-1,-1,-1,-1,19,20,191,-1,42,21,18,17,16,15,62,46,46,45,46,-1,-1,-1,34,-1,-1,-1,-1,-1,-1,-1,-1,-1,32,74,-1,-1,-1,-1,-1,48,8,8,8,44,18,13,32,20,47,42,60,-1,-1,-1,37,39,42,27,19,26,-1,-1,26,35,35,43,43,43,60,43,63,-1,33,-1,35,35,86,21,22,107,40,40,30,10,-1,32,22,41,30,18,33,-1,-1,22,18,17,21,21,25,27,33,33,38,25,22,22,15,15,15,25,28,22,11,-1,11,13,14,15,13,16,-1,15,18,17,-1,22,-1,-1,21,32,36,18,43,12,15,69,39,14,-1,-1,-1,-1,-1,-1,42,96,176,-1,-1,-1,24,-1,-1,-1,-1,25,25,15,84,27,-1,-1,15,14,37,46,61,70,14,81,81,20,23,24,24,24,40,41,-1,27,15,-1,15,-1,16,-1,-1,15,15,35,12,-1,91,31,31,31,19,-1,-1,-1,16,14,27,27,27,21,25,83,25,22,25,25,-1,-1,73,60,17,17,-1,46,47,24,13,28,26,26,26,14,13,-1,30,-1,-1,-1,-1,-1,93,-1,-1,-1,-1,-1,-1,-1,-1,-1,-1,-1,21,87,89,61,51,54,54,54,-1,-1,-1,33,-1,-1,-1,25,-1,-1,-1,-1,-1,-1,-1,-1,-1,-1,-1,-1,-1,-1,-1,-1,-1,-1,-1,-1,-1,-1,97,-1,-1,-1,-1,-1,-1,24,28,122,29,30,-1,-1,-1,-1,-1,-1,16,16,20,-1,-1,18,13,-1,38,12,92,-1,-1,-1,40,60,-1,-1,78,-1,-1,-1,62,18,28,28,20,-1,0,-1,47,36,36,11
20,17,29,90,13,12,12,11,9,9,-1,-1,-1,-1,-1,-1,-1,-1,20,193,-1,44,21,18,17,16,15,62,47,47,46,47,-1,-1,-1,36,23,-1,-1,-1,-1,-1,-1,-1,-1,31,89,-1,-1,-1,-1,23,50,6,6,6,41,21,16,35,18,49,44,57,-1,-1,-1,39,36,43,13,16,23,-1,-1,23,32,32,45,45,45,19,37,39,-1,35,-1,36,12,83,21,22,104,37,28,27,13,18,31,21,38,27,17,37,20,21,23,15,14,22,22,25,26,37,37,37,21,19,25,18,18,18,24,26,21,11,13,8,17,17,18,16,16,16,18,23,20,19,22,19,17,24,31,33,16,40,15,8,66,38,14,-1,-1,-1,-1,-1,-1,43,98,178,-1,-1,26,24,-1,-1,-1,-1,27,27,15,84,27,-1,-1,15,14,40,40,58,67,14,78,78,20,23,24,24,24,43,44,-1,27,-1,-1,-1,-1,-1,-1,-1,-1,-1,51,13,16,78,30,30,30,18,-1,-1,-1,15,13,26,26,26,21,24,80,28,24,24,24,11,12,72,59,14,14,-1,48,49,22,12,27,23,24,24,13,12,-1,35,12,12,-1,-1,-1,93,-1,-1,-1,-1,-1,-1,-1,-1,-1,-1,-1,21,87,89,61,50,53,53,53,-1,-1,-1,40,-1,-1,-1,32,-1,-1,-1,-1,-1,-1,-1,-1,-1,-1,-1,-1,-1,-1,-1,-1,-1,-1,-1,-1,24,24,97,-1,-1,-1,-1,-1,-1,24,30,124,31,32,-1,23,-1,-1,-1,-1,16,16,20,-1,-1,15,13,-1,19,12,94,-1,-1,-1,42,57,20,-1,80,-1,-1,-1,64,18,28,14,20,-1,-1,0,59,38,38,11
63,58,96,121,51,44,45,45,51,51,64,53,163,133,163,162,163,162,136,284,119,175,173,136,137,139,140,166,112,112,111,112,120,124,123,34,132,124,124,131,127,129,127,128,165,134,183,121,118,116,116,56,40,66,66,66,97,57,37,53,37,87,-1,103,57,59,59,38,85,28,48,50,54,54,55,54,78,78,55,55,56,-1,68,39,48,44,48,42,41,133,40,40,150,83,32,36,37,35,61,46,87,31,51,58,34,34,33,34,35,33,33,49,44,66,66,82,40,32,32,36,36,36,53,53,47,36,43,48,35,35,33,34,40,40,33,32,31,42,39,38,36,61,55,97,43,104,35,66,112,63,51,47,49,50,52,38,38,42,266,226,49,55,37,46,44,44,35,38,51,51,51,76,65,37,47,41,39,56,71,74,113,39,124,124,52,52,55,55,55,67,68,58,34,59,59,83,59,60,60,69,73,62,73,53,36,115,57,56,56,45,49,74,45,52,50,526,526,526,64,63,400,-1,59,72,72,61,61,112,524,41,41,54,499,500,48,50,482,56,56,55,51,50,35,53,47,48,46,39,39,266,43,43,48,48,57,49,42,42,41,40,40,42,264,266,78,85,88,88,88,39,37,38,68,38,40,49,61,45,44,45,48,38,37,39,38,51,51,49,50,49,51,49,49,49,49,49,50,52,51,87,37,38,37,38,36,38,64,41,152,43,41,48,50,46,45,49,50,47,47,43,47,48,47,51,44,57,50,114,39,57,58,40,90,41,37,152,47,47,46,82,56,66,46,57,49,47,59,0,65,61,75
16,-1,55,72,10,21,21,21,22,19,25,23,23,26,23,22,23,22,-1,146,43,27,-1,-1,-1,-1,-1,45,24,24,23,24,41,-1,27,35,-1,48,48,30,49,21,50,20,38,55,30,36,33,40,40,44,49,29,46,33,45,35,30,46,14,38,33,70,39,33,33,59,51,30,51,49,65,46,44,65,46,46,43,43,43,50,26,65,37,55,37,37,37,79,17,18,87,44,39,54,21,26,21,16,34,49,13,28,32,36,32,33,33,28,29,-1,21,22,22,26,27,38,39,23,22,23,-1,-1,10,20,20,32,17,21,25,20,12,12,26,29,24,15,26,18,17,22,26,36,14,52,25,33,80,26,-1,-1,-1,-1,-1,41,41,30,87,142,-1,36,19,23,21,21,37,45,-1,-1,6,25,-1,38,40,23,34,-1,29,25,70,39,73,73,11,11,-1,-1,-1,36,53,24,29,28,28,36,31,37,32,33,36,36,50,19,18,73,-1,-1,-1,7,27,27,34,15,20,45,45,45,12,11,68,35,21,-1,-1,40,36,63,41,33,33,26,41,42,13,21,-1,26,23,23,21,20,26,27,25,24,30,31,35,66,-1,-1,-1,-1,36,35,29,29,30,35,35,20,64,66,38,28,31,31,31,35,33,34,34,34,35,25,26,37,37,37,42,45,45,39,45,-1,-1,-1,-1,-1,-1,-1,-1,-1,-1,-1,-1,-1,-1,38,27,27,26,26,25,26,-1,28,113,29,30,-1,-1,23,22,41,43,-1,-1,-1,-1,-1,51,-1,20,-1,-1,83,29,39,40,30,72,44,33,69,24,23,39,28,-1,-1,53,-1,38,36,38,65,0,-1,37
13,-1,51,81,-1,17,17,17,15,15,19,20,20,23,20,19,17,16,11,140,43,21,-1,-1,-1,-1,-1,39,30,30,29,30,41,22,21,29,17,48,48,19,41,15,50,14,31,49,24,36,25,41,40,39,43,25,38,25,39,32,27,37,15,32,27,71,39,26,26,55,51,24,48,46,63,42,42,63,40,40,37,37,37,46,20,61,37,50,31,31,31,62,17,18,88,38,35,41,22,16,15,13,28,36,11,22,28,24,28,26,29,21,21,-1,15,21,20,20,25,23,23,18,20,20,-1,-1,-1,16,16,28,14,19,16,17,17,12,22,17,20,15,22,16,15,16,20,30,15,46,21,25,70,20,-1,-1,-1,-1,-1,39,39,60,81,136,20,29,13,17,15,15,31,43,-1,-1,-1,19,-1,36,40,17,16,-1,23,19,64,32,76,77,-1,-1,-1,-1,-1,30,31,18,25,22,22,32,27,33,28,28,32,32,28,15,22,67,-1,-1,-1,-1,21,23,27,11,13,38,38,38,13,13,71,36,17,-1,-1,31,32,59,35,29,29,22,40,41,-1,17,-1,20,17,17,17,16,20,21,21,22,26,27,33,60,16,16,20,20,30,29,23,23,24,23,32,14,58,60,32,34,37,37,37,33,20,21,28,32,33,19,20,37,38,37,42,42,43,36,42,-1,21,20,21,19,22,20,20,20,20,20,-1,-1,-1,32,21,21,20,20,19,20,-1,22,107,23,24,-1,-1,17,16,42,43,-1,-1,-1,19,20,47,-1,16,-1,-1,77,19,40,40,58,66,38,20,63,19,19,39,22,-1,-1,48,-1,38,36,38,61,-1,0,30
34,31,39,99,18,26,26,25,23,23,15,-1,-1,-1,-1,-1,-1,-1,37,206,-1,58,33,37,29,28,27,74,60,60,59,60,-1,-1,-1,58,35,-1,-1,-1,-1,-1,-1,-1,-1,41,101,-1,-1,-1,-1,-1,68,-1,-1,-1,50,28,23,28,18,134,40,66,11,7,7,34,44,39,22,-1,32,-1,-1,32,41,41,62,62,62,57,47,75,12,24,12,21,21,92,21,22,113,46,37,36,15,20,26,21,47,36,22,38,-1,-1,23,24,23,-1,-1,25,20,43,43,47,33,-1,-1,20,20,20,26,38,26,11,21,-1,16,17,20,18,16,25,20,19,32,19,22,21,19,26,27,42,18,49,17,-1,75,51,45,-1,-1,-1,-1,-1,-1,39,111,191,-1,-1,-1,36,-1,-1,-1,-1,42,40,43,96,39,24,-1,15,14,51,50,67,76,14,87,87,32,37,24,24,24,48,46,10,39,8,10,8,10,9,9,10,8,9,51,21,24,89,32,32,32,23,8,9,-1,27,25,36,36,36,34,36,89,44,21,36,36,-1,-1,84,71,23,23,12,61,62,33,29,39,-1,-1,-1,25,24,-1,47,24,24,-1,-1,-1,105,-1,-1,-1,-1,26,-1,-1,-1,-1,-1,-1,33,99,101,73,62,65,65,65,-1,-1,-1,53,-1,-1,-1,45,-1,-1,-1,-1,-1,-1,21,-1,-1,-1,15,-1,16,17,-1,-1,-1,-1,-1,-1,34,36,109,-1,-1,-1,23,17,23,40,37,137,37,39,-1,35,-1,-1,-1,-1,28,28,35,16,16,24,46,19,53,44,107,20,-1,-1,37,87,20,18,93,15,15,-1,77,30,40,23,46,12,11,11,75,37,30,0
