0,3,20,108,2,2,2,2,2,2,6,6,6,6,7,7,7,9,2,82,8,24,5,2,2,3,2,35,32,32,31,32,7,3,3,35,1,9,9,4,10,2,10,1,8,46,23,6,5,8,9,8,39,10,10,10,33,10,9,12,5,25,15,31,7,5,5,13,18,13,10,9,60,8,7,60,44,44,37,37,37,20,18,24,6,11,6,12,13,79,7,7,141,39,35,41,4,6,8,1,35,34,2,17,10,10,9,10,11,14,8,3,5,18,18,18,9,9,9,6,6,6,4,4,1,7,3,8,5,6,7,6,3,3,6,7,8,4,9,4,5,9,8,37,1,38,5,9,86,16,3,2,3,2,3,6,6,14,19,81,2,6,5,5,3,3,7,7,2,2,2,21,5,6,7,8,8,4,19,21,94,8,80,80,2,2,3,3,3,33,33,6,10,9,8,9,9,9,8,8,9,9,33,2,4,109,5,5,5,2,7,7,6,1,2,22,22,22,1,1,107,15,5,4,4,7,7,19,30,13,13,7,24,24,3,3,4,9,9,9,3,3,6,8,2,3,6,5,5,16,1,1,2,2,7,6,4,4,4,5,5,4,18,19,37,31,31,31,31,5,5,5,34,5,5,4,31,6,6,6,7,7,7,6,7,2,3,3,3,3,3,2,2,2,3,2,2,2,2,34,8,8,7,6,9,6,3,12,80,13,13,2,2,3,2,7,7,2,2,1,3,3,10,3,2,5,3,18,4,7,7,14,21,13,5,89,4,2,7,19,4,6,10,4,6,6,6,24,5,4,9
3,0,22,105,2,4,4,4,4,4,7,10,10,9,10,10,10,12,2,80,9,22,3,4,4,5,4,32,31,31,30,31,9,5,5,38,4,10,10,7,11,5,11,4,12,47,21,7,6,10,10,11,43,11,11,11,30,13,12,16,8,22,18,32,8,6,7,17,14,16,13,13,64,12,11,64,40,40,41,41,41,23,17,27,7,15,8,15,16,75,11,10,137,35,39,45,7,9,11,3,32,37,2,16,12,12,12,13,14,14,12,1,8,17,17,17,12,13,13,10,10,10,3,3,2,10,6,9,8,9,11,9,6,6,10,10,11,7,12,7,8,12,11,34,4,35,9,10,85,16,2,3,3,3,4,10,10,17,18,80,3,8,8,8,6,6,10,10,2,2,2,19,4,9,8,11,12,3,18,19,91,11,76,77,2,2,1,1,1,37,37,7,13,10,10,10,10,10,10,9,10,10,36,4,8,105,3,3,3,3,8,8,8,3,3,23,23,23,5,4,104,18,9,3,3,9,10,18,28,16,16,8,22,22,4,4,3,12,12,12,4,4,10,11,4,5,8,7,7,16,4,4,4,4,10,7,7,7,6,8,8,7,17,18,34,29,30,30,30,8,8,7,38,7,7,6,34,7,7,7,8,11,11,9,10,3,5,4,5,4,4,4,4,4,3,3,3,2,3,31,11,11,11,9,12,9,1,16,77,16,17,3,2,4,4,9,9,3,3,4,4,4,13,2,5,3,3,17,7,8,9,17,23,16,8,86,6,4,8,17,3,4,13,2,8,7,8,27,3,3,11
20,22,0,110,22,20,20,20,19,19,17,23,23,22,23,23,23,25,20,102,17,18,25,22,22,23,23,37,51,51,51,51,17,18,18,44,20,18,18,20,19,19,19,19,24,28,17,18,17,16,15,24,47,19,19,19,27,26,25,29,23,26,32,13,16,17,17,31,14,30,27,27,69,26,24,69,39,39,45,45,45,37,36,41,17,29,17,29,30,80,25,25,112,32,44,48,20,22,27,21,31,44,21,36,24,24,24,28,28,23,26,23,24,37,36,36,25,25,25,22,22,23,24,24,21,23,20,20,21,22,24,22,20,20,22,24,24,21,25,21,21,27,27,31,21,31,22,19,90,35,23,21,20,19,19,22,22,31,38,101,19,16,23,23,19,19,23,22,22,22,22,15,25,22,19,26,25,24,38,15,96,24,81,82,20,20,21,21,21,52,52,16,27,16,17,16,16,16,17,17,16,16,51,19,21,110,24,24,24,21,17,17,18,21,20,2,2,2,21,21,109,32,23,24,24,20,20,42,47,30,30,17,18,18,22,19,24,25,25,25,19,19,23,26,19,19,18,20,20,35,20,21,19,19,24,17,20,20,20,19,19,23,36,37,31,50,51,51,51,21,20,20,53,20,19,18,50,18,18,18,19,22,22,21,22,19,18,18,18,19,19,19,19,19,19,19,19,20,20,29,23,23,23,22,25,22,21,30,81,30,31,21,21,19,20,18,18,21,21,21,19,19,27,22,19,24,22,41,20,16,16,31,1,29,22,79,19,19,18,9,24,25,28,23,17,18,17,41,25,24,18
108,105,110,0,114,115,115,115,115,115,117,120,120,120,120,121,120,122,113,130,119,97,112,116,116,116,115,79,111,111,110,110,118,115,116,150,116,120,120,118,121,117,121,116,123,143,100,117,116,119,120,122,153,121,121,121,88,124,123,128,120,90,129,128,118,116,116,127,120,127,124,123,174,122,121,175,83,83,151,151,151,134,116,138,117,125,117,126,127,53,122,122,150,88,149,153,118,120,122,114,84,149,113,118,123,123,123,124,125,124,123,113,119,116,116,116,123,123,124,120,120,120,113,112,114,121,117,119,119,120,121,120,118,118,120,121,122,118,123,118,119,122,122,85,115,88,119,120,25,115,113,115,114,114,114,120,120,128,115,129,115,118,120,119,117,117,120,121,113,113,113,100,111,120,118,123,124,113,116,99,24,123,54,55,113,113,112,112,112,148,148,117,124,120,119,120,120,120,120,119,120,120,147,115,119,9,112,112,112,114,118,118,117,115,115,116,116,116,116,115,10,129,121,113,113,119,119,102,131,127,127,118,97,97,115,114,112,123,123,123,114,114,120,122,116,116,117,118,118,116,115,115,115,115,121,117,117,117,117,118,118,118,114,116,86,109,110,110,110,118,118,118,149,118,118,115,146,117,117,117,118,121,121,120,121,114,115,115,115,115,114,114,114,114,114,114,114,113,114,86,121,121,121,120,122,120,112,126,54,127,127,115,113,115,115,118,118,114,114,115,115,115,124,113,117,113,114,101,117,118,118,128,116,128,119,102,116,116,118,107,113,111,124,113,117,117,117,138,111,113,120
2,2,22,114,0,4,4,4,5,5,8,8,8,8,8,8,8,10,3,79,10,23,3,3,3,3,2,33,30,30,30,30,10,6,6,38,4,12,12,7,12,5,12,4,10,48,23,8,8,11,11,9,42,13,13,13,32,11,10,14,6,23,17,33,9,8,8,16,15,15,12,12,62,11,10,63,42,42,40,40,40,22,16,27,8,14,9,15,15,77,9,9,139,37,38,44,7,9,9,3,34,37,3,15,13,13,11,12,13,15,11,1,6,16,16,16,10,11,11,7,7,8,2,3,2,8,6,10,6,7,9,7,5,5,7,10,9,5,10,5,6,10,9,36,4,37,8,11,86,15,1,3,4,4,5,9,9,15,17,79,4,9,6,6,6,6,8,10,1,1,1,21,4,9,9,9,10,2,18,21,93,10,78,78,2,2,2,2,2,35,35,8,12,11,11,11,11,11,11,11,11,11,34,5,7,107,3,3,3,2,9,9,9,3,4,24,24,24,4,4,106,17,7,2,2,10,10,17,27,16,15,9,23,24,2,5,3,10,10,10,5,5,9,9,5,5,9,8,8,15,4,4,5,5,9,9,7,7,7,8,8,5,16,17,36,29,30,30,30,8,8,8,36,8,8,7,32,8,9,8,10,10,10,9,10,4,6,5,6,5,5,5,5,5,4,4,4,3,4,32,11,11,10,9,10,9,3,14,78,15,15,3,3,5,4,10,10,2,2,4,5,5,12,1,4,2,1,17,7,10,10,17,24,15,7,88,6,5,9,18,2,4,12,1,9,8,9,27,3,2,12
2,4,20,115,4,0,1,1,1,1,4,7,7,6,8,8,8,9,2,83,6,24,5,3,3,4,4,34,35,35,35,35,6,2,2,35,2,8,8,4,8,3,8,1,9,44,23,4,4,7,7,9,40,8,8,8,33,11,10,13,5,24,15,29,5,4,4,14,17,14,11,10,61,9,8,61,43,43,39,39,38,21,19,24,4,12,5,13,13,78,8,8,140,38,37,42,5,6,9,2,35,34,2,18,9,9,10,11,12,11,9,4,6,19,19,19,10,10,10,7,7,7,5,5,2,8,4,6,5,7,8,7,4,4,7,8,9,5,10,5,5,9,9,37,3,38,6,7,86,17,4,2,1,1,1,7,7,14,20,82,1,5,5,6,3,4,8,8,3,3,3,21,6,7,5,8,9,5,20,21,94,9,79,79,2,2,3,3,3,34,34,4,11,7,7,7,7,7,7,7,7,7,33,1,5,108,5,5,5,3,5,5,5,2,1,20,20,20,3,3,107,16,6,5,5,6,7,22,30,14,14,5,24,24,4,1,5,10,9,10,1,1,7,9,2,2,5,4,5,17,2,2,1,1,8,5,4,4,4,5,5,5,19,20,37,34,35,35,35,5,5,5,35,4,5,3,31,4,5,4,6,8,8,6,8,1,2,1,2,1,1,1,1,1,1,1,1,2,2,33,8,8,8,7,10,7,3,13,79,14,14,2,2,2,1,6,6,3,3,3,1,1,11,4,2,6,4,22,4,6,6,15,20,14,6,88,3,2,5,19,5,6,11,4,5,4,5,24,6,5,8
2,4,20,115,4,1,0,1,1,1,4,7,7,6,8,8,8,9,2,83,6,24,5,3,3,4,4,34,35,35,35,35,6,2,2,35,2,8,8,4,8,3,8,1,9,44,23,4,4,7,7,9,40,8,8,8,33,11,10,13,5,24,15,29,5,4,4,14,17,14,11,10,61,9,8,61,43,43,39,39,39,21,19,24,4,12,5,13,13,78,8,8,140,38,37,42,5,6,9,2,35,34,2,18,9,9,10,11,12,11,9,4,6,19,19,19,10,10,10,7,7,7,5,5,2,8,4,6,5,7,8,7,4,4,7,8,9,5,10,5,5,9,9,37,3,38,6,7,86,17,4,2,1,1,1,7,7,14,20,82,1,5,5,6,3,4,8,8,3,3,3,21,6,7,5,8,9,5,20,21,94,9,79,79,2,2,3,3,3,34,34,4,11,7,7,7,7,7,7,7,7,7,33,1,5,108,5,5,5,3,5,5,5,2,1,20,20,20,3,3,107,16,6,5,5,6,7,22,30,14,14,5,24,24,4,1,5,10,9,10,1,1,7,9,2,2,5,4,5,17,2,2,1,1,8,5,4,4,4,5,5,5,19,20,37,34,35,35,35,5,5,5,35,4,5,3,31,4,5,4,6,8,8,6,8,1,2,1,2,1,1,1,1,1,1,1,1,2,2,33,8,8,8,7,10,7,3,13,79,14,14,2,2,2,1,6,6,3,3,3,1,1,11,4,2,6,4,22,4,6,6,15,20,14,6,88,3,2,5,19,5,6,11,4,5,4,5,24,6,5,8
2,4,20,115,4,1,1,0,1,1,4,7,7,7,8,8,8,9,2,83,6,24,5,4,4,4,4,34,35,35,35,35,6,2,2,35,2,8,8,5,8,3,8,1,9,44,23,4,4,7,7,9,41,8,8,8,33,11,10,13,5,24,16,29,5,4,4,14,17,14,11,10,61,9,8,61,43,43,39,39,39,21,19,25,4,12,5,13,14,78,8,8,140,38,37,42,5,7,9,2,35,34,2,18,9,10,10,11,12,11,9,4,6,19,19,19,10,10,10,7,7,7,5,5,2,8,4,6,6,7,8,7,4,4,7,8,9,5,10,5,6,9,9,36,3,38,6,7,86,17,4,2,1,1,1,7,7,15,20,82,1,5,5,6,4,4,8,8,3,3,3,21,6,7,5,9,9,5,20,21,94,9,79,79,2,2,3,3,2,34,34,4,11,7,7,7,7,7,7,7,7,7,33,1,5,108,5,5,5,3,5,5,5,2,1,20,20,20,3,3,107,16,6,5,5,6,6,22,30,14,14,5,24,24,4,1,5,10,10,10,1,1,7,9,2,2,5,5,5,17,2,2,1,1,8,5,4,4,4,5,5,5,19,20,37,34,35,35,35,5,5,5,35,5,5,3,32,4,5,4,6,8,8,7,8,1,2,1,2,1,1,1,1,1,1,1,1,1,2,33,8,8,8,7,10,7,3,13,79,14,14,2,2,2,1,6,6,3,3,3,1,1,11,4,2,5,4,22,4,6,6,15,20,14,6,88,3,2,5,19,5,6,11,4,5,4,5,25,6,5,8
2,4,19,115,5,1,1,1,0,1,4,7,7,7,8,8,8,9,2,83,6,23,6,4,4,5,4,34,35,35,34,35,5,1,2,35,3,7,7,4,8,3,8,2,9,44,22,4,3,6,7,9,40,8,8,8,32,11,10,13,6,24,15,29,5,3,3,14,16,14,11,10,61,9,8,61,43,43,39,39,39,21,21,24,4,12,4,13,13,78,8,8,139,38,37,42,5,6,10,3,34,33,2,20,9,9,10,11,12,11,9,4,6,21,21,21,10,10,10,7,7,7,5,6,3,8,4,6,6,7,8,7,4,4,7,8,9,5,10,5,6,10,9,36,3,37,6,7,85,19,5,2,1,1,1,7,7,14,22,82,1,4,6,6,4,4,8,8,3,3,3,21,6,7,5,9,9,5,22,21,93,9,79,79,2,2,3,3,3,37,37,4,11,7,6,7,7,7,6,6,7,7,36,1,5,107,5,5,5,3,5,5,4,2,1,20,20,20,4,4,106,16,6,5,5,6,6,22,32,14,14,5,23,23,4,1,5,10,9,10,1,1,7,9,2,2,4,5,5,19,3,3,1,1,8,4,4,4,4,5,5,5,21,22,36,34,34,34,34,5,5,5,38,4,5,2,34,4,4,4,5,8,8,7,8,1,1,1,1,1,1,1,1,1,1,1,1,1,1,33,8,8,8,7,10,7,2,13,79,14,14,2,2,1,2,5,5,3,3,3,1,1,11,4,2,6,4,21,4,5,5,15,19,14,6,88,3,2,5,18,5,6,11,4,4,4,4,24,6,5,7
2,4,19,115,5,1,1,1,1,0,4,7,7,7,8,8,8,9,2,83,6,23,6,4,4,5,4,34,35,35,34,35,5,1,2,35,3,7,7,5,8,3,8,2,9,44,22,4,3,6,7,9,40,8,8,8,32,11,10,14,6,24,15,29,5,3,3,14,16,14,11,10,61,9,8,61,43,43,39,39,39,21,21,24,4,12,4,13,13,78,8,8,139,38,37,42,5,6,10,3,34,33,2,20,9,9,10,11,12,11,9,4,6,21,21,21,10,10,10,7,7,7,5,6,3,8,4,6,6,7,8,7,4,4,7,8,9,5,10,5,6,10,9,36,3,37,6,7,85,19,5,2,1,1,1,7,7,14,22,82,1,4,6,6,4,4,8,8,3,3,3,21,6,7,5,9,9,5,22,21,93,9,79,79,2,2,3,3,3,37,37,4,11,7,6,7,7,7,6,6,7,7,36,1,5,108,5,5,5,3,5,5,4,2,1,20,20,20,4,4,106,16,6,5,5,6,6,22,32,14,14,5,23,23,4,1,5,10,9,10,1,1,7,9,2,2,4,5,5,19,3,3,1,1,8,4,4,4,4,5,5,5,21,22,36,34,34,34,34,5,5,5,38,4,5,2,34,4,4,4,5,8,8,7,8,1,1,1,1,1,1,1,1,1,1,1,1,1,1,33,8,8,8,7,10,7,2,13,79,14,14,2,2,1,2,5,5,3,3,3,1,1,11,4,2,6,4,21,4,5,5,15,19,14,6,88,3,2,5,18,5,6,11,4,4,4,4,24,6,5,7
6,7,17,117,8,4,4,4,4,4,0,6,6,5,6,6,6,8,5,86,3,25,9,6,6,8,7,36,37,37,37,37,2,3,3,31,5,4,4,5,4,4,4,4,8,42,25,1,1,4,5,7,35,4,4,4,35,9,8,12,7,26,15,27,3,2,2,14,13,13,10,10,56,9,7,56,45,45,33,33,33,19,21,24,1,12,1,12,13,80,10,10,142,40,31,37,3,5,12,6,37,30,5,20,7,7,7,11,11,8,9,7,8,21,21,21,8,8,8,5,6,6,9,8,6,6,4,3,4,5,7,5,5,5,6,7,7,5,8,5,5,12,11,39,5,40,5,3,88,20,7,5,4,4,4,5,5,14,22,85,4,3,7,8,4,4,6,5,6,6,6,23,9,5,1,9,8,9,22,23,96,7,81,81,5,5,6,6,6,35,35,1,10,5,4,5,4,5,4,4,5,5,34,4,5,110,8,9,9,6,1,1,2,5,4,18,18,18,6,6,109,15,7,9,9,3,3,25,32,14,13,3,25,26,7,4,8,8,8,8,4,4,6,11,3,3,1,4,4,20,5,5,4,4,7,1,3,3,3,2,2,7,21,22,39,36,37,37,37,5,3,3,36,3,2,3,33,1,1,1,2,5,5,4,5,4,3,3,2,3,4,3,3,3,3,4,4,4,4,35,6,6,6,5,8,5,5,13,81,14,14,5,5,4,4,2,2,6,6,5,3,3,10,7,4,9,7,24,4,3,3,14,17,12,6,91,3,3,2,23,9,9,11,7,1,1,1,24,9,9,4
6,10,23,120,8,7,7,7,7,7,6,0,1,1,1,1,1,3,6,83,7,28,8,5,5,6,5,39,36,36,36,36,6,6,5,30,5,7,7,3,8,4,8,4,3,46,28,5,5,8,9,2,34,8,8,8,38,4,3,9,6,29,10,31,7,5,5,8,18,8,5,4,55,3,4,55,48,48,32,32,32,15,19,19,5,7,5,7,8,83,8,8,145,43,30,36,4,2,10,5,40,29,6,19,4,4,4,5,6,9,4,7,7,20,19,19,3,4,4,1,1,1,7,9,6,4,3,6,2,1,2,1,3,3,1,3,2,4,3,3,3,10,10,42,5,43,2,7,91,18,7,5,6,6,7,3,3,9,21,82,6,7,6,6,3,3,1,4,6,6,6,26,9,3,5,6,6,7,21,26,99,3,84,84,6,6,7,7,7,30,30,6,5,9,8,9,9,9,9,8,9,9,29,6,2,113,8,8,8,6,5,5,4,6,6,22,22,22,5,5,112,10,4,7,7,5,5,23,30,8,8,7,28,28,6,7,8,3,3,3,7,7,2,9,4,5,5,3,3,18,4,5,6,6,2,5,4,3,3,3,3,6,19,20,42,35,36,36,36,3,3,3,31,3,3,5,28,5,5,5,5,4,4,3,4,6,6,6,5,6,7,6,6,6,6,6,7,6,7,38,4,4,4,3,3,3,8,7,84,8,8,6,6,5,5,5,6,6,6,5,6,6,5,6,4,8,6,22,4,7,7,9,21,7,4,93,5,4,6,27,7,9,5,7,5,6,5,19,9,7,8
6,10,23,120,8,7,7,7,7,7,6,1,0,1,1,1,1,3,6,83,7,28,8,5,5,6,5,39,36,36,36,36,6,6,5,30,5,7,7,3,8,4,8,4,3,46,28,5,5,8,9,2,34,8,8,8,38,4,3,9,6,29,10,31,7,5,6,8,18,8,5,4,55,3,4,55,48,48,32,32,32,15,19,19,5,7,5,7,8,83,8,8,145,43,30,36,4,2,10,5,40,29,6,19,4,4,4,5,6,9,4,7,7,20,19,19,3,4,4,1,1,1,7,9,6,4,3,6,2,2,2,2,3,3,1,3,2,4,3,3,3,10,10,42,5,43,2,7,91,18,7,5,6,7,7,3,3,9,21,82,6,7,6,7,3,3,1,4,6,6,6,26,9,3,5,7,6,7,21,26,99,3,84,84,7,7,7,7,7,30,30,6,5,9,8,9,9,9,9,8,9,9,29,6,2,113,8,8,8,6,5,5,4,6,6,22,22,22,5,5,112,10,4,7,7,5,5,23,30,8,8,7,28,28,6,7,8,3,3,3,7,7,2,9,5,5,5,3,3,18,5,5,6,6,2,5,4,4,3,3,3,6,19,21,42,35,36,36,36,3,3,3,31,3,3,6,28,5,5,5,5,4,4,3,4,6,6,6,5,6,7,6,6,6,7,7,7,6,7,38,4,4,4,3,3,3,8,7,84,8,9,6,6,5,5,5,6,6,6,5,6,6,5,6,4,8,6,22,4,7,7,9,21,7,4,94,5,5,6,27,7,9,5,7,5,6,5,19,9,7,8
6,9,22,120,8,6,6,7,7,7,5,1,1,0,2,2,2,4,5,82,6,27,7,4,4,6,5,39,36,36,35,35,5,5,5,32,4,6,6,2,7,3,7,4,4,44,27,4,4,7,8,3,34,7,7,7,37,5,4,9,5,28,10,29,6,4,4,9,17,8,5,4,55,4,3,55,47,47,32,32,32,15,19,19,4,7,4,7,8,82,7,7,144,42,30,36,3,1,9,5,39,30,5,18,4,4,4,5,6,9,4,6,6,19,19,19,4,4,4,2,2,2,7,8,5,3,2,5,2,1,2,1,3,3,2,2,3,3,5,2,2,10,9,41,4,42,1,6,90,17,6,5,6,6,6,2,2,9,20,81,5,6,5,6,2,2,2,3,5,6,6,25,8,2,4,6,5,7,20,25,98,4,83,84,6,6,7,7,7,31,31,4,5,8,7,8,7,8,7,7,8,8,31,5,2,112,8,8,8,5,4,4,3,5,5,21,21,21,5,4,111,10,3,7,7,4,4,23,30,8,8,6,27,28,5,6,7,4,4,4,6,6,2,9,4,4,4,2,2,17,4,4,5,5,2,4,2,2,3,2,2,5,19,20,41,34,35,35,35,2,1,1,32,1,2,4,29,3,3,3,4,2,3,2,2,6,5,5,4,5,5,5,5,5,5,5,6,6,6,38,3,3,3,2,4,2,7,8,83,8,9,5,5,5,5,4,4,5,5,4,5,5,5,6,3,7,5,22,4,6,6,9,20,9,3,93,4,4,4,26,7,9,5,6,4,4,4,19,8,7,7
7,10,23,120,8,8,8,8,8,8,6,1,1,2,0,1,1,3,6,83,7,28,8,5,5,6,5,39,36,36,36,36,6,6,5,31,5,7,7,3,8,4,8,5,3,46,28,5,6,8,9,3,34,8,8,8,38,4,3,9,5,29,10,31,7,6,6,9,18,8,5,4,55,4,4,55,48,48,32,32,32,15,20,19,5,7,5,7,8,83,7,7,145,43,30,36,4,2,10,5,40,29,6,19,4,4,4,5,6,10,4,7,7,20,20,20,3,4,4,1,1,1,7,9,6,3,3,6,2,2,2,2,3,3,1,3,2,4,4,3,3,10,10,42,5,43,2,7,91,18,7,5,6,7,7,4,4,9,21,82,6,7,5,7,3,3,1,4,6,6,6,26,9,3,6,6,6,7,21,26,99,3,84,85,7,7,7,7,7,30,30,6,5,9,8,9,9,9,9,8,9,9,30,6,3,113,9,9,9,6,5,6,4,6,6,22,22,22,5,5,112,10,4,7,7,5,5,23,30,8,8,7,28,29,6,7,8,3,3,3,7,7,3,10,5,5,5,3,3,18,5,5,6,6,2,5,4,4,3,4,4,6,20,21,42,35,36,36,36,3,3,3,31,3,3,6,28,5,5,5,6,4,4,3,4,6,6,6,5,6,7,6,6,6,7,7,7,7,7,38,4,4,4,3,3,3,8,8,84,8,9,6,6,5,5,6,6,6,6,5,6,6,5,7,4,8,6,23,4,7,8,10,22,8,4,94,5,5,6,27,7,10,5,7,5,6,5,19,9,7,8
7,10,23,121,8,8,8,8,8,8,6,1,1,2,1,0,2,4,5,82,6,28,7,4,4,6,5,39,36,36,35,36,5,5,5,32,4,6,6,2,7,3,7,4,4,45,27,4,4,7,8,3,34,7,7,7,37,5,4,9,5,29,10,30,6,4,4,9,17,9,5,5,55,4,3,55,48,48,33,33,33,16,19,19,4,7,4,7,8,83,7,7,145,43,31,36,3,1,9,5,39,31,6,18,4,5,5,6,6,10,4,6,6,19,19,19,4,4,5,2,2,2,7,8,5,3,2,5,2,1,2,1,3,3,2,3,3,4,4,2,3,10,9,41,4,42,1,6,90,18,6,5,6,6,6,2,2,9,20,81,5,6,5,6,3,3,2,3,6,6,6,25,8,2,4,6,5,7,20,25,98,4,84,84,6,6,7,7,7,31,31,5,5,8,7,8,8,8,8,7,8,8,30,5,2,113,8,8,8,5,4,4,3,5,5,21,21,21,5,5,111,10,4,7,7,4,4,23,30,9,9,6,28,28,5,6,7,4,4,4,6,6,2,9,4,4,4,2,2,17,4,4,5,5,3,4,3,3,3,2,2,5,19,20,41,34,35,35,35,2,2,2,32,2,2,5,29,4,4,4,4,3,3,2,3,6,5,5,5,5,6,5,5,5,6,6,6,6,6,38,3,3,3,2,4,2,7,8,84,9,9,5,5,5,5,4,5,5,5,4,5,5,5,6,4,7,6,22,4,6,6,9,20,8,3,93,4,4,5,26,7,9,6,6,4,5,4,19,8,7,7
7,10,23,120,8,8,8,8,8,8,6,1,1,2,1,2,0,3,6,83,7,28,8,5,5,6,5,39,36,36,36,36,6,6,5,31,5,7,7,3,8,4,8,4,3,46,28,5,5,8,9,3,34,8,8,8,38,4,3,10,6,29,10,31,7,6,6,8,18,8,5,4,55,3,4,55,48,48,32,32,32,15,20,19,5,7,5,7,8,83,8,8,145,43,30,36,4,2,10,5,40,29,6,19,4,4,4,5,6,10,4,7,7,20,20,20,3,4,4,1,1,1,7,9,6,4,3,6,2,2,2,2,3,3,1,3,2,4,3,3,3,10,10,42,5,43,2,7,91,18,7,5,6,7,7,4,4,9,21,82,6,7,6,7,3,3,1,4,6,6,6,26,9,3,5,7,6,7,21,26,99,3,84,85,7,7,7,7,7,30,30,6,5,9,8,9,9,9,9,8,9,9,30,6,3,113,9,9,9,6,5,5,4,6,6,22,22,22,5,5,112,10,4,7,7,5,5,23,30,8,8,7,28,28,6,7,8,3,3,3,7,7,3,10,5,5,5,3,3,18,5,5,6,6,2,5,4,4,3,4,3,6,20,21,42,35,36,36,36,3,3,3,31,3,3,6,28,5,5,5,5,4,4,3,4,6,6,6,5,6,7,6,6,6,7,7,7,6,7,38,4,4,4,3,3,3,8,8,84,8,9,6,6,5,5,5,6,6,6,5,6,6,5,7,4,8,6,23,4,7,7,9,22,7,4,94,5,5,6,27,7,10,5,7,5,6,5,19,9,7,8
9,12,25,122,10,9,9,9,9,9,8,3,3,4,3,4,3,0,7,83,8,29,9,6,6,7,6,40,37,37,37,37,7,7,6,30,6,8,8,4,9,5,9,5,1,46,29,6,6,9,10,2,34,9,9,9,39,2,1,8,4,30,9,31,8,6,6,8,19,8,5,4,55,3,3,55,49,49,32,32,32,15,19,19,6,7,6,7,8,84,7,7,146,44,30,36,5,2,10,6,41,29,7,19,4,4,4,5,6,10,3,8,7,20,19,19,2,4,4,2,2,2,8,10,7,2,4,7,3,2,2,2,4,4,2,3,2,5,2,4,4,10,10,43,6,44,3,8,92,18,8,6,7,7,8,4,4,8,20,82,7,8,5,6,4,4,2,4,7,7,7,27,10,3,6,5,4,8,21,27,100,2,85,85,7,7,8,8,8,28,29,6,5,10,9,10,10,10,9,9,10,10,28,7,3,114,9,9,9,7,6,6,5,7,7,23,23,23,6,6,113,10,3,8,8,6,6,28,30,8,8,8,29,29,7,8,9,3,3,3,8,8,2,9,5,6,6,4,4,18,5,6,7,7,2,6,5,4,4,4,4,6,19,20,43,36,37,37,37,4,3,4,29,4,4,6,26,5,6,5,6,3,4,4,3,7,7,7,6,7,8,7,7,7,7,7,8,7,8,39,4,4,4,3,1,3,9,7,85,8,8,7,7,6,6,6,6,7,7,6,7,7,5,7,5,9,7,27,5,8,8,9,22,6,5,94,6,5,6,28,8,10,5,8,6,7,6,19,10,8,9
2,2,20,113,3,2,2,2,2,2,5,6,6,5,6,5,6,7,0,81,9,23,4,3,3,4,3,33,31,31,30,31,8,4,4,39,3,10,10,6,11,4,11,3,10,47,22,7,6,9,10,10,43,11,11,11,32,12,11,14,6,23,16,32,8,6,6,15,15,15,12,11,63,10,9,63,42,42,41,41,41,22,18,25,7,13,7,14,14,77,9,9,139,37,39,44,7,8,10,2,34,38,1,17,11,12,12,12,13,14,10,2,7,18,17,17,11,12,12,8,8,8,3,3,1,9,5,9,7,8,9,8,5,5,8,9,10,6,11,6,7,10,10,35,2,37,7,10,86,16,2,2,3,3,3,8,8,15,19,80,3,8,6,6,5,5,9,10,1,1,1,20,4,8,8,9,10,3,19,20,92,10,78,78,1,1,1,1,1,35,35,7,12,10,9,10,10,10,10,9,10,10,34,4,6,107,4,4,4,1,8,8,7,2,2,23,23,23,3,3,106,17,7,3,3,9,9,18,28,15,15,8,23,23,2,3,3,11,10,11,3,3,8,9,4,4,7,7,7,16,3,3,3,4,9,7,6,6,6,7,7,6,18,19,36,29,30,30,30,7,7,7,36,7,7,5,33,7,7,7,8,10,10,8,10,2,4,4,5,3,4,3,3,3,3,3,3,2,2,32,10,10,10,8,11,8,2,14,78,15,15,2,2,4,3,8,8,1,1,3,4,4,12,2,3,3,2,17,6,8,8,16,22,15,7,87,5,4,8,18,3,5,12,2,7,7,7,25,4,3,10
82,80,102,130,79,83,83,83,83,83,86,83,83,82,83,82,83,83,81,0,90,103,80,82,82,82,81,126,78,78,78,78,89,85,84,115,83,90,90,84,90,83,90,83,86,128,107,88,87,90,91,87,118,90,90,90,103,88,88,83,81,94,96,113,89,87,87,93,94,92,89,88,142,88,88,142,122,122,116,116,116,101,68,98,88,91,88,91,92,74,83,84,197,135,114,118,85,86,76,83,131,113,83,66,88,88,88,89,90,94,88,80,80,67,68,68,88,88,88,85,85,85,79,81,82,85,83,88,83,84,86,84,82,82,85,87,86,83,88,83,83,76,77,132,83,135,85,89,103,67,80,83,84,84,84,87,87,93,70,1,84,88,81,79,83,83,85,88,81,81,81,105,81,86,89,84,85,79,68,104,103,85,75,76,82,82,82,81,81,76,76,88,89,91,90,91,91,91,91,90,91,91,75,83,84,124,81,81,81,82,89,89,87,83,84,102,102,102,83,83,123,94,83,79,79,88,88,80,68,94,92,89,103,103,83,84,80,87,87,87,84,84,87,79,84,84,88,85,85,67,82,82,83,84,86,88,85,85,84,86,86,80,69,69,133,79,79,79,79,85,85,85,77,85,85,85,77,88,88,88,88,88,88,86,88,83,85,85,86,84,85,84,84,84,84,84,84,83,83,103,88,88,88,86,87,86,82,92,75,92,93,83,83,85,83,88,88,82,82,82,85,85,89,81,83,80,81,80,84,89,89,94,102,89,84,149,85,84,89,97,79,82,89,80,88,88,88,98,81,79,91
8,9,17,119,10,6,6,6,6,6,3,7,7,6,7,6,7,8,9,90,0,29,10,8,8,9,9,38,39,39,38,39,1,4,4,32,6,1,1,6,2,6,2,6,10,39,28,3,3,2,3,9,36,2,2,2,36,11,10,14,9,27,15,24,1,3,3,14,12,14,10,10,57,9,8,57,47,47,34,34,34,20,22,23,2,12,2,13,13,82,12,11,144,42,32,38,5,8,13,7,38,31,7,22,7,7,7,11,11,6,9,9,10,23,22,22,10,8,8,7,8,8,10,10,7,8,6,3,6,7,9,7,6,6,8,9,10,7,10,7,7,13,13,40,7,41,7,3,89,21,9,7,6,5,5,7,7,13,24,87,5,2,9,10,5,5,8,7,8,8,8,26,11,8,2,11,10,10,24,26,97,9,83,83,6,6,7,7,7,35,35,1,10,3,2,3,3,3,3,2,3,3,34,5,7,112,10,10,10,7,1,1,4,7,6,16,16,16,7,7,110,15,9,10,10,3,4,26,33,14,14,2,29,29,8,5,9,10,11,11,5,5,9,12,5,5,2,7,7,21,7,7,5,5,9,2,5,5,5,4,4,9,22,24,40,38,38,38,38,7,5,5,36,5,4,4,32,3,2,3,2,7,7,6,7,5,4,4,4,5,5,5,5,5,5,5,5,6,6,37,7,7,7,8,10,8,7,13,83,14,14,7,6,5,6,2,2,7,7,7,5,5,10,8,5,10,9,25,6,1,1,15,15,14,8,92,5,5,2,21,10,11,10,9,2,3,2,23,10,10,1
24,22,18,97,23,24,24,24,23,23,25,28,28,27,28,28,28,29,23,103,29,0,27,31,31,32,31,20,35,35,34,35,35,30,37,66,31,36,36,33,37,32,37,30,38,47,4,38,37,35,34,38,66,38,38,38,9,40,39,42,34,9,44,32,34,37,37,43,26,43,40,39,87,38,37,88,22,22,64,64,64,50,40,53,38,41,39,42,42,63,37,37,100,14,62,66,34,36,36,29,13,65,29,42,39,39,39,40,40,40,38,28,35,40,40,40,39,40,40,36,36,36,28,27,29,37,33,35,35,36,37,36,33,33,36,37,38,34,39,34,35,36,38,13,30,14,35,36,73,39,29,30,29,29,29,36,36,43,38,108,30,35,34,34,33,33,37,37,29,29,29,3,26,36,34,37,38,28,40,2,79,38,64,65,28,28,28,28,28,72,72,33,39,34,35,34,35,35,36,35,34,34,70,30,35,93,26,26,26,29,34,34,39,29,29,21,21,21,31,30,92,44,35,28,28,35,35,25,54,43,43,34,1,1,31,28,27,39,38,38,29,29,36,37,31,31,39,34,34,39,30,31,30,30,37,38,33,33,33,35,34,34,38,39,14,33,34,34,34,34,34,34,73,34,34,37,63,38,38,38,34,37,37,36,37,29,36,30,36,29,29,29,29,29,29,29,29,28,29,11,37,37,37,36,39,36,27,42,64,43,43,29,29,30,30,34,34,30,30,32,30,29,39,29,31,28,30,25,33,35,35,44,20,43,35,61,32,31,39,11,28,25,40,28,39,38,39,53,26,28,37
5,3,25,112,3,5,5,5,6,6,9,8,8,7,8,7,8,9,4,80,10,27,0,4,4,5,4,33,30,30,29,30,12,8,8,39,6,14,14,9,14,7,14,7,12,50,24,10,10,13,13,11,44,15,15,15,31,13,12,16,8,22,19,35,11,10,10,17,16,17,13,13,65,12,13,65,41,41,42,42,42,25,16,28,10,15,11,16,17,76,11,10,138,36,41,46,10,11,9,5,33,38,5,15,15,15,14,14,14,18,12,3,8,16,16,16,12,13,14,9,9,9,1,1,5,11,7,12,8,9,11,9,6,6,9,12,11,7,12,7,8,9,10,35,6,36,11,13,86,14,3,6,7,6,7,12,12,19,17,78,7,11,8,8,8,8,10,13,4,4,4,22,2,11,11,11,12,1,17,23,92,11,77,78,5,5,4,4,4,36,36,10,13,14,13,13,13,13,13,13,13,13,35,7,9,106,1,1,1,5,11,11,11,6,6,26,26,26,6,5,105,20,9,1,1,13,13,17,26,18,18,11,26,26,5,7,1,12,11,11,7,7,12,11,8,8,11,10,10,14,6,6,7,7,11,11,10,10,9,11,11,7,16,17,35,28,29,29,29,11,10,11,37,10,10,9,34,10,11,11,12,13,13,11,13,6,8,7,8,7,8,7,7,7,7,6,6,5,6,32,13,13,13,11,12,11,5,16,77,17,19,6,6,8,7,12,12,4,4,6,7,7,13,3,7,2,3,16,10,12,12,18,26,16,8,87,9,8,12,19,1,2,14,3,11,10,11,28,1,1,14
2,4,22,116,3,3,3,4,4,4,6,5,5,4,5,4,5,6,3,82,8,31,4,0,1,2,1,35,32,32,31,31,8,3,4,35,2,9,9,4,10,3,10,2,7,46,23,6,5,8,9,7,38,10,10,10,33,8,8,11,3,25,14,31,7,5,5,13,18,12,9,9,59,8,8,59,44,44,36,36,36,19,16,23,6,11,7,12,12,79,6,6,136,39,34,40,5,7,7,1,35,33,1,15,11,8,8,9,10,13,8,2,4,16,16,16,8,8,8,5,5,5,3,4,1,6,3,8,4,5,6,5,2,2,5,7,6,3,8,3,3,7,7,37,1,38,5,9,86,15,2,1,2,2,3,7,7,13,17,79,2,7,4,3,3,3,5,8,1,1,2,21,4,7,7,7,7,3,18,21,94,7,80,80,2,2,3,3,3,32,32,6,9,9,8,9,9,9,9,8,9,9,31,3,4,109,4,4,4,1,7,7,6,1,1,22,22,22,1,1,107,14,4,3,3,8,8,19,27,12,12,7,24,24,1,3,3,7,7,7,2,2,7,6,3,3,7,6,6,15,2,2,3,3,7,6,5,5,5,6,6,3,16,17,37,30,31,31,31,6,5,5,33,6,6,5,30,6,6,6,7,8,8,7,8,2,3,3,4,3,3,3,3,3,2,2,2,2,2,34,8,8,8,7,7,7,3,12,80,12,13,1,1,3,2,7,8,1,1,1,3,3,9,2,2,3,1,18,5,7,8,14,22,12,4,89,4,3,7,19,3,5,9,2,6,6,6,23,4,3,10
2,4,22,116,3,3,3,4,4,4,6,5,5,4,5,4,5,6,3,82,8,31,4,1,0,2,1,35,32,32,31,32,8,4,4,35,2,10,10,5,11,3,11,3,7,47,24,7,6,9,10,7,38,11,11,11,33,8,8,11,4,24,14,32,8,6,6,13,19,12,9,9,59,8,8,59,43,43,36,36,36,19,16,23,7,11,7,12,12,78,6,6,140,38,35,40,5,7,7,1,35,33,2,16,9,8,8,9,10,14,8,2,4,16,16,16,8,8,8,5,5,5,3,4,1,6,3,8,4,5,6,5,2,2,5,7,6,3,8,3,4,7,7,37,2,38,5,9,86,15,2,2,3,3,3,7,7,13,17,79,3,8,4,3,3,3,5,8,1,1,2,22,4,7,8,7,7,3,18,22,94,7,79,80,2,2,3,3,3,32,32,7,9,10,9,10,10,10,10,9,10,10,32,3,4,108,4,4,4,1,8,8,7,2,2,23,23,23,1,1,107,14,4,3,3,8,8,19,27,12,12,8,24,25,1,3,3,7,7,7,3,3,7,6,4,4,7,5,5,15,2,2,3,3,7,7,5,5,5,6,6,3,16,17,37,30,31,31,31,6,5,5,33,5,6,5,30,7,7,7,8,8,8,6,8,2,4,4,5,3,4,3,3,3,3,3,3,2,3,34,8,8,8,7,7,7,3,12,79,12,13,2,2,4,3,8,8,1,1,2,4,4,9,2,3,3,1,18,4,8,8,13,22,12,4,89,5,3,8,19,3,5,10,2,7,7,7,23,4,3,10
3,5,23,116,3,4,4,4,5,5,8,6,6,6,6,6,6,7,4,82,9,32,5,2,2,0,3,36,33,33,33,33,9,5,5,36,3,11,11,6,12,4,12,4,8,48,25,8,7,10,11,8,39,11,11,11,35,9,9,12,4,26,15,33,9,7,7,14,20,13,10,10,60,9,9,60,45,45,37,37,37,20,17,24,8,12,8,13,13,80,7,7,142,40,35,41,6,8,8,2,37,34,3,16,9,9,9,10,11,15,9,3,5,17,17,17,9,9,9,6,6,6,4,5,3,7,4,9,5,6,7,6,3,3,6,8,7,4,9,4,4,8,8,39,3,40,6,10,88,16,3,3,4,4,4,8,8,14,18,80,4,9,5,4,4,4,6,9,3,3,3,23,5,7,9,8,8,4,18,23,96,8,81,82,4,4,4,4,4,33,33,8,10,11,10,11,11,11,10,10,11,11,32,4,5,110,5,5,5,3,9,9,8,3,3,24,24,24,2,2,109,15,5,4,4,9,9,20,28,13,13,9,25,26,3,4,4,8,8,8,4,4,8,7,5,5,8,6,6,16,3,3,4,4,8,8,6,6,5,7,7,4,17,18,39,32,33,33,33,7,6,6,34,6,6,6,31,8,8,8,9,9,9,7,9,3,5,5,6,4,5,4,4,4,4,4,4,3,4,35,9,9,9,8,8,8,5,13,81,13,14,3,3,5,4,9,9,3,3,3,5,5,10,3,4,4,2,19,5,9,9,15,23,13,5,91,6,4,9,20,4,6,10,4,8,8,8,24,5,4,11
2,4,23,115,2,4,4,4,4,4,7,5,5,5,5,5,5,6,3,81,9,31,4,1,1,3,0,34,31,31,31,31,9,5,5,35,3,11,11,5,11,4,11,3,8,48,23,7,7,10,11,7,39,11,11,11,33,9,8,12,4,24,15,32,8,7,7,14,16,13,10,9,60,8,9,60,43,43,37,37,37,20,16,24,8,11,8,12,13,78,7,7,136,38,35,41,5,8,7,2,35,34,2,16,9,9,9,10,11,15,9,1,4,16,16,16,8,9,9,6,6,6,2,3,1,6,4,9,4,5,7,5,3,3,6,8,7,3,8,3,4,8,7,37,3,38,6,10,86,15,2,3,3,3,4,8,8,14,17,79,3,8,4,4,4,4,6,9,1,1,1,22,4,7,8,7,8,2,18,21,94,8,79,79,2,2,2,2,2,33,33,8,10,11,10,11,10,10,10,10,10,11,32,4,5,108,3,3,3,1,8,8,8,3,3,23,23,23,2,2,107,15,5,2,2,8,8,18,27,13,13,8,24,24,1,4,3,8,8,8,4,4,7,7,4,4,8,6,6,15,3,3,4,4,7,8,5,5,5,7,7,3,16,17,37,30,31,31,31,6,6,6,34,6,6,6,30,8,8,8,9,8,9,7,8,3,5,4,5,4,5,4,4,4,4,4,3,3,3,33,9,9,9,7,8,7,3,12,79,13,13,3,2,5,4,9,9,1,1,3,4,4,10,1,3,2,1,17,5,9,9,14,23,13,5,88,6,4,9,19,2,4,10,2,8,7,8,24,3,2,11
35,32,37,79,33,34,34,34,34,34,36,39,39,39,39,39,39,40,33,126,38,20,33,35,35,36,34,0,35,35,35,35,46,42,43,77,44,47,47,45,48,44,48,43,49,69,27,44,43,46,47,49,80,48,48,48,14,51,50,54,47,17,56,54,45,43,43,55,46,54,51,51,102,50,49,102,17,17,78,78,78,61,44,65,44,53,44,53,54,48,50,50,107,14,77,81,45,47,49,41,10,76,40,45,50,50,50,51,52,51,50,40,47,44,43,43,50,51,51,47,47,47,40,39,41,48,44,46,46,47,49,47,45,45,47,48,49,45,50,45,46,49,49,11,42,14,46,47,57,43,40,43,42,41,41,48,48,55,42,129,42,45,47,46,44,44,48,48,40,40,41,26,38,47,45,50,51,40,44,25,63,49,49,49,40,40,39,39,39,75,75,44,51,47,46,47,47,47,47,46,47,47,74,42,46,78,39,39,39,41,45,45,44,42,42,43,43,43,43,42,77,56,48,40,40,46,46,29,58,54,54,45,24,24,42,41,39,51,50,50,41,41,48,49,43,43,44,45,45,43,42,42,42,43,48,44,44,44,44,46,46,46,41,43,12,34,35,35,35,45,45,45,77,45,45,42,74,44,44,44,45,48,48,47,48,41,42,42,42,42,41,42,42,42,41,41,41,40,41,11,49,49,48,47,50,47,39,54,49,54,55,42,41,42,43,45,46,41,41,42,42,42,51,41,44,40,41,28,44,45,45,55,43,54,46,58,43,43,45,34,40,38,51,40,44,44,44,65,38,40,47
32,31,51,111,30,35,35,35,35,35,37,36,36,36,36,36,36,37,31,78,39,35,30,32,32,33,31,35,0,1,1,1,38,34,32,64,30,39,39,33,40,31,40,30,37,74,32,36,35,39,39,37,67,40,40,40,28,39,38,40,34,20,44,59,37,35,35,42,40,42,39,38,89,37,36,89,37,37,65,65,65,49,27,53,36,40,37,41,42,55,36,36,130,33,64,68,33,35,32,29,31,63,29,28,39,39,38,39,40,51,37,27,34,27,27,27,38,38,38,35,35,35,28,26,28,36,32,38,34,35,36,35,32,32,35,36,37,33,38,33,34,32,33,32,30,34,34,39,81,26,29,30,33,32,32,35,35,43,25,76,30,37,34,33,32,32,36,36,28,28,28,30,25,35,37,37,37,28,27,30,88,37,56,56,28,28,28,28,28,58,58,36,39,39,39,39,39,39,39,38,39,39,57,33,33,102,26,26,26,28,37,37,37,29,30,48,48,48,30,30,101,44,34,28,28,38,38,9,41,42,42,37,29,29,29,32,26,38,38,38,32,32,35,35,31,31,37,34,34,26,30,30,34,34,36,36,33,33,33,35,35,33,25,26,32,1,1,1,1,34,34,34,60,34,34,35,57,36,36,36,37,36,36,35,36,32,34,33,34,33,33,33,33,33,33,33,32,29,32,28,37,37,37,35,38,35,30,41,56,42,42,30,29,34,30,37,38,29,28,30,33,33,39,28,31,28,29,9,33,37,38,43,48,42,34,82,35,31,37,39,28,25,39,27,37,36,37,53,25,28,40
32,31,51,111,30,35,35,35,35,35,37,36,36,36,36,36,36,37,31,78,39,35,30,32,32,33,31,35,1,0,1,1,38,34,32,64,30,39,39,33,40,31,40,30,37,75,32,36,35,39,39,37,67,40,40,40,28,39,38,40,34,20,44,59,37,35,35,42,40,42,39,38,89,37,36,89,37,37,65,65,65,49,27,53,36,40,37,41,42,55,36,36,130,35,64,68,33,35,32,29,31,63,29,28,39,39,38,39,40,51,38,27,34,27,27,27,38,38,38,35,35,35,28,26,28,36,32,38,34,35,36,35,32,32,35,36,37,33,38,33,34,32,33,32,30,34,34,39,81,26,29,30,33,32,32,35,35,43,25,76,30,37,34,33,32,32,36,36,28,28,28,30,25,35,37,37,37,28,27,30,88,37,56,56,28,28,28,28,28,58,58,36,39,39,39,39,39,39,39,38,39,39,57,33,33,102,26,26,26,28,37,37,37,29,30,48,48,48,30,30,101,44,34,28,28,38,38,9,41,42,42,37,29,29,29,32,26,38,38,38,32,32,35,35,31,31,37,34,34,26,30,30,34,34,36,36,33,33,33,35,35,33,25,26,32,1,1,1,1,34,34,34,60,34,34,35,57,36,36,36,37,36,36,35,36,32,34,33,34,33,33,33,33,33,33,33,32,29,32,28,37,37,37,35,38,35,30,41,56,42,42,30,29,34,30,37,38,29,28,30,33,33,39,28,31,28,29,9,33,37,38,43,48,42,34,82,35,31,37,39,28,25,39,27,37,36,37,53,25,28,40
31,30,51,110,30,35,35,35,34,34,37,36,36,35,36,35,36,37,30,78,38,34,29,31,31,33,31,35,1,1,0,1,38,34,32,64,30,39,39,33,40,31,40,30,37,74,32,36,35,38,39,37,67,40,40,40,27,39,38,39,33,20,43,59,37,35,35,42,40,42,39,38,89,37,36,89,37,37,65,65,65,49,27,53,36,40,36,41,41,54,36,36,130,34,63,67,33,35,32,29,31,63,29,28,39,39,38,39,40,51,37,27,34,27,27,27,38,38,38,35,35,35,28,26,28,36,32,38,34,35,36,35,32,32,35,36,37,33,38,33,34,32,32,31,30,34,34,39,81,26,29,29,33,32,32,35,35,42,25,76,30,37,33,33,32,32,35,36,28,28,28,30,25,35,37,37,37,28,27,29,87,37,55,56,28,28,28,28,28,58,58,36,39,39,38,39,39,39,39,38,39,39,57,33,33,102,25,25,25,28,37,37,36,29,30,48,48,48,30,30,101,44,34,28,28,38,38,8,41,42,42,37,29,29,29,32,26,38,38,38,32,32,35,35,31,31,37,34,34,26,30,30,34,34,36,36,33,33,33,34,34,33,24,26,32,1,1,1,1,34,34,34,60,34,34,35,57,36,36,36,37,36,36,35,36,32,34,33,34,33,32,33,33,33,32,32,32,29,32,28,37,37,37,35,38,35,30,41,56,42,42,29,29,33,30,37,38,28,28,30,33,33,39,28,31,28,29,9,33,37,37,43,48,42,34,82,35,31,37,39,28,25,39,27,36,36,36,53,25,28,40
32,31,51,110,30,35,35,35,35,35,37,36,36,35,36,36,36,37,31,78,39,35,30,31,32,33,31,35,1,1,1,0,38,34,32,64,30,39,39,33,40,31,40,30,37,74,32,36,35,38,39,37,67,40,40,40,27,39,38,39,33,20,43,59,37,35,35,42,40,42,39,38,89,37,36,89,37,37,65,65,65,49,27,53,36,40,36,41,41,54,36,36,130,34,63,67,33,35,32,29,31,63,29,28,39,39,38,39,40,51,37,27,34,27,27,27,38,38,38,35,35,35,28,26,28,36,32,38,34,35,36,35,32,32,35,36,37,33,38,33,34,32,32,31,30,34,34,39,81,26,29,29,33,32,32,35,35,42,25,77,30,37,33,33,32,32,35,36,28,28,28,30,25,35,37,37,37,28,27,29,87,37,55,56,28,28,28,28,28,58,58,36,39,39,38,39,39,39,39,38,39,39,57,33,33,102,25,25,25,28,37,37,36,29,30,48,48,48,30,30,101,44,34,28,28,38,38,8,41,42,42,37,29,29,29,32,26,38,38,38,32,32,35,35,31,31,37,34,34,26,30,30,34,34,36,36,33,33,33,34,34,33,24,26,32,1,1,1,1,34,34,34,60,34,34,35,57,36,36,36,37,36,36,35,36,32,34,33,34,33,32,33,33,33,32,32,32,29,32,28,37,37,37,35,38,35,30,41,56,42,42,29,29,33,30,37,38,28,28,30,33,33,39,28,31,28,29,9,33,37,37,43,48,42,34,82,35,31,37,39,28,25,39,27,36,36,36,53,25,28,40
7,9,17,118,10,6,6,6,5,5,2,6,6,5,6,5,6,7,8,89,1,35,12,8,8,9,9,46,38,38,38,38,0,4,4,33,6,3,2,5,3,5,3,5,8,40,24,2,3,3,4,9,36,3,3,3,36,10,9,13,8,27,15,25,2,3,3,13,13,13,10,9,57,8,8,57,46,46,34,34,34,20,22,24,1,11,1,12,13,81,11,11,139,41,32,38,4,6,13,7,38,31,6,21,6,7,7,10,11,7,9,8,10,22,22,22,9,7,7,6,6,6,10,10,7,7,6,3,5,6,8,6,6,6,6,8,8,6,9,6,6,13,13,40,7,41,6,2,89,21,9,7,5,5,5,6,6,14,23,87,5,2,9,9,5,5,7,6,7,7,7,22,11,7,2,10,9,10,24,22,97,8,82,83,6,6,7,7,7,36,36,1,10,4,3,4,4,4,4,3,4,4,35,5,5,111,10,10,10,7,1,1,3,6,6,16,16,16,7,7,110,15,7,10,10,3,3,26,33,13,13,2,25,25,8,5,9,10,8,9,5,5,8,12,4,4,1,5,5,21,6,6,5,5,9,1,3,3,4,3,3,9,22,23,40,37,38,38,38,5,4,4,37,3,3,4,33,2,1,2,2,6,6,5,6,5,4,4,4,4,5,4,4,4,5,5,5,6,6,37,6,6,6,7,9,7,7,12,82,13,13,6,6,5,6,1,1,7,7,7,4,4,10,8,5,10,8,25,6,2,2,14,16,13,6,92,4,4,1,22,10,11,10,8,1,2,1,24,10,10,3
3,5,18,115,6,2,2,2,1,1,3,6,6,5,6,5,6,7,4,85,4,30,8,3,4,5,5,42,34,34,34,34,4,0,1,36,2,6,6,4,7,2,7,2,8,43,24,3,2,5,6,8,40,7,7,7,33,10,9,13,5,24,15,28,4,2,2,13,15,13,10,9,60,8,7,60,43,43,38,38,38,20,19,24,3,11,3,12,13,78,8,8,136,39,36,41,4,6,9,3,35,35,3,18,8,9,9,10,11,10,9,5,6,19,19,19,9,9,9,6,6,6,7,6,4,7,3,5,5,6,8,6,4,4,6,7,8,4,9,4,5,10,9,37,3,38,5,6,86,18,5,2,2,2,2,6,6,14,20,83,2,4,5,6,3,3,7,7,4,4,4,22,7,6,4,9,9,7,20,22,94,8,79,80,3,3,4,4,4,36,36,3,10,6,5,6,6,6,5,5,6,6,35,2,5,108,6,7,7,4,4,4,3,3,2,19,19,19,4,3,107,15,6,7,7,5,5,23,32,13,13,4,33,34,5,2,6,9,9,9,2,2,6,9,1,1,3,4,4,17,3,3,2,2,7,3,3,3,3,4,4,5,19,20,37,34,35,35,35,4,4,4,37,4,4,1,33,3,3,3,4,7,7,6,7,2,1,1,1,1,2,1,1,1,1,2,2,2,2,34,7,7,7,6,9,6,3,13,80,13,14,3,3,1,2,4,4,4,4,3,1,1,10,5,2,7,5,22,3,4,4,14,18,13,5,89,2,1,4,24,7,8,10,5,3,3,3,24,7,7,6
3,5,18,116,6,2,2,2,2,2,3,5,5,5,5,5,5,6,4,84,4,37,8,4,4,5,5,43,32,32,32,32,4,1,0,36,2,7,7,4,7,2,7,2,8,44,24,3,3,6,7,8,39,8,8,8,34,10,9,12,5,25,14,29,5,3,3,13,16,13,10,9,60,8,7,60,44,44,37,37,37,20,19,23,4,11,4,12,12,79,8,8,137,39,35,41,3,5,9,3,36,34,3,18,8,8,8,10,11,12,8,5,6,19,19,19,9,9,9,6,6,6,7,6,4,7,3,6,5,6,7,6,3,3,6,7,8,4,9,4,4,10,9,37,3,39,5,6,87,17,5,2,2,2,2,6,6,13,20,81,2,4,5,6,2,3,6,6,4,4,4,22,7,5,4,8,9,7,20,22,94,8,80,80,3,3,4,4,4,36,36,4,10,7,6,7,6,6,6,6,7,7,35,2,5,109,7,7,7,4,4,4,4,3,2,20,20,20,3,3,108,15,6,7,7,6,6,23,30,13,13,4,25,25,5,2,6,9,8,9,2,2,6,9,1,1,4,3,3,17,2,3,2,2,7,4,3,3,3,4,4,5,19,20,38,35,36,36,36,4,4,3,37,3,3,1,33,4,4,4,5,7,7,5,7,2,1,1,2,1,2,1,1,1,2,2,2,2,2,34,7,7,7,5,9,5,3,12,80,13,13,3,3,1,3,5,5,4,4,3,1,1,10,5,2,7,5,22,3,5,5,14,19,13,5,89,2,1,5,19,7,8,10,5,4,3,4,23,7,7,7
35,38,44,150,38,35,35,35,35,35,31,30,30,32,31,32,31,30,39,115,32,66,39,35,35,36,35,77,64,64,64,64,33,36,36,0,28,25,25,26,25,26,25,27,26,34,52,25,25,28,29,22,6,24,24,24,60,26,26,28,28,52,21,28,27,25,25,20,38,20,20,21,27,22,22,28,70,70,4,4,4,13,44,20,25,21,25,20,20,105,30,30,167,65,2,6,26,23,33,28,62,1,30,43,21,21,21,22,23,26,22,29,29,44,44,44,26,20,20,25,25,25,30,31,28,26,26,23,25,24,24,24,26,26,24,23,23,27,26,25,26,33,32,64,27,65,24,23,113,42,29,28,29,29,29,23,23,19,45,102,29,27,28,29,26,26,25,22,29,29,29,50,32,24,24,29,29,30,45,50,121,26,106,107,30,30,31,31,31,43,43,25,23,29,28,28,28,28,28,28,29,29,43,29,25,135,31,31,31,28,25,25,24,28,29,35,35,35,28,28,134,16,27,30,30,22,22,48,54,19,18,27,53,53,28,29,31,24,24,25,29,29,23,32,28,28,25,26,26,42,27,27,29,29,22,25,26,25,26,25,25,28,44,45,64,69,70,70,70,26,26,25,44,26,25,28,40,24,24,24,23,23,23,25,22,29,28,28,27,28,29,28,28,28,28,28,29,29,29,61,23,23,23,24,26,24,30,21,107,19,19,30,30,29,28,24,24,29,28,27,28,28,23,29,27,30,29,45,28,27,27,18,36,30,26,116,27,28,25,44,30,32,22,30,25,25,25,20,31,30,25
1,4,20,116,4,2,2,2,3,3,5,5,5,4,5,4,5,6,3,83,6,31,6,2,2,3,3,44,30,30,30,30,6,2,2,28,0,9,9,5,9,3,9,2,10,46,23,5,5,8,9,9,41,10,10,10,33,11,11,14,6,24,16,31,7,5,5,15,18,15,11,11,62,10,9,62,43,43,39,39,39,22,19,25,6,13,6,13,14,78,9,9,136,38,37,43,5,7,10,1,37,36,1,18,10,10,10,12,12,13,10,3,7,19,19,19,11,11,11,8,8,8,5,5,1,8,5,8,6,8,9,8,5,5,8,9,9,5,11,6,6,10,10,37,2,38,7,8,86,17,3,1,2,1,2,8,8,15,20,81,1,6,6,6,4,4,8,8,2,2,2,21,6,7,6,9,10,5,20,21,94,10,79,79,2,2,2,2,2,35,35,6,11,9,8,9,8,8,8,8,9,9,34,2,6,108,5,5,5,2,6,6,6,1,1,22,22,22,3,2,107,16,7,5,5,7,8,23,30,15,15,6,23,24,3,2,4,10,10,10,2,2,8,9,2,3,6,5,5,17,2,2,2,2,9,6,5,5,4,6,6,6,19,20,37,34,35,35,35,6,6,5,36,5,5,4,32,6,6,6,7,8,9,7,8,1,3,2,3,2,3,2,2,2,2,2,1,2,2,33,9,9,9,7,10,7,3,14,79,15,15,1,1,3,2,7,7,2,2,2,2,2,11,3,3,5,3,22,5,7,7,15,21,15,7,88,4,2,7,18,5,6,12,3,6,5,6,25,5,5,9
9,10,18,120,12,8,8,8,7,7,4,7,7,6,7,6,7,8,10,90,1,36,14,9,10,11,11,47,39,39,39,39,3,6,7,25,9,0,1,6,1,7,1,7,9,38,25,3,4,4,4,8,35,1,1,1,37,11,10,14,10,29,13,23,2,4,4,12,13,12,9,9,55,7,7,56,48,48,33,33,33,18,23,22,2,10,2,10,11,83,12,12,145,43,31,36,5,7,14,8,39,30,8,23,6,6,6,9,9,5,7,10,11,23,23,23,10,7,7,7,7,7,11,11,9,8,7,2,6,7,9,7,7,7,7,8,8,8,10,7,7,14,14,41,8,42,7,1,90,22,10,8,7,6,7,6,6,13,24,86,7,3,10,10,6,6,8,6,9,9,9,24,12,6,2,11,10,11,25,23,98,9,84,84,7,7,8,8,8,34,34,2,8,5,4,4,4,4,4,4,4,4,33,6,6,113,11,11,11,8,2,2,4,8,7,17,17,17,9,8,111,13,8,11,11,3,4,27,34,13,12,3,26,26,9,6,11,10,9,9,6,6,7,13,6,6,2,6,6,22,8,8,6,6,8,3,4,4,5,4,4,10,23,24,41,39,40,40,40,6,5,5,35,4,4,5,31,3,2,3,2,6,6,7,6,6,5,5,5,6,6,6,6,6,6,6,6,7,7,38,6,6,6,6,10,6,8,12,84,13,13,8,7,6,7,2,2,9,8,8,6,6,8,9,7,11,10,26,7,2,3,12,17,14,7,93,6,6,2,22,11,12,9,10,3,3,2,22,11,11,1
9,10,18,120,12,8,8,8,7,7,4,7,7,6,7,6,7,8,10,90,1,36,14,9,10,11,11,47,39,39,39,39,2,6,7,25,9,1,0,6,1,7,1,7,9,38,25,3,4,4,4,8,35,1,1,1,37,11,10,14,10,29,13,23,2,4,4,12,13,12,9,9,55,8,7,56,48,48,33,32,33,18,23,22,2,10,2,11,11,83,12,12,145,43,30,36,5,7,14,8,41,30,8,23,6,6,6,9,9,5,7,10,11,23,23,23,10,7,7,7,7,7,11,11,9,8,7,3,6,7,9,7,7,7,7,8,8,8,10,7,7,14,14,41,8,42,7,1,90,22,10,8,7,6,7,6,6,13,24,86,7,3,10,10,6,6,8,6,9,9,9,24,12,6,2,11,10,11,25,23,98,9,84,84,7,7,8,8,8,34,34,2,9,5,4,4,4,4,4,4,4,4,33,6,6,113,11,11,11,8,2,2,4,8,7,17,17,17,9,8,111,13,8,11,11,3,4,27,34,13,12,3,26,26,9,6,11,10,9,9,6,6,7,13,6,6,2,6,6,22,8,8,6,6,8,3,4,4,5,4,4,10,23,24,43,39,40,40,40,6,5,5,35,4,4,5,31,3,2,3,2,6,6,7,6,6,5,5,5,6,6,6,6,6,6,6,6,7,7,38,6,6,6,6,10,6,8,12,84,13,13,8,7,6,7,2,2,9,8,8,6,6,8,9,7,11,10,26,7,2,3,12,17,14,7,93,6,6,2,22,11,12,9,10,3,3,2,22,11,11,1
4,7,20,118,7,4,4,5,4,5,5,3,3,2,3,2,3,4,6,84,6,33,9,4,5,6,5,45,33,33,33,33,5,4,4,26,5,6,6,0,7,3,7,4,5,45,27,5,5,8,8,4,35,7,7,7,37,6,5,9,5,29,11,30,6,5,5,10,18,9,6,6,56,5,4,56,48,48,33,33,33,16,19,20,4,8,4,8,9,82,7,7,144,43,31,35,3,2,9,5,39,30,5,18,5,5,5,6,7,10,5,6,6,19,19,19,5,5,5,3,3,3,7,8,5,3,2,5,2,2,4,2,3,3,3,3,4,3,5,2,2,10,9,41,4,42,2,6,90,17,6,5,6,6,6,3,3,10,20,81,5,6,5,6,2,2,3,4,5,5,6,25,8,2,5,6,6,7,20,25,98,4,83,84,6,6,7,7,7,32,32,5,6,8,8,8,8,8,8,8,8,8,32,5,2,112,8,8,8,5,5,5,4,5,5,21,21,21,5,4,111,11,4,7,7,4,5,23,30,9,9,6,28,28,5,6,7,5,5,5,6,6,3,9,4,4,4,2,2,17,4,4,5,5,4,5,3,3,2,3,3,5,19,20,43,34,35,35,35,3,2,2,33,2,2,5,30,4,4,4,5,4,4,2,4,6,5,5,4,5,6,5,5,5,6,6,6,6,6,38,4,4,4,2,5,2,7,9,84,9,10,5,5,5,5,5,5,5,5,4,5,5,6,6,3,7,5,22,3,7,7,10,21,9,3,93,4,4,5,26,7,9,6,6,5,5,5,20,8,7,8
10,11,19,121,12,8,8,8,8,8,4,8,8,7,8,7,8,9,11,90,2,37,14,10,11,12,11,48,40,40,40,40,3,7,7,25,9,1,1,7,0,7,1,7,10,38,26,4,5,4,5,7,34,1,1,1,38,11,10,14,10,29,12,23,3,5,5,11,14,11,9,8,55,6,6,55,48,48,32,32,32,18,24,22,3,9,3,10,10,83,12,12,145,43,30,36,6,6,14,9,40,29,8,23,5,5,6,8,9,5,6,10,11,24,24,24,10,6,6,8,8,8,11,11,9,8,7,2,6,7,8,7,8,8,8,7,8,8,10,7,7,14,14,42,8,43,8,1,91,22,11,8,7,7,7,5,5,11,25,86,7,4,10,11,7,7,8,5,9,9,9,24,12,6,2,11,10,11,25,24,99,9,84,84,8,8,9,9,9,33,33,3,8,5,4,5,5,5,5,4,5,5,32,7,7,113,11,12,11,9,2,2,4,8,7,17,17,17,9,9,112,14,9,11,11,2,3,28,35,11,11,3,27,27,10,7,11,8,9,9,7,7,7,14,6,6,3,7,7,22,8,8,7,7,7,3,5,5,5,4,4,10,24,25,43,39,40,40,40,8,5,5,34,5,4,6,30,4,3,3,2,5,5,7,5,7,6,6,5,6,7,6,6,6,6,7,7,7,7,38,5,5,5,6,10,6,8,10,84,11,11,8,8,7,7,2,2,9,9,8,6,6,8,10,7,12,10,27,7,3,3,12,17,15,8,94,6,6,2,23,11,13,8,10,3,4,3,22,12,11,1
2,5,19,117,5,3,3,3,3,3,4,4,4,3,4,3,4,5,4,83,6,32,7,3,3,4,4,44,31,31,31,31,5,2,2,26,3,7,7,3,7,0,8,1,7,45,24,4,4,7,8,6,37,8,8,8,34,8,7,11,4,26,13,30,6,4,4,11,17,11,8,7,58,7,5,58,45,45,35,35,35,18,17,22,5,9,5,10,11,80,7,7,137,40,33,39,3,4,8,2,36,32,3,17,8,8,7,8,9,12,7,4,5,18,17,17,7,7,7,4,5,5,5,6,2,5,1,6,3,4,6,4,2,2,5,5,6,2,7,2,3,8,8,38,2,39,3,7,87,16,4,2,3,3,3,5,5,12,18,80,3,5,4,4,1,1,5,6,3,3,3,22,7,4,6,7,8,5,19,22,95,6,81,81,3,3,4,4,4,34,34,5,8,8,7,8,7,8,7,7,8,8,33,2,3,110,6,6,6,3,5,6,4,2,3,21,21,21,2,2,108,13,5,5,5,5,5,20,28,11,11,5,25,25,3,3,5,7,7,7,3,3,4,7,1,1,5,3,3,16,1,1,2,2,5,5,2,2,2,4,4,4,17,18,38,32,33,33,33,3,3,3,35,3,3,2,32,5,5,5,6,5,6,4,5,3,2,2,2,2,2,2,2,2,2,2,2,3,3,35,6,6,6,4,7,4,4,11,81,11,12,2,3,2,2,6,6,3,3,2,2,2,8,4,1,5,4,19,2,6,6,12,20,11,3,90,2,1,6,20,5,7,8,4,5,4,5,22,6,5,8
10,11,19,121,12,8,8,8,8,8,4,8,8,7,8,7,8,9,11,90,2,37,14,10,11,12,11,48,40,40,40,40,3,7,7,25,9,1,1,7,1,8,0,7,10,38,26,4,5,4,5,7,33,1,1,1,38,11,10,14,10,29,12,23,3,5,5,11,14,11,8,8,55,6,6,55,48,48,32,32,32,18,24,22,3,9,3,10,10,83,12,12,145,43,30,36,6,6,14,9,40,29,8,23,5,5,5,9,9,5,6,10,11,24,24,24,10,6,6,8,8,8,12,12,9,8,7,3,7,7,8,7,8,8,8,7,8,8,10,7,7,15,14,42,9,43,8,2,91,22,11,8,7,7,7,5,5,11,25,86,7,4,10,11,7,7,8,5,9,9,9,24,12,6,2,11,11,12,25,24,99,10,84,85,8,8,9,9,9,33,33,3,8,5,4,5,5,5,5,4,5,5,32,7,7,113,12,12,12,9,2,2,4,8,7,18,18,18,9,9,112,13,9,12,12,2,3,28,35,12,11,4,27,27,10,7,11,9,9,9,7,7,7,14,6,6,3,7,7,22,8,8,7,7,7,3,5,5,5,4,4,10,24,25,43,39,40,40,40,8,5,5,34,5,4,6,30,4,3,3,2,5,5,7,5,7,6,6,5,6,7,6,6,6,7,7,7,7,7,38,5,5,5,6,10,6,8,10,84,11,11,8,8,7,7,2,2,9,9,9,6,6,8,10,7,12,10,27,7,3,3,12,17,14,8,94,6,6,2,23,12,13,9,10,3,4,3,22,12,12,1
1,4,19,116,4,1,1,1,2,2,4,4,4,4,5,4,4,5,3,83,6,30,7,2,3,4,3,43,30,30,30,30,5,2,2,27,2,7,7,4,7,1,7,0,8,44,23,4,4,7,7,7,38,8,8,8,33,9,8,12,4,25,14,29,5,4,4,13,17,12,9,9,59,8,7,59,44,44,36,36,36,19,17,23,4,11,5,11,12,79,7,7,141,39,35,40,4,5,8,2,37,33,2,16,9,9,9,9,10,13,8,4,5,17,17,17,8,9,9,6,6,6,5,5,2,6,3,6,4,5,7,5,3,3,6,6,7,3,9,3,4,8,8,38,1,41,5,7,86,16,4,1,2,2,2,6,6,13,18,80,2,5,4,4,2,2,6,7,3,3,3,21,6,5,5,7,8,5,19,21,94,7,80,80,2,2,3,3,3,33,33,4,9,7,7,7,7,7,7,7,7,7,32,1,4,109,5,5,5,2,5,5,5,1,2,20,20,20,2,2,107,14,5,5,5,6,6,23,28,12,12,5,24,24,3,2,5,8,8,8,2,2,6,7,1,1,5,4,4,16,1,1,1,1,7,5,3,3,3,4,4,4,17,18,37,35,35,35,35,4,4,4,34,4,4,2,30,4,5,4,6,7,7,5,7,2,2,1,2,2,2,2,2,2,2,2,2,2,2,34,7,7,7,5,8,5,3,12,80,12,13,1,2,1,1,6,6,3,3,1,2,2,9,4,1,5,4,22,3,6,6,13,20,12,5,89,2,1,5,19,5,6,10,4,5,4,5,23,6,5,8
8,12,24,123,10,9,9,9,9,9,8,3,3,4,3,4,3,1,10,86,10,38,12,7,7,8,8,49,37,37,37,37,8,8,8,26,10,9,9,5,10,7,10,8,0,46,28,5,5,8,9,4,36,8,8,8,38,4,3,7,3,30,11,31,7,5,5,10,18,10,7,6,57,5,5,57,49,49,34,34,34,17,18,21,5,9,5,9,10,84,5,5,146,44,32,37,4,4,9,5,42,31,7,17,8,8,6,7,8,12,5,7,5,18,18,18,4,6,6,2,2,2,7,9,6,1,3,6,2,3,4,3,3,3,2,5,4,4,4,3,3,9,8,43,5,43,3,7,91,17,7,6,7,7,7,4,4,10,19,81,6,7,3,5,3,3,2,5,6,6,6,26,9,4,5,4,3,7,19,26,99,1,85,85,7,7,8,8,8,30,30,6,7,9,8,9,9,9,9,8,9,9,29,6,3,114,9,9,9,6,5,5,4,6,7,22,22,22,5,5,112,12,2,7,7,5,5,26,29,10,10,7,29,29,6,7,8,5,5,5,7,7,4,8,5,5,5,3,3,17,5,5,6,6,4,5,4,4,4,3,3,4,18,19,44,39,40,40,40,3,3,3,31,3,3,6,27,5,5,5,5,5,5,4,5,7,6,6,6,6,7,6,6,6,7,7,7,7,7,39,5,5,5,4,2,4,8,9,85,10,10,6,6,5,6,5,6,6,6,5,6,6,7,7,5,8,6,26,4,7,7,11,21,6,4,94,5,5,6,27,7,10,7,7,5,6,5,21,9,7,8
46,47,28,143,48,44,44,44,44,44,42,46,46,44,46,45,46,46,47,128,39,47,50,46,47,48,48,69,74,75,74,74,40,43,44,34,46,38,38,45,38,45,38,44,46,0,33,32,32,30,30,34,35,31,31,31,42,40,39,43,38,41,43,8,30,33,33,41,31,39,39,40,57,34,34,57,55,55,33,33,33,35,53,42,31,37,31,41,41,96,41,40,107,47,32,36,35,35,42,36,46,32,36,53,33,33,33,36,37,33,34,38,39,53,53,53,39,34,34,37,37,37,39,39,37,37,35,32,36,36,37,36,35,35,37,36,35,36,40,36,36,42,42,47,36,47,36,30,104,52,38,36,35,34,35,34,34,38,54,116,34,31,38,39,34,34,37,34,37,37,37,31,40,35,32,40,40,39,55,31,112,39,97,97,35,35,36,36,36,65,65,30,36,31,30,31,30,31,30,30,31,31,65,34,36,126,39,39,39,36,31,31,33,36,35,16,16,16,37,36,125,39,38,39,39,31,32,57,64,39,39,31,33,34,37,34,39,36,38,38,34,34,36,42,34,34,32,36,36,52,36,36,34,34,35,31,34,34,34,34,33,38,53,54,47,65,66,66,66,36,34,34,66,34,33,33,62,32,32,32,32,34,34,36,34,34,33,33,33,34,34,34,34,34,34,34,34,35,35,45,34,34,34,35,39,35,36,40,97,38,38,36,36,34,35,31,31,37,36,36,34,34,36,37,35,39,38,57,35,30,30,40,16,44,37,84,34,34,32,25,39,40,41,38,31,32,31,42,39,39,30
23,21,17,100,23,23,23,23,22,22,25,28,28,27,28,27,28,29,22,107,28,4,24,23,24,25,23,27,32,32,32,32,24,24,24,52,23,25,25,27,26,24,26,23,28,33,0,32,32,33,32,37,65,36,36,36,13,39,38,42,34,12,44,31,33,32,32,43,25,42,39,38,86,38,36,86,25,25,63,63,63,49,45,53,32,40,33,41,42,67,37,36,99,18,61,65,33,35,35,29,17,61,28,47,38,38,39,39,40,40,38,28,34,45,45,45,38,39,39,36,36,36,28,26,29,36,33,34,34,35,37,35,33,33,36,36,37,33,38,34,34,35,36,17,30,17,34,35,76,44,28,30,28,28,28,36,36,43,43,109,29,33,34,34,32,32,36,37,29,29,29,1,25,36,33,37,38,28,45,2,82,38,68,68,28,28,27,27,27,65,65,33,39,32,34,33,33,33,34,33,33,33,65,29,34,97,26,26,26,29,34,34,33,29,29,19,19,19,32,32,96,44,35,28,28,35,35,31,58,42,42,34,4,4,30,28,26,39,38,38,28,28,35,37,30,30,33,33,33,45,30,30,29,29,36,33,33,33,33,34,34,33,43,44,17,36,37,37,37,34,34,34,66,33,34,31,63,32,33,33,34,37,37,35,37,28,29,29,30,29,28,29,29,29,28,28,28,27,28,15,37,37,37,36,38,36,26,42,68,42,43,29,28,29,30,34,34,29,29,30,29,29,39,29,31,28,29,30,33,33,33,43,19,42,35,65,32,30,33,10,28,25,39,28,33,32,33,53,25,28,35
6,7,18,117,8,4,4,4,4,4,1,5,5,4,5,4,5,6,7,88,3,38,10,6,7,8,7,44,36,36,36,36,2,3,3,25,5,3,3,5,4,4,4,4,5,32,32,0,3,4,5,7,34,4,4,4,36,9,8,11,8,27,15,27,3,3,3,13,14,13,10,9,55,8,6,55,46,46,32,32,32,19,21,24,1,11,1,12,13,81,10,10,143,41,30,34,3,5,12,7,40,30,6,20,6,7,7,10,11,7,8,8,9,21,21,21,8,7,7,5,5,5,9,10,7,6,5,2,4,5,7,5,5,5,5,6,7,6,8,4,5,12,12,41,6,41,4,3,89,20,9,6,5,5,5,4,4,14,22,84,5,3,8,8,4,4,5,5,7,7,7,23,10,5,1,9,8,9,23,23,97,7,82,83,6,6,7,7,7,35,35,1,10,5,4,5,4,5,4,4,5,5,34,5,4,111,10,10,10,7,1,1,1,6,5,18,18,18,6,6,110,15,6,9,9,2,3,26,32,13,13,3,25,26,7,5,9,8,8,8,5,5,6,11,4,4,1,4,4,20,6,6,5,5,6,1,2,2,3,2,2,8,21,22,41,37,38,38,38,4,3,2,36,2,2,4,32,1,1,1,1,5,5,4,5,5,4,4,3,4,5,4,4,4,4,5,5,5,5,36,5,5,5,5,8,5,6,12,82,13,13,6,6,5,5,1,2,7,7,6,4,4,10,8,5,9,8,25,5,3,3,14,17,12,5,92,4,4,1,23,9,11,10,8,1,1,1,24,10,9,4
5,6,17,116,8,4,4,4,3,3,1,5,5,4,6,4,5,6,6,87,3,37,10,5,6,7,7,43,35,35,35,35,3,2,3,25,5,4,4,5,5,4,5,4,5,32,32,3,0,4,5,8,35,5,5,5,35,9,8,12,7,26,15,27,3,1,1,14,14,14,10,10,56,9,7,56,45,45,33,33,33,19,21,24,1,12,1,13,13,80,11,10,142,40,31,35,4,5,11,6,39,30,5,20,7,7,7,11,11,8,9,7,8,21,21,21,8,8,8,6,6,6,8,8,6,6,4,3,5,5,7,5,5,5,6,7,8,5,9,5,5,12,11,40,5,42,5,4,88,19,8,5,4,4,4,5,5,14,22,85,4,3,7,8,4,4,6,5,6,6,6,23,9,6,2,9,9,8,22,23,96,8,81,81,5,5,6,6,5,35,35,2,10,5,4,5,5,5,5,4,5,5,35,3,5,110,8,8,8,6,2,2,2,5,4,18,18,18,6,6,109,15,7,8,8,3,4,24,32,14,14,3,26,26,7,4,8,8,8,9,4,3,6,11,3,3,1,5,5,19,5,5,3,3,7,1,3,3,3,3,2,7,21,22,40,36,37,37,37,5,3,3,36,3,2,2,33,1,1,1,2,6,6,5,6,4,2,3,2,3,3,3,3,3,3,3,3,4,4,35,6,6,6,6,8,6,5,13,81,14,14,5,5,3,4,2,2,6,6,5,3,3,10,7,4,9,7,23,4,3,3,15,17,13,6,90,3,3,2,23,8,9,11,7,1,1,1,24,9,8,5
8,10,16,119,11,7,7,7,6,6,4,8,8,7,8,7,8,9,9,90,2,35,13,8,9,10,10,46,39,39,38,38,3,5,6,28,8,4,4,8,4,7,4,7,8,30,33,4,4,0,1,9,37,4,4,4,36,11,10,14,8,27,17,24,1,3,3,15,10,15,12,11,58,10,9,58,46,46,35,35,35,21,22,26,2,13,2,14,15,81,11,11,143,41,33,37,5,7,13,7,40,33,6,21,9,9,9,12,13,8,11,8,9,22,22,22,10,9,10,7,7,7,10,10,7,8,5,4,6,7,9,7,6,6,7,8,9,6,10,6,7,13,12,41,6,41,7,4,89,21,9,6,5,5,5,6,6,16,23,86,5,2,8,9,5,5,8,7,7,7,7,25,10,7,3,11,10,10,23,25,97,9,82,83,6,6,7,7,7,37,37,1,12,2,1,2,2,2,2,1,2,2,36,5,6,111,10,10,10,7,2,2,3,6,5,14,14,14,7,7,110,17,8,10,10,4,5,26,33,15,15,1,27,28,8,5,9,10,10,10,5,5,8,12,4,4,3,6,6,21,6,6,5,5,8,2,4,4,5,4,4,8,22,23,41,37,38,38,38,6,5,5,38,4,4,4,34,2,3,2,4,7,7,6,7,5,4,4,3,4,5,4,4,4,5,5,5,5,5,36,7,7,7,7,10,7,6,15,82,15,16,6,6,5,5,3,3,7,7,7,4,4,12,8,5,10,8,25,5,1,1,16,14,14,7,92,4,4,3,19,10,11,12,8,2,2,1,26,10,10,3
9,10,15,120,11,7,7,7,7,7,5,9,9,8,9,8,9,10,10,91,3,34,13,9,10,11,11,47,39,39,39,39,4,6,7,29,9,4,4,8,5,8,5,7,9,30,32,5,5,1,0,9,37,4,4,4,36,11,10,14,8,27,17,24,1,3,3,15,11,15,12,11,58,10,9,58,46,46,35,35,35,21,22,26,2,13,2,14,15,81,11,11,143,41,33,37,5,7,13,7,40,33,6,21,9,9,9,12,13,8,11,8,9,22,22,22,10,9,9,7,7,7,10,9,7,8,5,4,6,7,9,7,6,6,7,8,9,6,10,6,7,13,12,41,6,41,6,4,89,21,9,6,5,5,5,6,6,16,23,86,5,2,8,9,5,5,8,7,7,7,7,25,10,7,3,11,10,10,23,25,97,9,82,82,6,6,7,7,7,37,37,1,12,2,1,2,2,2,2,1,2,2,36,5,6,111,10,10,10,7,2,2,3,6,5,14,14,14,7,7,110,17,8,10,10,4,5,26,33,15,15,1,28,28,8,5,9,10,10,10,5,5,8,12,4,4,3,6,6,21,6,6,5,5,8,2,4,4,5,4,4,8,22,23,41,37,38,38,38,6,5,5,38,4,4,4,34,2,3,2,3,7,7,6,7,5,4,4,3,4,5,4,4,4,4,5,5,5,5,36,7,7,7,7,10,7,6,15,82,15,16,6,6,5,5,3,3,7,7,6,4,4,12,8,5,10,8,25,5,1,1,16,14,14,7,92,4,4,3,20,10,11,12,8,2,2,1,26,10,10,3
8,11,24,122,9,9,9,9,9,9,7,2,2,3,3,3,3,2,10,87,9,38,11,7,7,8,7,49,37,37,37,37,9,8,8,22,9,8,8,4,7,6,7,7,4,34,37,7,8,9,9,0,31,6,6,6,38,5,4,7,6,29,7,32,8,6,6,6,19,6,2,2,52,1,1,52,48,48,29,29,29,14,20,16,6,4,6,4,5,83,8,8,145,43,27,31,4,1,10,6,42,27,6,19,2,2,2,3,3,7,1,7,7,20,20,20,4,2,2,3,3,3,7,9,6,4,3,5,3,2,2,2,4,4,1,1,1,4,4,3,3,10,10,43,5,43,2,5,91,18,7,6,6,7,7,2,2,6,21,82,6,8,6,7,3,3,2,1,6,6,7,27,9,2,6,7,6,7,21,26,99,4,84,85,7,7,8,8,7,32,33,7,2,10,9,10,10,10,10,9,10,10,27,6,3,113,9,9,9,6,6,6,5,6,6,23,23,23,5,5,112,7,4,7,7,4,4,24,31,6,6,8,28,29,6,7,8,1,2,2,7,7,1,10,5,5,6,4,4,18,5,5,6,6,1,6,4,4,4,5,4,6,20,21,44,35,36,36,36,4,3,3,29,4,4,6,30,6,6,6,6,2,2,3,1,6,6,6,6,6,7,6,6,6,7,7,7,7,7,39,1,1,1,2,4,2,8,5,84,6,6,6,6,5,6,6,7,6,6,5,6,6,2,7,4,8,6,23,5,8,8,7,22,8,4,94,5,5,7,28,7,10,3,7,6,7,6,16,9,7,7
39,43,47,153,42,40,40,41,40,40,35,34,34,34,34,34,34,34,43,118,36,66,44,38,38,39,39,80,67,67,67,67,36,40,39,6,41,35,35,35,34,37,33,38,36,35,65,34,35,37,37,31,0,26,26,26,63,29,29,31,31,51,24,29,28,27,27,24,39,23,23,24,22,24,25,22,73,73,3,3,3,16,45,24,26,24,26,24,23,108,33,33,140,68,4,1,27,26,35,31,65,6,31,44,24,24,24,24,25,27,25,32,32,45,45,45,30,23,23,28,28,28,33,34,31,29,28,24,28,27,27,27,29,29,27,26,25,30,29,28,29,36,35,67,30,68,27,25,116,44,32,31,30,29,29,26,26,22,46,105,29,28,31,32,29,29,28,25,32,32,32,51,34,27,25,32,31,33,47,51,124,29,109,110,30,30,31,31,31,46,46,27,26,30,29,30,30,30,30,29,30,30,46,29,28,138,34,34,34,31,26,26,26,31,30,37,37,37,31,31,137,20,30,33,33,24,23,49,56,22,24,29,54,54,31,29,33,27,27,28,29,29,26,35,28,28,26,29,29,44,30,30,29,29,25,27,26,26,27,26,26,31,45,46,67,62,63,63,63,29,27,27,47,26,26,28,44,26,26,26,25,26,25,28,25,29,28,28,28,28,29,28,28,28,29,29,29,30,30,63,26,26,26,27,29,27,31,24,109,22,22,31,31,29,31,25,26,31,31,30,28,28,26,32,30,33,31,48,29,28,28,22,37,34,29,119,28,28,26,45,33,35,24,32,27,27,27,24,34,33,26
10,11,19,121,13,8,8,8,8,8,4,8,8,7,8,7,8,9,11,90,2,38,15,10,11,11,11,48,40,40,40,40,3,7,8,24,10,1,1,7,1,8,1,8,8,31,36,4,5,4,4,6,26,0,0,0,38,11,10,14,10,29,13,25,4,5,5,12,14,12,9,8,56,7,7,56,48,48,33,33,33,19,24,22,3,10,3,11,11,83,12,12,145,43,31,37,5,7,14,9,40,30,8,23,6,6,6,9,10,5,7,10,11,24,24,24,10,6,6,7,7,8,11,12,9,8,7,2,6,7,9,7,7,7,7,8,9,8,10,7,7,14,14,42,8,43,7,1,91,22,11,8,7,7,7,6,6,12,25,86,7,4,10,11,7,7,8,6,9,9,9,25,12,7,2,11,10,11,25,24,99,9,84,85,8,8,9,9,9,34,34,3,9,6,5,6,5,5,5,5,6,6,33,7,7,113,12,12,12,9,2,2,4,8,7,18,18,18,9,9,112,14,9,11,11,2,3,28,34,12,12,4,26,27,10,7,11,9,10,10,7,7,8,14,6,6,3,6,6,22,8,8,7,7,8,3,5,5,5,4,4,10,24,25,42,39,40,40,40,7,5,5,35,5,4,6,31,4,3,4,2,6,6,8,6,7,6,6,5,6,7,6,6,6,7,7,7,7,7,38,6,6,6,7,10,7,8,11,84,12,12,8,8,7,7,2,2,9,9,8,6,6,9,10,7,12,10,27,7,3,4,13,18,14,8,94,6,6,2,23,11,13,9,10,3,4,3,22,12,11,2
10,11,19,121,13,8,8,8,8,8,4,8,8,7,8,7,8,9,11,90,2,38,15,10,11,11,11,48,40,40,40,40,3,7,8,24,10,1,1,7,1,8,1,8,8,31,36,4,5,4,4,6,26,0,0,2,38,11,10,14,10,29,13,25,4,5,5,12,14,12,9,8,56,7,7,56,48,48,33,33,33,19,24,22,3,10,3,11,11,83,12,12,145,43,31,37,5,7,14,9,40,30,8,23,6,6,6,9,10,5,7,10,11,24,24,24,10,6,6,7,7,8,11,12,9,8,7,2,6,7,9,7,7,7,7,8,9,8,10,7,7,14,14,42,8,43,7,1,91,22,11,8,7,7,7,6,6,12,25,86,7,4,10,11,7,7,8,6,9,9,9,25,12,7,2,11,10,11,25,24,99,9,84,85,8,8,9,9,9,34,34,3,9,6,5,6,5,5,5,5,6,6,33,7,7,113,12,12,12,9,2,2,4,8,7,18,18,18,9,9,112,14,9,11,11,2,3,28,34,12,12,4,26,27,10,7,11,9,10,10,7,7,8,14,6,6,3,6,6,22,8,8,7,7,8,3,5,5,5,4,4,10,24,25,42,39,40,40,40,7,5,5,35,5,4,6,31,4,3,4,2,6,6,8,6,7,6,6,5,6,7,6,6,6,7,7,7,7,7,38,6,6,6,7,10,7,8,11,84,12,12,8,8,7,7,2,2,9,9,8,6,6,9,10,7,12,10,27,7,3,4,13,18,14,8,94,6,6,2,23,11,13,9,10,3,4,3,22,12,11,2
10,11,19,121,13,8,8,8,8,8,4,8,8,7,8,7,8,9,11,90,2,38,15,10,11,11,11,48,40,40,40,40,3,7,8,24,10,1,1,7,1,8,1,8,8,31,36,4,5,4,4,6,26,0,2,0,38,11,10,14,10,29,13,25,4,5,5,12,14,12,9,8,56,7,7,56,48,48,33,33,33,19,24,22,3,10,3,11,11,83,12,12,145,43,31,37,5,7,14,9,40,30,8,23,6,6,6,9,10,5,7,10,11,24,24,24,10,6,6,7,7,8,11,12,9,8,7,2,6,7,9,7,7,7,7,8,9,8,10,7,7,14,14,42,8,43,7,1,91,22,11,8,7,7,7,6,6,12,25,86,7,4,10,11,7,7,8,6,9,9,9,25,12,7,2,11,10,11,25,24,99,9,84,85,8,8,9,9,9,34,34,3,9,6,5,6,5,5,5,5,6,6,33,7,7,113,12,12,12,9,2,2,4,8,7,18,18,18,9,9,112,14,9,11,11,2,3,28,34,12,12,4,26,27,10,7,11,9,10,10,7,7,8,14,6,6,3,6,6,22,8,8,7,7,8,3,5,5,5,4,4,10,24,25,42,39,40,40,40,7,5,5,35,5,4,6,31,4,3,4,2,6,6,8,6,7,6,6,5,6,7,6,6,6,7,7,7,7,7,38,6,6,6,7,10,7,8,11,84,12,12,8,8,7,7,2,2,9,9,8,6,6,9,10,7,12,10,27,7,3,4,13,18,14,8,94,6,6,2,23,11,13,9,10,3,4,3,22,12,11,2
33,30,27,88,32,33,33,33,32,32,35,38,38,37,38,37,38,39,32,103,36,9,31,33,33,35,33,14,28,28,27,27,36,33,34,60,33,37,37,37,38,34,38,33,38,42,13,36,35,36,36,38,63,38,38,38,0,47,46,51,43,12,52,45,42,40,40,51,39,51,48,47,98,46,45,98,14,14,75,75,75,58,41,61,41,49,41,50,50,57,46,46,102,7,73,77,42,44,46,38,4,73,37,42,46,47,47,48,49,48,46,36,43,41,41,41,47,47,47,44,44,44,36,35,37,45,41,43,43,44,45,43,41,41,44,45,46,42,47,42,42,47,47,5,39,6,43,43,64,40,37,39,38,38,38,44,44,51,39,108,39,41,44,43,40,40,44,45,37,37,37,16,35,44,41,47,47,36,41,15,72,46,58,58,36,36,36,36,36,73,73,41,48,44,43,44,43,43,43,43,44,44,71,39,42,87,35,35,35,37,41,41,41,39,38,33,33,33,40,39,86,53,44,36,36,43,43,26,55,51,51,41,13,13,39,38,36,47,46,47,38,38,44,46,40,40,41,42,42,40,39,39,39,39,45,41,41,41,41,42,42,42,39,40,5,34,35,35,35,42,42,42,74,42,42,39,71,41,41,41,42,45,45,44,45,38,38,39,38,38,38,38,38,38,38,38,38,36,38,3,45,45,45,44,46,44,36,50,58,51,51,39,37,39,39,42,42,38,38,39,39,39,48,37,40,37,38,26,41,42,42,52,33,51,43,53,40,40,42,24,36,34,48,36,41,40,41,61,35,36,44
10,13,26,124,11,11,11,11,11,11,9,4,4,5,4,5,4,2,12,88,11,40,13,8,8,9,9,51,39,39,39,39,10,10,10,26,11,11,11,6,11,8,11,9,4,40,39,9,9,11,11,5,29,11,11,11,47,0,3,8,6,32,8,33,9,8,8,7,20,9,6,6,56,5,5,56,51,51,33,33,33,15,20,17,7,6,7,6,7,85,8,8,143,46,32,37,6,3,11,8,42,30,9,19,6,5,5,5,6,12,5,9,8,20,20,20,1,5,5,3,3,4,10,11,8,3,5,8,5,4,4,4,6,6,4,4,3,6,2,5,6,12,11,44,7,45,4,9,93,19,9,8,9,9,9,5,5,10,21,83,8,9,6,8,6,6,3,5,9,9,9,29,11,5,8,7,6,10,21,28,101,3,86,87,9,9,10,10,10,27,27,8,4,11,11,11,11,11,11,11,11,11,26,8,5,115,11,11,11,8,8,8,7,8,8,24,24,24,8,8,114,11,5,10,10,7,8,26,33,9,9,9,31,31,8,9,10,5,4,4,9,9,4,11,7,7,7,5,5,19,7,7,8,8,4,7,6,6,6,6,6,7,20,21,44,37,38,38,38,6,5,5,28,5,5,8,25,7,7,7,8,5,5,5,5,9,8,8,8,8,8,8,8,8,9,9,9,9,9,41,5,5,5,5,3,5,10,9,87,10,10,8,8,8,8,8,8,8,8,7,8,8,5,9,7,10,9,25,7,9,10,8,24,7,6,96,8,7,8,29,10,12,5,10,8,8,8,17,11,10,10
9,12,25,123,10,10,10,10,10,10,8,3,3,4,3,4,3,1,11,88,10,39,12,8,8,9,8,50,38,38,38,38,9,9,9,26,11,10,10,5,10,7,10,8,3,39,38,8,8,10,10,4,29,10,10,10,46,3,0,8,5,31,9,32,8,7,7,8,20,9,5,5,55,4,4,55,50,50,33,33,33,16,20,18,6,7,6,8,8,85,7,7,143,45,31,36,5,3,11,7,41,30,8,19,5,5,5,6,6,11,4,8,7,20,20,20,1,5,5,3,3,3,9,10,7,3,5,7,4,3,3,3,5,5,3,4,3,6,1,4,5,11,10,43,7,44,3,8,92,18,8,7,8,8,9,4,4,9,21,82,8,8,5,7,5,5,2,4,8,8,8,28,11,4,7,6,5,9,21,27,100,2,86,86,8,8,9,9,9,28,28,7,5,11,10,11,10,10,10,10,11,11,27,7,4,115,10,10,10,7,7,7,6,7,8,23,23,23,7,7,113,10,4,9,9,7,7,25,33,9,9,9,30,30,7,8,10,4,3,3,8,8,3,10,6,6,7,5,5,18,6,6,7,8,3,7,5,5,5,5,5,6,20,21,43,37,37,37,37,5,4,4,29,4,4,7,25,6,6,6,7,4,4,4,4,8,7,7,7,7,8,7,7,7,8,8,8,8,8,40,5,5,5,4,2,4,9,8,86,9,9,7,8,7,7,7,7,8,8,6,7,7,5,8,6,9,8,24,6,9,9,10,23,6,5,95,7,6,7,29,9,11,6,9,7,7,7,18,10,9,10
12,16,29,128,14,13,13,13,13,14,12,9,9,9,9,9,10,8,14,83,14,42,16,11,11,12,12,54,40,40,39,39,13,13,12,28,14,14,14,9,14,11,14,12,7,43,42,11,12,14,14,7,31,14,14,14,51,8,8,0,6,34,14,35,12,10,10,13,23,15,11,11,60,9,10,60,53,53,38,38,38,23,15,23,9,13,9,14,14,88,7,7,146,48,36,41,8,8,7,10,44,34,11,14,12,12,13,12,12,16,9,12,7,15,14,14,7,9,10,7,7,7,12,14,11,6,8,10,7,7,8,7,8,8,7,10,9,8,7,7,8,8,7,46,10,47,8,11,95,13,12,10,11,11,11,9,9,15,16,77,11,11,6,9,8,8,6,10,11,11,11,31,14,9,10,5,5,12,16,30,103,7,89,89,11,11,12,12,12,21,21,10,11,14,13,14,13,13,13,13,14,14,20,11,7,118,13,13,13,11,10,10,9,10,11,26,26,26,10,10,117,16,6,12,12,10,10,26,25,16,15,12,33,33,11,11,13,10,9,9,11,11,9,8,10,10,10,8,8,13,9,9,10,11,9,10,8,8,8,8,8,8,15,16,46,39,39,39,39,8,7,7,22,7,8,10,18,9,9,9,10,10,10,8,10,11,10,11,10,11,11,11,11,11,11,11,11,11,11,43,10,10,10,9,7,9,12,14,89,15,15,10,11,11,10,10,10,11,11,10,11,11,11,11,9,13,11,25,9,12,12,16,26,7,8,98,10,10,10,32,12,15,12,12,10,10,10,23,14,12,13
5,8,23,120,6,5,5,5,6,6,7,6,6,5,5,5,6,4,6,81,9,34,8,3,4,4,4,47,34,34,33,33,8,5,5,28,6,10,10,5,10,4,10,4,3,38,34,8,7,8,8,6,31,10,10,10,43,6,5,6,0,27,14,32,8,6,6,12,19,12,8,8,58,7,7,58,46,46,36,36,36,20,16,23,7,10,7,11,11,81,3,3,139,41,34,39,4,5,6,4,38,33,4,15,8,8,8,9,9,13,7,5,3,16,16,16,7,8,8,4,4,4,6,7,4,3,2,8,3,4,6,4,1,1,4,7,6,2,7,2,3,7,6,40,3,41,5,9,89,14,5,4,5,5,5,6,6,12,17,78,4,8,1,3,2,2,4,7,5,5,5,25,8,6,7,4,4,6,17,24,97,4,82,83,5,5,6,6,6,29,30,7,8,10,9,10,10,10,10,9,10,10,29,4,3,111,7,7,7,4,7,7,6,4,4,23,23,23,4,4,110,13,2,6,6,7,7,25,27,12,12,8,26,27,4,5,7,7,6,6,5,4,6,6,3,4,7,5,5,14,3,3,4,4,6,7,4,4,4,5,5,2,16,17,40,38,39,39,39,5,4,5,30,5,5,5,27,6,7,6,7,7,7,6,7,5,4,4,5,4,5,4,4,4,4,4,4,5,5,37,7,7,7,6,6,6,6,11,82,12,12,4,4,4,4,7,7,5,5,3,4,4,8,5,3,6,5,25,4,8,8,12,23,9,3,92,5,3,7,22,6,8,9,6,7,7,7,23,7,6,10
25,22,26,90,23,24,24,24,24,24,26,29,29,28,29,29,29,30,23,94,27,9,22,25,24,26,24,17,20,20,20,20,27,24,25,52,24,29,29,29,29,26,29,25,30,41,12,27,26,27,27,29,51,29,29,29,12,32,31,34,27,0,43,42,32,30,30,42,35,41,38,38,89,37,36,89,28,28,66,66,66,48,32,52,31,40,32,40,41,58,36,36,117,17,64,68,32,34,35,28,13,63,27,34,37,37,37,39,39,38,37,27,33,32,32,32,37,38,38,34,34,34,27,26,28,35,31,33,33,34,36,34,32,32,34,35,36,32,37,32,33,35,36,15,29,16,34,34,66,31,27,29,28,28,28,35,35,42,32,100,29,32,34,33,31,31,35,35,27,27,27,13,25,34,32,37,38,27,32,12,74,37,59,60,27,27,26,26,26,64,64,31,38,34,34,34,34,34,34,33,34,34,62,29,33,88,26,26,26,28,32,32,31,29,29,30,30,30,30,29,87,43,35,27,27,33,33,19,47,42,41,32,11,12,29,28,26,38,37,37,28,28,35,36,30,30,32,32,32,32,29,29,29,29,36,31,32,32,31,33,33,32,31,31,15,26,26,26,26,32,33,32,65,32,32,30,61,31,31,31,32,35,36,34,35,28,29,29,29,29,28,28,28,28,28,28,28,27,28,12,36,36,36,34,37,34,26,41,59,42,42,29,27,29,29,32,33,28,28,29,29,29,38,27,31,27,28,18,31,32,33,42,30,41,33,69,30,30,32,21,27,25,39,27,31,31,32,52,25,27,35
15,18,32,129,17,15,15,16,15,15,15,10,10,10,10,10,10,9,16,96,15,44,19,14,14,15,15,56,44,44,43,43,15,15,14,21,16,13,13,11,12,13,12,14,11,43,44,15,15,17,17,7,24,13,13,13,52,8,9,14,14,43,0,30,13,11,11,1,24,3,3,4,47,4,5,47,54,54,24,24,24,7,23,9,11,3,11,2,2,89,12,12,151,49,22,27,9,6,16,11,46,21,12,22,5,5,5,3,3,11,5,12,12,23,23,23,5,5,5,8,8,8,13,14,11,7,9,10,8,7,7,7,9,9,7,6,6,10,6,8,9,16,15,48,10,49,7,8,97,21,12,11,12,13,13,7,7,4,24,87,11,12,10,12,9,9,8,6,12,12,12,32,15,7,11,11,10,13,24,31,105,7,90,91,12,12,13,13,13,23,23,11,3,15,14,15,14,14,14,14,15,15,22,11,8,119,14,14,14,11,11,11,10,11,11,27,27,27,11,11,118,6,8,13,13,9,9,29,30,2,3,13,34,34,11,13,13,5,6,6,13,13,6,15,10,10,11,8,8,21,10,10,11,11,5,11,9,9,9,9,9,11,23,24,48,40,41,41,41,9,8,8,24,8,8,11,20,10,10,10,11,7,6,8,6,13,11,12,11,12,12,12,12,12,12,12,13,12,12,45,6,6,6,7,7,7,13,3,90,4,4,11,11,11,11,11,11,11,11,10,12,12,4,12,10,13,12,28,10,13,13,2,27,11,9,100,11,10,11,29,13,15,3,13,11,11,11,9,14,13,10
31,32,13,128,33,29,29,29,29,29,27,31,31,29,31,30,31,31,32,113,24,32,35,31,32,33,32,54,59,59,59,59,25,28,29,28,31,23,23,30,23,30,23,29,31,8,31,27,27,24,24,32,29,25,25,25,45,33,32,35,32,42,30,0,23,25,25,32,24,32,29,28,58,27,27,58,48,48,35,35,35,34,46,41,24,30,24,31,31,89,33,33,112,40,33,37,27,28,35,29,39,33,28,45,25,26,26,29,29,25,27,30,32,46,46,46,32,26,26,29,29,30,32,32,29,30,28,25,28,29,30,29,28,28,30,29,27,28,32,28,29,35,35,39,29,40,29,23,96,45,31,29,28,27,27,27,27,36,47,109,27,24,31,31,27,27,30,27,29,29,30,23,33,27,24,33,32,32,47,23,104,31,90,90,28,28,29,29,29,54,54,23,28,23,23,23,23,23,23,23,23,23,53,27,29,119,32,32,32,29,24,24,26,28,28,9,9,9,29,29,118,34,31,32,32,24,25,50,57,32,32,23,26,26,30,27,31,29,30,30,27,27,28,34,26,26,25,28,28,45,28,28,27,27,27,24,27,27,27,26,26,31,46,47,40,58,59,59,59,29,27,27,55,27,26,26,51,25,25,25,25,27,27,29,27,27,26,26,26,26,27,27,27,27,27,27,27,28,28,38,27,27,27,28,32,28,29,32,90,32,33,29,28,27,28,24,24,29,29,29,27,26,28,30,27,32,30,49,28,23,23,33,9,36,30,87,27,27,24,18,32,33,29,30,24,24,24,41,32,32,23
7,8,16,118,9,5,5,5,5,5,3,7,7,6,7,6,7,8,8,89,1,34,11,7,8,9,8,45,37,37,37,37,2,4,5,27,7,2,2,6,3,6,3,5,7,30,33,3,3,1,1,8,28,4,4,4,42,9,8,12,8,32,13,23,0,3,3,15,11,15,12,11,58,10,8,58,46,46,35,35,35,20,24,25,2,13,2,14,14,81,11,11,143,41,33,37,5,6,12,6,37,32,6,23,8,8,9,12,13,8,10,8,9,24,23,23,10,9,9,7,7,7,9,9,6,7,5,4,6,7,8,7,6,6,7,8,9,6,10,6,7,12,12,41,6,41,6,4,89,22,8,6,5,5,5,6,6,15,25,86,5,1,8,9,5,5,7,7,7,7,7,22,10,7,3,10,10,9,25,22,96,9,82,82,6,6,6,6,6,34,34,1,12,2,1,2,2,2,2,1,2,2,33,4,6,111,9,9,9,6,1,1,3,6,5,15,15,15,7,7,110,17,8,9,9,4,5,25,34,15,15,1,24,24,8,4,9,9,10,10,4,4,7,12,4,4,2,6,6,22,6,6,4,4,8,1,4,4,4,4,4,8,24,25,40,37,38,38,38,6,4,4,35,4,4,3,31,2,2,2,3,7,7,6,7,5,3,4,3,4,4,4,4,4,4,4,4,5,5,36,7,7,7,7,9,7,6,14,82,15,15,6,6,4,5,2,2,7,7,6,4,4,12,8,5,9,8,24,5,1,1,16,15,14,7,91,4,4,3,20,9,10,12,8,1,2,1,25,9,9,3
5,6,17,116,8,4,4,4,3,3,2,5,5,4,6,4,6,6,6,87,3,37,10,5,6,7,7,43,35,35,35,35,3,2,3,25,5,4,4,5,5,4,5,4,5,33,32,3,1,3,3,6,27,5,5,5,40,8,7,10,6,30,11,25,3,0,1,15,13,15,12,11,58,10,8,58,45,45,35,35,35,21,23,26,2,13,2,14,15,80,10,10,142,40,33,37,5,7,11,5,37,33,5,22,8,9,9,12,13,8,10,7,8,23,23,23,10,9,9,7,7,7,8,8,5,8,4,4,6,7,8,7,5,5,7,8,9,5,10,5,6,12,11,38,5,40,6,4,88,21,8,5,4,4,4,6,6,15,24,85,4,2,7,8,4,4,7,7,6,6,6,22,9,7,3,10,10,8,24,22,96,9,81,81,5,5,6,6,5,34,34,1,12,4,3,4,4,4,3,3,4,4,33,3,6,110,8,8,8,6,1,2,3,5,4,17,17,17,6,6,109,17,8,8,8,4,5,24,33,15,15,2,25,25,7,4,8,10,10,10,4,3,8,11,3,3,3,5,5,21,5,5,3,3,8,1,4,4,4,4,4,7,23,24,39,36,37,37,37,5,5,4,35,4,4,2,32,2,2,2,3,7,7,6,7,4,2,3,2,3,3,3,3,3,3,3,3,4,4,35,7,7,7,7,10,7,5,14,81,15,15,5,5,3,4,3,2,6,6,5,3,3,12,7,4,9,7,23,4,2,2,16,16,14,6,90,3,3,3,22,8,9,12,7,1,2,1,26,9,8,4
5,7,17,116,8,4,4,4,3,3,2,5,6,4,6,4,6,6,6,87,3,37,10,5,6,7,7,43,35,35,35,35,3,2,3,25,5,4,4,5,5,4,5,4,5,33,32,3,1,3,3,6,27,5,5,5,40,8,7,10,6,30,11,25,3,1,0,15,13,15,12,11,58,10,8,58,45,45,35,35,35,21,23,26,2,13,2,14,14,80,10,10,142,40,33,37,5,7,12,6,37,33,5,22,8,9,9,12,13,8,10,7,8,23,23,23,10,9,9,7,7,7,9,9,6,8,4,4,6,7,8,7,5,5,7,8,9,5,10,5,6,12,11,39,5,40,6,4,88,21,8,5,4,4,4,6,6,15,24,85,4,2,7,8,4,4,7,7,6,6,6,22,9,7,3,10,10,9,24,22,96,9,81,81,5,5,6,6,6,34,34,1,12,4,3,4,3,4,3,3,4,4,33,4,6,110,9,9,9,6,1,2,3,5,4,17,17,17,6,6,109,17,8,9,9,4,5,25,34,15,15,2,24,25,7,4,8,10,10,10,4,4,8,11,3,3,3,5,5,21,5,5,4,4,8,1,4,4,4,4,4,7,23,24,39,36,37,37,37,5,5,4,35,4,4,3,32,2,2,2,3,7,7,6,7,4,3,3,2,3,4,3,3,3,3,4,4,4,4,35,7,7,7,7,9,7,5,14,81,15,15,5,5,4,4,3,2,6,6,5,3,3,12,7,4,9,7,24,4,2,2,16,16,14,6,91,3,3,3,22,9,10,12,7,1,2,1,26,9,9,4
13,17,31,127,16,14,14,14,14,14,14,8,8,9,9,9,8,8,15,93,14,43,17,13,13,14,14,55,42,42,42,42,13,13,13,20,15,12,12,10,11,11,11,13,10,41,43,13,14,15,15,6,24,12,12,12,51,7,8,13,12,42,1,32,15,15,15,0,23,3,2,3,51,3,4,52,53,53,25,25,25,8,22,10,10,2,10,1,1,88,12,12,150,48,23,28,8,5,15,10,45,22,11,21,4,4,4,2,2,10,4,11,11,22,22,22,6,4,4,7,7,7,12,13,10,8,8,9,7,6,6,6,8,8,6,5,5,9,7,7,8,15,14,47,9,48,6,7,96,20,11,10,12,12,12,6,6,4,23,88,10,11,10,11,8,8,7,5,11,11,11,31,14,6,10,11,10,12,23,30,104,8,89,90,11,11,12,12,12,24,24,10,2,14,13,14,13,13,13,13,14,14,23,10,7,118,13,13,13,10,10,10,9,10,10,26,26,26,10,10,117,5,9,12,12,8,8,28,31,2,2,12,33,33,10,12,12,4,5,5,12,12,5,14,9,9,10,7,7,20,9,9,10,10,4,10,8,8,8,8,8,10,22,23,47,39,40,40,40,8,7,7,25,7,7,10,22,9,9,9,10,6,5,7,5,12,10,11,10,11,11,11,11,11,11,11,12,11,12,44,5,5,5,6,8,6,13,2,89,3,3,10,10,10,10,10,10,10,10,9,11,11,3,11,9,12,11,27,9,12,12,2,26,12,8,99,10,9,10,28,12,14,2,12,10,10,10,10,13,12,9
18,14,14,120,15,17,17,17,16,16,13,18,18,17,18,17,18,19,15,94,12,26,16,18,19,20,16,46,40,40,40,40,13,15,16,38,18,13,13,18,14,17,14,17,18,31,25,14,14,10,11,19,39,14,14,14,39,20,20,23,19,35,24,24,11,13,13,23,0,24,21,20,67,19,17,67,41,41,44,44,44,32,28,34,11,22,11,23,23,80,19,19,114,34,42,46,14,15,20,15,32,41,14,27,17,17,18,21,22,17,19,16,17,28,28,28,19,18,18,16,16,16,14,14,15,16,13,13,15,16,17,16,14,14,16,17,18,14,19,14,15,21,20,34,14,33,15,12,88,27,17,14,13,13,13,15,15,24,29,91,13,10,16,17,13,13,16,16,15,15,15,17,15,16,12,19,19,14,30,17,96,18,81,81,14,14,15,15,14,43,43,10,21,9,10,9,10,9,10,10,9,9,42,12,15,110,14,14,14,15,10,11,12,14,13,10,10,10,15,15,109,26,16,14,14,13,14,28,39,24,24,10,20,20,16,13,14,18,19,19,13,12,16,20,12,12,12,14,14,27,14,14,12,13,17,10,13,13,13,13,13,16,28,29,33,49,50,50,50,14,13,13,44,13,13,11,41,11,11,11,12,16,16,15,16,13,11,12,11,12,12,12,12,12,12,12,12,13,13,30,16,16,16,16,18,16,14,23,81,24,24,14,14,12,13,12,12,15,15,14,12,12,21,16,13,14,16,27,13,9,9,25,10,23,15,80,12,12,12,11,14,15,21,16,11,11,10,34,14,14,12
13,16,30,127,15,14,14,14,14,14,13,8,8,8,8,9,8,8,15,92,14,43,17,12,12,13,13,54,42,42,42,42,13,13,13,20,15,12,12,9,11,11,11,12,10,39,42,13,14,15,15,6,23,12,12,12,51,9,9,15,12,41,3,32,15,15,15,3,24,0,3,3,49,4,4,49,54,54,23,23,23,6,22,13,10,4,10,4,3,89,13,13,151,49,21,29,8,5,15,10,45,23,11,21,5,5,5,4,4,10,4,11,12,22,22,22,9,4,4,7,7,7,12,13,11,8,8,9,7,6,6,6,8,8,6,5,5,9,9,8,8,15,15,47,10,48,7,8,96,21,12,10,11,12,12,6,6,1,23,85,11,12,10,11,8,8,7,5,11,11,11,31,14,6,10,11,11,12,23,30,104,9,90,90,11,11,12,12,12,28,28,11,5,14,13,14,14,14,14,13,14,14,27,11,7,119,13,13,13,11,10,10,9,11,11,27,27,27,10,10,117,2,9,12,12,8,8,28,33,2,1,12,33,33,10,12,13,6,7,7,12,12,5,14,9,10,10,8,8,21,9,9,11,11,5,10,9,9,8,8,8,11,22,23,47,40,41,41,41,8,7,7,29,8,8,11,25,9,10,10,10,6,6,7,5,12,11,11,11,11,12,12,12,12,12,12,12,11,11,44,5,5,5,6,8,6,12,2,90,1,1,11,11,10,10,10,11,11,11,9,12,11,5,11,9,12,11,27,9,12,12,2,26,13,8,99,10,9,11,28,12,14,4,12,10,11,10,13,14,12,9
10,13,27,124,12,11,11,11,11,11,10,5,5,5,5,5,5,5,12,89,10,40,13,9,9,10,10,51,39,39,39,39,10,10,10,20,11,9,9,6,9,8,8,9,7,39,39,10,10,12,12,2,23,9,9,9,48,6,5,11,8,38,3,29,12,12,12,2,21,3,0,1,52,1,1,52,51,51,29,29,29,10,19,14,7,3,7,2,3,86,10,10,148,46,27,32,6,3,12,8,43,26,8,19,2,2,2,1,2,7,1,9,9,19,19,19,6,1,1,5,5,5,9,11,8,6,5,6,5,4,4,4,6,6,3,2,2,6,6,5,5,12,12,45,7,46,4,5,94,18,9,8,8,10,10,4,4,4,20,82,8,9,8,9,5,5,4,3,8,8,9,29,11,3,8,9,8,9,21,28,102,6,87,87,9,9,10,10,9,28,28,8,2,11,11,11,11,11,11,11,11,11,27,8,5,116,11,11,11,8,8,8,7,8,8,24,24,24,7,7,115,5,6,9,9,6,6,26,30,3,3,9,30,31,8,9,10,4,4,4,9,9,3,12,7,7,7,5,5,18,7,7,8,8,2,8,6,6,6,6,6,8,19,20,45,37,38,38,38,5,4,5,29,5,5,8,25,7,7,7,8,3,3,5,3,9,8,9,8,9,9,9,9,9,9,9,9,9,9,41,3,3,3,4,6,4,10,3,87,3,4,8,8,7,8,8,8,8,8,7,9,9,2,9,6,10,8,25,7,10,10,4,24,10,6,96,8,7,8,26,9,12,1,9,8,8,8,14,11,9,7
9,13,27,123,12,10,10,10,10,10,10,4,4,4,4,5,4,4,11,88,10,39,13,9,9,10,9,51,38,38,38,38,9,9,9,21,11,9,9,6,8,7,8,9,6,40,38,9,10,11,11,2,24,8,8,8,47,6,5,11,8,38,4,28,11,11,11,3,20,3,1,0,51,1,1,51,51,51,29,29,29,11,19,14,7,3,7,3,3,86,10,10,148,46,27,32,5,2,12,7,42,26,8,18,2,2,2,2,3,7,1,9,9,19,19,19,6,1,1,4,4,4,9,10,8,5,5,6,4,3,3,3,5,5,3,2,2,6,6,5,5,12,12,44,7,45,4,5,93,18,9,7,8,9,9,3,3,4,20,82,8,9,7,8,5,5,4,2,8,8,8,28,11,3,7,8,8,9,20,27,101,6,87,87,8,8,9,9,9,28,28,8,2,11,10,11,11,11,11,10,11,11,27,8,4,116,10,10,10,8,7,7,6,8,8,24,24,24,7,7,114,5,6,9,9,5,5,25,30,4,4,9,30,30,7,9,10,3,4,4,9,9,2,11,6,7,7,5,5,18,6,6,8,8,2,7,6,6,5,5,5,8,19,20,44,37,38,38,38,5,4,4,29,5,5,8,25,7,7,7,7,3,3,4,2,9,8,8,8,8,9,9,9,9,9,9,9,8,8,41,2,2,2,3,5,3,9,3,87,4,4,8,8,7,7,7,8,8,8,6,9,8,2,8,6,9,8,24,6,9,9,4,23,10,5,96,8,6,8,25,9,11,2,9,7,8,7,14,11,9,7
60,64,69,174,62,61,61,61,61,61,56,55,55,55,55,55,55,55,63,142,57,87,65,59,59,60,60,102,89,89,89,89,57,60,60,27,62,55,55,56,55,58,55,59,57,57,86,55,56,58,58,52,22,56,56,56,98,56,55,60,58,89,47,58,58,58,58,51,67,49,52,51,0,39,39,1,88,88,17,17,17,31,57,39,41,41,41,40,39,123,48,48,154,83,19,15,44,41,50,46,80,21,45,57,39,38,38,40,40,42,39,47,47,57,57,57,44,38,38,43,43,43,47,49,46,44,43,39,42,42,42,42,44,44,41,40,40,44,44,43,43,50,50,82,45,83,42,40,131,56,47,45,44,44,44,41,41,36,58,120,44,43,46,47,43,43,42,40,46,46,46,66,49,42,40,47,46,47,59,66,139,44,124,124,45,45,48,48,48,61,61,42,40,45,44,45,45,45,45,44,45,45,61,44,43,153,49,49,49,46,42,42,40,46,44,51,51,51,45,45,152,38,44,47,47,38,38,68,68,38,38,44,69,69,46,44,48,41,42,42,44,44,41,50,43,43,41,43,43,56,45,45,44,44,40,41,43,43,44,43,43,46,57,58,82,87,87,87,87,43,43,43,62,43,43,45,58,41,41,41,39,40,40,43,40,44,43,43,42,43,44,43,43,43,44,44,44,44,44,78,41,41,41,42,44,42,45,38,124,36,36,45,45,44,45,40,40,46,46,45,43,43,40,47,44,48,46,67,46,43,43,38,52,48,44,133,45,43,41,60,47,50,39,47,41,42,41,39,49,47,42
8,12,26,122,11,9,9,9,9,9,9,3,3,4,4,4,3,3,10,88,9,38,12,8,8,9,8,50,37,37,37,37,8,8,8,22,10,7,8,5,6,7,6,8,5,34,38,8,9,10,10,1,24,7,7,7,46,5,4,9,7,37,4,27,10,10,10,3,19,4,1,1,39,0,1,51,50,50,28,28,28,13,19,17,6,4,6,5,6,85,10,10,147,45,27,30,6,2,12,7,42,26,8,18,1,1,1,3,4,6,1,8,9,19,19,19,6,1,1,4,4,4,9,10,7,5,5,5,4,3,3,3,5,5,3,2,2,6,6,5,5,12,12,43,7,45,4,4,93,18,9,7,9,8,8,3,3,6,20,81,8,8,7,8,5,5,4,2,8,8,8,28,11,3,6,8,8,9,20,28,100,6,86,86,9,9,10,10,10,26,26,7,3,10,9,10,10,10,10,9,10,10,26,8,4,115,10,10,10,8,6,6,5,7,8,23,23,23,7,7,114,8,6,9,9,4,4,29,30,6,6,8,31,31,7,8,10,3,4,4,8,8,2,11,8,8,6,5,5,18,6,6,8,8,2,6,5,5,5,5,5,8,19,20,44,41,42,42,42,5,4,5,27,5,5,7,24,6,6,6,6,2,2,4,2,8,7,7,7,8,8,8,8,8,8,8,8,9,9,40,3,3,2,3,5,3,10,5,86,6,6,8,8,8,7,6,7,8,8,6,8,8,3,8,6,9,8,28,6,8,8,6,23,10,5,95,7,6,7,26,9,11,3,9,6,7,6,17,10,9,6
7,11,24,121,10,8,8,8,8,8,7,4,4,3,4,3,4,3,9,88,8,37,13,8,8,9,9,49,36,36,36,36,8,7,7,22,9,7,7,4,6,5,6,7,5,34,36,6,7,9,9,1,25,7,7,7,45,5,4,10,7,36,5,27,8,8,8,4,17,4,1,1,39,1,0,53,50,50,30,30,30,14,21,17,6,5,6,5,6,85,10,10,147,45,28,32,6,2,12,7,41,27,8,20,2,2,2,3,4,7,2,8,9,21,21,21,6,2,2,4,4,4,9,10,7,5,5,5,4,3,3,3,5,5,3,2,2,6,6,5,5,12,12,43,7,44,3,5,92,20,9,7,9,8,8,3,3,7,22,82,8,8,7,8,5,5,4,2,8,8,8,28,11,2,6,8,8,9,23,28,100,6,86,86,9,9,10,10,10,27,27,7,3,10,9,10,10,10,10,9,10,10,26,8,4,115,10,10,10,8,6,6,5,7,9,23,23,23,7,7,113,8,6,9,9,4,4,29,32,6,6,8,30,31,7,8,10,3,3,3,8,8,2,11,7,7,6,4,4,20,6,6,8,8,1,6,5,5,5,4,4,8,21,22,43,41,42,42,42,4,4,4,28,4,4,7,24,5,6,6,6,2,2,3,2,8,7,7,7,7,8,8,8,8,8,8,8,9,9,40,1,1,1,2,5,2,10,6,86,6,7,8,8,8,7,6,7,8,8,6,8,7,3,8,6,9,8,28,7,8,8,7,22,10,5,95,7,6,7,28,9,11,3,9,6,7,6,17,10,9,7
60,64,69,175,63,61,61,61,61,61,56,55,55,55,55,55,55,55,63,142,57,88,65,59,59,60,60,102,89,89,89,89,57,60,60,28,62,56,56,56,55,58,55,59,57,57,86,55,56,58,58,52,22,56,56,56,98,56,55,60,58,89,47,58,58,58,58,52,67,49,52,51,1,51,53,0,88,88,17,17,17,31,57,39,41,41,41,40,40,123,48,48,155,83,19,15,44,41,50,46,80,21,45,57,39,38,38,40,40,42,39,47,47,58,57,57,44,38,38,43,43,43,48,49,46,44,43,39,43,42,42,42,44,44,42,41,40,45,44,43,43,51,50,82,45,83,42,40,131,56,47,46,44,44,44,41,41,37,59,120,44,44,46,47,44,44,43,40,47,47,47,66,49,42,40,47,46,48,59,66,139,44,124,125,45,45,49,49,48,61,61,42,40,45,45,45,45,45,45,44,45,45,61,44,43,153,49,49,49,46,42,42,41,46,45,51,51,51,46,45,152,38,44,48,48,39,38,68,68,38,38,44,69,69,46,44,48,42,42,42,44,44,41,50,43,43,41,43,43,56,45,45,44,44,40,42,43,43,44,43,43,46,57,58,82,87,88,88,88,44,43,43,62,43,43,43,59,41,41,41,40,41,40,43,40,44,43,43,42,43,44,43,43,43,44,44,44,45,45,78,41,41,41,42,44,42,48,39,124,37,37,45,45,44,46,40,41,46,46,45,46,43,40,47,45,48,46,67,46,43,43,39,52,48,44,134,45,43,41,60,48,50,40,47,42,42,42,39,49,48,42
44,40,39,83,42,43,43,43,43,43,45,48,48,47,48,48,48,49,42,122,47,22,41,44,43,45,43,17,37,37,37,37,46,43,44,70,43,48,48,48,48,45,48,44,49,55,25,46,45,46,46,48,73,48,48,48,14,51,50,53,46,28,54,48,46,45,45,53,41,54,51,51,88,50,50,88,0,42,91,91,91,74,51,78,57,66,57,66,67,45,63,63,87,13,89,94,58,60,56,54,11,89,53,53,63,63,63,64,65,64,63,53,59,51,51,51,63,64,64,60,60,60,53,52,54,61,57,59,59,60,62,60,58,58,60,61,62,58,63,58,59,57,57,10,55,13,59,60,54,50,53,56,55,54,54,60,60,68,50,126,55,58,60,59,57,57,61,61,53,53,54,28,51,60,58,63,64,53,51,27,61,63,46,46,53,53,52,52,52,83,83,57,64,60,59,60,60,60,60,59,60,60,81,55,59,75,52,52,52,54,58,58,57,55,55,45,45,45,56,55,74,69,61,53,53,59,59,37,66,67,67,58,25,25,55,54,52,64,63,63,54,54,61,59,56,56,57,58,58,51,55,55,55,56,61,57,57,57,57,59,59,58,49,50,11,44,45,45,45,58,58,58,84,58,58,55,81,57,57,57,58,61,61,60,61,54,55,55,55,55,54,55,55,55,54,54,54,53,54,13,61,61,61,60,63,60,52,67,46,67,68,55,54,55,56,58,59,54,54,55,55,55,64,54,57,53,54,36,57,58,58,68,45,68,59,40,56,56,58,36,53,51,64,53,57,57,57,78,51,53,60
44,40,39,83,42,43,43,43,43,43,45,48,48,47,48,48,48,49,42,122,47,22,41,44,43,45,43,17,37,37,37,37,46,43,44,70,43,48,48,48,48,45,48,44,49,55,25,46,45,46,46,48,73,48,48,48,14,51,50,53,46,28,54,48,46,45,45,53,41,54,51,51,88,50,50,88,42,0,91,91,91,74,51,78,57,66,57,66,67,45,63,63,87,13,89,94,58,60,56,54,11,89,53,53,63,63,63,64,65,64,63,53,59,51,51,51,63,64,64,60,60,60,53,52,54,61,57,59,59,60,62,60,58,58,60,61,62,58,63,58,59,57,57,10,55,13,59,60,54,50,53,56,55,54,54,60,60,68,50,126,55,58,60,59,57,57,61,61,53,53,54,28,51,60,58,63,64,53,51,27,61,63,46,46,53,53,52,52,52,83,83,57,64,60,59,60,60,60,60,59,60,60,81,55,59,75,52,52,52,54,58,58,57,55,55,45,45,45,56,55,74,69,61,53,53,59,59,37,66,67,67,58,25,25,55,54,52,64,63,63,54,54,61,59,56,56,57,58,58,51,55,55,55,56,61,57,57,57,57,59,59,58,49,50,11,44,45,45,45,58,58,58,84,58,58,55,81,57,57,57,58,61,61,60,61,54,55,55,55,55,54,55,55,55,54,54,54,53,54,13,61,61,61,60,63,60,52,67,46,67,68,55,54,55,56,58,59,54,54,55,55,55,64,54,57,53,54,36,57,58,58,68,45,68,59,40,56,56,58,36,53,51,64,53,57,57,57,78,51,53,60
37,41,45,151,40,39,39,39,39,39,33,32,32,32,32,33,32,32,41,116,34,64,42,36,36,37,37,78,65,65,65,65,34,38,37,4,39,33,33,33,32,35,32,36,34,33,63,32,33,35,35,29,3,33,33,33,75,33,33,38,36,66,24,35,35,35,35,25,44,23,29,29,17,28,30,17,91,91,0,60,1,15,44,22,25,22,25,22,22,107,32,31,138,67,3,3,25,24,34,29,63,4,30,40,22,22,22,22,23,26,23,31,31,41,44,44,28,21,21,27,27,27,32,33,29,28,27,22,27,25,25,25,27,27,25,24,24,28,28,27,27,34,34,65,29,66,26,24,114,42,31,29,28,27,28,24,24,19,42,103,28,27,29,30,27,27,27,24,30,30,31,50,33,25,24,30,30,32,42,49,122,27,108,108,29,29,29,29,29,45,45,25,24,29,28,29,28,29,28,28,29,29,45,27,26,137,33,33,33,30,24,25,24,30,28,35,35,35,29,29,135,18,28,32,32,22,22,46,52,20,22,27,52,52,30,27,32,26,26,26,27,27,24,33,27,27,25,26,27,42,28,29,27,27,24,25,25,25,25,24,24,30,44,42,65,70,71,71,71,27,25,25,46,25,24,26,42,24,24,24,23,24,24,27,24,27,26,26,26,27,27,27,27,27,27,27,27,28,28,62,24,24,24,26,28,26,29,23,108,19,19,29,30,27,30,24,24,30,30,28,27,27,24,31,28,32,30,48,27,27,27,20,35,32,27,117,26,27,24,44,32,34,22,31,25,26,25,22,33,32,24
37,41,45,151,40,39,39,39,39,39,33,32,32,32,32,33,32,32,41,116,34,64,42,36,36,37,37,78,65,65,65,65,34,38,37,4,39,33,32,33,32,35,32,36,34,33,63,32,33,35,35,29,3,33,33,33,75,33,33,38,36,66,24,35,35,35,35,25,44,23,29,29,17,28,30,17,91,91,60,0,1,15,44,22,25,22,25,22,22,107,32,31,138,67,3,3,25,24,34,29,63,4,29,43,22,22,22,22,23,26,23,31,31,44,44,44,28,21,21,27,27,27,32,33,30,27,27,22,27,25,25,25,28,27,25,24,24,28,28,27,27,35,34,65,29,66,26,24,114,40,31,29,28,27,28,24,24,19,42,103,28,27,29,31,27,27,27,24,30,30,31,50,33,25,24,30,30,32,45,49,122,28,108,108,29,29,29,29,29,45,45,25,24,29,28,29,28,29,28,28,29,29,45,27,26,137,33,33,33,30,24,25,24,29,28,35,35,35,30,29,135,18,28,32,32,22,22,46,52,20,22,27,52,52,30,27,32,26,26,26,27,27,24,34,27,27,25,27,27,39,29,29,27,27,24,25,25,25,25,24,24,30,41,42,65,70,71,71,71,26,25,25,46,25,24,26,42,24,24,24,23,24,24,27,24,27,26,26,26,27,27,27,27,27,27,27,27,28,28,62,24,24,24,26,28,26,29,23,108,19,19,29,30,27,29,24,24,30,30,29,27,27,24,31,28,32,30,48,27,27,27,20,35,32,28,117,26,27,24,44,32,34,22,31,25,26,25,22,33,32,24
37,41,45,151,40,38,39,39,39,39,33,32,32,32,32,33,32,32,41,116,34,64,42,36,36,37,37,78,65,65,65,65,34,38,37,4,39,33,33,33,32,35,32,36,34,33,63,32,33,35,35,29,3,33,33,33,75,33,33,38,36,66,24,35,35,35,35,25,44,23,29,29,17,28,30,17,91,91,1,1,0,15,41,22,25,22,25,22,22,107,32,31,138,67,3,3,25,24,34,30,63,5,29,40,22,22,22,22,23,26,23,31,31,44,41,41,28,21,21,27,27,27,32,33,30,27,27,22,27,25,25,25,27,28,25,24,24,28,28,26,27,35,34,65,29,66,26,24,114,39,31,29,28,27,28,24,24,19,42,103,28,27,29,31,27,27,27,24,30,30,31,49,33,25,24,30,30,32,42,49,122,28,108,108,29,29,29,29,29,45,45,25,24,29,28,29,28,29,28,28,29,29,45,27,27,137,33,33,33,30,24,25,24,30,28,35,35,35,29,29,135,18,28,32,32,22,22,46,52,20,22,27,52,52,30,27,32,26,26,26,27,27,24,34,27,27,25,26,26,42,28,29,27,27,24,25,25,25,25,24,24,30,41,42,65,70,71,71,71,27,25,25,46,25,24,26,42,24,24,24,23,24,24,27,24,27,26,26,26,27,27,27,27,27,27,27,27,28,28,62,24,24,24,26,27,26,29,23,108,19,19,29,30,27,30,24,24,30,30,28,27,27,24,31,28,32,30,48,27,27,27,20,35,32,28,117,26,27,24,44,32,34,22,31,25,25,25,22,33,32,24
20,23,37,134,22,21,21,21,21,21,19,15,15,15,15,16,15,15,22,101,20,50,25,19,19,20,20,61,49,49,49,49,20,20,20,13,22,18,18,16,18,18,18,19,17,35,49,19,19,21,21,14,16,19,19,19,58,15,16,23,20,48,7,34,20,21,21,8,32,6,10,11,31,13,14,31,74,74,15,15,15,0,28,8,13,8,13,7,7,92,16,16,154,52,15,20,12,9,18,13,49,14,14,24,8,8,8,8,8,13,7,15,15,25,27,27,12,7,7,10,10,10,15,17,14,12,11,13,10,10,9,10,11,11,9,8,8,12,12,11,11,18,18,50,13,52,10,11,100,26,15,13,14,15,15,10,10,4,29,88,14,15,14,15,11,11,10,9,14,14,14,36,17,9,14,15,14,15,26,34,108,12,93,93,15,15,15,15,15,30,30,14,8,17,16,17,17,17,17,16,17,17,30,14,10,122,16,17,17,14,13,14,12,14,14,30,30,30,13,13,121,4,12,15,15,13,12,31,36,6,6,15,38,38,14,15,16,10,10,11,15,15,8,17,13,13,13,11,11,26,13,13,14,14,8,13,12,12,11,12,12,14,28,26,51,43,44,44,44,11,10,11,31,11,11,14,28,13,13,13,14,9,9,10,9,15,14,14,14,15,15,15,15,15,15,15,15,14,15,47,8,8,8,9,12,9,16,6,93,4,4,14,14,13,13,14,15,14,14,13,15,15,9,15,12,16,14,31,12,15,16,5,30,16,12,102,14,13,15,35,15,18,8,15,13,14,13,8,17,15,13
18,17,36,116,16,19,19,19,21,21,21,19,19,19,20,19,20,19,18,68,22,40,16,16,16,17,16,44,27,27,27,27,22,19,19,44,19,23,23,19,24,17,24,17,18,53,45,21,21,22,22,20,45,24,24,24,41,20,20,15,16,32,23,46,24,23,23,22,28,22,19,19,57,19,21,57,51,51,44,44,41,28,0,39,24,26,24,27,28,83,19,20,145,44,50,54,21,22,12,18,40,49,19,2,24,24,24,25,26,30,24,16,16,1,1,1,26,24,24,21,21,21,15,17,18,21,19,24,19,20,22,20,18,18,21,23,22,18,23,19,19,12,12,42,18,43,21,25,90,1,16,19,20,20,20,23,23,29,4,65,20,24,17,15,19,19,21,24,17,17,17,40,17,22,25,20,20,15,3,39,98,21,84,84,18,18,17,17,17,32,32,24,25,27,26,27,27,27,26,26,27,27,30,19,20,113,16,17,17,18,25,25,23,19,19,40,40,40,19,18,111,30,19,15,15,23,24,18,15,30,28,25,39,39,18,20,16,23,23,23,20,20,22,15,20,20,24,21,21,1,18,18,19,19,22,24,20,20,20,22,22,16,3,4,42,31,31,31,31,21,21,21,33,21,21,21,31,24,24,24,24,24,24,22,24,19,21,21,21,20,21,20,20,20,20,20,20,19,19,39,24,24,24,22,23,22,18,28,84,28,29,19,19,21,19,24,24,18,18,18,21,21,25,16,19,16,17,17,20,25,25,29,39,27,20,93,21,20,25,33,15,18,25,16,24,24,24,39,17,15,27
24,27,41,138,27,24,24,25,24,24,24,19,19,19,19,19,19,19,25,98,23,53,28,23,23,24,24,65,53,53,53,53,24,24,23,20,25,22,22,20,22,22,22,23,21,42,53,24,24,26,26,16,24,22,22,22,61,17,18,23,23,52,9,41,25,26,26,10,34,13,14,14,39,17,17,39,78,78,22,22,22,8,39,0,16,8,16,8,7,95,18,18,157,55,19,25,15,12,21,16,51,18,17,27,11,11,11,8,8,16,10,18,18,28,28,28,10,11,11,13,13,13,18,20,17,13,14,15,13,12,12,12,14,14,12,11,11,15,11,14,14,21,21,53,16,55,13,14,103,27,18,16,19,18,18,12,12,8,29,87,17,18,15,17,14,14,13,12,17,17,17,39,20,12,16,16,15,18,29,38,110,12,96,96,17,17,18,18,18,22,23,17,9,20,19,20,20,20,20,19,20,20,22,17,13,125,19,19,19,17,16,16,15,17,17,33,33,33,16,16,124,9,14,18,18,14,14,34,30,8,8,18,40,41,17,18,19,11,12,12,18,18,11,20,15,16,16,14,14,27,15,16,17,17,11,16,15,15,14,15,15,17,28,29,54,46,47,47,47,14,13,14,23,14,14,17,20,16,16,16,16,12,12,13,12,18,17,17,17,18,18,18,18,18,18,18,18,17,19,50,11,11,11,12,12,12,20,8,96,8,8,17,17,16,16,16,17,17,17,16,18,18,9,17,15,19,17,33,15,18,18,8,33,16,15,105,17,15,17,38,18,20,8,18,16,17,16,16,20,18,16
6,7,17,117,8,4,4,4,4,4,1,5,5,4,5,4,5,6,7,88,2,38,10,6,7,8,8,44,36,36,36,36,1,3,4,25,6,2,2,4,3,5,3,4,5,31,32,1,1,2,2,6,26,3,3,3,41,7,6,9,7,31,11,24,2,2,2,10,11,10,7,7,41,6,6,41,57,57,25,25,25,13,24,16,0,12,1,13,13,81,11,11,138,41,31,35,4,6,12,6,37,30,6,22,7,7,8,11,12,7,9,8,9,23,23,23,9,8,8,6,6,6,9,9,6,6,5,3,5,6,7,6,5,5,6,7,8,6,9,5,6,12,12,39,6,40,5,3,88,22,8,6,5,4,4,5,5,14,24,86,4,2,8,9,4,4,6,6,7,7,7,22,10,6,2,9,9,9,25,22,96,8,82,82,5,5,6,6,6,36,36,1,11,4,3,4,4,4,4,3,4,4,32,4,5,111,9,9,9,6,1,1,2,6,5,17,17,17,6,6,109,16,7,9,9,3,4,25,37,14,14,2,25,25,7,4,9,8,9,9,4,4,7,11,4,4,1,5,5,22,5,6,4,4,7,1,3,3,3,3,3,8,23,24,39,37,37,37,37,5,4,3,37,3,3,3,33,1,1,1,2,6,6,5,6,4,3,3,3,4,4,4,4,4,4,4,4,5,5,36,6,6,6,6,8,6,6,13,82,14,14,6,5,4,5,2,2,6,6,6,4,4,11,7,4,9,8,24,5,2,2,15,16,13,6,91,4,4,2,22,9,10,11,8,1,1,1,24,9,9,4
11,15,29,125,14,12,12,12,12,12,12,7,7,7,7,7,7,7,13,91,12,41,15,11,11,12,11,53,40,40,40,40,11,11,11,21,13,10,10,8,9,9,9,11,9,37,40,11,12,13,13,4,24,10,10,10,49,6,7,13,10,40,3,30,13,13,13,2,22,4,3,3,41,4,5,41,66,66,22,22,22,8,26,8,12,0,9,2,3,88,12,12,150,48,26,31,7,4,14,9,44,25,10,20,4,4,4,2,1,9,3,11,11,21,21,21,4,3,3,6,6,6,11,12,10,7,7,8,6,5,5,5,7,7,5,4,4,8,5,7,7,14,14,46,9,47,6,7,95,20,11,9,10,11,11,5,5,5,22,84,10,11,9,10,7,7,6,4,10,10,10,30,13,5,9,10,10,11,22,29,103,8,89,89,10,10,11,11,11,28,28,10,1,13,12,13,13,13,13,12,13,13,27,10,6,118,12,12,12,10,9,9,8,10,10,26,26,26,9,9,116,6,8,11,11,7,7,27,32,4,4,11,32,32,9,11,12,3,4,3,11,11,4,13,8,9,9,7,7,20,8,8,10,10,4,9,8,8,7,7,7,10,21,22,46,39,40,40,40,7,6,6,29,7,7,10,25,8,9,9,9,5,5,6,4,11,10,10,10,10,11,11,11,11,11,11,11,10,10,43,4,4,4,5,7,5,11,4,89,5,5,10,10,9,9,9,10,10,10,8,11,10,3,10,8,11,10,26,8,11,11,4,25,12,7,98,10,8,10,31,11,13,2,11,9,10,9,14,13,11,8
6,8,17,117,9,5,5,5,4,4,1,5,5,4,5,4,5,6,7,88,2,39,11,7,7,8,8,44,37,37,36,36,1,3,4,25,6,2,2,4,3,5,3,5,5,31,33,1,1,2,2,6,26,3,3,3,41,7,6,9,7,32,11,24,2,2,2,10,11,10,7,7,41,6,6,41,57,57,25,25,25,13,24,16,1,9,0,13,13,81,11,11,138,41,31,35,4,6,12,6,37,30,6,22,7,7,8,11,12,7,9,8,9,23,23,23,9,8,8,6,6,6,9,9,6,6,5,3,5,6,7,6,5,5,6,7,8,6,9,5,6,12,12,39,6,40,5,3,88,22,8,6,5,4,4,5,5,14,24,86,4,2,8,9,4,4,6,6,7,7,7,22,10,6,2,9,9,9,25,22,96,8,82,82,5,5,6,6,6,36,36,1,11,4,3,4,4,4,4,3,4,4,32,4,5,111,9,9,9,6,1,1,2,6,5,17,17,17,6,6,109,16,7,9,9,3,4,25,37,14,14,2,25,25,7,4,9,8,9,9,4,4,7,11,4,4,1,5,5,22,5,6,4,4,7,1,3,3,3,3,3,8,23,24,39,37,37,37,37,5,3,3,37,3,3,3,33,1,1,1,2,6,6,5,6,4,3,3,3,4,4,4,4,4,4,4,4,5,5,36,6,6,6,6,8,6,6,13,82,14,14,6,5,4,5,2,2,6,6,6,4,4,11,7,4,9,8,24,5,2,2,15,17,13,6,91,4,4,2,22,9,10,11,8,1,1,1,24,9,9,4
12,15,29,126,15,13,13,13,13,13,12,7,7,7,7,7,7,7,14,91,13,42,16,12,12,13,12,53,41,41,41,41,12,12,12,20,13,10,11,8,10,10,10,11,9,41,41,12,13,14,14,4,24,11,11,11,50,6,8,14,11,40,2,31,14,14,14,1,23,4,2,3,40,5,5,40,66,66,22,22,22,7,27,8,13,2,13,0,1,87,11,11,149,48,24,29,7,4,14,9,44,23,10,20,3,3,3,1,1,9,3,10,10,21,21,21,5,3,3,6,6,6,11,12,9,7,7,8,6,5,5,5,7,7,5,4,4,8,7,6,7,14,13,46,8,47,5,7,95,19,10,9,10,11,11,5,5,3,22,83,9,11,9,10,7,7,6,4,10,10,10,30,13,5,9,10,10,11,22,29,103,7,88,89,10,10,11,11,11,26,26,9,1,13,12,13,12,13,12,12,13,13,25,9,6,117,12,12,12,9,9,9,8,9,10,26,26,26,9,9,116,5,8,11,11,7,7,27,32,2,3,11,32,32,9,11,12,3,5,4,11,11,4,13,8,8,9,6,6,19,8,8,9,9,3,9,8,8,7,7,7,9,21,22,46,39,39,39,39,7,6,6,27,6,6,10,23,8,8,8,9,5,4,6,4,11,10,10,9,10,11,10,10,10,10,11,11,10,10,43,4,4,4,5,7,5,11,3,89,3,3,9,10,9,9,9,9,10,10,8,10,10,2,10,8,11,10,26,8,11,11,2,25,11,7,98,9,8,9,31,11,13,1,11,9,9,9,12,12,11,8
13,16,30,127,15,13,13,14,13,13,13,8,8,8,8,8,8,8,14,92,13,42,17,12,12,13,13,54,42,42,41,41,13,13,12,20,14,11,11,9,10,11,10,12,10,41,42,13,13,15,15,5,23,11,11,11,50,7,8,14,11,41,2,31,14,15,14,1,23,3,3,3,39,6,6,40,67,67,22,22,22,7,28,7,13,3,13,1,0,87,11,11,149,47,24,29,7,4,14,9,44,23,10,20,3,3,3,1,1,9,3,10,10,21,21,21,5,3,3,6,6,6,11,12,9,7,7,8,6,5,5,5,7,7,5,4,4,8,7,6,7,14,13,46,8,47,5,7,95,19,10,9,10,11,11,5,5,3,22,83,9,11,9,10,7,7,6,4,10,10,10,30,13,5,9,10,10,11,22,29,103,7,88,89,10,10,11,11,11,26,26,9,1,13,12,13,12,13,12,12,13,13,25,9,6,117,12,12,12,9,9,9,8,9,10,26,26,26,9,9,116,5,8,11,11,7,7,27,32,2,3,11,32,32,9,11,12,3,5,4,11,11,4,13,8,8,9,6,6,19,8,8,9,9,3,9,8,7,7,7,7,9,21,22,46,38,39,39,39,7,6,6,27,6,6,9,23,8,8,8,9,5,4,6,4,11,10,10,9,10,11,10,10,10,10,10,11,10,10,43,4,4,4,5,7,5,11,3,89,3,3,9,10,9,9,9,9,10,9,8,10,10,2,10,8,11,10,26,8,11,11,2,25,11,7,98,9,8,9,31,11,13,1,11,9,9,9,12,12,11,8
79,75,80,53,77,78,78,78,78,78,80,83,83,82,83,83,83,84,77,74,82,63,76,79,78,80,78,48,55,55,54,54,81,78,79,105,78,83,83,82,83,80,83,79,84,96,67,81,80,81,81,83,108,83,83,83,57,85,85,88,81,58,89,89,81,80,80,88,80,89,86,86,123,85,85,123,45,45,107,107,107,92,83,95,81,88,81,87,87,0,93,93,121,59,120,124,89,90,92,85,55,119,84,89,93,93,94,95,95,95,93,83,90,87,87,87,93,94,94,91,91,91,83,82,84,92,88,89,89,90,92,90,88,88,91,92,93,89,94,89,89,93,93,56,86,58,90,90,36,86,84,86,85,85,85,91,91,98,85,82,86,88,90,90,87,87,91,92,84,84,84,71,82,91,88,94,94,83,87,70,35,94,1,1,83,83,83,83,83,119,119,87,95,91,90,91,90,90,90,90,90,91,117,86,89,57,82,82,82,84,88,88,88,85,85,87,87,87,86,86,56,99,91,83,83,90,90,72,101,98,98,88,68,68,85,84,83,94,93,93,85,85,91,93,87,87,88,88,89,86,86,86,86,86,92,88,88,88,88,89,89,89,85,86,57,80,81,81,81,89,89,89,120,88,89,86,117,87,88,88,89,92,92,91,92,85,85,86,85,85,85,85,85,85,85,85,85,83,85,56,92,92,92,91,93,91,83,97,1,98,98,86,84,86,86,89,89,85,84,86,86,85,94,84,87,84,85,72,88,89,89,99,87,99,90,72,87,87,89,78,83,81,95,83,88,87,88,108,82,83,91
7,11,25,122,9,8,8,8,8,8,10,8,8,7,7,7,8,7,9,83,12,37,11,6,6,7,7,50,36,36,36,36,11,8,8,30,9,12,12,7,12,7,12,7,5,41,37,10,11,11,11,8,33,12,12,12,46,8,7,7,3,36,12,33,11,10,10,12,19,13,10,10,48,10,10,48,63,63,32,32,32,16,19,18,11,12,11,11,11,93,0,1,140,42,34,39,5,6,5,4,39,35,5,14,8,8,8,9,10,14,8,6,1,15,15,15,7,8,8,5,5,5,6,8,5,4,3,8,3,4,6,4,2,2,5,7,6,3,8,3,3,5,4,41,4,42,5,9,90,14,6,4,5,5,5,7,7,13,16,78,5,8,1,3,3,3,5,8,5,5,6,25,8,6,8,3,3,6,16,24,98,5,83,83,5,5,6,6,6,27,27,8,9,11,10,11,10,11,10,10,11,11,26,5,4,112,8,8,8,5,8,8,7,5,5,24,24,24,4,4,111,14,2,6,6,8,8,24,26,12,12,8,27,27,5,5,7,7,7,7,5,5,7,4,4,4,7,5,5,14,3,3,5,5,6,8,5,5,4,6,6,2,15,16,41,36,37,37,37,6,5,5,28,5,5,5,25,7,7,7,8,8,8,6,8,5,5,5,5,5,5,5,5,5,5,5,5,5,5,37,8,8,8,6,6,6,6,12,83,12,13,5,5,5,4,8,8,5,5,4,5,5,9,6,3,7,5,23,4,9,9,13,23,10,4,92,6,4,8,22,6,9,9,6,8,7,8,23,8,6,11
7,10,25,122,9,8,8,8,8,8,10,8,8,7,7,7,8,7,9,84,11,37,10,6,6,7,7,50,36,36,36,36,11,8,8,30,9,12,12,7,12,7,12,7,5,40,36,10,10,11,11,8,33,12,12,12,46,8,7,7,3,36,12,33,11,10,10,12,19,13,10,10,48,10,10,48,63,63,31,31,31,16,20,18,11,12,11,11,11,93,1,0,140,42,35,40,5,6,5,5,39,35,5,14,9,8,8,9,10,14,8,6,1,15,15,15,8,8,8,5,5,5,7,8,5,4,3,8,4,5,6,5,2,2,5,7,6,3,8,3,3,5,4,41,4,42,5,9,90,14,6,4,5,6,6,7,7,13,16,78,5,8,1,3,3,3,5,8,6,6,6,25,8,7,8,3,3,7,16,25,98,5,83,83,6,6,6,6,6,27,27,8,9,11,10,11,11,11,10,10,11,11,26,5,4,112,8,8,8,5,8,8,7,5,5,24,24,24,4,4,111,14,2,7,7,8,8,24,26,12,12,9,27,27,5,5,7,7,7,7,5,5,7,4,4,5,8,5,5,14,4,4,5,5,7,8,5,5,5,6,6,3,15,16,41,36,37,37,37,6,5,5,28,5,5,6,25,7,7,7,8,8,8,6,8,5,5,5,5,5,6,5,5,5,5,5,5,5,6,37,8,8,8,7,6,7,7,12,83,12,13,5,5,5,4,8,8,5,5,4,5,5,9,6,3,7,5,23,4,9,9,13,23,10,4,93,6,4,8,22,7,9,9,6,8,8,8,23,8,7,11
141,137,112,150,139,140,140,140,139,139,142,145,145,144,145,145,145,146,139,197,144,100,138,136,140,142,136,107,130,130,130,130,139,136,137,167,136,145,145,144,145,137,145,141,146,107,99,143,142,143,143,145,140,145,145,145,102,143,143,146,139,117,151,112,143,142,142,150,114,151,148,148,154,147,147,155,87,87,138,138,138,154,145,157,138,150,138,149,149,121,140,140,0,77,137,141,118,120,122,115,75,137,114,118,123,123,123,125,125,124,123,113,120,117,117,117,123,124,124,121,121,121,113,112,114,121,118,119,119,120,122,120,118,118,121,122,122,118,123,118,119,122,123,74,116,77,120,120,104,116,114,116,115,114,114,121,121,128,115,177,116,118,120,119,117,117,121,121,114,114,114,92,112,120,118,123,124,113,117,91,111,124,97,97,113,113,113,113,113,148,149,117,124,120,120,120,120,120,120,120,120,120,147,115,119,97,112,112,112,114,118,118,118,115,115,109,109,109,116,116,96,129,121,113,113,119,119,102,131,128,128,118,89,89,115,114,113,124,123,123,114,114,121,122,116,117,118,118,118,116,116,116,116,116,122,118,118,118,118,119,119,119,115,116,75,110,111,111,111,119,119,118,150,118,118,116,147,117,118,117,119,122,122,120,122,114,115,115,115,115,115,115,115,115,115,115,114,113,115,77,122,122,122,120,123,120,113,127,97,128,128,115,114,116,116,119,119,114,114,116,115,115,124,114,117,114,115,102,118,119,119,129,96,129,120,35,117,116,118,87,113,111,125,113,118,117,118,138,112,113,121
39,35,32,88,37,38,38,38,38,38,40,43,43,42,43,43,43,44,37,135,42,14,36,39,38,40,38,14,33,35,34,34,41,39,39,65,38,43,43,43,43,40,43,39,44,47,18,41,40,41,41,43,68,43,43,43,7,46,45,48,41,17,49,40,41,40,40,48,34,49,46,46,83,45,45,83,13,13,67,67,67,52,44,55,41,48,41,48,47,59,42,42,77,0,76,80,44,46,49,41,4,75,40,45,49,49,50,51,51,50,49,39,46,44,44,44,49,50,50,47,47,47,39,38,40,48,44,45,45,46,48,46,44,44,47,48,48,44,49,45,45,49,50,4,42,3,46,46,67,43,40,42,41,41,41,47,47,54,42,111,42,44,46,46,43,43,47,48,40,40,40,18,38,46,44,49,50,39,44,17,74,49,59,59,39,39,39,39,39,75,75,43,50,46,46,46,46,46,46,46,46,46,74,41,45,88,38,38,38,40,44,44,44,41,41,36,36,36,42,42,87,55,47,39,39,45,46,29,58,54,54,44,16,16,41,40,39,50,49,49,41,40,47,48,42,43,44,44,44,43,42,42,42,42,48,44,44,44,44,45,45,45,42,43,3,37,37,37,37,45,45,45,77,44,44,42,74,43,44,43,45,48,48,46,48,41,41,42,41,41,41,41,41,41,41,41,41,39,41,4,48,48,48,47,49,47,39,53,59,54,54,41,40,42,42,45,45,40,40,42,41,41,50,40,43,40,41,28,44,45,45,55,35,55,46,52,43,43,44,26,39,37,51,39,44,43,44,64,38,39,47
35,39,44,149,38,37,37,37,37,37,31,30,30,30,30,31,30,30,39,114,32,62,41,34,35,35,35,77,64,64,63,63,32,36,35,2,37,31,30,31,30,33,30,35,32,32,61,30,31,33,33,27,4,31,31,31,73,32,31,36,34,64,22,33,33,33,33,23,42,21,27,27,19,27,28,19,89,89,3,3,3,15,50,19,31,26,31,24,24,120,34,35,137,76,0,5,26,25,34,30,64,2,29,44,23,23,23,22,23,27,24,31,31,44,44,44,28,22,22,27,27,27,32,33,30,28,27,25,27,26,26,26,28,28,26,25,24,28,28,27,27,34,34,66,29,67,26,25,115,43,31,30,29,28,28,25,25,18,45,104,28,29,30,31,27,27,27,24,30,30,31,50,33,26,26,31,30,32,46,50,123,28,108,109,29,29,30,30,30,45,45,26,24,30,30,30,30,30,30,30,30,30,45,28,27,137,33,33,33,30,25,25,25,30,29,36,36,36,29,29,136,18,29,32,32,24,24,50,52,20,20,29,53,53,30,28,32,26,26,26,28,28,25,34,27,27,25,28,28,43,29,29,28,28,24,26,25,25,26,25,25,30,44,45,66,71,72,72,72,26,26,26,46,25,25,27,42,25,25,25,25,25,24,27,24,28,27,27,27,27,28,28,28,28,28,28,28,29,29,63,25,25,25,26,28,26,30,21,108,19,19,28,29,28,30,26,26,30,30,29,28,27,24,31,28,32,30,49,27,28,28,20,36,32,28,118,27,27,26,44,32,34,22,31,26,26,26,22,33,32,25
41,45,48,153,44,42,42,42,42,42,37,36,36,36,36,36,36,36,44,118,38,66,46,40,40,41,41,81,68,68,67,67,38,41,41,6,43,36,36,35,36,39,36,40,37,36,65,34,35,37,37,31,1,37,37,37,77,37,36,41,39,68,27,37,37,37,37,28,46,29,32,32,15,30,32,15,94,94,3,3,3,20,54,25,35,31,35,29,29,124,39,40,141,80,5,0,27,26,36,31,65,6,31,45,24,24,24,24,25,27,25,33,33,46,45,45,30,23,23,28,28,28,33,35,32,29,29,24,28,27,27,27,29,29,27,26,26,30,29,28,29,36,36,67,31,68,27,25,116,44,33,31,30,29,29,26,26,22,47,105,29,29,31,33,29,29,28,25,32,32,32,51,35,27,26,32,32,33,47,51,124,29,109,110,30,30,31,31,31,47,47,27,26,31,30,31,30,30,30,30,31,31,47,29,28,138,35,35,35,32,26,26,26,32,30,37,37,37,31,31,137,20,30,33,33,24,24,51,54,24,24,29,54,54,32,29,34,27,28,28,29,29,26,36,29,29,27,29,29,44,31,31,29,29,25,27,27,26,27,26,26,32,45,47,67,72,73,73,73,29,27,27,47,27,26,28,44,26,26,26,25,26,26,28,25,29,28,28,28,29,29,29,29,29,29,29,29,30,30,64,26,26,26,27,29,27,31,24,110,22,22,30,31,29,31,26,26,32,32,31,29,29,26,33,30,34,32,50,29,28,29,22,37,33,29,119,28,29,26,46,33,36,24,33,27,27,27,24,35,33,26
4,7,20,118,7,5,5,5,5,5,3,4,4,3,4,3,4,5,7,85,5,34,10,5,5,6,5,45,33,33,33,33,4,4,3,26,5,5,5,3,6,3,6,4,4,35,33,3,4,5,5,4,27,5,5,5,42,6,5,8,4,32,9,27,5,5,5,8,14,8,6,5,44,6,6,44,58,58,25,25,25,12,21,15,4,7,4,7,7,89,5,5,118,44,26,27,0,3,9,4,37,32,4,18,6,6,7,8,9,10,6,6,6,19,19,19,6,7,7,4,4,4,7,7,4,4,2,5,3,3,5,3,3,3,4,5,5,3,7,3,3,10,9,39,3,40,3,5,88,17,6,4,5,4,4,4,4,11,20,81,4,5,5,6,2,2,4,5,5,5,5,24,8,3,4,7,7,7,20,24,96,6,82,82,5,5,6,6,6,33,33,4,8,7,6,7,7,7,7,6,7,7,33,4,3,111,7,8,7,4,4,4,3,4,4,20,20,20,4,4,110,13,5,7,7,4,4,25,30,11,11,5,27,27,5,4,7,6,6,6,4,4,4,9,3,3,4,1,2,17,3,3,4,4,5,4,1,1,1,2,2,5,19,20,40,37,38,38,38,2,1,2,34,1,2,3,31,3,3,3,4,5,5,3,5,4,3,3,3,3,4,4,4,4,4,4,4,5,5,36,5,5,5,4,6,4,6,10,82,11,11,4,4,3,4,4,4,4,4,3,4,3,8,5,2,7,5,24,2,5,5,12,20,11,4,91,3,2,4,25,7,8,8,6,4,4,4,22,8,7,7
6,9,22,120,9,6,6,7,6,6,5,2,2,1,2,1,2,2,8,86,8,36,11,7,7,8,8,47,35,35,35,35,6,6,5,23,7,7,7,2,6,4,6,5,4,35,35,5,5,7,7,1,26,7,7,7,44,3,3,8,5,34,6,28,6,7,7,5,15,5,3,2,41,2,2,41,60,60,24,24,24,9,22,12,6,4,6,4,4,90,6,6,120,46,25,26,3,0,10,6,40,29,7,19,3,3,4,5,5,8,3,7,7,20,20,20,5,4,4,3,3,3,8,9,6,4,3,5,3,2,2,2,4,4,2,2,2,5,5,3,4,11,10,42,5,43,2,6,91,19,7,6,7,7,7,2,2,8,21,82,7,6,6,7,4,4,3,2,7,7,7,26,9,1,5,7,7,8,21,26,99,5,84,84,7,7,8,8,8,32,32,5,4,8,8,8,8,8,8,8,8,8,31,6,3,113,9,9,9,6,5,5,4,6,6,21,21,21,6,6,112,9,5,8,8,5,5,28,31,8,8,6,29,29,6,6,8,4,3,3,6,6,1,10,5,6,4,2,2,19,5,5,6,6,2,5,3,3,4,3,3,6,20,21,42,39,40,40,40,3,2,2,33,2,2,5,29,4,4,4,5,1,2,2,1,6,5,6,5,6,6,6,6,6,6,6,6,7,7,38,2,2,2,1,4,1,8,7,84,8,8,6,6,6,6,5,5,6,6,5,6,6,4,7,5,8,7,27,5,7,7,9,21,9,4,93,5,5,5,26,8,10,5,8,5,5,5,18,9,8,8
8,11,27,122,9,9,9,9,10,10,12,10,10,9,10,9,10,10,10,76,13,36,9,7,7,8,7,49,32,32,32,32,13,9,9,33,10,14,14,9,14,8,14,8,9,42,35,12,11,13,13,10,35,14,14,14,46,11,11,7,6,35,16,35,12,11,12,15,20,15,12,12,50,12,12,50,56,56,34,34,34,18,12,21,12,14,12,14,14,92,5,5,122,49,34,36,9,10,0,7,42,37,7,10,12,12,12,13,14,18,12,8,4,11,11,11,11,12,12,9,9,9,6,8,7,9,7,12,7,8,10,8,6,6,9,11,10,6,11,7,7,1,1,44,6,45,9,13,92,9,8,7,8,8,8,11,11,17,12,73,7,12,5,3,7,7,9,12,7,7,8,26,8,10,12,8,9,6,12,27,100,9,85,86,8,8,9,9,9,28,28,11,13,14,13,14,14,14,14,13,14,14,27,7,8,114,7,7,7,7,12,12,11,7,7,27,27,27,6,6,113,18,7,6,6,11,11,19,21,16,16,12,29,30,7,8,7,11,11,11,8,8,10,3,8,8,11,9,9,9,6,6,7,7,10,11,8,8,8,10,10,4,11,12,45,32,33,33,33,9,9,9,29,9,9,9,26,11,11,11,12,11,12,10,11,8,8,8,9,8,9,8,8,8,7,8,8,8,8,40,12,12,12,10,11,10,9,15,85,16,17,7,7,8,7,12,12,7,7,6,8,8,13,8,7,7,7,19,8,12,12,17,26,14,8,95,9,8,12,24,6,8,13,7,11,11,11,27,8,6,14
1,3,21,114,3,2,2,2,3,3,6,5,5,5,5,5,5,6,2,83,7,29,5,1,1,2,2,41,29,29,29,29,7,3,3,28,1,8,8,5,9,2,9,2,5,36,29,7,6,7,7,6,31,9,9,9,38,8,7,10,4,28,11,29,6,5,6,10,15,10,8,7,46,7,7,46,54,54,29,29,30,13,18,16,6,9,6,9,9,85,4,5,115,41,30,31,4,6,7,0,34,34,1,17,10,10,9,10,11,13,9,2,5,18,18,18,9,9,9,7,7,7,4,3,1,7,3,8,5,6,8,6,3,3,7,7,8,4,9,4,5,9,8,36,1,37,6,8,85,16,2,1,2,2,2,7,7,14,19,80,1,6,5,5,3,3,7,8,1,1,1,21,4,6,6,8,9,4,19,20,93,8,79,79,1,1,2,2,2,34,34,6,10,9,8,9,8,9,8,8,9,9,33,2,5,108,4,4,4,1,6,6,6,1,1,22,22,22,2,2,106,15,6,4,4,8,8,18,29,13,13,6,23,23,2,2,3,9,9,9,2,2,7,8,2,3,6,5,5,16,1,1,2,2,7,6,5,5,4,6,6,4,18,19,36,30,30,30,30,6,5,5,35,5,5,4,31,6,6,6,7,7,8,6,7,1,3,3,3,2,3,2,2,2,2,2,2,1,2,33,8,8,8,6,9,6,2,13,79,13,14,1,1,3,2,7,7,1,1,1,2,2,10,2,2,4,2,17,4,7,7,14,21,13,6,88,4,2,7,18,4,5,10,3,6,5,6,24,4,4,9
35,32,31,84,34,35,35,35,34,34,37,40,40,39,40,39,40,41,34,131,38,13,33,35,35,37,35,10,31,31,31,31,38,35,36,62,37,39,41,39,40,36,40,37,42,46,17,40,39,40,40,42,65,40,40,40,4,42,41,44,38,13,46,39,37,37,37,45,32,45,43,42,80,42,41,80,11,11,63,63,63,49,40,51,37,44,37,44,44,55,39,39,75,4,64,65,37,40,42,34,0,74,39,44,48,48,48,49,50,49,48,38,45,43,42,42,48,49,49,45,45,45,38,37,39,46,42,44,44,45,47,45,43,43,45,46,47,43,48,43,44,48,48,3,40,5,45,45,63,42,38,41,40,39,39,46,46,53,41,110,40,43,45,44,42,42,46,46,39,39,39,19,36,45,43,48,49,38,43,18,71,48,56,57,38,38,37,37,37,74,74,42,49,45,44,45,45,45,45,44,45,45,73,40,44,85,37,37,37,39,43,43,42,40,40,35,35,35,41,40,84,54,46,38,38,44,44,28,57,52,52,43,16,16,40,39,37,49,48,48,39,39,46,47,41,41,43,43,43,42,40,40,41,41,47,42,42,42,42,44,44,44,40,42,4,35,36,36,36,43,43,43,75,43,43,41,73,42,42,42,43,46,46,45,46,39,40,40,40,40,39,40,40,40,39,39,39,38,39,2,47,47,47,45,48,45,37,52,56,52,53,40,39,40,41,43,44,39,39,41,40,40,49,39,42,38,39,27,42,43,43,53,35,52,44,51,41,41,43,26,38,36,49,38,42,42,42,63,36,38,46
34,37,44,149,37,34,34,34,33,33,30,29,29,30,29,31,29,29,38,113,31,65,38,33,33,34,34,76,63,63,63,63,31,35,34,1,36,30,30,30,29,32,29,33,31,32,61,30,30,33,33,27,6,30,30,30,73,30,30,34,33,63,21,33,32,33,33,22,41,23,26,26,21,26,27,21,89,89,4,4,5,14,49,18,30,25,30,23,23,119,35,35,137,75,2,6,32,29,37,34,74,0,29,43,21,21,21,22,23,26,22,29,30,44,43,43,26,20,20,25,25,25,30,31,28,26,26,23,25,24,24,24,26,26,24,23,23,27,27,25,26,33,33,64,28,65,25,24,113,42,30,28,29,29,29,23,23,19,41,102,29,27,28,29,26,26,25,23,29,29,29,48,32,24,24,29,29,30,45,49,121,26,107,107,30,30,31,31,30,43,43,25,23,29,28,29,29,29,29,28,29,29,43,29,25,136,31,31,31,29,24,26,24,28,30,35,35,35,28,28,134,17,27,30,30,23,22,48,54,19,19,26,52,52,28,29,31,24,25,25,29,29,23,32,28,28,25,26,26,38,27,27,29,29,23,25,26,26,26,25,25,29,43,44,64,69,70,70,70,26,26,25,44,26,25,28,40,24,24,24,24,23,23,25,23,29,28,28,27,28,29,28,28,28,29,29,29,30,30,61,23,23,23,24,26,24,31,21,107,19,19,30,29,29,28,24,25,29,29,27,28,28,23,29,27,30,29,44,28,27,27,19,35,31,26,116,27,27,25,44,30,32,22,30,25,25,25,21,31,30,25
2,2,21,113,3,2,2,2,2,2,5,6,6,5,6,6,6,7,1,83,7,29,5,1,2,3,2,40,29,29,29,29,6,3,3,30,1,8,8,5,8,3,8,2,7,36,28,6,5,6,6,6,31,8,8,8,37,9,8,11,4,27,12,28,6,5,5,11,14,11,8,8,45,8,8,45,53,53,30,29,29,14,19,17,6,10,6,10,10,84,5,5,114,40,29,31,4,7,7,1,39,29,0,17,11,11,12,12,13,14,11,2,7,18,17,17,11,12,12,8,9,9,3,3,1,9,5,9,7,8,10,8,5,5,9,9,10,6,11,6,7,11,10,35,3,37,7,10,86,16,2,3,3,3,3,9,9,16,19,80,3,7,7,7,5,5,9,10,1,1,1,20,4,8,8,10,10,3,19,20,92,10,78,78,1,1,1,1,1,36,36,7,12,10,9,10,10,10,9,9,10,10,35,3,7,107,3,3,3,1,7,8,7,2,2,23,23,23,4,3,106,17,8,3,3,9,9,18,28,15,15,8,23,23,3,3,3,11,11,11,3,3,8,10,4,4,7,7,7,16,3,3,3,3,9,7,6,6,6,7,7,6,17,18,36,29,30,30,30,7,7,7,36,6,7,5,33,7,7,7,8,10,10,8,10,2,4,4,4,3,4,3,3,3,3,3,3,2,2,32,10,10,10,8,11,8,2,15,78,15,16,2,1,4,3,8,8,2,2,3,4,3,12,2,4,3,2,17,6,8,8,16,22,15,7,87,5,4,8,18,3,4,12,2,7,7,7,26,4,3,10
17,16,36,118,15,18,18,18,20,20,20,19,19,18,19,18,19,19,17,66,22,42,15,15,16,16,16,45,28,28,28,28,21,18,18,43,18,23,23,18,23,17,23,16,17,53,47,20,20,21,21,19,44,23,23,23,42,19,19,14,15,34,22,45,23,22,22,21,27,21,19,18,57,18,20,57,53,53,40,43,40,24,2,27,22,20,22,20,20,89,14,14,118,45,44,45,18,19,10,17,44,43,17,0,23,23,23,24,25,29,23,15,15,3,3,3,25,23,23,20,20,20,14,16,17,20,18,23,18,19,21,19,17,17,20,22,21,17,25,18,18,11,11,43,17,44,20,24,91,2,15,18,19,19,19,22,22,28,5,66,19,23,16,14,18,18,20,23,16,16,16,41,16,21,24,19,19,14,4,40,99,20,85,85,17,17,16,16,16,33,33,23,24,26,25,26,26,26,25,25,26,26,31,18,19,114,15,16,16,17,24,24,22,18,18,39,39,39,18,17,112,29,18,14,14,22,23,19,13,29,27,24,40,40,17,19,15,22,22,22,19,19,21,14,19,19,23,20,20,2,17,17,18,18,21,23,19,19,19,21,21,15,4,5,43,31,32,32,32,20,20,20,34,20,20,20,29,23,23,23,23,23,23,21,23,18,20,20,20,19,20,19,19,19,19,19,19,18,18,40,23,23,23,21,22,21,17,27,85,27,28,18,18,20,18,23,23,17,17,17,20,20,24,15,18,15,16,18,19,24,24,28,38,26,19,94,20,19,24,32,14,17,24,15,23,23,23,38,16,14,26
10,12,24,123,13,9,9,9,9,9,7,4,4,4,4,4,4,4,11,88,7,39,15,11,9,9,9,50,39,39,39,39,6,8,8,21,10,6,6,5,5,8,5,9,8,33,38,6,7,9,9,2,24,6,6,6,46,6,5,12,8,37,5,25,8,8,8,4,17,5,2,2,39,1,2,39,63,63,22,22,22,8,24,11,7,4,7,3,3,93,8,9,123,49,23,24,6,3,12,10,48,21,11,23,0,1,1,4,5,6,2,10,10,23,22,22,7,1,1,5,5,5,10,11,9,7,6,5,5,4,4,4,6,6,4,3,3,7,7,6,6,13,13,44,8,45,5,4,93,21,10,8,9,9,9,3,3,7,23,83,9,8,9,9,6,6,5,2,9,9,9,29,12,4,7,9,9,10,25,29,101,7,86,87,10,10,11,11,11,34,34,7,4,11,10,11,10,10,10,10,10,11,28,8,5,115,11,11,11,9,7,7,6,9,9,23,23,23,8,8,114,8,7,10,10,5,5,30,33,7,7,9,31,31,9,9,11,4,5,5,9,9,3,12,8,8,7,5,5,21,7,7,8,9,3,7,5,5,6,5,5,9,22,24,44,48,42,42,42,6,6,5,30,5,5,7,31,6,6,6,7,3,2,5,2,9,7,8,7,8,8,8,8,8,8,8,8,9,9,40,3,3,3,4,6,4,10,6,86,7,7,9,9,8,8,7,7,9,9,8,8,8,4,9,8,10,9,29,8,9,9,7,23,11,6,96,7,8,7,26,10,12,4,10,7,7,7,18,12,10,6
10,12,24,123,13,9,9,10,9,9,7,4,4,4,4,5,4,4,12,88,7,39,15,8,8,9,9,50,39,39,39,39,7,9,8,21,10,6,6,5,5,8,5,9,8,33,38,7,7,9,9,2,24,6,6,6,47,5,5,12,8,37,5,26,8,9,9,4,17,5,2,2,38,1,2,38,63,63,22,22,22,8,24,11,7,4,7,3,3,93,8,8,123,49,23,24,6,3,12,10,48,21,11,23,1,0,1,4,4,7,2,10,10,23,22,22,7,1,1,5,5,5,10,12,9,7,6,5,5,4,4,4,6,6,4,3,3,7,7,6,6,13,13,44,8,45,5,4,93,21,10,8,9,9,9,3,3,7,24,83,9,8,9,9,6,6,5,2,9,9,9,29,12,4,7,9,9,10,25,29,101,7,86,87,10,10,11,11,11,34,34,7,4,11,10,11,10,10,10,10,11,11,28,9,5,115,11,11,11,9,7,7,6,9,9,23,23,23,8,8,114,8,7,10,10,5,5,30,33,7,7,9,31,31,9,9,11,4,5,5,9,9,3,12,8,8,7,6,6,21,7,8,9,9,3,7,5,5,6,5,5,9,22,23,44,48,49,42,42,6,6,5,30,5,5,7,31,6,6,6,7,3,2,5,2,9,7,8,7,8,8,8,8,8,8,8,9,9,9,41,3,3,3,4,6,4,10,6,86,7,7,9,9,8,8,7,7,9,9,8,8,8,4,9,7,11,9,29,8,9,9,7,23,11,7,96,7,8,7,29,10,12,4,10,7,7,7,17,12,10,6
9,12,24,123,11,10,10,10,10,10,7,4,4,4,4,5,4,4,12,88,7,39,14,8,8,9,9,50,38,38,38,38,7,9,8,21,10,6,6,5,6,7,5,9,6,33,39,7,7,9,9,2,24,6,6,6,47,5,5,13,8,37,5,26,9,9,9,4,18,5,2,2,38,1,2,38,63,63,22,22,22,8,24,11,8,4,8,3,3,94,8,8,123,50,23,24,7,4,12,9,48,21,12,23,1,1,0,4,4,6,2,9,10,22,22,22,6,1,1,5,5,5,10,11,8,6,6,5,5,4,4,4,6,6,4,3,3,7,7,6,6,13,13,44,8,45,5,4,93,21,10,8,9,9,9,3,3,7,23,82,9,8,8,9,6,6,5,2,9,9,9,29,12,4,7,9,9,10,24,28,101,7,86,87,10,10,11,10,10,33,33,7,3,10,10,10,10,10,10,10,10,10,28,8,5,115,11,11,11,9,7,7,6,8,9,23,23,23,8,8,114,8,7,10,10,5,5,30,33,6,6,8,31,31,8,8,11,4,5,5,9,8,3,12,8,8,6,5,5,21,7,7,8,8,3,7,5,5,6,5,5,9,22,23,44,48,49,42,49,6,6,5,30,5,5,7,31,6,6,6,7,3,2,5,2,9,7,8,7,8,8,8,8,8,8,8,8,9,9,40,3,3,3,4,6,4,10,6,86,6,7,8,9,8,8,7,7,9,9,7,8,8,3,9,8,10,9,29,8,9,9,7,23,11,6,96,7,8,7,26,10,12,4,10,7,7,7,17,11,10,6
10,13,28,124,12,11,11,11,11,11,11,5,5,5,5,6,5,5,12,89,11,40,14,9,9,10,10,51,39,39,39,39,10,10,10,22,12,9,9,6,8,8,9,9,7,36,39,10,11,12,12,3,24,9,9,9,48,5,6,12,9,39,3,29,12,12,12,2,21,4,1,2,40,3,3,40,64,64,22,22,22,8,25,8,11,2,11,1,1,95,9,9,125,51,22,24,8,5,13,10,49,22,12,24,4,4,4,0,1,9,3,11,11,24,24,24,6,4,4,6,6,7,11,13,10,8,7,8,6,6,6,6,7,7,5,4,4,8,7,7,7,14,14,47,9,48,6,7,96,22,11,9,10,11,12,6,6,5,25,84,10,11,10,11,7,7,6,5,10,10,10,30,13,5,10,11,10,11,25,30,104,8,89,89,11,11,11,11,11,28,28,10,2,13,13,13,13,13,13,12,13,13,27,10,7,118,13,13,13,10,9,10,8,10,10,26,26,26,9,9,117,7,8,11,11,8,7,27,34,4,4,11,32,32,10,11,12,4,5,5,11,11,4,14,9,9,9,7,7,22,9,9,10,10,4,9,8,8,7,8,8,10,24,25,47,39,40,40,40,7,6,7,29,7,7,10,25,9,9,9,10,5,5,6,5,11,10,10,10,11,11,11,11,11,11,11,11,10,12,43,4,4,4,5,8,5,12,4,89,5,5,10,10,9,9,10,10,10,10,9,11,11,2,11,8,12,10,27,8,11,12,4,26,12,8,98,10,9,10,27,11,14,1,11,9,10,10,14,13,11,9
11,14,28,125,13,12,12,12,12,12,11,6,6,6,6,6,6,6,13,90,11,40,14,10,10,11,11,52,40,40,40,40,11,11,11,23,12,9,9,7,9,9,9,10,8,37,40,11,11,13,13,3,25,10,10,10,49,6,6,12,9,39,3,29,13,13,13,2,22,4,2,3,40,4,4,40,65,65,23,23,23,8,26,8,12,1,12,1,1,95,10,10,125,51,23,25,9,5,14,11,50,23,13,25,5,4,4,1,0,9,4,11,11,24,24,24,5,4,4,7,7,7,12,13,10,8,7,8,7,6,6,6,8,8,6,5,4,9,6,7,8,15,14,47,9,48,6,7,96,23,11,10,11,12,12,6,6,5,25,84,10,11,10,11,8,8,7,5,11,11,11,31,13,6,10,11,10,12,25,30,104,8,89,90,11,11,12,12,12,27,27,10,1,14,13,14,13,13,13,13,14,14,26,10,7,118,13,13,13,10,10,10,9,10,10,26,26,26,10,10,117,6,9,12,12,8,8,28,35,3,4,12,33,33,10,12,12,3,4,4,12,12,5,14,9,9,10,7,7,22,9,9,10,10,4,10,8,8,8,8,8,10,24,25,47,39,40,40,40,8,7,7,28,7,7,10,24,9,9,9,10,5,5,7,5,12,10,11,10,11,11,11,11,11,11,11,11,11,11,43,5,5,5,6,8,6,12,4,89,4,5,10,10,10,10,10,10,10,10,9,11,11,3,11,9,12,11,27,9,12,12,3,26,12,8,99,10,9,10,29,12,14,2,12,10,10,10,13,13,12,9
14,14,23,124,15,11,11,11,11,11,8,9,9,9,10,10,10,10,14,94,6,40,18,13,14,15,15,51,51,51,51,51,7,10,12,26,13,5,5,10,5,12,5,13,12,33,40,7,8,8,8,7,27,5,5,5,48,12,11,16,13,38,11,25,8,8,8,10,17,10,7,7,42,6,7,42,64,64,26,26,26,13,30,16,7,9,7,9,9,95,14,14,124,50,27,27,10,8,18,13,49,26,14,29,6,7,6,9,9,0,9,15,14,19,19,19,6,9,9,9,9,9,16,17,14,9,11,14,11,10,9,10,12,12,9,10,9,12,7,11,11,14,13,50,13,51,10,15,99,17,15,14,14,15,15,11,11,14,20,81,14,15,12,14,11,11,9,11,14,14,15,35,17,11,13,12,11,16,20,34,107,9,92,93,15,15,16,16,15,28,28,14,9,17,16,17,17,17,17,16,17,17,27,14,11,121,17,17,17,14,13,13,12,14,14,30,30,30,13,13,120,15,10,16,16,13,13,32,30,14,14,15,36,37,14,15,16,10,10,10,15,15,9,14,13,13,13,11,11,17,13,13,14,14,9,13,12,12,12,12,11,13,19,20,50,43,44,44,44,11,11,11,29,11,11,14,25,13,13,13,13,11,11,11,11,14,14,14,14,14,15,14,14,14,15,15,15,15,15,47,11,11,11,11,7,11,16,13,92,14,14,14,14,13,14,13,14,14,14,13,14,14,10,15,12,16,14,31,13,15,15,13,30,8,12,102,13,13,14,32,16,18,10,15,13,14,13,22,17,16,16
8,12,26,123,11,9,9,9,9,9,9,4,4,4,4,4,4,3,10,88,9,38,12,8,8,9,9,50,37,38,37,37,9,9,8,22,10,7,7,5,6,7,6,8,5,34,38,8,9,11,11,1,25,7,7,7,46,5,4,9,7,37,5,27,10,10,10,4,19,4,1,1,39,1,2,39,63,63,23,23,23,7,24,10,9,3,9,3,3,93,8,8,123,49,24,25,6,3,12,9,48,22,11,23,2,2,2,3,4,9,0,9,9,22,22,22,6,1,1,5,5,5,10,11,8,6,5,5,5,4,4,4,6,6,4,3,2,7,6,5,5,13,12,43,7,44,4,4,92,20,9,8,9,8,8,3,3,7,23,82,8,8,8,9,6,6,5,2,9,9,9,28,11,3,6,9,8,10,23,28,100,6,86,86,9,9,10,10,10,33,33,7,3,10,9,10,10,10,10,9,10,10,28,8,5,115,11,11,11,8,6,6,5,8,9,23,23,23,8,8,113,8,7,10,10,4,4,29,33,6,6,8,30,31,8,8,10,4,4,4,8,8,3,12,7,7,6,5,5,20,7,7,8,8,2,6,5,5,5,4,4,8,22,23,43,48,48,48,48,5,5,5,30,5,4,7,31,6,6,6,6,2,2,4,2,8,7,7,7,7,8,8,8,8,8,8,8,9,9,40,2,2,2,3,6,3,10,6,86,6,7,8,8,8,8,6,7,8,8,7,8,7,3,9,8,10,8,28,7,8,8,8,22,10,6,95,7,8,7,26,10,12,4,9,6,7,6,17,11,10,6
3,1,23,113,1,4,4,4,4,4,7,7,7,6,7,6,7,8,2,80,9,28,3,2,2,3,1,40,27,27,27,27,8,5,5,29,3,10,10,6,10,4,10,4,7,38,28,8,7,8,8,7,32,10,10,10,36,9,8,12,5,27,12,30,8,7,7,11,16,11,9,9,47,8,8,47,53,53,31,31,31,15,16,18,8,11,8,10,10,83,6,6,113,39,31,33,6,7,8,2,38,29,2,15,10,10,9,11,11,15,9,0,7,16,16,16,11,12,12,8,8,8,1,2,2,9,6,10,7,8,9,8,5,5,8,10,9,6,11,6,6,10,10,35,3,36,8,11,84,14,1,3,4,4,4,9,9,16,17,78,4,9,7,6,6,6,8,10,2,2,2,20,3,9,9,10,10,1,17,20,92,10,78,78,2,2,2,1,1,35,35,8,13,11,10,11,11,11,11,10,11,11,34,5,7,107,3,3,3,2,9,9,8,3,4,24,24,24,4,4,105,18,7,1,1,10,10,17,27,16,16,9,23,23,3,4,2,10,10,10,4,4,9,9,5,5,8,8,8,14,4,4,5,5,10,8,7,7,7,8,8,6,16,17,35,29,29,29,29,8,8,8,36,8,8,6,33,8,8,8,9,10,10,9,10,3,5,5,6,4,5,4,4,4,4,4,4,3,3,32,11,11,10,9,10,9,2,15,78,16,16,3,3,5,4,9,9,2,2,4,5,5,13,1,4,2,2,16,7,9,9,17,23,15,7,87,6,5,9,18,1,4,13,1,8,8,8,26,3,1,11
5,8,24,119,6,6,6,6,6,6,8,7,7,6,7,6,7,7,7,80,10,35,8,4,4,5,4,47,34,34,34,34,10,6,6,29,7,11,11,6,11,5,11,5,5,39,34,9,8,9,9,7,32,11,11,11,43,8,7,7,3,33,12,32,9,8,8,11,17,12,9,9,47,9,9,47,59,59,31,31,31,15,16,18,9,11,9,10,10,90,1,1,120,46,31,33,6,7,4,5,45,30,7,15,10,10,10,11,11,14,9,7,0,15,15,15,9,9,9,6,6,6,6,7,4,5,4,9,4,5,8,5,3,3,6,8,7,4,9,4,4,6,5,40,4,41,6,10,89,14,5,4,5,5,6,8,8,14,16,77,5,9,2,2,4,4,6,9,5,5,5,24,7,7,9,4,5,6,16,24,97,6,83,83,5,5,6,6,6,29,29,8,10,11,11,11,11,11,11,10,11,11,28,5,5,112,7,7,7,4,9,9,8,4,5,24,24,24,4,4,110,15,3,6,6,8,9,23,26,13,13,9,27,27,4,5,6,8,8,8,6,5,8,5,5,5,8,6,6,14,3,3,5,5,7,9,6,5,5,7,7,2,15,16,40,33,34,34,34,6,6,6,30,6,6,6,27,8,8,8,9,9,9,7,9,5,6,5,6,5,6,5,5,5,5,5,5,5,5,37,9,9,9,7,7,7,6,13,83,13,14,4,4,5,4,9,9,4,4,3,5,5,10,5,4,6,5,22,5,9,10,14,24,11,5,92,6,5,9,22,6,8,10,6,9,8,9,24,7,6,11
18,17,37,116,16,19,19,19,21,21,21,20,20,19,20,19,20,20,18,67,23,40,16,16,16,17,16,44,27,27,27,27,22,19,19,44,19,23,23,19,24,18,24,17,18,53,45,21,21,22,22,20,45,24,24,24,41,20,20,15,16,32,23,46,24,23,23,22,28,22,19,19,57,19,21,58,51,51,41,44,44,25,1,28,23,21,23,21,21,87,15,15,117,44,44,46,19,20,11,18,43,44,18,3,23,23,22,24,24,19,22,16,15,0,1,1,24,25,25,21,21,21,16,17,18,21,19,25,20,21,23,21,18,18,21,24,23,19,24,19,20,13,13,42,19,44,22,26,91,1,17,20,21,20,21,23,23,29,4,65,20,25,18,16,19,19,22,24,18,18,18,41,18,23,25,21,21,16,2,40,99,22,84,84,19,19,18,18,18,32,32,24,26,27,27,27,27,27,27,27,27,27,31,20,21,113,17,17,17,18,25,25,23,20,20,40,40,40,19,19,112,30,19,16,16,24,24,18,14,30,29,25,39,39,19,21,17,24,23,24,21,21,23,15,20,20,25,22,22,2,19,19,20,20,23,25,21,21,21,22,22,17,3,3,43,31,32,32,32,22,22,22,33,22,22,21,29,24,25,24,24,24,24,23,24,20,22,21,22,21,22,21,21,21,20,20,20,19,20,39,24,24,24,23,23,23,19,28,84,29,29,20,20,22,19,24,25,18,18,19,21,21,26,17,20,16,18,17,21,26,26,30,40,28,20,93,22,20,25,34,16,18,26,17,25,24,25,40,17,16,28
18,17,36,116,16,19,19,19,21,21,21,19,19,19,20,19,20,19,17,68,22,40,16,16,16,17,16,43,27,27,27,27,22,19,19,44,19,23,23,19,24,17,24,17,18,53,45,21,21,22,22,20,45,24,24,24,41,20,20,14,16,32,23,46,23,23,23,22,28,22,19,19,57,19,21,57,51,51,44,44,41,27,1,28,23,21,23,21,21,87,15,15,117,44,44,45,19,20,11,18,42,43,17,3,22,22,22,24,24,19,22,16,15,1,0,28,23,24,24,21,21,21,15,17,18,21,19,24,19,20,22,20,18,18,21,23,22,18,23,19,19,12,12,42,18,43,21,25,90,1,16,19,20,20,20,23,23,29,4,65,20,25,17,15,19,19,21,24,17,17,17,40,17,22,25,20,20,15,3,39,98,21,83,84,18,18,17,17,17,32,32,24,25,27,26,27,27,27,26,26,27,27,30,19,20,112,17,17,17,18,25,25,23,19,19,40,40,40,19,18,111,30,19,15,15,23,24,17,15,30,28,25,39,39,18,20,16,23,23,23,20,20,22,15,20,20,24,21,21,1,18,18,19,19,22,24,20,20,20,22,22,16,2,4,42,30,31,31,31,21,21,21,33,21,21,21,31,24,24,24,24,24,24,22,24,19,21,21,21,20,21,20,20,20,20,20,20,19,19,38,24,24,24,22,23,22,18,28,83,28,29,19,19,21,19,24,24,18,18,18,21,21,25,16,19,16,17,17,20,25,25,29,39,27,20,93,21,20,25,33,15,18,25,16,24,24,24,39,17,15,27
18,17,36,116,16,19,19,19,21,21,21,19,19,19,20,19,20,19,17,68,22,40,16,16,16,17,16,43,27,27,27,27,22,19,19,44,19,23,23,19,24,17,24,17,18,53,45,21,21,22,22,20,45,24,24,24,41,20,20,14,16,32,23,46,23,23,23,22,28,22,19,19,57,19,21,57,51,51,44,44,41,27,1,28,23,21,23,21,21,87,15,15,117,44,44,45,19,20,11,18,42,43,17,3,22,22,22,24,24,19,22,16,15,1,28,0,23,24,24,21,21,21,15,17,18,21,19,24,19,20,22,20,18,18,21,23,22,18,23,19,19,12,12,42,18,43,21,25,90,1,16,19,20,20,20,23,23,29,4,65,20,25,17,15,19,19,21,24,17,17,17,40,17,22,25,20,20,15,3,39,98,21,83,84,18,18,17,17,17,32,32,24,25,27,26,27,27,27,26,26,27,27,30,19,20,112,17,17,17,18,25,25,23,19,19,40,40,40,19,18,111,30,19,15,15,23,24,17,15,30,28,25,39,39,18,20,16,23,23,23,20,20,22,15,20,20,24,21,21,1,18,18,19,19,22,24,20,20,20,22,22,16,2,4,42,30,31,31,31,21,21,21,33,21,21,21,31,24,24,24,24,24,24,22,24,19,21,21,21,20,21,20,20,20,20,20,20,19,19,38,24,24,24,22,23,22,18,28,83,28,29,19,19,21,19,24,24,18,18,18,21,21,25,16,19,16,17,17,20,25,25,29,39,27,20,93,21,20,25,33,15,18,25,16,24,24,24,39,17,15,27
9,12,25,123,10,10,10,10,10,10,8,3,3,4,3,4,3,2,11,88,10,39,12,8,8,9,8,50,38,38,38,38,9,9,9,26,11,10,10,5,10,7,10,8,4,39,38,8,8,10,10,4,30,10,10,10,47,1,1,7,7,37,5,32,10,10,10,6,19,9,6,6,44,6,6,44,63,63,28,28,28,12,26,10,9,4,9,5,5,93,7,8,123,49,28,30,6,5,11,9,48,26,11,25,7,7,6,6,5,6,6,11,9,24,23,23,0,5,5,3,3,3,9,11,8,3,5,8,4,4,3,4,5,5,3,4,3,6,1,5,5,11,11,44,7,45,4,9,93,19,9,7,8,9,9,5,5,10,21,83,8,9,6,7,5,5,3,5,8,8,8,28,11,4,7,6,5,9,22,28,101,3,86,86,8,8,9,9,9,28,28,8,6,11,10,11,11,11,11,10,11,11,27,8,4,115,10,10,10,8,7,7,6,8,8,24,24,24,7,7,114,11,4,9,9,7,7,28,31,9,9,9,30,30,8,9,10,4,4,4,9,9,3,10,7,7,7,5,5,19,7,7,8,8,3,7,6,5,5,5,5,7,20,21,44,37,38,38,38,5,4,5,29,5,5,8,25,6,7,6,7,4,5,5,4,8,8,8,7,8,9,8,8,8,8,9,9,8,9,40,5,5,5,4,2,4,10,8,86,9,9,8,8,7,7,7,7,8,8,7,8,8,6,8,6,10,8,27,6,9,9,10,23,7,6,95,7,6,7,25,9,11,6,9,7,8,7,18,11,9,10
9,13,25,123,11,10,10,10,10,10,8,4,4,4,4,4,4,4,12,88,8,40,13,8,8,9,9,51,38,38,38,38,7,9,9,20,11,7,7,5,6,7,6,9,6,34,39,7,8,9,9,2,23,6,6,6,47,5,5,9,8,38,5,26,9,9,9,4,18,4,1,1,38,1,2,38,64,64,21,21,21,7,24,11,8,3,8,3,3,94,8,8,124,50,22,23,7,4,12,9,49,20,12,23,1,1,1,4,4,9,1,12,9,25,24,24,5,0,1,5,5,5,10,11,8,6,5,6,5,4,4,4,6,6,4,3,2,7,6,5,6,13,12,44,7,45,4,5,93,21,9,8,9,9,9,3,3,7,23,82,9,9,8,9,6,6,5,2,9,9,9,29,11,4,7,9,8,10,23,29,101,6,86,87,10,10,11,11,11,33,33,7,3,11,10,11,10,11,10,10,11,11,28,9,5,115,11,11,11,8,7,7,6,8,8,24,24,24,8,8,114,8,7,10,10,5,5,30,33,6,6,9,31,31,8,9,10,4,4,4,9,9,3,12,7,8,7,6,6,21,7,7,9,9,2,7,6,6,6,5,5,8,22,23,44,37,38,38,38,6,5,5,30,6,5,8,30,6,6,6,7,3,3,5,2,9,8,8,7,8,9,8,8,8,9,9,9,9,9,41,3,3,3,4,6,4,10,5,87,6,6,8,8,9,8,7,7,8,8,7,8,8,3,9,7,10,9,29,7,9,9,6,23,10,6,96,7,7,7,26,10,12,3,10,7,7,7,17,11,10,6
9,13,25,124,11,10,10,10,10,10,8,4,4,4,4,5,4,4,12,88,8,40,14,8,8,9,9,51,38,38,38,38,7,9,9,20,11,7,7,5,6,7,6,9,6,34,39,7,8,10,9,2,23,6,6,6,47,5,5,10,8,38,5,26,9,9,9,4,18,4,1,1,38,1,2,38,64,64,21,21,21,7,24,11,8,3,8,3,3,94,8,8,124,50,22,23,7,4,12,9,49,20,12,23,1,1,1,4,4,9,1,12,9,25,24,24,5,1,0,5,5,5,10,11,8,6,6,6,5,4,4,4,6,6,4,3,3,7,6,5,6,13,12,44,7,45,4,5,93,21,9,8,9,9,9,3,3,7,23,82,9,9,8,9,6,6,5,2,9,9,9,29,12,4,7,9,8,10,23,29,101,6,86,87,10,10,11,11,11,33,33,7,3,11,10,11,11,11,10,10,11,11,28,9,5,115,11,11,11,8,7,7,6,8,8,24,24,24,8,8,114,8,7,10,10,5,5,30,33,6,6,9,31,31,8,9,10,4,4,5,9,9,3,12,7,8,7,6,6,21,7,7,9,9,2,7,6,6,6,5,5,8,22,23,44,37,38,38,38,6,5,5,30,6,5,8,31,6,6,6,7,3,3,5,2,9,8,8,7,8,9,8,8,8,9,9,9,9,9,41,3,3,3,4,6,4,10,5,87,6,7,8,8,9,8,7,7,8,8,7,8,8,3,9,7,10,9,29,7,9,9,7,23,10,6,96,7,7,7,26,10,12,3,10,7,8,7,17,11,10,6
6,10,22,120,7,7,7,7,7,7,5,1,1,2,1,2,1,2,8,85,7,36,9,5,5,6,6,47,35,35,35,35,6,6,6,25,8,7,7,3,8,4,8,6,2,37,36,5,6,7,7,3,28,7,7,7,44,3,3,7,4,34,8,29,7,7,7,7,16,7,5,4,43,4,4,43,60,60,27,27,27,10,21,13,6,6,6,6,6,91,5,5,121,47,27,28,4,3,9,7,45,25,8,20,5,5,5,6,7,9,5,8,6,21,21,21,3,5,5,0,1,1,8,9,6,4,3,6,3,2,2,2,4,4,1,4,3,5,4,3,4,11,10,42,5,43,2,7,91,19,7,6,7,7,7,4,4,9,21,82,6,7,6,7,4,4,1,4,7,7,7,26,9,3,6,6,7,8,21,26,99,3,84,85,7,7,8,8,8,31,31,6,5,10,9,9,9,9,9,9,9,9,30,6,3,113,9,9,9,6,6,6,5,6,6,22,22,22,6,6,112,10,4,8,8,6,6,24,31,9,9,8,29,29,6,7,8,4,3,3,7,7,3,10,5,5,5,3,3,19,5,5,6,6,3,6,4,4,4,4,4,6,20,21,42,35,36,36,36,4,3,3,32,3,3,6,28,5,5,5,6,4,4,3,4,7,6,6,6,7,7,7,7,7,7,7,7,7,7,39,4,4,4,3,3,3,8,8,85,9,9,6,6,6,6,6,6,6,6,5,7,7,5,7,5,8,7,23,5,8,8,10,22,8,4,94,6,5,6,24,8,10,6,8,6,6,6,19,9,8,9
6,10,22,120,7,7,7,7,7,7,6,1,1,2,1,2,1,2,8,85,8,36,9,5,5,6,6,47,35,35,35,35,6,6,6,25,8,7,7,3,8,5,8,6,2,37,36,5,6,7,7,3,28,7,7,7,44,3,3,7,4,34,8,29,7,7,7,7,16,7,5,4,43,4,4,43,60,60,27,27,27,10,21,13,6,6,6,6,6,91,5,5,121,47,27,28,4,3,9,7,45,25,9,20,5,5,5,6,7,9,5,8,6,21,21,21,3,5,5,1,0,1,8,9,6,4,3,6,3,2,2,2,4,4,1,4,2,5,4,3,4,11,10,42,5,43,2,7,91,19,7,6,7,7,7,4,4,9,21,82,6,7,6,7,4,4,1,4,7,7,7,26,9,3,6,6,7,8,21,26,99,3,84,85,7,7,8,8,8,31,31,6,5,9,9,9,9,9,9,9,9,9,30,6,3,113,9,9,9,6,6,6,5,6,6,22,22,22,6,6,112,10,4,8,8,6,6,24,31,9,8,7,29,29,6,7,8,4,3,3,7,7,3,10,5,5,5,3,3,18,5,5,6,6,3,6,4,4,4,4,4,6,20,21,42,35,36,36,36,4,3,3,32,3,3,6,28,5,5,5,6,4,4,3,4,7,6,6,6,7,7,7,7,7,7,7,7,7,7,39,4,4,4,3,3,3,8,8,85,9,9,6,6,6,6,6,6,6,6,5,7,7,5,7,5,8,6,23,5,8,8,10,22,8,4,94,6,5,6,24,8,10,6,7,6,6,6,19,9,8,9
6,10,23,120,8,7,7,7,7,7,6,1,1,2,1,2,1,2,8,85,8,36,9,5,5,6,6,47,35,35,35,35,6,6,6,25,8,7,7,3,8,5,8,6,2,37,36,5,6,7,7,3,28,8,8,8,44,4,3,7,4,34,8,30,7,7,7,7,16,7,5,4,43,4,4,43,60,60,27,27,27,10,21,13,6,6,6,6,6,91,5,5,121,47,27,28,4,3,9,7,45,25,9,20,5,5,5,7,7,9,5,8,6,21,21,21,3,5,5,1,1,0,8,9,6,4,3,6,3,2,2,2,4,4,1,3,2,5,4,3,3,11,10,42,5,43,2,7,91,18,7,6,7,7,7,4,4,9,21,82,6,7,5,7,4,4,1,4,7,7,7,26,9,3,6,6,7,8,21,26,99,3,84,85,7,7,8,8,8,31,31,6,5,9,9,9,9,9,9,9,9,9,30,6,3,113,9,9,9,6,6,6,5,6,6,22,22,22,6,6,112,10,4,8,8,6,6,24,31,9,8,7,29,29,6,7,8,3,3,3,7,7,3,10,5,5,5,3,3,18,5,5,6,6,3,6,4,4,4,4,4,6,20,21,42,35,36,36,36,4,3,3,32,3,3,6,28,5,5,5,6,4,4,3,4,7,6,6,6,6,7,7,7,7,7,7,7,7,7,39,4,4,4,3,3,3,8,8,85,9,9,6,6,6,6,6,6,6,6,5,7,6,5,7,5,8,6,23,5,8,8,10,22,8,4,94,6,5,6,24,8,10,6,7,6,6,6,19,9,8,9
4,3,24,113,2,5,5,5,5,5,9,7,7,7,7,7,7,8,3,79,10,28,1,3,3,4,2,40,28,28,28,28,10,7,7,30,5,11,11,7,11,5,12,5,7,39,28,9,8,10,10,7,33,11,11,11,36,10,9,12,6,27,13,32,9,8,9,12,14,12,9,9,47,9,9,48,53,53,32,32,32,15,15,18,9,11,9,11,11,83,6,7,113,39,32,33,7,8,6,4,38,30,3,14,10,10,10,11,12,16,10,1,6,16,15,15,9,10,10,8,8,8,0,1,4,10,7,12,7,8,10,8,6,6,9,11,10,7,12,7,7,9,9,35,5,36,9,13,84,14,2,5,6,6,6,11,11,17,16,78,6,10,7,7,7,7,9,12,3,3,3,21,2,11,11,11,11,11,16,21,92,11,77,78,4,4,3,3,3,38,38,10,13,13,12,13,12,13,12,12,13,13,35,7,8,106,1,1,1,4,10,11,10,5,5,26,26,24,5,5,105,18,8,8,8,12,12,17,26,18,16,11,24,24,4,6,1,11,11,11,6,6,11,10,7,7,10,10,10,14,5,6,7,7,10,10,9,9,9,10,10,6,15,16,35,28,29,29,29,10,9,9,39,10,10,8,34,10,10,10,11,12,12,11,12,5,7,7,7,6,7,6,6,6,6,6,6,5,5,32,12,12,12,11,11,11,4,16,78,16,17,5,5,7,6,11,11,4,3,6,7,6,13,2,6,1,3,16,9,11,11,18,25,16,8,87,8,7,11,19,19,2,13,2,10,10,10,27,1,1,13
4,3,24,112,3,5,5,5,6,6,8,9,9,8,9,8,9,10,3,81,10,27,1,4,4,5,3,39,26,26,26,26,10,6,6,31,5,11,11,8,11,6,12,5,9,39,26,10,8,10,9,9,34,12,12,12,35,11,10,14,7,26,14,32,9,8,9,13,14,13,11,10,49,10,10,49,52,52,33,33,33,17,17,20,9,12,9,12,12,82,8,8,112,38,33,35,7,9,8,3,37,31,3,16,11,12,11,13,13,17,11,2,7,17,17,17,11,11,11,9,9,9,1,0,3,11,7,11,9,10,11,10,7,7,10,11,12,8,13,8,9,10,10,34,5,35,9,12,85,15,3,5,5,5,6,10,10,18,17,79,5,10,9,9,7,7,11,11,3,3,3,21,2,10,10,12,12,2,18,21,91,12,77,77,3,3,3,3,3,37,37,9,14,12,11,12,12,12,12,11,12,12,37,6,8,106,1,1,1,3,10,10,9,4,5,25,25,25,5,5,105,19,9,2,2,11,11,16,27,17,17,10,24,24,4,6,1,13,13,13,5,5,10,12,6,6,10,9,9,15,5,5,6,6,11,9,8,8,8,10,10,8,16,17,34,28,28,28,28,9,9,9,38,9,9,8,35,9,9,9,10,11,11,10,11,5,6,6,7,6,6,6,6,6,5,5,5,4,5,31,12,12,12,10,13,10,3,16,77,17,17,5,4,6,5,10,11,4,3,5,6,6,14,3,6,2,4,15,8,10,11,18,25,17,9,86,8,6,10,18,2,2,14,2,9,9,9,28,1,2,13
1,2,21,114,2,2,2,2,3,3,6,6,6,5,6,5,6,7,1,82,7,29,5,1,1,3,1,41,28,28,28,28,7,4,4,28,1,9,9,5,9,2,9,2,6,37,29,7,6,7,7,6,31,9,9,9,37,8,7,11,4,28,11,29,6,5,6,10,15,11,8,8,46,7,7,46,54,54,29,30,30,14,18,17,6,10,6,9,9,84,5,5,114,40,30,32,4,6,7,1,39,28,1,17,9,9,8,10,10,14,8,2,4,18,18,18,8,8,8,6,6,6,4,3,0,8,4,8,6,7,8,7,4,4,7,8,9,5,10,5,6,9,9,36,1,37,6,9,85,16,2,1,2,2,3,7,7,14,19,80,2,7,5,5,4,4,8,8,1,1,1,21,4,7,7,8,9,3,19,21,93,9,78,79,1,1,2,2,2,34,34,6,11,9,9,9,9,9,9,8,9,9,33,3,5,107,3,3,3,1,7,7,7,1,2,22,22,22,2,2,106,16,6,3,3,8,8,18,28,14,14,7,24,24,2,3,3,10,9,10,2,3,7,8,3,3,7,6,6,16,2,2,3,3,8,6,5,5,5,6,6,5,17,18,36,29,30,30,30,6,6,6,35,6,6,5,32,6,6,6,7,8,8,7,8,2,4,3,4,3,3,3,3,3,2,2,2,1,2,33,9,9,8,7,10,7,2,13,78,14,14,1,1,3,2,7,8,1,1,2,3,3,11,2,2,3,2,17,5,7,8,15,22,14,6,88,4,3,7,18,3,4,11,2,7,6,7,24,4,3,10
7,10,23,121,8,8,8,8,8,8,6,4,4,3,3,3,4,2,9,85,8,37,11,6,6,7,6,48,36,36,36,36,7,7,7,26,8,8,8,3,8,5,8,6,1,37,36,6,6,8,8,4,29,8,8,8,45,3,3,6,3,35,7,30,7,8,8,8,16,8,6,5,44,5,5,44,61,61,28,27,27,12,21,13,6,7,6,7,7,92,4,4,121,48,28,29,4,4,9,7,46,26,9,20,7,7,6,8,8,9,6,9,5,21,21,21,3,6,6,4,4,4,10,11,8,0,3,5,2,2,3,2,2,2,2,5,4,3,4,2,3,8,7,41,4,42,3,6,90,16,7,5,6,6,6,4,4,10,18,80,5,6,2,4,3,3,1,5,6,6,6,25,9,4,5,3,2,7,18,25,98,1,84,84,6,6,7,7,7,27,27,5,6,9,8,9,8,8,8,8,9,9,26,5,2,113,8,8,8,6,5,5,4,5,6,21,21,21,5,5,111,11,1,7,7,5,5,24,28,10,10,7,28,28,5,6,8,5,4,4,6,6,4,7,4,5,5,3,3,16,4,4,5,5,4,5,3,3,3,3,3,3,17,18,41,39,35,35,35,3,2,2,28,2,3,5,24,4,4,4,5,5,5,3,5,6,5,5,5,6,6,6,6,6,5,6,6,6,6,38,5,5,5,4,3,4,7,9,84,10,10,5,5,5,5,5,5,6,6,4,6,6,6,6,4,7,6,23,4,7,7,11,21,6,3,93,5,4,5,23,7,9,7,7,5,5,5,21,8,7,8
3,6,20,117,6,4,4,4,4,4,4,3,3,2,3,2,3,4,5,83,6,33,7,3,3,4,4,44,32,32,32,32,6,3,3,26,5,7,7,2,7,1,7,3,3,35,33,5,4,5,5,3,28,7,7,7,41,5,5,8,2,31,9,28,5,4,4,8,13,8,5,5,43,5,5,43,57,57,27,27,27,11,19,14,5,7,5,7,7,88,3,3,118,44,27,29,2,3,7,3,42,26,5,18,6,6,6,7,7,11,5,6,4,19,19,19,5,5,6,3,3,3,7,7,4,3,0,6,2,3,5,3,1,1,4,4,5,1,6,2,2,8,8,39,3,40,3,6,88,16,5,3,4,4,4,4,4,11,18,80,4,6,4,4,1,1,4,5,4,4,4,24,7,4,5,7,6,5,19,23,96,5,81,82,4,4,5,5,5,31,31,5,7,8,7,8,8,8,8,7,8,8,32,3,2,110,6,6,6,4,5,5,4,3,4,21,21,21,3,3,109,12,4,5,5,5,5,21,28,11,10,6,26,26,3,3,6,6,6,6,4,3,4,7,2,2,5,2,2,16,2,2,3,4,5,5,2,2,2,3,3,4,17,18,39,33,34,34,34,3,2,2,34,2,3,4,31,4,4,4,5,5,5,4,5,4,3,3,4,3,3,3,3,3,3,3,3,4,4,36,5,5,5,4,6,4,5,10,82,11,11,3,4,3,3,5,5,4,4,3,3,3,7,4,2,5,4,20,2,6,6,11,20,10,3,91,4,2,5,21,5,7,8,5,5,5,5,21,7,5,8
8,9,20,119,10,6,6,6,6,6,3,6,6,5,6,5,6,7,9,88,3,35,12,8,8,9,9,46,38,38,38,38,3,5,6,23,8,2,3,5,2,6,3,6,6,32,34,2,3,4,4,5,24,2,2,2,43,8,7,10,8,33,10,25,4,4,4,9,13,9,6,6,39,5,5,39,59,59,22,22,22,13,24,15,3,8,3,8,8,89,8,8,119,45,25,24,5,5,12,8,44,23,9,23,5,5,5,8,8,14,5,10,9,25,24,24,8,6,6,6,6,6,12,11,8,5,6,0,6,6,7,6,7,7,7,6,7,7,10,6,6,14,13,41,8,43,7,1,91,21,10,8,7,7,7,4,4,11,24,85,7,4,9,10,6,6,7,4,9,9,9,24,12,5,2,10,10,11,24,24,98,9,84,84,8,8,9,8,8,33,33,3,8,6,5,6,6,6,6,5,6,6,32,6,6,113,11,11,11,9,2,2,3,8,7,19,19,19,8,8,112,13,8,11,11,1,2,27,34,11,11,4,27,27,9,7,11,8,8,8,7,6,6,13,6,6,3,7,7,21,7,7,6,6,6,3,4,4,4,3,3,9,23,24,42,46,40,47,40,7,4,4,34,4,3,5,30,3,3,4,2,4,4,6,4,7,5,6,5,6,6,6,6,6,6,6,6,7,7,38,4,4,4,5,9,5,8,10,84,11,11,8,8,6,7,1,2,9,9,8,6,6,8,10,7,11,9,26,6,4,4,12,19,14,7,93,5,6,2,24,11,12,8,10,3,4,3,21,12,11,2
5,8,21,119,6,5,5,6,6,6,4,2,2,2,2,2,2,3,7,83,6,35,8,4,4,5,4,46,34,34,34,34,5,5,5,25,6,6,6,2,6,3,7,4,2,36,34,4,5,6,6,3,28,6,6,6,43,5,4,7,3,33,8,28,6,6,6,7,15,7,5,4,42,4,4,43,59,59,27,27,27,10,19,13,5,6,5,6,6,89,3,4,119,45,27,28,3,3,7,5,44,25,7,18,5,5,5,6,7,11,5,7,4,20,19,19,4,5,5,3,3,3,7,9,6,2,2,6,0,1,3,1,1,1,1,4,3,2,4,1,1,8,8,39,3,41,2,6,88,16,5,3,4,4,5,3,3,9,18,80,4,5,3,4,1,1,2,4,4,4,4,24,7,3,4,5,4,5,19,23,96,3,82,82,4,4,5,5,5,31,31,4,6,8,7,7,7,7,7,7,7,7,30,4,1,111,6,6,6,4,4,4,3,3,4,20,20,20,3,3,110,11,3,5,5,4,4,21,28,9,9,5,26,26,3,4,6,4,3,4,5,4,3,7,2,2,4,2,2,16,2,2,3,4,3,4,1,1,1,2,2,4,17,18,40,33,33,33,33,2,2,2,32,2,2,3,28,4,4,4,4,4,4,3,4,4,3,4,3,4,4,4,4,4,4,4,4,4,4,36,4,4,4,3,4,3,5,8,82,9,9,3,4,3,3,4,5,4,4,2,4,4,6,4,2,5,4,20,2,6,6,10,20,8,1,91,3,2,5,21,5,7,6,5,4,4,4,20,6,5,7
6,9,22,120,7,7,7,7,7,7,5,1,2,1,2,1,2,2,8,84,7,36,9,5,5,6,5,47,35,35,35,35,6,6,6,24,8,7,7,2,7,4,7,5,3,36,35,5,5,7,7,2,27,7,7,7,44,4,3,7,4,34,7,29,7,7,7,6,16,6,4,3,42,3,3,42,60,60,25,25,25,10,20,12,6,5,6,5,5,90,4,5,120,46,26,27,3,2,8,6,45,24,8,19,4,4,4,6,6,10,4,8,5,21,20,20,4,4,4,2,2,2,8,10,7,2,3,6,1,0,2,1,2,2,1,3,2,3,3,1,2,9,8,40,3,41,1,6,89,17,5,4,5,5,5,2,2,8,19,81,4,6,4,5,2,2,1,3,5,5,5,24,8,2,4,5,4,6,19,24,97,3,83,83,5,5,6,6,6,30,30,4,5,8,7,8,8,8,7,7,8,8,29,4,1,112,7,7,7,4,4,4,3,4,4,21,21,21,4,4,110,9,3,6,6,4,4,22,29,8,8,6,27,27,4,5,6,3,2,3,5,5,2,8,3,3,4,2,2,17,3,3,4,4,2,4,2,2,2,2,2,4,18,19,40,33,34,34,34,2,1,1,31,2,2,4,27,3,3,3,4,3,3,2,3,5,4,4,4,5,5,5,5,5,5,5,5,5,5,37,3,3,3,2,3,2,6,7,83,8,8,4,4,4,4,4,4,4,4,3,5,5,5,5,3,6,5,21,3,6,6,9,20,7,2,92,4,3,4,26,6,8,5,6,4,5,4,18,7,6,7
7,11,24,121,9,8,8,8,8,8,7,2,2,2,2,2,2,2,9,86,9,37,11,6,6,7,7,49,36,36,36,36,8,8,7,24,9,9,9,4,8,6,8,7,4,37,37,7,7,9,9,2,27,9,9,9,45,4,3,8,6,36,7,30,8,8,8,6,17,6,4,3,42,3,3,42,62,62,25,25,25,9,22,12,7,5,7,5,5,92,6,6,122,48,26,27,5,2,10,8,47,24,10,21,4,4,4,6,6,9,4,9,8,23,22,22,3,4,4,2,2,2,10,11,8,3,5,7,3,2,0,1,3,3,1,3,3,3,4,2,2,10,9,41,4,42,1,6,90,17,6,5,6,6,6,3,3,9,20,81,5,6,5,6,3,3,1,4,6,6,6,25,8,3,5,6,5,7,20,25,98,4,83,84,6,6,7,7,7,31,31,5,5,9,8,9,8,8,8,8,9,9,30,5,2,112,8,8,8,5,5,5,4,5,5,22,22,22,5,4,111,10,3,7,7,5,5,23,30,9,9,7,28,28,5,6,7,4,3,3,6,6,2,9,4,4,5,3,3,17,4,4,5,5,3,5,3,3,3,3,3,5,19,20,41,34,35,35,35,3,2,2,32,2,3,5,28,4,4,4,5,4,4,3,4,6,5,5,5,5,6,6,6,6,6,6,6,6,6,38,4,4,4,3,4,3,7,8,84,9,9,5,5,5,5,5,5,5,5,4,6,5,5,6,4,7,5,22,4,7,7,9,21,8,3,93,5,4,5,23,7,9,6,6,5,5,5,19,8,7,8
6,9,22,120,7,7,7,7,7,7,5,1,2,1,2,1,2,2,8,84,7,36,9,5,5,6,5,47,35,35,35,35,6,6,6,24,8,7,7,2,7,4,7,5,3,36,35,5,5,7,7,2,27,7,7,7,43,4,3,7,4,34,7,29,7,7,7,6,16,6,4,3,42,3,3,42,60,60,25,25,25,10,20,12,6,5,6,5,5,90,4,5,120,46,26,27,3,2,8,6,45,24,8,19,4,4,4,6,6,10,4,8,5,21,20,20,4,4,4,2,2,2,8,10,7,2,3,6,1,1,1,0,2,2,1,3,2,3,3,1,2,9,8,40,3,41,1,6,89,17,5,4,5,5,5,2,2,8,19,80,4,6,4,5,2,2,1,3,5,5,5,24,8,2,4,5,4,6,19,24,97,3,83,83,5,5,6,6,6,30,30,4,5,8,7,8,7,8,7,7,8,8,29,4,1,111,7,7,7,4,4,4,3,4,4,21,21,21,4,4,110,10,3,6,6,4,4,22,29,8,8,6,27,27,4,5,6,3,3,3,5,5,2,8,3,3,4,2,2,17,3,3,4,4,2,4,2,2,2,2,2,4,18,19,40,33,34,34,34,2,1,1,31,2,2,4,27,3,3,3,4,3,3,2,3,5,4,4,4,5,5,5,5,5,5,5,5,5,5,37,3,3,3,2,3,2,6,7,83,8,8,4,4,4,4,4,4,4,4,3,5,5,5,5,3,6,5,21,3,6,6,8,20,7,2,92,4,3,4,22,6,8,5,6,4,4,4,18,7,6,7
3,6,20,118,5,4,4,4,4,4,5,3,3,3,3,3,3,4,5,82,6,33,6,2,2,3,3,45,32,32,32,32,6,4,3,26,5,7,7,3,8,2,8,3,3,35,33,5,5,6,6,4,29,7,7,7,41,6,5,8,1,32,9,28,6,5,5,8,14,8,6,5,44,5,5,44,58,58,27,28,27,11,18,14,5,7,5,7,7,88,2,2,118,44,28,29,3,4,6,3,43,26,5,17,6,6,6,7,8,12,6,5,3,18,18,18,5,6,6,4,4,4,6,7,4,2,1,7,1,2,3,2,0,7,3,5,4,1,6,1,2,7,7,38,2,39,3,7,87,15,3,2,3,3,3,5,5,11,17,79,3,6,2,3,1,1,3,6,3,3,3,23,6,5,6,6,6,4,17,22,95,5,81,81,3,3,4,4,4,33,33,6,7,9,8,8,8,8,8,8,8,8,32,2,2,110,5,5,5,2,6,6,5,2,3,21,21,21,2,2,108,12,2,4,4,6,6,20,27,11,10,6,25,25,2,3,5,5,5,5,3,3,5,6,2,2,6,3,3,15,1,1,2,3,5,6,3,3,3,4,4,3,16,17,38,32,32,32,32,4,3,3,34,3,4,3,30,5,5,5,6,6,6,4,6,3,3,3,3,3,3,3,3,3,3,3,3,3,3,35,6,6,6,5,5,5,4,10,81,10,11,2,3,3,2,6,6,3,3,1,3,3,7,3,1,4,3,19,2,7,7,11,21,10,2,90,3,2,6,20,4,6,8,4,6,5,6,21,5,4,9
3,6,20,118,5,4,4,4,4,4,5,3,3,3,3,3,3,4,5,82,6,33,6,2,2,3,3,45,32,32,32,32,6,4,3,26,5,7,7,3,8,2,8,3,3,35,33,5,5,6,6,4,29,7,7,7,41,6,5,8,1,32,9,28,6,5,5,8,14,8,6,5,44,5,5,44,58,58,27,27,28,11,18,14,5,7,5,7,7,88,2,2,118,44,28,29,3,4,6,3,43,26,5,17,6,6,6,7,8,12,6,5,3,18,18,18,5,6,6,4,4,4,6,7,4,2,1,7,1,2,3,2,7,0,3,5,4,1,6,1,2,7,7,38,2,39,3,7,87,15,3,2,3,3,3,5,5,11,17,79,3,6,2,3,1,1,3,6,3,3,3,23,6,5,6,6,6,4,17,22,95,5,81,81,3,3,4,4,4,33,33,6,7,9,8,8,8,8,8,8,8,8,32,2,2,110,5,5,5,2,6,6,5,2,3,21,21,21,2,2,108,12,2,4,4,6,6,20,27,11,10,6,25,25,2,3,5,5,5,5,3,3,5,6,2,2,6,3,3,15,1,1,2,3,5,6,3,3,3,4,4,3,16,17,38,32,32,32,32,4,3,3,34,3,4,3,30,5,5,5,6,6,6,4,6,3,3,3,3,3,3,3,3,3,3,3,3,3,3,35,6,6,6,5,5,5,4,10,81,10,11,2,3,3,2,6,6,3,3,1,3,3,7,3,1,4,3,19,2,7,7,11,21,10,2,90,3,2,6,20,4,6,8,4,6,5,6,21,5,4,9
6,10,22,120,7,7,7,7,7,7,6,1,1,2,1,2,1,2,8,85,8,36,9,5,5,6,6,47,35,35,35,35,6,6,6,24,8,7,7,3,8,5,8,6,2,37,36,5,6,7,7,1,27,7,7,7,44,4,3,7,4,34,7,30,7,7,7,6,16,6,3,3,41,3,3,42,60,60,25,25,25,9,21,12,6,5,6,5,5,91,5,5,121,47,26,27,4,2,9,7,45,24,9,20,4,4,4,5,6,9,4,8,6,21,21,21,3,4,4,1,1,1,9,10,7,2,4,7,1,1,1,1,3,3,0,3,1,3,3,1,2,9,9,40,4,42,1,6,90,17,6,4,5,5,6,2,2,8,19,81,5,6,4,5,2,2,1,3,5,5,5,25,8,2,4,5,5,6,20,25,97,3,83,83,5,5,6,6,6,30,30,5,4,8,7,8,8,8,8,7,8,8,29,5,1,112,7,7,7,5,4,4,3,4,5,21,21,21,4,4,111,9,3,6,6,4,4,22,29,8,7,6,27,27,4,6,7,3,2,2,6,5,2,8,3,4,4,2,2,17,3,3,5,5,2,4,2,2,2,2,2,5,18,19,41,34,34,34,34,2,2,2,31,2,2,4,27,4,4,4,4,3,3,2,3,5,4,5,4,5,5,5,5,5,5,5,5,5,5,37,4,4,3,2,2,2,6,7,83,8,8,4,5,4,4,4,5,5,5,3,5,5,4,5,3,6,5,21,3,6,6,8,20,7,2,92,4,3,5,22,6,8,5,6,4,5,4,18,7,6,7
7,10,24,121,10,8,8,8,8,8,7,3,3,2,3,3,3,3,9,87,9,37,12,7,7,8,8,48,36,36,36,36,8,7,7,23,9,8,8,3,7,5,7,6,5,36,36,6,7,8,8,1,26,8,8,8,45,4,4,10,7,35,6,29,8,8,8,5,17,5,2,2,40,2,2,41,61,61,24,24,24,8,23,11,7,4,7,4,4,92,7,7,122,48,25,26,5,2,11,7,46,23,9,22,3,3,3,4,5,10,3,10,8,24,23,23,4,3,3,4,4,3,11,11,8,5,4,6,4,3,3,3,5,5,3,0,1,5,5,4,4,11,11,43,6,44,3,5,92,19,8,6,7,8,8,2,2,7,21,83,7,8,6,7,4,4,3,1,7,7,7,27,10,2,6,7,7,8,22,26,100,5,86,86,7,7,8,8,8,28,28,6,3,10,9,10,10,10,9,9,10,10,28,7,3,115,9,9,9,7,6,6,5,6,7,23,23,23,6,6,113,8,5,8,8,4,4,24,31,6,6,8,29,29,6,8,9,2,2,3,8,8,1,10,5,6,6,4,4,19,5,5,7,7,1,6,5,5,4,4,4,7,20,21,43,36,37,37,37,4,3,3,29,3,4,7,26,5,6,5,6,2,1,3,1,8,7,7,6,7,8,7,7,7,8,8,8,7,7,40,1,1,1,2,4,2,8,6,86,6,7,7,7,6,6,6,6,7,7,5,7,7,3,7,5,8,7,23,5,8,8,7,22,9,4,95,6,5,6,25,8,10,4,8,6,7,6,17,9,8,7
8,11,24,122,9,9,9,9,9,9,7,2,2,3,2,3,2,2,10,86,10,38,11,6,6,7,7,49,37,37,37,37,8,8,8,23,9,8,8,4,8,6,8,7,4,35,37,7,8,9,9,1,25,9,9,9,46,3,3,9,6,36,6,27,9,9,9,5,18,5,2,2,40,2,2,40,62,62,24,24,24,8,22,11,8,4,8,4,4,93,6,6,122,48,24,26,5,2,10,8,47,23,10,21,3,3,3,4,4,9,2,9,7,23,22,22,3,2,3,3,2,2,10,12,9,4,5,7,3,2,3,2,4,4,1,1,0,4,4,3,3,10,10,42,5,43,2,5,91,18,7,5,6,6,7,3,3,6,21,82,6,7,6,6,3,3,2,2,6,6,6,26,9,3,5,6,6,7,21,26,99,4,84,84,6,6,7,7,7,31,31,6,3,9,8,9,9,9,9,8,9,9,30,6,2,113,8,8,8,6,5,5,4,6,6,22,22,22,5,5,112,8,4,7,7,5,5,23,30,6,6,7,28,28,6,7,8,1,2,2,7,7,1,9,4,5,5,3,3,18,4,5,6,6,1,5,3,3,3,4,4,6,19,20,42,35,36,36,36,3,3,3,34,3,3,5,28,5,5,5,5,3,2,3,2,6,6,6,5,6,7,6,6,6,6,6,7,6,7,38,2,2,2,3,3,3,7,5,84,6,6,6,6,5,5,5,6,6,6,5,6,6,3,6,4,8,6,22,4,7,7,7,22,8,4,93,5,4,6,23,7,9,3,7,5,6,5,17,9,7,8
4,7,21,118,5,5,5,5,5,5,5,4,4,3,4,4,4,5,6,83,7,34,7,3,3,4,3,45,33,33,33,33,6,4,4,27,5,8,8,3,8,2,8,3,4,36,33,6,5,6,6,4,30,8,8,8,42,6,6,8,2,32,10,28,6,5,5,9,14,9,6,6,44,6,6,45,58,58,28,28,28,12,18,15,6,8,6,8,8,89,3,3,118,44,28,30,3,5,6,4,43,27,6,17,7,7,7,8,9,12,7,6,4,19,18,18,6,7,7,5,5,5,7,8,5,3,1,7,2,3,3,3,1,1,3,5,4,0,6,1,2,8,8,40,4,41,4,8,89,16,6,4,5,5,5,6,6,11,18,80,5,7,2,4,2,2,3,6,5,5,5,25,8,5,6,5,6,6,18,24,97,5,83,83,5,5,6,6,6,33,33,7,7,10,9,10,9,9,9,9,9,10,32,5,2,112,7,7,7,5,6,6,5,4,5,22,22,22,4,4,111,12,2,6,6,6,6,22,28,11,11,7,27,27,5,5,7,6,5,5,5,5,5,7,3,4,6,4,4,16,3,3,4,5,5,6,3,3,3,5,5,4,17,18,40,34,35,35,35,4,4,4,34,4,4,5,30,6,6,6,6,6,6,5,6,5,5,5,5,5,5,5,5,5,5,5,5,5,5,37,7,7,7,5,6,5,6,10,83,11,11,4,5,5,4,6,7,5,5,4,5,5,7,5,3,7,5,21,4,8,8,11,22,10,2,92,5,3,7,22,6,9,8,6,6,6,6,22,8,6,9
9,12,25,123,10,10,10,10,10,10,8,3,3,5,4,4,3,2,11,88,10,39,12,8,8,9,8,50,38,38,38,38,9,9,9,26,11,10,10,5,10,7,10,9,4,40,38,8,9,10,10,4,29,10,10,10,47,2,1,7,7,37,6,32,10,10,10,7,19,9,6,6,44,6,6,44,63,63,28,28,28,12,23,11,9,5,9,7,7,94,8,8,123,49,28,29,7,5,11,9,48,27,11,25,7,7,7,7,6,7,6,11,9,24,23,23,1,6,6,4,4,4,12,13,10,4,6,10,4,3,4,3,6,6,3,5,4,6,0,6,6,13,12,45,8,46,5,10,94,21,10,9,10,10,10,6,6,9,24,83,9,10,7,9,7,7,4,6,10,10,10,30,12,6,9,8,7,11,24,29,102,4,87,88,10,10,11,11,11,27,27,9,4,12,12,12,12,12,12,11,12,12,26,9,6,116,12,12,12,9,9,9,8,9,9,25,25,25,9,9,115,10,5,11,11,8,8,27,31,8,8,10,32,32,9,10,11,5,5,5,10,10,5,12,8,8,8,6,6,21,8,8,9,9,5,8,7,7,7,7,7,8,23,24,45,38,39,39,39,7,6,6,28,6,6,9,24,8,8,8,9,6,6,6,6,10,9,9,9,10,10,10,10,10,10,10,10,10,10,42,6,6,6,6,3,6,11,8,88,8,9,9,9,9,9,9,9,9,9,8,10,10,5,10,8,11,9,26,8,10,11,8,25,7,7,97,9,8,9,27,11,13,5,10,9,9,9,17,12,11,11
4,7,21,118,5,5,5,5,5,5,5,3,3,2,3,2,3,4,6,83,7,34,7,3,3,4,3,45,33,33,33,33,6,4,4,25,6,7,7,2,7,2,7,3,3,36,34,4,5,6,6,3,28,7,7,7,42,5,4,7,2,32,8,28,6,5,5,7,14,8,5,5,43,5,5,43,58,58,27,27,26,11,19,14,5,7,5,6,6,89,3,3,118,45,27,28,3,3,7,4,43,25,6,18,6,6,6,7,7,11,5,6,4,19,19,19,5,5,5,3,3,3,7,8,5,2,2,6,1,1,2,1,1,1,1,4,3,1,6,0,1,7,7,39,2,40,3,7,88,15,4,3,3,4,4,4,4,10,18,79,3,6,3,4,1,1,2,5,3,3,4,23,6,4,5,6,5,5,18,23,96,4,81,82,4,4,5,5,4,32,32,5,6,8,8,8,8,8,8,7,8,8,31,3,1,110,6,6,6,3,5,5,4,3,3,21,21,21,3,2,109,11,3,5,5,5,5,21,28,10,10,6,26,26,3,3,5,5,4,4,3,3,4,7,2,2,5,3,3,15,2,2,3,3,4,5,2,2,2,3,3,3,17,18,41,32,33,33,33,3,2,2,33,3,3,4,29,4,5,4,5,5,5,4,5,3,3,3,3,3,3,3,3,3,3,3,3,4,4,36,5,5,5,4,5,4,5,9,81,10,10,3,3,2,3,5,5,3,3,2,3,3,6,4,1,5,3,20,2,6,7,10,21,9,1,91,3,2,5,21,5,7,7,4,5,5,5,21,6,5,8
5,8,21,119,6,5,5,6,6,6,5,3,3,2,3,3,3,4,7,83,7,35,8,3,4,4,4,46,34,34,34,34,6,5,4,26,6,7,7,2,7,3,7,4,3,36,34,5,5,7,7,3,29,7,7,7,42,6,5,8,3,33,9,29,7,6,6,8,15,8,5,5,43,5,5,43,59,59,27,27,27,11,19,14,6,7,6,7,7,89,3,3,119,45,27,29,3,4,7,5,44,26,7,18,6,6,6,7,8,11,5,6,4,20,19,19,5,6,6,4,4,3,7,9,6,3,2,6,1,2,2,2,2,2,2,4,3,2,6,1,0,9,8,41,4,42,3,7,90,17,6,5,6,6,6,5,5,10,19,81,5,6,3,5,3,3,3,6,6,6,6,25,8,4,6,6,6,7,19,25,98,4,83,84,6,6,7,7,7,32,32,6,7,9,8,9,8,9,8,8,9,9,31,5,1,112,8,8,8,5,6,6,5,5,6,22,22,22,5,4,111,12,3,7,7,5,5,23,29,10,10,7,28,28,5,6,7,5,5,5,6,6,4,8,4,4,5,3,3,17,4,4,5,5,4,5,3,3,2,4,4,4,18,19,41,34,35,35,35,3,3,3,33,3,3,5,30,5,5,5,6,5,6,4,5,6,5,5,4,5,6,5,5,5,5,6,6,6,6,38,6,6,6,4,5,4,7,9,84,10,10,5,5,5,5,6,6,5,5,4,5,5,7,6,4,7,5,22,3,7,7,10,21,9,1,93,4,4,6,23,7,9,7,6,6,6,6,21,8,7,8
9,12,27,122,10,9,9,9,10,10,12,10,10,10,10,10,10,10,10,76,13,36,9,7,7,8,8,49,32,32,32,32,13,10,10,33,10,14,14,10,14,8,15,8,9,42,35,12,12,13,13,10,36,14,14,14,47,12,11,8,7,35,16,35,12,12,12,15,21,15,12,12,50,12,12,51,57,57,34,35,35,18,12,21,12,14,12,14,14,93,5,5,122,49,34,36,10,11,1,9,48,33,11,11,13,13,13,14,15,14,13,10,6,13,12,12,11,13,13,11,11,11,9,10,9,8,8,14,8,9,10,9,7,7,9,11,10,8,13,7,9,0,1,44,7,45,10,14,92,10,9,7,8,8,9,11,11,17,12,73,8,12,6,4,7,7,10,12,8,8,8,27,8,11,12,8,8,6,12,27,100,10,85,86,8,8,9,9,9,28,28,12,13,15,14,15,14,14,14,14,14,15,27,8,8,114,8,8,8,8,12,12,11,8,8,27,27,27,7,7,113,18,7,6,6,12,12,20,22,17,17,12,29,29,7,8,7,12,11,11,9,8,11,2,8,8,12,10,10,9,7,7,8,8,11,12,9,9,9,10,10,5,11,12,45,32,33,33,33,10,9,10,29,10,10,9,25,11,12,11,12,12,12,11,12,8,9,9,9,8,10,8,8,8,8,9,8,8,9,41,12,12,12,11,11,11,10,16,86,17,17,8,8,9,7,12,12,8,8,6,9,9,13,8,7,7,8,19,9,13,13,18,27,15,8,95,9,8,12,25,6,10,14,7,12,11,12,28,8,6,15
8,11,27,122,9,9,9,9,9,9,11,10,10,9,10,9,10,10,10,77,13,38,10,7,7,8,7,49,33,33,32,32,13,9,9,32,10,14,14,9,14,8,14,8,8,42,36,12,11,12,12,10,35,14,14,14,47,11,10,7,6,36,15,35,12,11,11,14,20,15,12,12,50,12,12,50,57,57,34,34,34,18,12,21,12,14,12,13,13,93,4,4,123,50,34,36,9,10,1,8,48,33,10,11,13,13,13,14,14,13,12,10,5,13,12,12,11,12,12,10,10,10,9,10,9,7,8,13,8,8,9,8,7,7,9,11,10,8,12,7,8,1,0,45,7,46,10,14,93,10,9,8,9,9,10,12,12,18,12,74,8,13,6,4,8,8,10,13,8,8,9,27,9,11,13,8,8,7,13,27,101,10,86,86,9,9,10,10,10,28,28,12,14,15,14,15,15,15,15,14,15,15,27,8,9,115,8,8,8,8,13,13,12,8,8,28,28,28,8,7,114,19,8,7,7,12,13,20,22,17,17,13,30,30,8,9,8,12,12,12,9,9,11,2,9,9,12,10,10,10,7,7,8,8,11,12,9,9,9,11,11,5,11,12,45,33,34,34,34,10,10,10,29,10,10,10,25,12,12,12,13,13,13,11,13,9,9,9,10,9,10,9,9,9,9,9,9,9,9,41,13,13,13,11,12,11,10,17,86,17,18,8,8,9,8,13,13,8,8,7,9,9,14,9,8,7,8,19,9,13,13,18,28,14,9,95,10,9,13,26,7,10,14,8,12,12,12,28,8,7,15
37,34,31,85,36,37,37,36,36,36,39,42,42,41,42,41,42,43,35,132,40,13,35,37,37,39,37,11,32,32,31,31,40,37,37,64,37,41,41,41,42,38,42,38,43,47,17,41,40,41,41,43,67,42,42,42,5,44,43,46,40,15,48,39,41,38,39,47,34,47,45,44,82,43,43,82,10,10,65,65,65,50,42,53,39,46,39,46,46,56,41,41,74,4,66,67,39,42,44,36,3,64,35,43,44,44,44,47,47,50,43,35,40,42,42,42,44,44,44,42,42,42,35,34,36,41,39,41,39,40,41,40,38,38,40,43,42,40,45,39,41,44,45,0,45,4,49,49,65,44,43,45,44,44,44,50,50,57,43,137,45,47,50,49,46,46,48,51,43,43,43,19,41,50,47,50,53,42,45,18,71,53,56,57,43,43,42,42,42,76,76,47,54,50,49,50,49,49,49,49,50,50,75,45,48,85,41,41,41,43,47,47,47,45,44,37,37,37,46,45,84,59,50,42,42,49,49,32,59,57,57,47,17,16,45,44,42,53,52,53,44,44,50,52,46,46,47,48,48,44,45,45,45,45,51,47,47,47,47,48,48,48,42,44,2,39,40,40,40,48,48,48,78,48,48,45,75,47,47,47,48,51,51,50,51,44,44,45,44,44,44,44,44,44,44,44,44,42,44,4,51,51,51,50,52,50,42,56,56,57,57,45,43,45,45,48,48,44,44,45,45,45,54,43,46,43,44,31,47,48,48,58,36,58,49,50,46,46,48,28,42,40,54,42,47,46,47,65,41,42,50
1,4,21,115,4,3,3,3,3,3,5,5,5,4,5,4,5,6,2,83,7,30,6,1,2,3,3,42,30,30,30,30,7,3,3,27,2,8,8,4,8,2,9,1,5,36,30,6,5,6,6,5,30,8,8,8,39,7,7,10,3,29,10,29,6,5,5,9,14,10,7,7,45,7,7,45,55,55,29,29,29,13,18,16,6,9,6,8,8,86,4,4,116,42,29,31,3,5,6,1,40,28,3,17,8,8,8,9,9,13,7,3,4,19,18,18,7,7,7,5,5,5,5,5,1,4,3,8,3,3,4,3,2,2,4,6,5,4,8,2,4,7,7,45,0,41,5,8,86,16,4,1,2,2,2,6,6,13,19,80,1,6,4,4,2,2,6,7,3,3,3,21,6,6,6,7,8,4,19,21,94,8,79,80,2,2,3,3,3,33,33,5,9,8,7,8,8,8,8,7,8,8,32,1,4,108,5,5,5,2,6,6,5,1,1,21,21,21,2,1,107,14,5,4,4,7,7,20,28,13,13,6,24,24,3,2,5,9,8,8,2,2,6,7,1,2,5,4,4,16,1,1,1,1,7,5,4,4,4,5,5,4,17,18,39,31,32,32,32,5,4,4,34,4,4,3,30,5,5,5,6,7,7,6,7,2,2,2,3,2,2,2,2,2,1,1,2,2,2,34,7,7,7,6,9,6,3,12,80,13,13,1,1,2,1,6,6,3,2,1,2,2,9,3,1,5,3,19,4,6,6,14,20,13,5,89,3,2,6,19,4,6,10,4,5,5,5,23,5,4,8
38,35,31,88,37,38,38,38,37,37,40,43,43,42,43,42,43,44,37,135,41,14,36,38,38,40,38,14,34,34,34,34,41,38,39,65,38,42,42,42,43,39,43,41,43,47,17,41,42,41,41,43,68,43,43,43,6,45,44,47,41,16,49,40,41,40,40,48,33,48,46,45,83,45,44,83,13,13,66,66,66,52,43,55,40,47,40,47,47,58,42,42,77,3,67,68,40,43,45,37,5,65,37,44,45,45,45,48,48,51,44,36,41,44,43,43,45,45,45,43,43,43,36,35,37,42,40,43,41,41,42,41,39,39,42,44,43,41,46,40,42,45,46,4,41,0,51,52,67,45,45,47,46,46,46,52,52,59,44,139,47,49,52,51,49,49,52,53,45,45,45,19,43,52,50,55,55,45,46,19,73,55,59,59,45,45,44,44,44,77,77,49,56,52,51,52,51,52,51,51,52,52,76,47,51,87,43,43,43,46,49,50,49,47,47,37,37,37,48,47,86,61,53,45,45,51,51,34,60,59,59,50,17,17,47,46,44,55,55,55,46,46,52,54,48,48,49,50,50,45,47,47,47,47,53,49,49,49,49,50,50,50,44,45,2,41,42,42,42,50,50,50,79,50,50,47,76,49,49,49,50,53,53,52,53,46,46,47,46,47,46,46,46,46,46,46,46,44,46,7,53,53,53,52,54,52,44,58,59,59,59,47,45,47,47,50,50,46,46,47,47,47,56,45,48,45,46,33,49,50,50,60,36,60,51,52,48,48,50,28,45,43,56,45,49,49,49,66,43,45,52
5,9,22,119,8,6,6,6,6,6,5,2,2,1,2,1,2,3,7,85,7,35,11,5,5,6,6,46,34,34,34,34,6,5,5,24,7,7,7,2,8,3,8,5,3,36,34,4,5,7,6,2,27,7,7,7,43,4,3,8,5,34,7,29,6,6,6,6,15,7,4,4,42,4,3,42,59,59,26,26,26,10,21,13,5,6,5,5,5,90,5,5,120,46,26,27,3,2,9,6,45,25,7,20,5,5,5,6,6,10,4,8,6,22,21,21,4,4,4,2,2,2,9,9,6,3,3,7,2,1,1,1,3,3,1,3,2,4,5,3,3,10,10,49,5,51,0,5,90,18,6,5,6,6,6,2,2,9,20,82,6,5,5,6,3,3,3,3,6,6,6,26,9,1,4,6,6,7,20,25,98,4,83,83,6,6,7,7,7,33,33,4,5,8,7,7,7,7,7,7,7,7,32,5,2,112,8,8,8,5,4,4,3,5,6,20,20,20,5,5,111,10,4,7,7,4,4,23,30,9,8,6,37,37,5,5,7,5,4,4,6,5,2,9,4,5,3,1,1,18,4,4,5,5,3,4,2,2,3,2,2,5,19,20,42,34,35,35,35,2,1,1,33,1,1,4,30,3,3,3,4,3,3,1,3,6,4,5,4,5,5,5,5,5,5,5,5,6,6,37,3,3,3,1,5,1,7,8,83,9,9,5,5,5,5,4,4,5,5,4,5,5,5,6,4,7,6,22,4,6,6,9,20,9,3,93,4,4,4,26,7,9,6,7,4,4,4,19,8,7,7
9,10,19,120,11,7,7,7,7,7,3,7,7,6,7,6,7,8,10,89,3,36,13,9,9,10,10,47,39,39,39,39,2,6,6,23,8,1,1,6,1,7,2,7,7,30,35,3,4,4,4,5,25,1,1,1,43,9,8,11,9,34,8,23,4,4,4,7,12,8,5,5,40,4,5,40,60,60,24,24,24,11,25,14,3,7,3,7,7,90,9,9,120,46,25,25,5,6,13,8,45,24,10,24,4,4,4,7,7,15,4,11,10,26,25,25,9,5,5,7,7,7,13,12,9,6,6,1,6,6,6,6,7,7,6,5,5,8,10,7,7,14,14,49,8,52,5,0,90,22,10,8,7,7,7,5,5,11,24,86,7,3,10,10,6,6,7,5,9,9,9,24,12,5,2,11,10,11,24,24,98,9,84,84,8,8,8,8,8,33,33,2,8,5,4,5,5,5,5,4,5,5,32,6,6,113,11,11,11,8,2,2,4,8,7,18,18,18,8,8,112,13,8,11,11,2,3,26,34,11,11,4,26,26,9,6,11,8,8,8,6,6,6,13,6,6,3,7,7,22,8,8,6,6,7,3,4,4,5,4,4,10,23,24,43,46,47,47,47,7,5,4,34,4,4,5,30,3,2,3,1,5,5,7,5,6,5,6,5,6,6,6,6,6,6,6,6,7,7,38,5,5,5,6,10,6,8,11,84,11,12,8,8,6,7,1,2,9,9,8,6,6,8,10,7,11,10,25,7,3,3,12,17,14,7,93,6,6,2,23,11,12,9,10,3,3,3,21,11,11,2
86,85,90,25,86,86,86,86,85,85,88,91,91,90,91,90,91,92,86,103,89,73,86,86,86,88,86,57,81,81,81,81,89,86,87,113,86,90,90,90,91,87,91,86,91,104,76,89,88,89,89,91,116,91,91,91,64,93,92,95,89,66,97,96,89,88,88,96,88,96,94,93,131,93,92,131,54,54,114,114,114,100,90,103,88,95,88,95,95,36,90,90,104,67,115,116,88,91,92,85,63,113,86,91,93,93,93,96,96,99,92,84,89,91,90,90,93,93,93,91,91,91,84,85,85,90,88,91,88,89,90,89,87,87,90,92,91,89,94,88,90,92,93,65,86,67,90,90,0,94,92,94,93,92,92,99,99,106,93,110,94,96,98,97,95,95,99,99,92,92,92,78,89,98,96,101,102,91,95,77,13,102,34,35,91,91,91,91,90,126,126,95,102,98,98,98,98,98,98,97,98,98,125,93,97,25,90,90,90,92,96,96,96,93,93,95,95,95,94,93,24,107,99,91,91,97,97,80,109,106,105,96,76,76,93,92,91,102,101,101,92,92,99,100,94,95,96,96,96,94,94,94,94,94,100,95,96,96,95,97,97,97,93,94,64,88,88,88,88,97,97,96,128,96,96,94,125,95,95,95,96,99,100,98,99,92,93,93,93,93,93,93,93,93,93,93,92,91,92,64,100,100,100,98,101,98,90,105,35,106,106,93,92,94,94,96,97,92,92,94,93,93,102,92,95,91,93,79,95,96,97,106,94,107,98,80,94,94,96,86,91,89,103,91,96,95,96,116,90,91,99
16,16,35,115,15,17,17,17,19,19,20,18,18,17,18,18,18,18,16,67,21,39,14,15,15,16,15,43,26,26,26,26,21,18,17,42,17,22,22,17,22,16,22,16,17,52,44,20,19,21,21,18,44,22,22,22,40,19,18,13,14,31,21,45,22,21,21,20,27,21,18,18,56,18,20,56,50,50,42,40,39,26,1,27,22,20,22,19,19,86,14,14,116,43,43,44,17,19,9,16,42,42,16,2,21,21,21,22,23,17,20,14,14,1,1,1,19,21,21,19,19,18,14,15,16,16,16,21,16,17,17,17,15,15,17,19,18,16,21,15,17,10,10,44,16,45,18,22,94,0,16,19,20,19,20,22,22,28,3,66,19,24,17,15,18,18,21,23,17,17,17,39,17,22,24,20,20,15,3,38,97,21,82,83,18,18,17,17,17,34,34,23,25,26,26,26,26,26,26,26,26,26,33,19,20,111,16,16,16,17,24,24,22,19,19,39,39,39,18,18,110,29,18,15,15,23,23,17,15,29,28,24,38,38,18,20,16,23,22,23,20,20,22,14,19,19,24,21,21,1,18,18,19,19,22,24,20,20,20,21,21,16,2,3,41,29,30,30,30,21,20,21,36,21,21,20,31,23,24,23,23,23,23,22,23,19,21,20,21,20,21,20,20,20,19,19,19,18,19,38,23,23,23,22,22,22,18,27,83,28,28,19,18,21,18,23,24,17,17,18,20,20,24,16,19,15,17,16,20,25,25,29,39,27,19,92,21,19,24,33,15,17,25,16,24,23,24,39,16,15,27
3,2,23,113,1,4,4,4,5,5,7,7,7,6,7,6,7,8,2,80,9,29,3,2,2,3,2,40,29,29,29,29,9,5,5,29,3,10,10,6,11,4,11,4,7,38,28,9,8,9,9,7,32,11,11,11,37,9,8,12,5,27,12,31,8,8,8,11,17,12,9,9,47,9,9,47,53,53,31,31,31,15,16,18,8,11,8,10,10,84,6,6,114,40,31,33,6,7,8,2,38,30,2,15,10,10,10,11,11,15,9,1,5,17,16,16,9,9,9,7,7,7,2,3,2,7,5,10,5,5,6,5,3,3,6,8,7,6,10,4,6,9,9,43,4,45,6,10,92,16,0,4,5,4,5,9,9,15,17,79,4,9,6,6,5,5,8,10,1,1,1,22,3,9,9,9,10,2,17,22,94,9,79,80,2,2,3,3,3,35,35,8,12,11,11,11,11,11,11,11,11,11,34,5,7,108,3,3,3,2,9,9,9,3,4,24,24,24,4,3,107,16,7,2,2,10,10,18,27,15,15,9,24,24,3,5,2,10,9,10,5,5,9,9,5,5,9,8,8,15,4,4,5,5,9,9,7,7,7,8,8,5,16,17,37,30,31,31,31,8,7,8,36,8,8,7,32,8,8,8,10,10,10,9,10,4,6,5,6,5,6,5,5,5,4,4,4,3,4,34,11,11,10,9,10,9,4,14,79,15,15,4,3,5,4,10,10,2,2,4,5,5,11,1,5,2,1,18,7,10,10,16,24,14,6,89,7,5,9,19,2,4,12,2,9,8,9,26,3,2,12
2,3,21,115,3,2,2,2,2,2,5,5,5,5,5,5,5,6,2,83,7,30,6,1,2,3,3,43,30,30,29,29,7,2,2,28,1,8,8,5,8,2,8,1,6,36,30,6,5,6,6,6,31,8,8,8,39,8,7,10,4,29,11,29,6,5,5,10,14,10,8,7,45,7,7,46,56,56,29,29,29,13,19,16,6,9,6,9,9,86,4,4,116,42,30,31,4,6,7,1,41,28,3,18,8,8,8,9,10,14,8,3,4,20,19,19,7,8,8,6,6,6,5,5,1,5,3,8,3,4,5,4,2,2,4,6,5,4,9,3,5,7,8,45,1,47,5,8,94,19,4,0,1,1,1,7,7,14,20,82,1,6,5,6,3,3,8,8,2,2,3,21,6,7,6,8,9,5,20,21,93,9,79,79,2,2,2,2,2,34,34,5,11,8,7,8,8,8,8,7,8,8,33,1,5,108,5,5,5,2,6,6,5,1,1,21,21,21,3,2,107,16,6,5,5,7,7,22,30,14,14,6,24,24,3,1,4,10,9,10,1,1,7,9,2,2,5,4,5,18,2,2,1,1,8,5,4,4,4,5,5,5,19,20,37,34,35,35,35,5,5,5,35,4,5,3,31,5,5,5,6,8,8,6,8,1,2,2,3,1,2,1,1,1,1,1,1,1,2,33,8,8,8,7,10,7,3,13,79,14,14,1,1,2,1,6,6,2,2,3,2,2,11,3,2,5,3,21,4,6,6,15,20,14,6,88,3,2,6,18,5,6,11,3,5,5,5,24,5,5,8
3,3,20,114,4,1,1,1,1,1,4,6,6,6,6,6,6,7,3,84,6,29,7,2,3,4,3,42,33,33,33,33,5,2,2,29,2,7,7,6,7,3,7,2,7,35,28,5,4,5,5,6,30,7,7,7,38,9,8,11,5,28,12,28,5,4,4,12,13,11,8,8,44,9,9,44,55,55,28,28,28,14,20,19,5,10,5,10,10,85,5,5,115,41,29,30,5,7,8,2,40,29,3,19,9,9,9,10,11,14,9,4,5,21,20,20,8,9,9,7,7,7,6,5,2,6,4,7,4,5,6,5,3,3,5,7,6,5,10,3,6,8,9,44,2,46,6,7,93,20,5,1,0,2,1,7,7,14,20,82,1,6,5,6,4,4,8,8,3,3,3,21,6,7,6,9,9,5,21,21,94,9,79,79,2,2,3,2,2,34,34,5,11,8,7,8,8,8,8,7,8,8,33,2,5,108,5,5,5,3,6,6,5,2,1,21,21,21,3,3,107,16,6,5,5,7,7,22,30,14,14,6,24,24,4,1,5,10,10,10,1,1,7,9,2,2,5,5,5,18,2,2,2,2,8,5,4,4,4,5,5,5,19,20,37,34,35,35,35,5,5,5,35,5,5,3,32,5,5,5,6,8,8,7,8,1,2,2,3,2,2,1,1,1,1,1,1,2,2,33,8,8,8,7,10,7,3,13,79,14,14,1,2,2,1,6,7,3,3,3,2,2,11,4,2,5,4,22,4,6,6,15,20,14,6,88,3,2,6,19,5,6,11,4,5,5,5,25,6,5,8
2,3,19,114,4,1,1,1,1,1,4,6,7,6,7,6,7,7,3,84,5,29,6,2,3,4,3,41,32,32,32,32,5,2,2,29,1,6,6,6,7,3,7,2,7,34,28,5,4,5,5,7,29,7,7,7,38,9,8,11,5,28,13,27,5,4,4,12,13,12,10,9,44,8,8,44,54,54,27,27,27,15,20,18,4,11,4,11,11,85,5,6,114,41,28,29,4,7,8,2,39,29,3,19,9,9,9,11,12,15,8,4,5,20,20,20,9,9,9,7,7,7,6,5,2,6,4,7,4,5,6,5,3,3,5,8,6,5,10,4,6,8,9,44,2,46,6,7,92,19,4,1,2,0,2,8,8,15,20,81,1,6,6,6,4,4,8,8,2,2,3,21,6,7,6,9,10,5,20,21,93,9,79,79,1,1,2,2,2,35,35,5,11,8,7,8,8,8,8,7,8,8,34,2,6,108,5,5,5,2,6,6,5,1,1,21,21,21,4,3,106,16,7,5,5,7,7,22,30,14,14,6,23,23,3,2,4,10,10,10,1,1,8,9,2,2,6,5,5,18,3,3,2,2,9,5,4,4,4,6,6,5,19,20,36,34,35,35,35,5,5,5,36,5,5,4,32,5,5,5,6,8,8,7,8,1,2,2,3,2,2,2,2,2,1,1,1,1,1,33,9,9,8,7,10,7,2,14,79,14,15,1,1,2,1,6,7,2,2,3,2,2,11,3,3,5,3,21,5,6,7,15,21,14,6,88,4,2,6,18,5,6,11,3,5,5,5,25,5,5,9
3,4,19,114,5,1,1,1,1,1,4,7,7,6,7,6,7,8,3,84,5,29,7,3,3,4,4,41,32,32,32,32,5,2,2,29,2,7,7,6,7,3,7,2,7,35,28,5,4,5,5,7,29,7,7,7,38,9,9,11,5,28,13,27,5,4,4,12,13,12,10,9,44,8,8,44,54,54,28,28,28,15,20,18,4,11,4,11,11,85,5,6,114,41,28,29,4,7,8,2,39,29,3,19,9,9,9,12,12,15,8,4,6,21,20,20,9,9,9,7,7,7,6,6,3,6,4,7,5,5,6,5,3,3,6,8,7,5,10,4,6,9,10,44,2,46,6,7,92,20,5,1,1,2,0,8,8,15,21,82,2,5,6,7,5,5,9,9,3,3,3,20,6,8,6,9,10,5,21,20,92,10,78,78,2,2,3,3,3,35,35,5,12,8,7,8,7,8,7,7,8,8,34,2,6,107,5,5,5,3,5,6,5,2,1,21,21,21,4,4,106,17,7,5,5,7,7,21,30,15,15,6,23,23,4,1,5,11,11,11,1,1,8,10,3,3,5,6,6,18,3,3,2,2,9,5,5,5,5,6,6,6,20,21,36,33,34,34,34,6,6,6,36,6,6,3,33,5,5,5,6,9,9,8,9,1,2,2,2,1,1,1,1,1,1,1,1,1,1,32,9,9,9,8,11,8,2,14,78,15,15,2,2,2,2,6,6,3,3,4,2,1,12,4,3,6,4,20,5,6,6,16,20,15,7,87,4,3,6,18,5,6,12,4,5,5,5,26,6,5,8
6,10,22,120,9,7,7,7,7,7,5,3,3,2,4,2,4,4,8,87,7,36,12,7,7,8,8,48,35,35,35,35,6,6,6,23,8,6,6,3,5,5,5,6,4,34,36,4,5,6,6,2,26,6,6,6,44,5,4,9,6,35,7,27,6,6,6,6,15,6,4,3,41,3,3,41,60,60,24,24,24,10,23,12,5,5,5,5,5,91,7,7,121,47,25,26,4,2,11,7,46,23,9,22,3,3,3,6,6,11,3,9,8,23,23,23,5,3,3,4,4,4,11,10,7,4,4,4,3,2,3,2,5,5,2,2,3,6,6,4,5,11,12,50,6,52,2,5,99,22,9,7,7,8,8,0,8,8,22,83,7,6,7,8,5,4,4,1,8,8,8,26,10,1,5,8,8,9,22,26,99,5,84,84,8,8,8,8,8,28,28,5,5,8,8,8,8,8,8,8,8,8,28,6,4,113,10,10,10,7,5,5,4,8,7,21,21,21,7,6,112,10,6,9,9,4,5,27,32,8,8,6,29,29,7,6,9,4,4,4,6,6,2,11,6,6,4,2,2,19,6,6,6,6,2,5,3,3,3,3,3,7,21,22,42,39,40,40,40,3,2,2,29,2,2,5,26,4,4,4,5,1,1,2,1,6,5,5,5,6,6,6,6,6,6,6,6,7,7,38,1,1,1,1,5,1,8,7,84,8,8,8,7,6,7,5,5,7,7,6,6,6,5,8,6,9,7,27,5,7,7,9,21,9,5,93,5,6,5,26,9,11,5,8,5,5,5,19,10,9,7
6,10,22,120,9,7,7,7,7,7,5,3,3,2,4,2,4,4,8,87,7,36,12,7,7,8,8,48,35,35,35,35,6,6,6,23,8,6,6,3,5,5,5,6,4,34,36,4,5,6,6,2,26,6,6,6,44,5,4,9,6,35,7,27,6,6,6,6,15,6,4,3,41,3,3,41,60,60,24,24,24,10,23,12,5,5,5,5,5,91,7,7,121,47,25,26,4,2,11,7,46,23,9,22,3,3,3,6,6,11,3,9,8,23,23,23,5,3,3,4,4,4,11,10,7,4,4,4,3,2,3,2,5,5,2,2,3,6,6,4,5,11,12,50,6,52,2,5,99,22,9,7,7,8,8,8,0,8,22,83,7,6,7,8,5,4,4,1,8,8,8,26,10,1,5,8,8,9,22,26,99,5,84,84,8,8,8,8,8,28,28,5,5,8,8,8,8,8,8,8,8,8,28,6,4,113,10,10,10,7,5,5,4,8,7,21,21,21,7,6,112,10,6,9,9,4,5,27,32,8,8,6,29,29,7,6,9,4,4,4,6,6,2,11,6,6,4,2,2,19,6,6,6,6,2,5,3,3,3,3,3,7,21,22,42,39,40,40,40,3,2,2,29,2,2,5,26,4,4,4,5,1,1,2,1,6,5,5,5,6,6,6,6,6,6,6,6,7,7,38,1,1,1,1,5,1,8,7,84,8,8,8,7,6,7,5,5,7,7,6,6,6,5,8,6,9,7,27,5,7,7,9,21,9,5,93,5,6,5,26,9,11,5,8,5,5,5,19,10,9,7
14,17,31,128,15,14,14,15,14,14,14,9,9,9,9,9,9,8,15,93,13,43,19,13,13,14,14,55,43,43,42,42,14,14,13,19,15,13,13,10,11,12,11,13,10,38,43,14,14,16,16,6,22,12,12,12,51,10,9,15,12,42,4,36,15,15,15,4,24,1,4,4,36,6,7,37,68,68,19,19,19,4,29,8,14,5,14,3,3,98,13,13,128,54,18,22,11,8,17,14,53,19,16,28,7,7,7,5,5,14,7,16,14,29,29,29,10,7,7,9,9,9,17,18,14,10,11,11,9,8,9,8,11,11,8,7,6,11,9,10,10,17,18,57,13,59,9,11,106,28,15,14,14,15,15,8,8,0,29,85,11,12,11,12,9,8,8,6,12,12,12,32,14,7,11,12,11,13,30,31,105,9,90,91,12,12,13,13,13,29,29,11,5,14,14,14,14,14,14,14,14,14,28,11,8,119,14,14,14,11,11,11,10,11,11,27,27,27,11,10,118,1,9,13,13,9,9,29,33,3,3,12,34,34,11,12,13,7,7,7,13,12,6,15,10,10,10,8,8,27,10,10,11,11,5,11,9,9,9,9,9,11,28,23,48,40,41,41,41,8,8,8,30,8,8,11,27,10,10,10,11,6,6,8,6,13,11,12,11,12,12,12,12,12,12,12,12,12,12,44,6,6,6,7,9,7,13,3,90,1,1,11,11,11,11,11,11,11,11,10,12,12,5,12,9,13,11,28,10,13,13,4,27,13,9,100,11,10,11,32,13,15,4,12,11,11,11,15,14,13,10
19,18,38,115,17,20,20,20,22,22,22,21,21,20,21,20,21,20,19,70,24,38,17,17,17,18,17,42,25,25,25,25,23,20,20,45,20,24,24,20,25,18,25,18,19,54,43,22,22,23,23,21,46,25,25,25,39,21,21,16,17,32,24,47,25,24,24,23,29,23,20,20,58,20,22,59,50,50,42,42,42,29,4,29,24,22,24,22,22,85,16,16,115,42,45,47,20,21,12,19,41,41,19,5,23,24,23,25,25,20,23,17,16,4,4,4,21,23,23,21,21,21,16,17,19,18,18,24,18,19,20,19,17,17,19,21,21,18,24,18,19,12,12,43,19,44,20,24,93,3,17,20,20,20,21,22,22,29,0,68,23,27,20,18,22,22,24,27,20,20,20,38,23,25,28,23,23,18,2,37,96,24,81,81,21,21,20,20,20,35,35,27,28,30,29,30,30,30,29,29,30,30,34,22,23,110,19,20,19,21,28,28,26,22,22,43,43,43,21,21,109,33,22,18,18,26,27,15,18,33,31,28,36,36,21,23,19,26,26,26,23,23,25,18,23,23,27,24,24,4,21,21,22,22,25,27,23,23,23,25,25,19,2,2,40,28,29,29,29,24,24,24,36,24,24,24,34,27,27,27,27,27,27,25,26,22,24,24,24,23,24,23,23,23,23,23,23,22,22,36,27,27,27,25,26,25,21,31,81,31,32,22,22,24,22,27,27,21,21,21,24,23,28,19,22,19,20,14,23,28,28,32,42,30,23,90,24,23,28,46,18,22,28,19,27,27,27,42,20,18,30
81,80,101,129,79,82,82,82,82,82,85,82,82,81,82,81,82,82,80,1,87,108,78,79,79,80,79,129,76,76,76,77,87,83,81,102,81,86,86,81,86,80,86,80,81,116,109,84,85,86,86,82,105,86,86,86,108,83,82,77,78,100,87,109,86,85,85,88,91,85,82,82,120,81,82,120,126,126,103,103,103,88,65,87,86,84,86,83,83,82,78,78,177,111,104,105,81,82,73,80,110,102,80,66,83,83,82,84,84,81,82,78,77,65,65,65,83,82,82,82,82,82,78,79,80,80,80,85,80,81,81,80,79,79,81,83,82,80,83,79,81,73,74,137,80,139,82,86,110,66,79,82,82,81,82,83,83,85,68,0,84,88,81,79,83,83,85,88,81,81,81,104,81,86,88,84,84,79,68,104,102,85,75,75,82,82,81,81,81,76,76,88,89,91,90,91,90,91,90,90,91,91,75,83,84,124,80,80,80,81,88,89,86,83,83,102,102,102,82,82,122,94,83,79,79,87,87,80,68,93,92,89,103,103,82,84,80,87,87,87,84,84,86,78,83,84,88,85,85,67,82,82,83,83,86,88,84,84,84,86,86,80,69,69,133,78,79,79,79,85,85,85,77,85,85,85,77,88,88,88,88,87,88,86,87,83,85,85,85,84,85,84,84,84,84,84,84,83,83,103,88,88,88,86,86,86,82,91,75,92,92,83,83,85,83,88,88,81,81,82,85,84,89,80,83,79,81,80,84,89,89,93,102,89,84,148,85,83,89,97,79,81,89,80,88,87,88,97,81,79,91
2,3,19,115,4,1,1,1,1,1,4,6,6,5,6,5,6,7,3,84,5,30,7,2,3,4,3,42,30,30,30,30,5,2,2,29,1,7,7,5,7,3,7,2,6,34,29,5,4,5,5,6,29,7,7,7,39,8,8,11,4,29,11,27,5,4,4,10,13,11,8,8,44,8,8,44,55,55,28,28,28,14,20,17,4,10,4,9,9,86,5,5,116,42,28,29,4,7,7,1,40,29,3,19,9,9,9,10,10,14,8,4,5,20,20,20,8,9,9,6,6,6,6,5,2,5,4,7,4,4,5,4,3,3,5,7,6,5,9,3,5,8,8,45,1,47,6,7,94,19,4,1,1,1,2,7,7,11,23,84,0,5,6,7,4,4,8,8,3,3,3,20,6,7,5,9,10,5,21,20,93,9,78,79,2,2,3,3,3,35,35,4,11,7,7,7,7,7,7,6,7,7,34,1,6,107,5,5,5,3,5,5,5,2,1,20,20,20,4,3,106,16,7,5,5,6,6,22,30,14,14,5,23,23,4,1,5,10,10,10,1,1,8,9,2,2,5,5,5,18,3,3,1,1,8,4,4,4,4,5,5,6,19,20,36,33,34,34,34,5,5,5,36,5,5,3,32,4,4,4,5,8,8,7,8,1,2,1,2,1,1,1,1,1,1,1,1,1,1,32,8,8,8,7,10,7,2,14,78,14,15,2,2,1,2,5,6,3,3,4,1,1,11,4,3,5,4,21,4,5,6,15,20,15,6,88,3,2,5,18,5,6,11,4,5,4,5,25,5,5,8
6,8,16,118,9,5,5,5,4,4,3,7,7,6,7,6,7,8,8,88,2,35,11,7,8,9,8,45,37,37,37,37,2,4,4,27,6,3,3,6,4,5,4,5,7,31,33,3,3,2,2,8,28,4,4,4,41,9,8,11,8,32,12,24,1,2,2,11,10,12,9,9,43,8,8,44,58,58,27,27,27,15,24,18,2,11,2,11,11,88,8,8,118,44,29,29,5,6,12,6,43,27,7,23,8,8,8,11,11,15,8,9,9,25,25,25,9,9,9,7,7,7,10,10,7,6,6,4,5,6,6,6,6,6,6,8,7,7,10,6,6,12,13,47,6,49,5,3,96,24,9,6,6,6,5,6,6,12,27,88,5,0,7,8,4,4,8,7,6,6,6,20,9,7,3,11,10,8,23,20,95,9,80,80,5,5,6,6,6,34,34,1,12,4,3,4,4,4,4,3,4,4,34,4,6,109,8,8,8,6,2,2,3,5,4,16,16,16,6,6,108,17,8,8,8,5,5,25,33,15,15,1,23,23,7,4,8,10,10,10,4,4,8,11,3,3,3,5,5,21,5,5,4,4,8,2,4,4,4,4,4,7,22,23,38,36,37,37,37,5,5,4,35,4,4,3,32,2,3,3,4,7,7,6,7,4,3,3,2,3,4,3,3,3,4,4,4,4,4,34,7,7,7,7,10,7,5,14,80,15,16,5,5,4,4,3,3,6,6,6,3,3,12,7,4,8,7,24,4,2,2,16,15,14,6,89,3,3,3,21,8,9,12,7,2,2,2,26,8,8,5
5,8,23,120,6,5,5,5,6,6,7,6,6,5,5,5,6,5,6,81,9,34,8,4,4,5,4,47,34,34,33,33,9,5,5,28,6,10,10,5,10,4,10,4,3,38,34,8,7,8,8,6,31,10,10,10,44,6,5,6,1,34,10,31,8,7,7,10,16,10,8,7,46,7,7,46,60,60,29,29,29,14,17,15,8,9,8,9,9,90,1,1,120,46,30,31,5,6,5,5,45,28,7,16,9,9,8,10,10,12,8,7,2,18,17,17,6,8,8,6,6,5,7,9,5,2,4,9,3,4,5,4,2,2,4,6,6,2,7,3,3,6,6,50,4,52,5,10,98,17,6,5,5,6,6,7,7,11,20,81,6,7,0,3,2,2,4,7,5,5,5,24,8,6,7,4,4,6,17,24,97,4,82,83,5,5,6,6,6,29,30,7,8,10,9,10,10,10,10,9,10,10,29,4,3,111,7,7,7,4,7,7,6,4,4,23,23,23,4,4,110,13,2,6,6,7,7,24,27,12,12,8,27,27,4,5,7,7,6,6,5,4,6,6,3,4,7,5,5,14,3,3,4,4,6,7,4,4,4,5,5,2,16,17,40,37,38,38,38,5,4,5,30,5,5,5,27,6,7,6,7,7,7,6,7,5,4,4,5,4,5,4,4,4,4,4,4,5,5,37,7,7,7,6,6,6,6,11,82,12,12,4,4,4,4,7,7,5,5,3,5,4,8,5,3,6,5,23,4,8,8,12,23,9,3,92,5,3,7,22,6,8,9,6,7,7,7,23,7,6,10
5,8,23,119,6,6,6,6,6,6,8,6,7,6,7,6,7,6,6,79,10,34,8,3,3,4,4,46,33,33,33,33,9,6,6,29,6,10,10,6,11,4,11,4,5,39,34,8,8,9,9,7,32,11,11,11,43,8,7,9,3,33,12,31,9,8,8,11,17,11,9,8,47,8,8,47,59,59,30,31,31,15,15,17,9,10,9,10,10,90,3,3,119,46,31,33,6,7,3,5,44,29,7,14,9,9,9,11,11,14,9,6,2,16,15,15,7,9,9,7,7,7,7,9,5,4,4,10,4,5,6,5,3,3,5,7,6,4,9,4,5,4,4,49,4,51,6,10,97,15,6,6,6,6,7,8,8,12,18,79,7,8,3,0,4,4,6,9,4,4,4,24,5,7,9,5,6,4,14,24,96,6,81,81,5,5,6,5,5,30,30,8,10,11,10,11,11,11,11,10,11,11,29,4,5,110,5,5,5,4,8,9,7,4,4,24,24,24,3,3,109,15,4,4,4,8,8,21,23,13,13,9,26,27,4,5,4,8,8,8,5,5,7,2,4,5,8,6,6,11,3,3,4,4,7,8,5,5,5,7,7,1,12,13,40,33,34,34,34,6,6,6,31,6,6,6,27,8,8,8,9,8,9,7,8,5,5,5,6,5,6,5,5,5,4,5,5,5,5,37,9,9,9,7,7,7,6,12,81,13,13,4,4,5,4,9,9,4,4,3,5,5,10,5,4,4,4,20,5,9,9,14,23,11,5,90,6,4,9,22,4,6,10,4,8,8,8,24,5,4,11
3,6,19,117,6,3,3,4,4,4,4,3,3,2,3,3,3,4,5,83,5,33,8,3,3,4,4,44,32,32,32,32,5,3,2,26,4,6,6,2,7,1,7,2,3,34,32,4,4,5,5,3,29,7,7,7,40,6,5,8,2,31,9,27,5,4,4,8,13,8,5,5,43,5,5,44,57,57,27,27,27,11,19,14,4,7,4,7,7,87,3,3,117,43,27,29,2,4,7,3,42,26,5,18,6,6,6,7,8,11,6,6,4,19,19,19,5,6,6,4,4,4,7,7,4,3,1,6,1,2,3,2,1,1,2,4,3,2,7,1,3,7,8,46,2,49,3,6,95,18,5,3,4,4,5,5,5,9,22,83,4,4,2,4,0,1,4,5,3,3,4,23,7,3,5,7,7,5,18,23,96,6,81,81,4,4,4,4,4,31,31,5,7,8,7,8,8,8,8,7,8,8,30,3,2,110,6,6,6,3,5,5,4,3,3,21,21,21,3,2,109,12,4,5,5,5,5,21,28,11,10,6,26,26,3,3,6,6,6,6,3,3,4,7,1,2,4,2,2,16,2,2,3,3,5,5,2,2,2,3,3,4,17,18,39,32,33,33,33,3,2,3,32,2,2,3,28,4,4,4,5,5,5,3,5,3,2,2,3,2,3,2,2,2,3,3,3,3,4,35,5,5,5,3,6,3,5,10,81,11,11,3,3,2,2,5,5,3,3,2,2,2,7,4,1,5,4,20,1,6,6,11,20,10,2,90,3,1,5,20,5,7,8,5,5,5,5,21,6,5,8
3,6,19,117,6,4,4,4,4,4,4,3,3,2,3,3,3,4,5,83,5,33,8,3,3,4,4,44,32,32,32,32,5,3,3,26,4,6,6,2,7,1,7,2,3,34,32,4,4,5,5,3,29,7,7,7,40,6,5,8,2,31,9,27,5,4,4,8,13,8,5,5,43,5,5,44,57,57,27,27,27,11,19,14,4,7,4,7,7,87,3,3,117,43,27,29,2,4,7,3,42,26,5,18,6,6,6,7,8,11,6,6,4,19,19,19,5,6,6,4,4,4,7,7,4,3,1,6,1,2,3,2,1,1,2,4,3,2,7,1,3,7,8,46,2,49,3,6,95,18,5,3,4,4,5,4,4,8,22,83,4,4,2,4,1,0,4,5,4,4,4,23,7,3,5,6,7,5,18,23,96,5,81,81,4,4,4,4,4,31,31,5,7,8,7,8,8,8,8,7,8,8,30,3,2,110,6,6,6,3,5,5,4,3,3,21,21,21,3,2,109,12,4,5,5,5,5,21,28,11,10,6,26,26,3,3,6,6,6,6,3,3,4,7,1,2,4,2,2,16,2,2,3,3,5,5,2,2,2,3,3,3,17,18,39,32,33,33,33,3,2,3,32,2,2,3,29,4,4,4,5,5,5,3,5,3,2,2,3,2,3,2,2,2,3,3,3,4,4,35,5,5,5,3,6,3,5,10,81,11,11,3,3,2,2,5,5,3,3,2,2,2,7,4,1,5,4,20,1,6,6,11,20,10,2,90,3,1,5,20,5,7,8,5,5,5,5,21,7,5,8
7,10,23,120,8,8,8,8,8,8,6,1,1,2,1,2,1,2,9,85,8,37,10,5,5,6,6,48,36,36,35,35,7,7,6,25,8,8,8,3,8,5,8,6,2,37,36,5,6,8,8,2,28,8,8,8,44,3,2,6,4,35,8,30,7,7,7,7,16,7,4,4,42,4,4,43,61,61,27,27,27,10,21,13,6,6,6,6,6,91,5,5,121,47,27,28,4,3,9,7,46,25,9,20,5,5,5,6,7,9,5,8,6,22,21,21,3,5,5,1,1,1,9,11,8,1,4,7,2,1,1,1,3,3,1,3,2,3,4,2,3,10,10,48,6,52,3,7,99,21,8,8,8,8,9,4,4,8,24,85,8,8,4,6,4,4,0,4,6,6,6,26,9,3,6,6,7,7,21,26,99,3,84,85,7,7,8,7,7,29,30,6,5,9,9,9,9,9,9,8,9,9,29,6,3,113,9,9,9,6,6,6,4,6,6,22,22,22,5,5,112,10,4,7,7,5,5,24,31,8,8,7,28,29,6,7,8,3,3,3,7,7,3,10,5,5,5,3,3,18,5,5,6,6,2,5,4,4,4,4,4,6,20,21,42,35,36,36,36,3,3,3,30,3,3,6,27,5,5,5,6,4,4,3,4,6,6,6,6,6,7,6,6,6,7,7,7,7,7,38,4,4,4,3,3,3,8,8,84,8,9,6,6,5,5,6,6,6,6,5,6,6,5,7,4,8,6,23,4,7,8,10,22,8,4,94,5,5,6,27,7,10,5,7,6,6,6,19,9,7,8
7,10,22,121,10,8,8,8,8,8,5,4,4,3,4,3,4,4,10,88,7,37,13,8,8,9,9,48,36,36,36,36,6,7,6,22,8,6,6,4,5,6,5,7,5,34,37,5,5,7,7,1,25,6,6,6,45,5,4,10,7,35,6,27,7,7,7,5,16,5,3,2,40,2,2,40,61,61,24,24,24,9,24,12,6,4,6,4,4,92,8,8,121,48,24,25,5,2,12,8,46,23,10,23,2,2,2,5,5,11,2,10,9,24,24,24,5,2,2,4,4,4,12,11,8,5,5,4,4,3,4,3,6,6,3,1,2,6,6,5,6,12,13,51,7,53,3,5,99,23,10,8,8,8,9,1,1,6,27,88,8,7,7,9,5,5,4,0,9,9,9,27,12,2,5,10,9,10,24,26,99,6,84,85,8,8,9,8,8,28,28,5,5,8,8,8,8,8,8,8,8,8,28,6,5,113,11,11,11,8,5,5,4,8,7,21,21,21,8,7,112,10,7,10,10,4,4,28,33,8,8,6,29,29,8,6,11,5,5,5,7,6,3,12,6,6,4,3,3,21,7,7,6,6,3,5,3,3,4,3,3,9,22,23,42,39,40,40,40,4,3,3,31,3,3,5,26,4,4,4,5,1,1,3,1,7,5,6,5,6,6,6,6,6,6,6,6,7,7,38,1,1,1,2,6,2,8,7,84,8,8,8,8,6,7,5,5,9,9,7,6,6,5,9,6,10,9,27,6,7,7,9,21,11,6,94,5,6,5,26,10,12,5,10,5,5,5,19,12,10,7
2,2,22,113,1,3,3,3,3,3,6,6,6,5,6,6,6,7,1,81,8,29,4,1,1,3,1,40,28,28,28,28,7,4,4,29,2,9,9,5,9,3,9,3,6,37,29,7,6,7,7,6,32,9,9,9,37,9,8,11,5,27,12,29,7,6,6,11,15,11,8,8,46,8,8,47,53,53,30,30,30,14,17,17,7,10,7,10,10,84,5,6,114,40,30,32,5,7,7,1,39,29,1,16,9,9,9,10,11,14,9,2,5,18,17,17,8,9,9,7,7,7,3,3,1,6,4,9,4,5,6,5,3,3,5,7,6,5,10,3,6,8,8,43,3,45,6,9,92,17,1,2,3,2,3,8,8,12,20,81,3,6,5,4,3,4,6,9,0,1,1,21,4,8,8,10,10,2,18,21,93,10,79,79,2,2,2,2,2,35,35,8,12,11,10,11,10,11,10,10,11,11,35,4,7,108,3,3,3,1,8,8,8,3,3,24,24,24,4,3,106,17,7,2,2,10,10,18,27,15,15,8,24,24,2,4,3,10,10,10,4,4,9,9,5,5,8,7,7,15,3,3,4,4,10,8,7,7,6,8,8,6,17,18,36,29,30,30,30,8,7,8,36,7,7,6,33,8,8,8,9,10,10,8,10,3,5,4,5,4,5,4,4,4,4,4,3,3,3,33,10,10,10,8,10,8,2,15,79,15,16,3,2,5,4,9,9,1,1,3,4,4,12,1,4,2,2,17,7,9,9,16,23,15,7,88,6,5,9,18,2,4,13,1,8,7,8,26,4,2,11
2,2,22,113,1,3,3,3,3,3,6,6,6,6,6,6,6,7,1,81,8,29,4,1,1,3,1,40,28,28,28,28,7,4,4,29,2,9,9,5,9,3,9,3,6,37,29,7,6,7,7,6,32,9,9,9,37,9,8,11,5,27,12,29,7,6,6,11,15,11,8,8,46,8,8,47,53,53,30,30,30,14,17,17,7,10,7,10,10,84,5,6,114,40,30,32,5,7,7,1,39,29,1,16,9,9,9,10,11,14,9,2,5,18,17,17,8,9,9,7,7,7,3,3,1,6,4,9,4,5,6,5,3,3,5,7,6,5,10,3,6,8,8,43,3,45,6,9,92,17,1,2,3,2,3,8,8,12,20,81,3,6,5,4,3,4,6,9,1,0,1,21,4,8,8,10,10,2,18,21,93,10,79,79,2,2,2,2,2,35,35,8,12,11,10,11,10,11,10,10,11,11,35,4,7,108,3,3,3,1,8,8,8,3,3,24,24,24,4,3,106,17,7,2,2,10,10,18,27,15,15,8,24,24,2,4,3,10,10,10,4,4,9,9,5,5,8,7,7,15,3,3,4,4,10,8,7,7,6,8,8,6,17,18,36,29,30,30,30,8,7,8,36,7,7,6,33,8,8,8,9,10,10,8,10,3,5,5,5,4,5,4,4,4,4,4,4,3,3,33,10,10,10,8,10,8,2,15,79,15,16,3,2,5,4,9,9,1,1,3,4,4,12,1,4,2,2,17,7,9,9,16,23,15,7,88,6,5,9,18,2,4,13,1,8,7,8,26,4,2,11
2,2,22,113,1,3,3,3,3,3,6,6,6,6,6,6,6,7,1,81,8,29,4,2,2,3,1,41,28,28,28,28,7,4,4,29,2,9,9,6,9,3,9,3,6,37,29,7,6,7,7,7,32,9,9,9,37,9,8,11,5,27,12,30,7,6,6,11,15,11,9,8,46,8,8,47,54,54,31,31,31,14,17,17,7,10,7,10,10,84,6,6,114,40,31,32,5,7,8,1,39,29,1,16,9,9,9,10,11,15,9,2,5,18,17,17,8,9,9,7,7,7,3,3,1,6,4,9,4,5,6,5,3,3,5,7,6,5,10,4,6,8,9,43,3,45,6,9,92,17,1,3,3,3,3,8,8,12,20,81,3,6,5,4,4,4,6,9,1,1,0,21,4,9,9,9,10,2,18,21,93,10,78,79,2,2,2,2,2,35,35,8,13,11,11,11,11,11,11,10,11,11,34,5,7,107,3,3,3,2,9,9,8,3,4,24,24,24,4,4,106,18,7,2,2,10,10,18,27,16,16,9,24,24,3,5,3,10,10,10,4,5,9,9,5,5,9,8,8,15,4,4,5,5,10,8,7,7,7,8,8,5,16,17,36,29,30,30,30,8,8,8,36,8,8,7,32,8,8,8,9,10,10,9,10,4,6,5,6,5,5,5,5,5,4,4,4,3,4,33,10,10,10,9,10,9,3,15,78,16,16,3,3,5,4,9,10,2,2,4,5,5,13,1,5,2,1,17,8,9,10,17,24,15,7,88,6,5,9,18,2,4,13,1,8,8,9,27,3,2,12
21,19,15,100,21,21,21,21,21,21,23,26,26,25,26,25,26,27,20,105,26,3,22,21,22,23,22,26,30,30,30,30,22,22,22,50,21,24,24,25,24,22,24,21,26,31,1,23,23,25,25,27,51,25,25,25,16,29,28,31,25,13,32,23,22,22,22,31,17,31,29,28,66,28,28,66,28,28,50,50,49,36,40,39,22,30,22,30,30,71,25,25,92,18,50,51,24,26,26,21,19,48,20,41,29,29,29,30,31,35,28,20,24,41,40,40,28,29,29,26,26,26,21,21,21,25,24,24,24,24,25,24,23,23,25,27,26,25,30,23,25,27,27,19,21,19,26,24,78,39,22,21,21,21,20,26,26,32,38,104,20,20,24,24,23,23,26,27,21,21,21,0,24,35,33,36,37,27,42,1,82,37,67,68,27,27,26,26,26,62,62,32,38,32,33,32,32,32,33,33,32,32,61,28,34,96,25,25,25,28,32,33,32,28,28,21,21,21,31,31,95,43,34,27,27,34,34,30,56,42,41,33,3,3,29,27,26,38,37,37,27,27,35,36,29,29,32,33,33,41,29,29,29,29,36,32,32,32,32,33,33,32,40,41,17,35,36,36,36,33,33,33,63,33,33,30,59,32,32,32,33,36,36,35,36,27,29,28,29,28,27,28,28,28,28,28,27,27,27,15,36,36,36,35,37,35,25,41,67,42,42,28,28,29,29,33,33,28,28,29,28,28,38,28,30,27,29,27,32,32,32,42,21,42,34,64,31,29,33,9,27,24,39,27,32,32,32,52,25,27,34
5,4,25,111,4,6,6,6,6,6,9,9,9,8,9,8,9,10,4,81,11,26,2,4,4,5,4,38,25,25,25,25,11,7,7,32,6,12,12,8,12,7,12,6,9,40,25,10,9,10,10,9,34,12,12,12,35,11,11,14,8,25,15,33,10,9,9,14,15,14,11,11,49,11,11,49,51,51,33,33,33,17,17,20,10,13,10,13,13,82,8,8,112,38,33,35,8,9,8,4,36,32,4,16,12,12,12,13,13,17,11,3,7,18,17,17,11,11,12,9,9,9,2,2,4,9,7,12,7,8,8,8,6,6,8,10,9,8,12,6,8,8,9,41,6,43,9,12,89,17,3,6,6,6,6,10,10,14,23,81,6,9,8,5,7,7,9,12,4,4,4,24,0,12,12,12,13,3,18,20,90,12,76,76,5,5,5,5,4,37,37,11,14,14,14,14,14,14,14,13,14,14,37,8,10,105,1,1,1,5,12,12,12,6,7,26,26,26,7,6,104,19,10,3,3,13,13,15,28,19,18,12,23,23,6,8,2,13,12,13,8,8,12,12,8,8,12,11,11,15,7,7,8,8,12,11,10,10,10,11,11,8,21,22,34,27,27,27,27,11,11,11,38,11,11,10,35,11,11,11,12,13,13,12,13,7,9,8,9,8,8,8,8,8,7,7,7,6,7,30,14,14,13,12,13,12,5,17,76,18,18,6,6,8,7,12,12,5,5,7,8,8,14,4,7,3,4,14,10,12,13,19,25,17,9,85,9,8,12,20,3,1,15,3,11,11,11,29,1,3,15
6,9,22,120,9,7,7,7,7,7,5,3,3,2,3,2,3,3,8,86,8,36,11,7,7,7,7,47,35,35,35,35,7,6,5,24,7,6,6,2,6,4,6,5,4,35,36,5,6,7,7,2,27,7,7,7,44,5,4,9,6,34,7,27,7,7,7,6,16,6,3,3,42,3,2,42,60,60,25,25,25,9,22,12,6,5,6,5,5,91,6,7,120,46,26,27,3,1,10,6,45,24,8,21,4,4,4,5,6,11,3,9,7,23,22,22,4,4,4,3,3,3,11,10,7,4,4,5,3,2,3,2,5,5,2,2,3,5,6,4,4,11,11,50,6,52,1,5,98,22,9,7,7,7,8,1,1,7,25,86,7,7,6,7,3,3,3,2,8,8,9,35,12,0,4,8,8,9,22,25,98,6,83,84,7,7,8,8,8,33,33,4,5,8,7,8,7,7,7,7,8,8,32,6,4,112,10,11,11,7,4,4,3,7,6,20,20,20,7,7,111,10,6,9,9,4,4,27,32,9,9,6,28,28,7,6,10,5,4,4,6,6,2,11,5,5,4,2,2,19,6,6,6,6,3,4,2,2,3,2,2,7,21,22,41,38,39,39,39,3,2,2,34,2,2,4,30,3,3,3,4,1,2,1,1,6,4,5,4,5,5,5,5,5,5,5,6,6,6,38,2,2,2,1,6,1,7,8,83,9,9,7,7,5,6,4,4,8,8,6,5,5,5,8,5,9,7,26,5,6,6,10,20,10,5,93,4,5,4,26,9,11,6,9,4,4,4,19,11,9,7
7,8,19,118,9,5,5,5,5,5,1,5,5,4,6,4,5,6,8,89,2,34,11,7,8,9,8,45,37,37,37,37,2,4,4,24,6,2,2,5,2,6,2,5,5,32,33,1,2,3,3,6,25,2,2,2,41,8,7,10,7,32,11,24,3,3,3,10,12,10,8,7,40,6,6,40,58,58,24,24,24,14,25,16,2,9,2,9,9,88,8,8,118,44,26,26,4,5,12,6,43,24,8,24,7,7,7,10,10,13,6,9,9,25,25,25,7,7,7,6,6,6,11,10,7,5,5,2,4,4,5,4,6,6,4,6,5,6,9,5,6,12,13,47,6,50,4,2,96,24,9,6,6,6,6,5,5,11,28,88,5,3,7,9,5,5,6,5,8,8,9,33,12,4,0,10,9,10,24,23,98,8,83,84,7,7,8,8,8,34,34,2,8,5,5,5,5,5,5,5,5,5,33,6,5,112,11,11,11,8,2,2,3,8,7,18,18,18,8,8,111,13,7,10,10,1,2,27,33,12,12,3,26,26,8,6,10,8,9,9,6,6,6,12,6,6,2,5,5,21,7,7,6,6,7,2,3,3,4,3,3,9,22,23,41,39,39,39,39,5,4,4,35,3,3,5,31,4,2,4,1,5,5,7,5,6,5,5,5,6,6,6,6,6,6,6,6,7,7,38,5,5,5,6,9,6,8,11,84,12,12,8,7,6,7,1,1,8,8,7,6,6,8,9,6,10,9,26,6,3,3,12,18,13,6,93,5,6,1,23,10,12,9,10,2,3,2,22,11,10,3
8,11,26,123,9,8,8,9,9,9,9,6,7,6,6,6,7,5,9,84,11,37,11,7,7,8,7,50,37,37,37,37,10,9,8,29,9,11,11,6,11,7,11,7,4,40,37,9,9,11,11,7,32,11,11,11,47,7,6,5,4,37,11,33,10,10,10,11,19,11,9,8,47,8,8,47,63,63,30,30,30,15,20,16,9,10,9,10,10,94,3,3,123,49,31,32,7,7,8,8,48,29,10,19,9,9,9,11,11,12,9,10,4,21,20,20,6,9,9,6,6,6,11,12,8,3,7,10,5,5,6,5,6,6,5,7,6,5,8,6,6,8,8,50,7,55,6,11,101,20,9,8,9,9,9,8,8,12,23,84,9,11,4,5,7,6,6,10,10,10,9,36,12,8,10,0,1,7,17,25,98,4,83,84,6,6,7,7,7,26,26,7,8,10,10,10,10,10,10,10,10,10,25,5,4,112,8,8,8,5,7,7,6,5,5,23,23,23,5,5,111,13,1,7,7,7,7,25,27,11,11,8,28,28,5,6,8,6,6,6,6,6,6,5,4,5,6,4,4,15,4,4,5,5,5,7,5,5,5,5,5,3,16,17,41,37,38,38,38,5,4,4,27,4,4,6,23,6,6,6,7,7,7,5,7,6,5,5,6,5,6,6,6,6,5,5,5,6,6,38,7,7,7,5,4,5,7,11,84,11,12,5,5,5,5,7,7,6,6,4,6,5,8,6,4,7,6,24,5,9,9,12,23,8,4,93,6,4,7,23,7,9,8,7,7,7,7,22,8,7,10
8,12,25,124,10,9,9,9,9,9,8,6,6,5,6,5,6,4,10,85,10,38,12,7,7,8,8,51,37,37,37,37,9,9,9,29,10,10,10,6,10,8,11,8,3,40,38,8,9,10,10,6,31,10,10,10,47,6,5,5,4,38,10,32,10,10,10,10,19,11,8,8,46,8,8,46,64,64,30,30,30,14,20,15,9,10,9,10,10,94,3,3,124,50,30,32,7,7,9,9,49,29,10,19,9,9,9,10,10,11,8,10,5,21,20,20,5,8,8,7,7,7,11,12,9,2,6,10,4,4,5,4,6,6,5,7,6,6,7,5,6,8,8,53,8,55,6,10,102,20,10,9,9,10,10,8,8,11,23,84,10,10,4,6,7,7,7,9,10,10,10,37,13,8,9,1,0,8,18,26,99,3,84,84,7,7,7,7,7,25,25,7,8,10,9,10,10,10,10,9,10,10,24,6,4,113,9,9,9,6,6,6,5,6,6,23,23,23,5,5,112,13,2,8,8,6,6,25,27,12,12,8,29,29,6,6,8,7,6,6,6,6,5,6,5,6,6,4,4,15,5,5,6,6,6,6,5,5,5,5,4,4,16,17,42,38,39,39,39,4,4,4,26,4,4,7,22,6,6,6,6,6,6,5,6,6,6,6,7,6,7,6,6,6,6,6,6,6,7,38,7,7,7,5,4,5,8,11,84,12,12,6,6,6,5,6,7,6,6,5,6,6,8,7,4,8,6,24,5,8,8,12,23,8,5,94,7,5,7,23,8,10,9,7,6,7,6,23,9,8,9
4,3,24,113,2,5,5,5,5,5,9,7,7,7,7,7,7,8,3,79,10,28,1,3,3,4,2,40,28,28,28,28,10,7,7,30,5,11,11,7,11,5,12,5,7,39,28,9,8,10,10,7,33,11,11,11,36,10,9,12,6,27,13,32,9,8,9,12,14,12,9,9,47,9,9,48,53,53,32,32,32,15,15,18,9,11,9,11,11,83,6,7,113,39,32,33,7,8,6,4,38,30,3,14,10,10,10,11,12,16,10,1,6,16,15,15,9,10,10,8,8,8,11,2,3,7,5,11,5,6,7,6,4,4,6,8,7,6,11,5,7,6,7,42,4,45,7,11,91,15,2,5,5,5,5,9,9,13,18,79,5,8,6,4,5,5,7,10,2,2,2,27,3,9,10,7,8,0,16,21,92,11,77,78,4,4,3,3,3,36,36,10,13,13,12,13,12,13,12,12,13,13,35,7,8,106,1,1,1,4,10,11,10,5,5,24,24,24,5,5,105,18,8,8,8,12,12,17,26,18,16,11,24,24,4,6,1,11,11,11,6,6,11,10,7,7,10,10,10,14,5,6,7,7,10,10,9,9,9,10,10,6,15,16,37,28,29,29,29,10,9,9,37,10,10,8,34,10,10,10,11,12,12,11,12,5,7,7,7,6,7,6,6,6,6,6,6,5,5,32,12,12,12,11,11,11,4,16,78,16,17,5,5,7,6,11,11,4,3,6,7,6,13,2,6,1,3,16,9,11,11,18,25,16,8,87,8,7,11,19,19,2,13,2,10,10,10,27,1,1,13
19,18,38,116,18,20,20,20,22,22,22,21,21,20,21,20,21,21,19,68,24,40,17,18,18,18,18,44,27,27,27,27,24,20,20,45,20,25,25,20,25,19,25,19,19,55,45,23,22,23,23,21,47,25,25,25,41,21,21,16,17,32,24,47,25,24,24,23,30,23,21,20,59,20,23,59,51,51,42,45,42,26,3,29,25,22,25,22,22,87,16,16,117,44,46,47,20,21,12,19,43,45,19,4,25,25,24,25,25,20,23,17,16,2,3,3,22,23,23,21,21,21,16,18,19,18,19,24,19,19,20,19,17,17,20,22,21,18,24,18,19,12,13,45,19,46,20,24,95,3,17,20,21,20,21,22,22,30,2,68,21,23,17,14,18,18,21,24,18,18,18,42,18,22,24,17,18,16,0,38,97,22,82,83,19,19,18,18,18,33,33,25,26,28,27,28,28,28,28,27,28,28,32,20,21,111,18,18,18,19,25,25,24,20,21,39,39,39,20,19,110,31,20,16,16,25,25,16,17,31,29,26,38,38,20,21,17,24,24,24,21,21,24,16,21,21,24,22,22,2,19,19,20,20,23,25,22,22,21,23,23,17,4,1,41,29,30,30,30,22,22,22,35,22,22,22,32,24,24,25,25,25,25,23,25,20,21,21,22,21,22,21,21,21,21,21,21,20,20,38,25,25,25,23,24,23,19,29,83,29,30,20,20,21,20,25,25,19,19,19,21,21,26,18,20,17,18,16,21,26,26,30,39,29,21,92,22,21,26,34,16,24,26,17,25,25,25,40,18,16,28
21,19,15,99,21,21,21,21,21,21,23,26,26,25,26,25,26,27,20,104,26,2,23,21,22,23,21,25,30,30,29,29,22,22,22,50,21,23,23,25,24,22,24,21,26,31,2,23,23,25,25,26,51,24,24,24,15,28,27,30,24,12,31,23,22,22,22,30,17,30,28,27,66,28,28,66,27,27,49,49,49,34,39,38,22,29,22,29,29,70,24,25,91,17,50,51,24,26,27,20,18,49,20,40,29,29,28,30,30,34,28,20,24,40,39,39,28,29,29,26,26,26,21,21,21,25,23,24,23,24,25,24,22,22,25,26,26,24,29,23,25,27,27,18,21,19,25,24,77,38,22,21,21,21,20,26,26,31,37,104,20,20,24,24,23,23,26,26,21,21,21,1,20,25,23,25,26,21,38,0,82,37,68,68,27,27,27,27,27,62,62,32,38,33,34,33,34,33,34,34,33,33,61,28,34,97,25,25,25,28,33,33,32,28,28,22,22,22,31,31,95,43,34,27,27,34,34,27,56,42,42,34,3,4,29,27,26,38,37,37,27,27,35,36,29,30,32,33,33,41,29,29,29,29,36,32,32,32,32,33,33,33,40,41,17,35,36,36,36,33,33,33,63,33,33,30,59,32,32,32,33,36,36,35,36,27,29,28,30,28,28,28,28,28,28,28,27,27,28,15,36,36,36,35,38,35,26,41,68,42,42,28,28,29,29,33,33,29,28,29,28,28,38,28,30,27,29,27,32,33,33,43,21,42,34,64,31,29,33,10,27,24,39,27,32,32,32,52,25,27,35
94,91,96,24,93,94,94,94,93,93,96,99,99,98,99,98,99,100,92,103,97,79,92,94,94,96,94,63,88,88,87,87,97,94,94,121,94,98,98,98,99,95,99,94,99,112,82,97,96,97,97,99,124,99,99,99,72,101,100,103,97,74,105,104,96,96,96,104,96,104,102,101,139,100,100,139,61,61,122,122,122,108,98,110,96,103,96,103,103,35,98,98,111,74,123,124,96,99,100,93,71,121,92,99,101,101,101,104,104,107,100,92,97,99,98,98,101,101,101,99,99,99,92,91,93,98,96,98,96,97,98,97,95,95,97,100,99,97,102,96,98,100,101,71,94,73,98,98,13,97,94,93,94,93,92,99,99,105,96,102,93,95,97,96,96,96,99,99,93,93,93,82,90,98,98,98,99,92,97,82,0,113,36,37,103,103,102,102,102,138,138,107,114,110,109,110,109,110,109,109,110,110,137,105,109,26,101,101,101,104,107,108,107,105,105,106,106,106,106,105,28,119,111,103,103,109,109,92,121,117,117,108,87,87,105,104,102,113,113,113,104,104,110,112,106,106,107,108,108,106,105,105,105,105,111,107,107,107,107,108,108,108,104,105,76,99,100,100,100,108,108,108,139,108,108,105,136,107,107,107,108,111,111,110,111,104,104,105,104,104,104,104,104,104,104,104,104,102,104,75,111,111,111,110,112,110,102,116,36,117,117,105,103,105,105,108,108,104,104,105,105,105,114,103,106,103,104,91,107,108,108,118,106,118,109,91,106,106,108,97,103,101,114,103,107,107,107,128,101,103,110
8,11,24,123,10,9,9,9,9,9,7,3,3,4,3,4,3,2,10,85,9,38,11,7,7,8,8,49,37,37,37,37,8,8,8,26,10,9,9,4,9,6,10,7,1,39,38,7,8,9,9,4,29,9,9,9,46,3,2,7,4,37,7,31,9,9,9,8,18,9,6,6,44,6,6,44,63,63,27,28,28,12,21,12,8,8,8,7,7,94,5,5,124,49,28,29,6,5,9,8,48,26,10,20,7,7,7,8,8,9,6,10,6,22,21,21,3,6,6,3,3,3,11,12,9,1,5,9,3,3,4,3,5,5,3,5,4,5,4,4,4,10,10,53,8,55,4,9,102,21,9,9,9,9,10,5,5,9,24,85,9,9,4,6,6,5,3,6,10,10,10,37,12,6,8,4,3,11,22,37,113,0,85,85,7,7,8,8,8,29,29,6,6,9,8,9,9,9,9,8,9,9,29,7,3,114,9,9,9,6,5,6,4,6,7,22,22,22,6,5,113,11,2,8,8,5,5,25,29,10,10,7,29,29,6,7,8,5,4,4,7,7,4,8,5,5,5,3,3,17,5,5,6,7,4,5,4,4,4,4,4,5,18,19,44,35,36,36,36,3,3,3,30,3,3,6,27,5,5,5,6,5,6,4,5,7,6,6,6,7,7,7,7,7,7,7,7,7,7,39,6,6,6,4,2,4,8,9,85,10,10,6,7,6,6,6,6,6,6,5,7,7,6,7,5,8,6,25,5,7,8,11,22,6,4,94,6,5,6,27,8,10,7,7,5,6,5,21,9,8,8
80,76,81,54,78,79,79,79,79,79,81,84,84,83,84,84,84,85,78,75,83,64,77,80,79,81,79,49,56,56,55,55,82,79,80,106,79,84,84,83,84,81,84,80,85,97,68,82,81,82,82,84,109,84,84,84,58,86,86,89,82,59,90,90,82,81,81,89,81,90,87,87,124,86,86,124,46,46,108,108,108,93,84,96,82,89,82,88,88,1,83,83,97,59,108,109,82,84,85,79,56,107,78,85,86,86,86,89,89,92,86,78,83,84,83,83,86,86,86,84,84,84,77,77,78,84,81,84,82,83,83,83,81,81,83,86,84,83,87,81,83,85,86,56,79,59,83,84,34,82,79,79,79,79,78,84,84,90,81,75,78,80,82,81,81,81,84,84,79,79,78,67,76,83,83,83,84,77,82,68,36,85,0,1,84,84,83,83,83,119,119,88,95,91,90,91,90,91,90,90,91,91,118,86,90,57,82,82,82,85,88,88,88,86,85,87,87,87,87,86,56,100,91,84,84,90,90,73,102,98,98,88,68,68,86,85,83,94,93,94,85,85,91,93,87,87,88,89,89,87,86,86,86,86,92,88,88,88,88,89,89,89,85,86,57,80,81,81,81,89,89,89,120,89,89,86,117,88,88,88,89,92,92,91,92,85,85,86,85,85,85,85,85,85,85,85,85,83,85,56,92,92,92,91,93,91,83,97,1,98,98,86,84,86,86,89,89,85,85,86,86,86,95,84,87,84,85,72,88,89,89,99,87,99,90,72,87,87,89,78,84,81,95,83,88,87,88,109,82,84,91
80,77,82,55,78,79,79,79,79,79,81,84,84,84,85,84,85,85,78,76,83,65,78,80,80,82,79,49,56,56,56,56,83,80,80,107,79,84,84,84,84,81,85,80,85,97,68,83,81,83,82,85,110,85,85,85,58,87,86,89,83,60,91,90,82,81,81,90,81,90,87,87,124,86,86,125,46,46,108,108,108,93,84,96,82,89,82,89,89,1,83,83,97,59,109,110,82,84,86,79,57,107,78,85,87,87,87,89,90,93,86,78,83,84,84,84,86,87,87,85,85,85,78,77,79,84,82,84,82,83,84,83,81,81,83,86,84,83,88,82,84,86,86,57,80,59,83,84,35,83,80,79,79,79,78,84,84,91,81,75,79,80,83,81,81,81,85,85,79,79,79,68,76,84,84,84,84,78,83,68,37,85,1,0,84,84,83,83,83,119,119,88,95,91,90,91,90,91,90,90,91,91,118,86,90,57,82,82,82,85,88,89,88,86,86,87,87,87,87,86,56,100,92,84,84,90,90,73,102,98,98,89,68,68,86,85,83,94,94,94,85,85,91,93,87,87,88,89,89,87,86,86,86,86,92,88,88,88,88,89,89,89,85,86,57,80,81,81,81,89,89,89,120,89,89,86,117,88,88,88,89,92,92,91,92,85,85,86,85,86,85,85,85,85,85,85,85,83,85,56,92,92,92,91,93,91,83,97,1,98,98,86,84,86,86,89,89,85,85,86,86,86,95,84,87,84,85,72,88,89,89,99,87,99,90,72,87,87,89,78,84,82,95,84,88,88,88,109,82,84,91
2,2,20,113,2,2,2,2,2,2,5,6,7,6,7,6,7,7,1,82,6,28,5,2,2,4,2,40,28,28,28,28,6,3,3,30,2,7,7,6,8,3,8,2,7,35,28,6,5,6,6,7,30,8,8,8,36,9,8,11,5,27,12,28,6,5,5,11,14,11,9,8,45,9,9,45,53,53,29,29,29,15,18,17,5,10,5,10,10,83,5,6,113,39,29,30,5,7,8,1,38,30,1,17,10,10,10,11,11,15,9,2,5,19,18,18,8,10,10,7,7,7,4,3,1,6,4,8,4,5,6,5,3,3,5,7,6,5,10,4,6,8,9,43,2,45,6,8,91,18,2,2,2,1,2,8,8,12,21,82,2,5,5,5,4,4,7,8,2,2,2,27,5,7,7,6,7,4,19,27,103,7,84,84,0,91,1,1,1,35,35,6,12,9,9,9,9,9,9,9,9,9,35,3,6,106,4,4,4,2,7,7,7,2,2,22,22,22,4,3,105,17,8,3,3,8,9,21,29,15,15,7,23,23,3,3,3,11,11,11,3,3,8,10,3,4,7,6,6,16,3,3,3,3,9,7,6,6,5,7,7,6,18,19,37,32,33,33,33,7,7,6,36,6,6,5,33,6,7,6,8,9,10,8,9,2,4,3,4,3,4,3,3,3,2,2,2,1,2,32,10,10,10,8,11,8,1,15,78,15,16,2,1,4,3,8,8,2,2,3,3,3,12,2,4,4,2,20,6,8,8,16,22,15,7,87,5,3,7,18,3,5,12,2,7,6,7,26,4,3,10
2,2,20,113,2,2,2,2,2,2,5,6,7,6,7,6,7,7,1,82,6,28,5,2,2,4,2,40,28,28,28,28,6,3,3,30,2,7,7,6,8,3,8,2,7,35,28,6,5,6,6,7,30,8,8,8,36,9,8,11,5,27,12,28,6,5,5,11,14,11,9,8,45,9,9,45,53,53,29,29,29,15,18,17,5,10,5,10,10,83,5,6,113,39,29,30,5,7,8,1,38,30,1,17,10,10,10,11,11,15,9,2,5,19,18,18,8,10,10,7,7,7,4,3,1,6,4,8,4,5,6,5,3,3,5,7,6,5,10,4,6,8,9,43,2,45,6,8,91,18,2,2,2,1,2,8,8,12,21,82,2,5,5,5,4,4,7,8,2,2,2,27,5,7,7,6,7,4,19,27,103,7,84,84,91,0,1,1,1,35,35,6,12,9,9,9,9,9,9,9,9,9,35,3,6,106,4,4,4,2,7,7,7,2,2,22,22,22,4,3,105,17,8,3,3,8,9,21,29,15,15,7,23,23,3,3,3,11,11,11,3,3,8,10,3,4,7,6,6,16,3,3,3,3,9,7,6,6,5,7,7,6,18,19,37,32,33,33,33,7,7,6,36,6,6,5,33,6,7,6,8,9,10,8,9,2,4,3,4,3,4,3,3,3,2,2,2,1,2,32,10,10,10,8,11,8,1,15,78,15,16,2,1,4,3,8,8,2,2,3,3,3,12,2,4,4,2,20,6,8,8,16,22,15,7,87,5,3,7,18,3,5,12,2,7,6,7,26,4,3,10
3,1,21,112,2,3,3,3,3,3,6,7,7,7,7,7,7,8,1,82,7,28,4,3,3,4,2,39,28,28,28,28,7,4,4,31,2,8,8,7,9,4,9,3,8,36,27,7,6,7,7,8,31,9,9,9,36,10,9,12,6,26,13,29,6,6,6,12,15,12,10,9,48,10,10,49,52,52,29,29,29,15,17,18,6,11,6,11,11,83,6,6,113,39,30,31,6,8,9,2,37,31,1,16,11,11,11,11,12,16,10,2,6,18,17,17,9,11,11,8,8,8,3,3,2,7,5,9,5,6,7,6,4,4,6,8,7,6,11,5,7,9,10,42,3,44,7,8,91,17,3,2,3,2,3,8,8,13,20,81,3,6,6,6,4,4,8,9,2,2,2,26,5,8,8,7,7,3,18,27,102,8,83,83,1,1,0,1,1,36,36,7,12,10,9,10,10,10,9,9,10,10,35,3,7,107,3,3,3,2,8,8,7,2,2,23,23,23,4,3,105,17,8,3,3,9,9,18,28,15,15,8,23,23,3,3,3,11,11,11,3,3,9,10,4,4,7,6,6,16,3,3,3,3,9,7,6,6,6,7,7,6,17,18,37,29,30,30,30,7,7,7,37,6,6,5,33,7,7,7,8,10,10,8,10,2,4,4,4,3,4,3,3,3,3,3,3,2,2,32,10,10,10,9,11,9,1,15,78,15,16,2,1,4,3,8,8,2,2,3,4,4,12,1,4,3,2,17,6,8,8,16,22,15,7,87,5,4,8,18,3,4,12,2,7,7,7,26,3,3,10
3,1,21,112,2,3,3,3,3,3,6,7,7,7,7,7,7,8,1,81,7,28,4,3,3,4,2,39,28,28,28,28,7,4,4,31,2,8,8,7,9,4,9,3,8,36,27,7,6,7,7,8,31,9,9,9,36,10,9,12,6,26,13,29,6,6,6,12,15,12,10,9,48,10,10,49,52,52,29,29,29,15,17,18,6,11,6,11,11,83,6,6,113,39,30,31,6,8,9,2,37,31,1,16,11,11,10,11,12,16,10,1,6,18,17,17,9,11,11,8,8,8,3,3,2,7,5,8,5,6,7,6,4,4,6,8,7,6,11,5,7,9,10,42,3,44,7,8,91,17,3,2,2,2,3,8,8,13,20,81,3,6,6,5,4,4,7,8,2,2,2,26,5,8,8,7,7,3,18,27,102,8,83,83,1,1,1,0,1,36,36,7,12,10,9,10,10,10,10,9,10,10,35,3,7,107,3,3,3,2,8,8,7,2,2,23,23,23,4,3,106,17,8,3,3,9,9,18,28,15,15,8,23,23,3,3,3,11,11,11,3,3,9,10,4,4,7,6,6,16,3,3,3,3,10,7,6,6,6,7,7,6,17,18,37,29,30,30,30,7,7,7,37,6,7,5,33,7,7,7,8,10,10,8,10,2,4,4,5,3,4,3,3,3,3,3,3,2,2,32,10,10,10,9,11,9,1,15,78,15,16,2,1,4,3,8,8,2,2,3,4,4,12,1,4,3,2,17,6,8,8,16,22,15,8,87,5,4,8,18,3,4,12,2,7,7,7,26,3,3,10
3,1,21,112,2,3,3,2,3,3,6,7,7,7,7,7,7,8,1,81,7,28,4,3,3,4,2,39,28,28,28,28,7,4,4,31,2,8,8,7,9,4,9,3,8,36,27,7,5,7,7,7,31,9,9,9,36,10,9,12,6,26,13,29,6,5,6,12,14,12,9,9,48,10,10,48,52,52,29,29,29,15,17,18,6,11,6,11,11,83,6,6,113,39,30,31,6,8,9,2,37,30,1,16,11,11,10,11,12,15,10,1,6,18,17,17,9,11,11,8,8,8,3,3,2,7,5,8,5,6,7,6,4,4,6,8,7,6,11,4,7,9,10,42,3,44,7,8,90,17,3,2,2,2,3,8,8,13,20,81,3,6,6,5,4,4,7,8,2,2,2,26,4,8,8,7,7,3,18,27,102,8,83,83,1,1,1,1,0,36,36,7,12,10,9,10,10,10,10,9,10,10,35,3,7,107,3,3,3,2,8,8,7,2,2,23,23,23,4,3,106,17,8,3,3,9,9,18,28,15,15,8,23,23,3,3,3,11,11,11,3,3,9,10,4,4,7,7,7,16,3,3,3,3,10,7,6,6,6,7,7,6,17,18,37,29,30,30,30,7,7,7,37,6,7,5,33,7,7,7,8,10,10,9,10,2,4,4,5,3,4,3,3,3,3,3,3,2,2,32,10,10,10,9,11,9,2,15,78,15,16,2,1,4,3,8,8,2,2,3,4,4,12,2,4,3,2,17,6,8,8,16,22,15,8,87,5,4,8,18,3,4,13,2,7,7,7,26,3,3,10
33,37,52,148,35,34,34,34,37,37,35,30,30,31,30,31,30,28,35,76,35,72,36,32,32,33,33,75,58,58,58,58,36,36,36,43,35,34,34,32,33,34,33,33,30,65,65,35,35,37,37,32,46,34,34,34,73,27,28,21,29,64,23,54,34,34,34,24,43,28,28,28,61,26,27,61,83,83,45,45,45,30,32,22,36,28,36,26,26,119,27,27,148,75,45,47,33,32,28,34,74,43,36,33,34,34,33,28,27,28,33,35,29,32,32,32,28,33,33,31,31,31,38,37,34,27,31,33,31,30,31,30,33,33,30,28,31,33,27,32,32,28,28,76,33,77,33,33,126,34,35,34,34,35,35,28,28,29,35,76,35,34,29,30,31,31,29,28,35,35,35,62,37,33,34,26,25,36,33,62,138,29,119,119,35,35,36,36,36,0,1,32,25,35,34,35,35,35,35,34,35,35,4,30,29,138,32,32,32,30,31,32,30,30,30,48,48,48,29,29,137,31,25,31,31,31,31,42,21,26,26,33,52,52,32,30,31,27,28,28,30,30,28,27,31,31,31,29,29,28,29,29,30,30,28,31,30,30,30,30,30,28,27,28,68,56,57,57,57,29,29,29,1,29,29,32,4,31,31,31,31,29,29,29,29,30,32,32,32,32,32,32,32,32,30,30,30,30,31,65,29,29,29,29,25,29,32,26,109,28,28,30,30,32,29,32,32,32,32,29,32,32,27,33,28,31,32,43,31,33,34,26,48,26,30,118,31,31,32,47,31,33,26,31,31,32,31,29,32,31,33
33,37,52,148,35,34,34,34,37,37,35,30,30,31,30,31,30,29,35,76,35,72,36,32,32,33,33,75,58,58,58,58,36,36,36,43,35,34,34,32,33,34,33,33,30,65,65,35,35,37,37,33,46,34,34,34,73,27,28,21,30,64,23,54,34,34,34,24,43,28,28,28,61,26,27,61,83,83,45,45,45,30,32,23,36,28,36,26,26,119,27,27,149,75,45,47,33,32,28,34,74,43,36,33,34,34,33,28,27,28,33,35,29,32,32,32,28,33,33,31,31,31,38,37,34,27,31,33,31,30,31,30,33,33,30,28,31,33,27,32,32,28,28,76,33,77,33,33,126,34,35,34,34,35,35,28,28,29,35,76,35,34,30,30,31,31,30,28,35,35,35,62,37,33,34,26,25,36,33,62,138,29,119,119,35,35,36,36,36,1,0,32,25,35,34,35,33,33,33,32,33,33,4,30,27,138,35,35,35,30,29,29,28,30,30,46,46,46,29,29,137,30,25,34,34,29,29,42,21,26,26,31,52,52,30,30,34,27,28,28,30,30,27,27,29,30,29,27,27,28,29,29,30,30,27,29,28,28,27,27,27,28,27,28,68,56,57,57,57,27,26,27,1,27,27,30,4,28,29,28,29,29,29,28,29,30,30,30,29,30,31,30,30,30,30,30,30,30,31,64,29,29,29,28,25,28,32,26,109,28,28,30,30,30,29,29,30,30,30,29,30,30,27,31,28,34,30,42,28,31,31,26,45,27,28,118,29,29,29,47,34,36,26,33,29,30,29,29,35,34,32
6,7,16,117,8,4,4,4,4,4,1,6,6,4,6,5,6,6,7,88,1,33,10,6,7,8,8,44,36,36,36,36,1,3,4,25,6,2,2,5,3,5,3,4,6,30,33,1,2,1,1,7,27,3,3,3,41,8,7,10,7,31,11,23,1,1,1,10,10,11,8,8,42,7,7,42,57,57,25,25,25,14,24,17,1,10,1,9,9,87,8,8,117,43,26,27,4,5,11,6,42,25,7,23,7,7,7,10,10,14,7,8,8,24,24,24,8,7,7,6,6,6,10,9,6,5,5,3,4,4,5,4,6,6,5,6,6,7,9,5,6,12,12,47,5,49,4,2,95,23,8,5,5,5,5,5,5,11,27,88,4,1,7,8,5,5,6,5,8,8,8,32,11,4,2,7,7,10,25,32,107,6,88,88,6,6,7,7,7,32,32,0,11,3,3,3,3,3,3,3,3,3,33,4,5,110,9,9,9,6,1,1,2,6,5,16,16,16,6,6,109,16,7,9,9,3,4,25,32,14,14,1,24,24,7,4,8,9,9,9,4,4,7,11,4,4,2,5,5,20,5,6,4,4,8,1,3,3,4,3,3,8,21,22,41,37,37,37,37,5,4,4,34,3,3,3,31,1,2,1,3,6,6,5,6,4,3,3,3,4,4,4,4,4,4,4,4,5,5,36,6,6,6,6,9,6,6,14,82,14,15,6,5,4,5,2,2,6,6,6,4,4,11,7,4,9,7,24,5,2,2,15,16,13,6,91,4,4,2,19,9,10,11,8,1,1,1,25,9,9,4
10,13,27,124,12,11,11,11,11,11,10,5,5,5,5,5,5,5,12,89,10,39,13,9,9,10,10,51,39,39,39,39,10,10,10,23,11,8,9,6,8,8,8,9,7,36,39,10,10,12,12,2,26,9,9,9,48,4,5,11,8,38,3,28,12,12,12,2,21,5,2,2,40,3,3,40,64,64,24,24,24,8,25,9,11,1,11,1,1,95,9,9,124,50,24,26,8,4,13,10,49,23,12,24,4,4,3,2,1,9,3,13,10,26,25,25,6,3,3,5,5,5,13,14,11,6,7,8,6,5,5,5,7,7,4,3,3,7,4,6,7,13,14,54,9,56,5,8,102,25,12,11,11,11,12,5,5,5,28,89,11,12,8,10,7,7,5,5,12,12,13,38,14,5,8,8,8,13,26,38,114,6,95,95,12,12,12,12,12,25,25,11,0,12,11,12,12,12,12,11,12,12,30,9,5,117,11,11,11,9,8,8,7,9,9,25,25,25,8,8,116,7,7,10,10,6,6,26,31,5,5,10,31,31,9,10,11,3,4,4,10,10,3,12,7,8,8,6,6,19,7,8,9,9,3,8,7,7,6,7,7,9,20,21,47,38,39,39,39,6,5,6,32,6,6,9,28,8,8,8,8,4,4,5,4,10,9,9,9,10,10,10,10,10,10,10,10,9,10,42,3,3,3,4,6,4,11,5,88,6,6,9,9,8,8,8,9,9,9,8,10,10,2,9,7,11,9,25,7,10,10,5,25,11,7,97,9,7,9,26,10,12,2,10,8,9,8,15,12,10,8
9,10,16,120,11,7,7,7,7,7,5,9,9,8,9,8,9,10,10,91,3,34,14,9,10,11,11,47,39,39,39,39,4,6,7,29,9,5,5,8,5,8,5,7,9,31,32,5,5,2,2,10,30,6,6,6,44,11,11,14,10,34,15,23,2,4,4,14,9,14,11,11,45,10,10,45,60,60,29,29,29,17,27,20,4,13,4,13,13,91,11,11,120,46,30,31,7,8,14,9,45,29,10,26,11,11,10,13,14,17,10,11,11,27,27,27,11,11,11,10,9,9,13,12,9,9,8,6,8,8,9,8,9,9,8,10,9,10,12,8,9,15,15,50,8,52,8,5,98,26,11,8,8,8,8,8,8,14,30,91,7,4,10,11,8,8,9,8,11,11,11,32,14,8,5,10,10,13,28,33,110,9,91,91,9,9,10,10,10,35,35,3,12,0,2,1,1,1,2,1,1,1,34,5,6,111,10,10,10,7,2,2,4,6,6,13,13,13,7,7,110,17,8,10,10,5,5,26,33,15,15,1,26,26,8,5,9,10,10,10,5,5,8,12,4,4,3,6,6,21,6,6,5,5,9,2,5,5,5,4,4,9,22,23,42,37,38,38,38,7,5,5,36,5,4,4,32,3,3,3,4,7,7,6,7,5,4,4,4,4,5,4,4,4,5,5,5,6,6,37,8,8,7,7,10,7,7,15,82,15,16,6,6,5,6,3,3,7,7,7,4,4,12,8,5,10,8,25,6,1,1,16,12,14,8,92,4,4,3,18,10,11,12,8,2,2,2,26,10,10,3
8,10,17,119,11,7,7,7,6,6,4,8,8,7,8,7,8,9,9,90,2,35,13,8,9,10,10,46,39,39,38,38,3,5,6,28,8,4,4,8,4,7,4,7,8,30,34,4,4,1,1,9,29,5,5,5,43,11,10,13,9,34,14,23,1,3,3,13,10,13,11,10,44,9,9,45,59,59,28,28,28,16,26,19,3,12,3,12,12,90,10,10,120,46,30,30,6,8,13,8,44,28,9,25,10,10,10,13,13,16,9,10,11,27,26,26,10,10,10,9,9,9,12,11,9,8,7,5,7,7,8,7,8,8,7,9,8,9,12,8,8,14,14,49,7,51,7,4,98,26,11,7,7,7,7,8,8,14,29,90,7,3,9,10,7,7,9,8,10,10,11,33,14,7,5,10,9,12,27,34,109,8,90,90,9,9,9,9,9,34,34,3,11,2,0,1,1,1,1,1,1,1,35,6,7,112,11,11,11,8,3,3,4,7,6,14,14,14,8,8,111,18,9,10,10,5,6,27,34,16,16,2,27,27,9,6,10,11,11,11,6,6,9,13,5,5,4,7,7,22,7,7,6,6,9,2,5,5,6,5,5,9,23,24,42,38,39,39,39,7,6,5,36,5,5,4,33,3,3,3,4,8,8,7,8,6,4,5,4,5,5,5,5,5,5,5,6,6,6,37,8,8,8,8,11,8,7,15,83,16,16,7,7,5,6,4,4,8,8,7,5,5,13,9,6,11,9,26,6,1,1,17,13,15,8,92,5,5,4,19,10,12,13,9,3,3,2,27,11,10,4
9,10,16,120,11,7,7,7,7,7,5,9,9,8,9,8,9,10,10,91,3,34,13,9,10,11,11,47,39,39,39,39,4,6,7,28,9,4,4,8,5,8,5,7,9,31,33,5,5,2,2,10,30,6,6,6,44,11,11,14,10,34,15,23,2,4,4,14,9,14,11,11,45,10,10,45,60,60,29,29,29,17,27,20,4,13,4,13,13,91,11,11,120,46,30,31,7,8,14,9,45,29,10,26,11,11,10,13,14,17,10,11,11,27,27,27,11,11,11,9,9,9,13,12,9,9,8,6,7,8,9,8,8,8,8,10,9,10,12,8,9,15,15,50,8,52,7,5,98,26,11,8,8,8,8,8,8,14,30,91,7,4,10,11,8,8,9,8,11,11,11,32,14,8,5,10,10,13,28,33,110,9,91,91,9,9,10,10,10,35,35,3,12,1,1,0,1,1,2,1,1,1,34,5,7,111,10,10,10,7,2,2,4,6,6,13,13,13,7,7,110,17,9,10,10,5,5,26,33,16,15,1,26,26,8,5,9,10,10,10,5,5,8,12,4,4,3,6,6,21,6,6,5,5,9,2,5,5,5,4,4,9,22,23,42,37,38,38,38,7,5,5,36,5,4,4,32,3,3,3,4,7,7,6,7,5,4,4,4,4,5,5,5,5,5,5,5,6,6,37,8,8,8,7,10,7,7,15,83,16,16,7,6,5,6,3,3,7,7,7,5,4,12,8,5,10,8,25,6,1,1,16,12,14,8,92,5,5,3,18,10,11,13,8,2,2,2,26,10,10,3
9,10,16,120,11,7,7,7,7,7,4,9,9,7,9,8,9,10,10,91,3,35,13,9,10,11,10,47,39,39,39,39,4,6,6,28,8,4,4,8,5,7,5,7,9,30,33,4,5,2,2,10,30,5,5,5,43,11,10,13,10,34,14,23,2,4,3,13,10,14,11,11,45,10,10,45,60,60,28,28,28,17,27,20,4,13,4,12,12,90,10,11,120,46,30,30,7,8,14,8,45,29,10,26,10,10,10,13,13,17,10,11,11,27,27,27,11,10,11,9,9,9,12,12,9,8,8,6,7,8,8,7,8,8,8,10,9,9,12,8,8,14,15,49,8,51,7,5,98,26,11,8,8,8,7,8,8,14,30,90,7,4,10,11,8,8,9,8,10,10,11,32,14,7,5,10,10,12,28,34,109,9,90,90,9,9,10,10,10,35,33,3,12,1,1,1,0,1,1,1,1,1,34,5,7,112,10,10,10,8,2,3,4,7,6,13,13,13,8,8,111,18,9,10,10,5,6,26,34,16,16,2,27,27,9,6,10,11,11,11,6,5,9,13,5,5,4,7,7,21,7,7,5,6,9,2,5,5,6,5,5,9,23,24,42,38,39,39,39,7,6,5,36,5,5,4,33,3,3,3,4,8,8,7,8,6,4,5,4,5,5,5,5,5,5,5,5,6,6,37,8,8,8,8,10,8,7,15,83,16,16,7,7,5,6,4,3,8,8,7,5,5,13,9,6,11,9,26,6,1,1,17,13,15,8,92,5,5,4,19,10,11,13,9,2,3,2,27,11,10,4
9,10,16,120,11,7,7,7,7,7,5,9,9,8,9,8,9,10,10,91,3,35,13,9,10,11,10,47,39,39,39,39,4,6,6,28,8,4,4,8,5,8,5,7,9,31,33,5,5,2,2,10,30,5,5,5,43,11,10,13,10,34,14,23,2,4,4,13,9,14,11,11,45,10,10,45,60,60,29,29,29,17,27,20,4,13,4,13,13,90,11,11,120,46,30,30,7,8,14,9,45,29,10,26,10,10,10,13,13,17,10,11,11,27,27,27,11,11,11,9,9,9,13,12,9,8,8,6,7,8,8,8,8,8,8,10,9,9,12,8,9,14,15,49,8,52,7,5,98,26,11,8,8,8,8,8,8,14,30,91,7,4,10,11,8,8,9,8,11,11,11,32,14,7,5,10,10,13,28,33,110,9,91,91,9,9,10,10,10,35,33,3,12,1,1,1,1,0,1,1,1,1,34,5,7,111,10,10,10,7,2,2,4,7,6,13,13,13,7,7,110,17,9,10,10,5,5,26,33,16,16,2,26,26,8,5,9,10,10,10,5,5,8,12,5,5,3,6,6,21,6,7,5,5,9,2,5,5,5,4,4,9,22,23,42,38,38,38,38,7,5,5,36,5,4,4,32,3,3,3,4,7,8,6,7,5,4,4,4,5,5,5,5,5,5,5,5,6,6,37,8,8,8,7,10,7,7,15,83,16,16,7,6,5,6,3,3,7,7,7,5,5,12,8,5,10,8,25,6,1,1,16,13,14,8,92,5,5,3,18,10,11,13,9,2,3,2,26,10,10,3
8,10,17,120,11,7,7,7,6,6,4,9,9,7,9,8,9,9,10,91,3,36,13,9,10,10,10,47,39,39,39,39,4,5,6,28,8,4,4,8,5,7,5,7,9,30,34,4,5,2,2,10,30,5,5,5,43,11,10,13,10,34,14,23,2,3,3,13,10,14,11,11,45,10,10,45,60,60,28,28,28,17,26,20,4,13,4,12,12,90,10,10,120,46,30,30,7,8,14,8,45,29,9,25,10,10,10,13,13,17,10,11,11,27,26,26,11,10,10,9,9,9,12,12,9,8,8,6,7,7,8,7,8,8,8,9,9,9,12,8,8,14,15,49,8,51,7,5,98,26,11,8,8,8,7,8,8,14,29,90,7,4,10,11,8,8,9,8,10,10,11,33,14,7,5,10,10,12,28,34,109,9,90,90,9,9,9,10,10,35,33,3,12,2,1,2,1,1,0,1,1,1,35,6,7,112,11,11,11,8,3,3,4,7,6,14,14,14,8,8,111,18,9,11,11,5,6,27,34,16,16,2,27,27,9,6,10,11,11,11,6,6,9,13,5,5,4,7,7,22,7,7,6,6,9,3,5,5,6,5,5,9,23,24,42,38,39,39,39,7,6,6,36,5,5,5,33,3,3,3,4,8,8,7,8,6,5,5,4,5,6,5,5,5,5,6,6,6,6,37,8,8,8,8,11,8,7,16,83,16,17,7,7,6,6,4,4,8,8,7,5,5,13,9,6,11,9,26,6,1,1,17,13,15,8,93,5,5,4,19,11,12,13,9,3,3,2,27,11,11,4
8,9,17,119,11,7,7,7,6,6,4,8,8,7,8,7,8,9,9,90,2,35,13,8,9,10,10,46,38,38,38,38,3,5,6,28,8,4,4,8,4,7,4,7,8,30,33,4,4,1,1,9,29,5,5,5,43,11,10,13,9,33,14,23,1,3,3,13,10,13,11,10,44,9,9,44,59,59,28,28,28,16,26,19,3,12,3,12,12,90,10,10,120,46,30,30,6,8,13,8,44,28,9,25,10,10,10,12,13,16,9,10,10,27,26,26,10,10,10,9,9,9,12,11,8,8,7,5,7,7,8,7,8,8,7,9,8,9,11,7,8,14,14,49,7,51,7,4,97,26,11,7,7,7,7,8,8,14,29,90,6,3,9,10,7,7,8,8,10,10,10,33,13,7,5,10,9,12,27,34,109,8,90,90,9,9,9,9,9,34,32,3,11,1,1,1,1,1,1,0,1,1,34,5,6,111,10,10,10,7,2,2,4,6,5,13,13,13,7,7,110,17,8,10,10,4,5,26,33,15,15,1,27,27,8,5,9,10,10,10,5,5,8,12,4,4,3,6,6,21,6,6,5,5,9,2,4,4,5,4,4,9,22,23,40,37,38,38,38,6,5,5,38,4,4,4,34,2,3,2,4,7,7,6,7,5,4,4,3,4,5,4,4,4,5,5,5,5,6,36,7,7,7,7,10,7,7,15,82,15,16,6,6,5,6,3,3,7,7,7,4,4,12,8,5,10,8,25,5,1,1,16,13,14,8,92,4,4,3,19,10,11,12,8,2,2,2,26,10,10,3
9,10,16,120,11,7,7,7,7,7,5,9,9,8,9,8,9,10,10,91,3,34,13,9,10,11,10,47,39,39,39,39,4,6,7,29,9,4,4,8,5,8,5,7,9,31,33,5,5,2,2,10,30,6,6,6,44,11,11,14,10,34,15,23,2,4,4,14,9,14,11,11,45,10,10,45,60,60,29,29,29,17,27,20,4,13,4,13,13,90,11,11,120,46,30,31,7,8,14,9,45,29,10,26,10,11,10,13,14,17,10,11,11,27,27,27,11,11,11,9,9,9,13,12,9,9,8,6,7,8,9,8,8,8,8,10,9,9,12,8,9,14,15,50,8,52,7,5,98,26,11,8,8,8,8,8,8,14,30,91,7,4,10,11,8,8,9,8,11,11,11,32,14,8,5,10,10,13,28,33,110,9,91,91,9,9,10,10,10,35,33,3,12,1,1,1,1,1,1,1,0,1,36,5,7,111,10,10,10,7,2,2,4,6,6,13,13,13,7,7,110,17,9,10,10,5,5,26,33,16,15,2,26,26,8,5,9,10,10,10,5,5,8,12,4,4,3,6,6,21,6,6,5,5,9,2,5,5,5,4,4,9,22,23,40,38,38,38,38,7,5,5,38,5,4,4,35,3,3,3,4,7,7,6,7,5,4,4,4,4,5,5,5,5,5,5,5,6,6,37,8,8,8,7,10,7,7,15,83,16,16,7,6,5,6,3,3,7,7,7,5,4,12,8,5,10,8,25,6,1,1,16,12,14,8,92,5,5,3,18,10,11,13,9,2,2,2,26,10,10,3
9,10,16,120,11,7,7,7,7,7,5,9,9,8,9,8,9,10,10,91,3,34,13,9,10,11,11,47,39,39,39,39,4,6,7,29,9,4,4,8,5,8,5,7,9,31,33,5,5,2,2,10,30,6,6,6,44,11,11,14,10,34,15,23,2,4,4,14,9,14,11,11,45,10,10,45,60,60,29,29,29,17,27,20,4,13,4,13,13,91,11,11,120,46,30,31,7,8,14,9,45,29,10,26,11,11,10,13,14,17,10,11,11,27,27,27,11,11,11,9,9,9,13,12,9,9,8,6,7,8,9,8,8,8,8,10,9,10,12,8,9,15,15,50,8,52,7,5,98,26,11,8,8,8,8,8,8,14,30,91,7,4,10,11,8,8,9,8,11,11,11,32,14,8,5,10,10,13,28,33,110,9,91,91,9,9,10,10,10,35,33,3,12,1,1,1,1,1,1,1,1,0,36,5,7,111,10,10,10,7,2,2,4,6,6,13,13,13,7,7,110,17,9,10,10,5,5,26,33,16,15,1,26,26,8,5,9,10,10,10,5,5,8,12,4,4,3,6,6,21,6,6,5,5,9,2,5,5,5,4,4,9,22,23,40,37,38,38,38,7,5,5,38,5,4,4,35,3,3,3,4,7,7,6,7,5,4,4,4,4,5,5,5,5,5,5,5,6,6,37,8,8,8,7,10,7,7,15,83,16,16,7,6,5,6,3,3,7,7,7,5,4,12,8,5,10,8,25,6,1,1,16,12,14,8,92,5,5,3,18,10,11,13,8,2,2,2,26,10,10,3
33,36,51,147,34,33,33,33,36,36,34,29,29,31,30,30,30,28,34,75,34,70,35,31,32,32,32,74,57,57,57,57,35,35,35,43,34,33,33,32,32,33,32,32,29,65,65,34,35,36,36,27,46,33,33,33,71,26,27,20,29,62,22,53,33,33,33,23,42,27,27,27,61,26,26,61,81,81,45,45,45,30,30,22,32,27,32,25,25,117,26,26,147,74,45,47,33,31,27,33,73,43,35,31,28,28,28,27,26,27,28,34,28,31,30,30,27,28,28,30,30,30,35,37,33,26,32,32,30,29,30,29,32,32,29,28,30,32,26,31,31,27,27,75,32,76,32,32,125,33,34,33,33,34,34,28,28,28,34,75,34,34,29,29,30,30,29,28,35,35,34,61,37,32,33,25,24,35,32,61,137,29,118,118,35,35,35,35,35,4,4,33,30,34,35,34,34,34,35,34,36,36,0,30,29,136,32,32,32,31,32,32,31,30,31,49,49,49,30,30,134,30,26,31,31,32,32,40,20,26,27,34,62,62,32,31,32,28,28,29,31,31,28,27,31,32,32,30,30,27,29,29,30,30,28,32,30,30,30,30,30,28,28,27,65,53,54,54,54,30,29,29,4,29,30,32,4,31,31,31,32,29,29,29,29,31,32,32,32,32,33,32,32,32,31,31,31,31,31,62,29,29,29,29,26,29,32,27,107,28,29,30,31,32,30,32,32,33,33,29,32,32,27,33,29,31,33,40,31,34,34,26,48,26,30,116,32,31,32,48,31,33,26,34,32,32,32,25,32,31,34
2,4,19,115,5,1,1,1,1,1,4,6,6,5,6,5,6,7,4,83,5,30,7,3,3,4,4,42,33,33,33,33,5,2,2,29,2,6,6,5,7,2,7,1,6,34,29,5,3,5,5,6,29,7,7,7,39,8,7,11,4,29,11,27,4,3,4,10,12,11,8,8,44,8,8,44,55,55,27,27,27,14,19,17,4,10,4,9,9,86,5,5,115,41,28,29,4,6,7,2,40,29,3,18,8,9,8,10,10,14,8,5,5,20,19,19,8,9,9,6,6,6,7,6,3,5,3,6,4,4,5,4,2,2,5,7,6,5,9,3,5,8,8,45,1,47,5,6,93,19,5,1,2,2,2,6,6,11,22,83,1,4,4,4,3,3,6,6,4,4,5,28,8,6,6,5,6,7,20,28,105,7,86,86,3,3,3,3,3,30,30,4,9,5,6,5,5,5,6,5,5,5,30,0,5,107,5,5,5,3,5,5,4,2,1,20,20,20,4,4,106,16,7,5,5,6,6,22,30,14,14,5,23,23,4,1,5,10,10,10,1,1,7,9,2,2,4,5,5,18,3,3,1,1,8,4,4,4,4,5,5,6,19,20,36,33,34,34,34,5,5,5,36,5,5,2,34,4,4,4,5,8,8,7,8,1,1,1,2,1,1,1,1,1,1,1,1,1,1,33,8,8,8,7,10,7,2,13,79,14,14,2,2,1,2,5,5,3,3,3,1,1,11,4,2,5,4,21,4,5,5,15,19,14,6,88,3,2,5,18,5,6,11,4,4,4,4,25,5,5,7
4,8,21,119,7,5,5,5,5,5,5,2,2,2,3,2,3,3,6,84,7,35,9,4,4,5,5,46,33,33,33,33,5,5,5,25,6,6,6,2,7,3,7,4,3,36,34,4,5,6,6,3,28,7,7,7,42,5,4,7,3,33,8,29,6,6,6,7,15,7,5,4,43,4,4,43,59,59,26,26,27,10,20,13,5,6,5,6,6,89,4,4,119,45,27,28,3,3,8,5,44,25,7,19,5,5,5,7,7,11,5,7,5,21,20,20,4,5,5,3,3,3,8,8,5,2,2,6,1,1,2,1,2,2,1,3,2,2,6,1,1,8,9,48,4,51,2,6,97,20,7,5,5,6,6,4,4,8,23,84,6,6,3,5,2,2,3,5,7,7,7,34,10,4,5,4,4,8,21,34,109,3,90,90,6,6,7,7,7,29,27,5,5,6,7,7,7,7,7,6,7,7,29,5,0,111,7,7,7,4,4,4,3,4,4,20,20,20,4,3,110,12,4,6,6,4,4,25,29,10,10,5,27,27,4,4,6,5,5,5,4,4,3,8,2,3,4,2,2,16,3,3,4,4,4,4,1,1,1,2,2,4,18,19,40,37,38,38,38,2,2,2,34,2,2,3,30,3,4,3,4,4,4,3,4,4,3,3,3,4,4,4,4,4,4,4,4,5,5,36,4,4,4,3,5,3,6,9,82,10,10,4,4,3,4,4,4,4,4,3,4,4,7,5,2,6,4,25,2,6,6,11,20,10,2,91,3,2,4,25,6,8,7,5,4,4,4,20,7,6,7
109,105,110,9,107,108,108,108,107,108,110,113,113,112,113,113,113,114,107,124,112,93,106,109,108,110,108,78,102,102,102,102,111,108,109,135,108,113,113,112,113,110,113,109,114,126,97,111,110,111,111,113,138,113,113,113,87,115,115,118,111,88,119,119,111,110,110,118,110,119,116,116,153,115,115,153,75,75,137,137,137,122,113,125,111,118,111,117,117,57,112,112,97,88,137,138,111,113,114,108,85,136,107,114,115,115,115,118,118,121,115,107,112,113,112,112,115,115,115,113,113,113,106,106,107,113,110,113,111,112,112,111,110,110,112,115,113,112,116,110,112,114,115,85,108,87,112,113,25,111,108,108,108,108,107,113,113,119,110,124,107,109,111,110,110,110,113,113,108,108,107,96,105,112,112,112,113,106,111,97,26,114,57,57,106,106,107,107,107,138,138,110,117,111,112,111,112,111,112,111,111,111,136,107,111,0,109,109,109,111,115,115,115,112,112,114,114,114,113,112,1,126,118,110,110,116,116,99,128,125,124,115,95,95,112,111,110,121,120,120,111,111,118,119,113,114,115,115,115,113,113,113,113,113,119,114,115,115,114,116,116,116,112,113,83,107,107,107,107,116,116,115,147,115,115,113,144,114,114,114,115,118,119,117,118,111,112,112,112,112,111,112,112,112,112,112,111,110,111,83,119,119,119,117,120,117,109,124,52,125,125,112,111,113,113,115,116,111,111,113,112,112,121,111,114,110,112,98,114,115,116,125,113,126,117,99,113,113,115,105,110,108,122,110,115,114,115,135,109,110,118
5,3,24,112,3,5,5,5,5,5,8,8,8,8,9,8,9,9,4,81,10,26,1,4,4,5,3,39,26,26,25,25,10,6,7,31,5,11,11,8,11,6,12,5,9,39,26,10,8,10,10,9,34,12,12,12,35,11,10,13,7,26,14,32,9,8,9,13,14,13,11,10,49,10,10,49,52,52,33,33,33,16,16,19,9,12,9,12,12,82,8,8,112,38,33,35,7,9,7,4,37,31,3,15,11,11,11,13,13,17,11,3,7,17,17,17,10,11,11,9,9,9,1,1,3,8,6,11,6,7,8,7,5,5,7,9,8,7,12,6,8,8,8,41,5,43,8,11,90,16,3,5,5,5,5,10,10,14,19,80,5,8,7,5,6,6,9,11,3,3,3,25,1,10,11,8,9,1,18,25,101,9,82,82,4,4,3,3,3,32,35,9,11,10,11,10,10,10,11,10,10,10,32,5,7,109,0,1,1,4,11,11,10,5,6,26,26,26,6,6,104,20,9,2,2,12,12,16,27,18,18,11,24,25,5,6,1,12,12,12,6,6,11,11,7,7,10,10,10,15,6,6,7,7,12,10,9,9,9,10,10,7,16,17,34,27,28,28,28,10,10,10,38,10,10,8,35,10,10,10,11,12,12,11,12,6,7,7,8,7,7,6,6,6,6,6,6,5,6,31,13,13,13,11,12,11,4,17,76,18,18,5,5,7,6,11,12,4,4,6,7,7,15,4,7,2,4,15,9,11,11,19,25,17,9,86,8,7,11,19,2,1,15,3,10,10,10,29,1,2,13
5,3,24,112,3,5,5,5,5,5,9,8,8,8,9,8,9,9,4,81,10,26,1,4,4,5,3,39,26,26,25,25,10,7,7,31,5,11,11,8,12,6,12,5,9,39,26,10,8,10,10,9,34,12,12,12,35,11,10,13,7,26,14,32,9,8,9,13,14,13,11,10,49,10,10,49,52,52,33,33,33,17,17,19,9,12,9,12,12,82,8,8,112,38,33,35,8,9,7,4,37,31,3,16,11,11,11,13,13,17,11,3,7,17,17,17,10,11,11,9,9,9,1,1,3,8,6,11,6,7,8,7,5,5,7,9,8,7,12,6,8,8,8,41,5,43,8,11,90,16,3,5,5,5,5,10,10,14,20,80,5,8,7,5,6,6,9,11,3,3,3,25,1,11,11,8,9,1,18,25,101,9,82,82,4,4,3,3,3,32,35,9,11,10,11,10,10,10,11,10,10,10,32,5,7,109,1,0,1,4,11,11,10,5,6,26,26,26,6,6,104,20,9,2,2,12,12,16,27,18,18,11,24,25,5,6,1,12,12,12,6,6,11,11,7,7,10,10,10,15,6,6,7,7,12,10,9,9,9,10,10,7,16,17,34,27,28,28,28,10,10,10,38,10,10,8,35,10,10,10,11,12,12,11,12,6,7,7,8,7,7,6,6,6,6,6,6,5,6,31,13,13,13,11,12,11,4,17,76,18,18,5,5,7,6,11,12,4,4,6,7,7,15,4,7,2,4,15,9,11,11,19,25,17,9,86,8,7,11,19,2,1,15,4,10,10,10,29,1,2,13
5,3,24,112,3,5,5,5,5,5,9,8,8,8,9,8,9,9,4,81,10,26,1,4,4,5,3,39,26,26,25,25,10,7,7,31,5,11,11,8,11,6,12,5,9,39,26,10,8,10,10,9,34,12,12,12,35,11,10,13,7,26,14,32,9,8,9,13,14,13,11,10,49,10,10,49,52,52,33,33,33,17,17,19,9,12,9,12,12,82,8,8,112,38,33,35,7,9,7,4,37,31,3,16,11,11,11,13,13,17,11,3,7,17,17,17,10,11,11,9,9,9,1,1,3,8,6,11,6,7,8,7,5,5,7,9,8,7,12,6,8,8,8,41,5,43,8,11,90,16,3,5,5,5,5,10,10,14,19,80,5,8,7,5,6,6,9,11,3,3,3,25,1,11,11,8,9,1,18,25,101,9,82,82,4,4,3,3,3,32,35,9,11,10,11,10,10,10,11,10,10,10,32,5,7,109,1,1,0,4,11,11,10,5,6,26,26,26,6,6,104,20,9,2,2,12,12,16,27,18,18,11,24,25,5,6,1,12,12,12,6,6,11,11,7,7,10,10,10,15,6,6,7,7,12,10,9,9,9,10,10,7,16,17,34,27,28,28,28,10,10,10,38,10,10,8,35,10,10,10,11,12,12,11,12,6,7,7,8,7,7,6,6,6,6,6,6,5,6,31,13,13,13,11,12,11,4,17,76,18,18,5,5,7,6,11,12,4,4,6,7,7,15,4,7,2,4,15,9,11,11,19,25,17,9,86,8,7,11,19,2,1,15,4,10,10,10,29,1,2,13
2,3,21,114,2,3,3,3,3,3,6,6,6,5,6,5,6,7,1,82,7,29,5,1,1,3,1,41,28,28,28,28,7,4,4,28,2,8,8,5,9,3,9,2,6,36,29,7,6,7,7,6,31,9,9,9,37,8,7,11,4,28,11,29,6,6,6,10,15,11,8,8,46,8,8,46,54,54,30,30,30,14,18,17,6,10,6,9,9,84,5,5,114,40,30,32,4,6,7,1,39,29,1,17,9,9,9,10,10,14,8,2,4,18,18,18,8,8,8,6,6,6,4,3,1,6,4,9,4,4,5,4,2,2,5,7,6,5,9,3,5,8,8,43,2,46,5,8,92,17,2,2,3,2,3,7,7,11,21,81,3,6,4,4,3,3,6,8,1,1,2,28,5,7,8,5,6,4,19,28,104,6,85,85,2,2,2,2,2,30,30,6,9,7,8,7,8,7,8,7,7,7,31,3,4,111,4,4,4,0,8,8,7,2,2,23,23,23,3,2,106,16,7,2,2,9,9,18,28,15,15,8,23,23,2,3,3,10,10,10,3,3,8,9,4,4,7,7,7,15,2,2,3,3,9,7,6,6,6,7,7,5,17,18,36,29,30,30,30,7,6,7,36,6,7,5,32,7,7,7,8,9,9,7,9,2,4,4,5,3,4,3,3,3,3,3,3,2,3,32,9,9,9,8,10,8,2,14,78,15,15,2,2,4,3,8,8,1,1,2,4,4,11,1,3,3,1,17,6,8,8,15,22,15,7,88,5,4,8,18,2,4,12,2,7,7,7,25,3,2,10
7,8,17,118,9,5,5,5,5,5,1,5,5,4,5,4,5,6,8,89,1,34,11,7,8,9,8,45,37,37,37,37,1,4,4,25,6,2,2,5,2,5,2,5,5,31,34,1,2,2,2,6,26,2,2,2,41,8,7,10,7,32,11,24,1,1,1,10,10,10,8,7,42,6,6,42,58,58,24,24,24,13,25,16,1,9,1,9,9,88,8,8,118,44,25,26,4,5,12,6,43,24,7,24,7,7,7,9,10,13,6,9,9,25,25,25,7,7,7,6,6,6,10,10,7,5,5,2,4,4,5,4,6,6,4,6,5,6,9,5,6,12,13,47,6,49,4,2,96,24,9,6,6,6,5,5,5,11,28,88,5,2,7,8,5,5,6,5,8,8,9,32,12,4,2,7,6,10,25,33,107,5,88,88,7,7,8,8,8,31,29,1,8,2,3,2,2,2,3,2,2,2,32,5,4,115,11,11,11,8,0,1,3,6,6,17,17,17,7,7,110,15,8,10,10,3,4,26,33,13,13,2,25,25,8,5,9,9,10,10,5,5,7,12,4,4,2,6,6,21,6,6,5,5,8,1,4,4,4,4,4,9,23,24,40,37,38,38,38,6,4,4,35,4,4,4,31,2,1,2,2,7,7,6,7,5,4,4,3,4,5,4,4,4,5,5,5,6,6,37,7,7,7,7,9,7,7,13,82,13,14,6,6,5,6,2,1,7,7,7,4,4,10,8,5,10,8,25,5,2,2,14,17,14,7,92,4,4,2,22,10,11,10,8,1,2,1,24,10,10,3
7,8,17,118,9,5,5,5,5,5,1,5,5,4,6,4,5,6,8,89,1,34,11,7,8,9,8,45,37,37,37,37,1,4,4,25,6,2,2,5,2,6,2,5,5,31,34,1,2,2,2,6,26,2,2,2,41,8,7,10,7,32,11,24,1,2,2,10,11,10,8,7,42,6,6,42,58,58,25,25,25,14,25,16,1,9,1,9,9,88,8,8,118,44,25,26,4,5,12,6,43,26,8,24,7,7,7,10,10,13,6,9,9,25,25,25,7,7,7,6,6,6,11,10,7,5,5,2,4,4,5,4,6,6,4,6,5,6,9,5,6,12,13,47,6,50,4,2,96,24,9,6,6,6,6,5,5,11,28,89,5,2,7,9,5,5,6,5,8,8,9,33,12,4,2,7,6,11,25,33,108,6,88,89,7,7,8,8,8,32,29,1,8,2,3,2,3,2,3,2,2,2,32,5,4,115,11,11,11,8,1,0,3,6,5,17,17,17,7,7,110,15,8,10,10,3,4,26,33,13,13,2,25,25,8,5,9,9,9,10,5,5,7,12,4,4,1,6,6,21,6,6,5,5,8,1,4,4,4,4,4,8,23,24,40,37,38,38,38,6,4,4,35,4,3,4,31,2,1,2,2,7,7,6,6,5,4,4,3,4,5,4,4,4,5,5,5,5,5,36,7,7,7,7,9,7,6,13,82,13,14,6,6,5,5,1,1,7,7,7,4,4,10,8,5,10,8,25,5,2,2,14,16,14,7,92,4,4,2,22,10,11,10,8,1,2,1,24,10,10,3
6,8,18,117,9,5,5,5,4,4,2,4,4,3,4,3,4,5,7,87,4,39,11,6,7,8,8,44,37,37,36,36,3,3,4,24,6,4,4,4,4,4,4,5,4,33,33,1,2,3,3,5,26,4,4,4,41,7,6,9,6,31,10,26,3,3,3,9,12,9,7,6,40,5,5,41,57,57,24,24,24,12,23,15,2,8,2,8,8,88,7,7,118,44,25,26,3,4,11,6,42,24,7,22,6,6,6,8,9,12,5,8,8,23,23,23,6,6,6,5,5,5,10,9,7,4,4,3,3,3,4,3,5,5,3,5,4,5,8,4,5,11,12,47,5,49,3,4,96,22,9,5,5,5,5,4,4,10,26,86,5,3,6,7,4,4,4,4,8,8,8,32,12,3,3,6,5,10,24,32,107,4,88,88,7,7,7,7,7,30,28,2,7,4,4,4,4,4,4,4,4,4,31,4,3,115,10,10,10,7,3,3,0,6,5,18,18,18,7,6,110,15,6,9,9,2,3,26,32,13,13,3,25,26,7,5,9,8,8,8,5,5,6,11,4,4,1,4,4,20,6,6,5,5,6,1,2,2,3,2,2,8,21,22,40,37,38,38,38,4,3,2,36,2,2,4,32,1,1,1,2,5,5,4,5,5,4,4,3,4,5,4,4,4,5,5,5,5,5,36,5,5,5,5,8,5,6,12,82,13,14,6,6,5,5,2,2,7,7,6,4,4,10,8,5,9,8,25,5,3,3,14,17,12,5,92,4,4,1,23,9,11,10,8,1,1,1,24,10,9,4
1,3,21,115,3,2,2,2,2,2,5,6,6,5,6,5,6,7,2,83,7,29,6,1,2,3,3,42,29,29,29,29,6,3,3,28,1,8,8,5,8,2,8,1,6,36,29,6,5,6,6,6,31,8,8,8,39,8,7,10,4,29,11,28,6,5,5,10,14,11,8,8,46,7,7,46,55,55,30,29,30,14,19,17,6,10,6,9,9,85,5,5,115,41,30,32,4,6,7,1,40,28,2,18,9,9,8,10,10,14,8,3,4,20,19,19,8,8,8,6,6,6,5,4,1,5,3,8,3,4,5,4,2,2,4,6,6,4,9,3,5,8,8,45,1,47,5,8,93,19,3,1,2,1,2,8,8,11,22,83,2,5,4,4,3,3,6,8,3,3,3,28,6,7,8,5,6,5,20,28,105,6,86,86,2,2,2,2,2,30,30,6,9,6,7,6,7,7,7,6,6,6,30,2,4,112,5,5,5,2,6,6,6,0,1,21,21,21,3,3,106,16,6,4,4,7,7,22,29,14,14,6,23,23,3,1,4,10,10,10,1,1,7,9,2,2,5,5,5,17,2,2,1,2,8,5,4,4,4,5,5,5,19,20,36,33,34,34,34,5,5,5,35,5,5,3,32,5,5,5,6,8,8,7,8,1,2,2,3,2,2,1,1,1,1,1,1,1,1,33,8,8,8,7,10,7,2,13,79,14,14,1,1,2,1,6,7,2,2,3,2,2,11,3,2,5,3,21,4,6,6,15,20,14,6,88,3,2,6,18,4,6,11,3,5,5,5,25,5,4,8
2,3,20,115,4,1,1,1,1,1,4,6,6,5,6,5,6,7,2,84,6,29,6,1,2,3,3,42,30,30,30,30,6,2,2,29,1,7,7,5,7,3,7,2,7,35,29,5,4,5,5,6,30,7,7,7,38,8,8,11,4,29,11,28,5,4,4,10,13,11,8,8,44,8,9,45,55,55,28,28,28,14,19,17,5,10,5,10,10,85,5,5,115,41,29,30,4,6,7,1,40,30,2,18,9,9,9,10,10,14,9,4,5,20,19,19,8,8,8,6,6,6,5,5,2,6,4,7,4,4,5,4,3,3,5,7,6,5,9,3,6,8,8,44,1,47,6,7,93,19,4,1,1,1,1,7,7,11,22,83,1,4,4,4,3,3,6,7,3,3,4,28,7,6,7,5,6,5,21,28,105,7,85,86,2,2,2,2,2,30,30,5,9,6,6,6,6,6,6,5,6,6,31,1,4,112,6,6,6,2,6,5,5,1,0,21,21,21,4,3,106,16,7,5,5,7,7,22,30,15,15,5,23,23,3,1,4,11,10,10,1,1,8,10,3,3,5,5,5,18,3,3,2,2,9,5,5,5,5,6,6,6,20,21,36,33,34,34,34,6,6,5,36,5,5,3,32,5,5,5,6,9,9,7,9,1,2,2,2,1,2,1,1,1,1,1,1,1,1,32,9,9,9,8,10,7,2,14,78,15,15,1,1,2,2,6,6,3,2,3,1,1,11,3,3,5,4,21,5,6,6,16,20,15,7,88,4,3,6,17,5,6,12,3,5,4,5,25,5,5,8
22,23,2,116,24,20,20,20,20,20,18,22,22,21,22,21,22,23,23,102,16,21,26,22,23,24,23,43,48,48,48,48,16,19,20,35,22,17,17,21,17,21,18,20,22,16,19,18,18,14,14,23,37,18,18,18,33,24,23,26,23,30,27,9,15,17,17,26,10,27,24,24,51,23,23,51,45,45,35,35,35,30,40,33,17,26,17,26,26,87,24,24,109,36,36,37,20,21,27,22,35,35,23,39,23,23,23,26,26,30,23,24,24,40,40,40,24,24,24,22,22,22,26,25,22,21,21,19,20,21,22,21,21,21,21,23,22,22,25,21,22,27,28,37,21,37,20,18,95,39,24,21,21,21,21,21,21,27,43,102,20,16,23,24,21,21,22,21,24,24,24,21,26,20,18,23,23,24,39,22,106,22,87,87,22,22,23,23,23,48,46,16,25,13,14,13,13,13,14,13,13,13,49,20,20,114,26,26,26,23,17,17,18,21,21,0,8,8,25,25,112,36,26,27,27,23,24,44,52,34,34,20,20,20,26,23,27,29,29,29,23,23,27,30,22,22,22,24,24,40,24,24,23,23,27,21,23,23,23,23,23,26,42,43,34,52,53,53,53,24,24,23,54,23,23,21,53,21,22,21,22,26,26,25,26,23,21,22,21,22,22,22,22,22,22,22,23,23,23,32,26,26,26,26,28,26,24,33,84,34,34,24,24,22,23,22,22,25,25,24,22,22,31,26,23,28,26,43,23,19,19,35,2,33,25,81,22,22,22,12,27,29,31,26,21,21,20,45,28,27,22
22,23,2,116,24,20,20,20,20,20,18,22,22,21,22,21,22,23,23,102,16,21,26,22,23,24,23,43,48,48,48,48,16,19,20,35,22,17,17,21,17,21,18,20,22,16,19,18,18,14,14,23,37,18,18,18,33,24,23,26,23,30,27,9,15,17,17,26,10,27,24,24,51,23,23,51,45,45,35,35,35,30,40,33,17,26,17,26,26,87,24,24,109,36,36,37,20,21,27,22,35,35,23,39,23,23,23,26,26,30,23,24,24,40,40,40,24,24,24,22,22,22,26,25,22,21,21,19,20,21,22,21,21,21,21,23,22,22,25,21,22,27,28,37,21,37,20,18,95,39,24,21,21,21,21,21,21,27,43,102,20,16,23,24,21,21,22,21,24,24,24,21,26,20,18,23,23,24,39,22,106,22,87,87,22,22,23,23,23,48,46,16,25,13,14,13,13,13,14,13,13,13,49,20,20,114,26,26,26,23,17,17,18,21,21,8,0,22,25,25,112,36,26,27,27,23,24,44,52,34,34,20,20,20,26,23,27,29,29,29,23,23,27,30,22,22,22,24,24,40,24,24,23,23,27,21,23,23,23,23,23,26,42,43,34,52,53,53,53,24,24,23,54,23,23,21,53,21,22,21,22,26,26,25,26,23,21,22,21,22,22,22,22,22,22,22,23,23,23,32,26,26,26,26,28,26,24,33,84,34,34,24,24,22,23,22,22,25,25,24,22,22,31,26,23,28,26,43,23,19,19,35,2,33,25,81,22,22,22,12,27,29,31,26,21,21,20,45,28,27,22
22,23,2,116,24,20,20,20,20,20,18,22,22,21,22,21,22,23,23,102,16,21,26,22,23,24,23,43,48,48,48,48,16,19,20,35,22,17,17,21,17,21,18,20,22,16,19,18,18,14,14,23,37,18,18,18,33,24,23,26,23,30,27,9,15,17,17,26,10,27,24,24,51,23,23,51,45,45,35,35,35,30,40,33,17,26,17,26,26,87,24,24,109,36,36,37,20,21,27,22,35,35,23,39,23,23,23,26,26,30,23,24,24,40,40,40,24,24,24,22,22,22,24,25,22,21,21,19,20,21,22,21,21,21,21,23,22,22,25,21,22,27,28,37,21,37,20,18,95,39,24,21,21,21,21,21,21,27,43,102,20,16,23,24,21,21,22,21,24,24,24,21,26,20,18,23,23,24,39,22,106,22,87,87,22,22,23,23,23,48,46,16,25,13,14,13,13,13,14,13,13,13,49,20,20,114,26,26,26,23,17,17,18,21,21,8,22,0,25,25,112,36,26,27,27,23,24,44,52,34,34,20,20,20,26,23,27,29,29,29,23,23,27,30,22,22,22,24,24,40,24,24,23,23,27,21,23,23,23,23,23,26,42,43,34,52,53,53,53,24,24,23,54,23,23,21,53,21,22,21,22,26,26,25,26,23,21,22,21,22,22,22,22,22,22,22,23,23,23,32,26,26,26,26,28,26,24,33,84,34,34,24,24,22,23,22,22,25,25,24,22,22,31,26,23,28,26,43,23,19,19,35,2,33,25,81,22,22,22,12,27,29,31,26,21,21,20,45,28,27,22
1,5,21,116,4,3,3,3,4,4,6,5,5,5,5,5,5,6,3,83,7,31,6,1,1,2,2,43,30,30,30,30,7,4,3,28,3,9,9,5,9,2,9,2,5,37,32,6,6,7,7,5,31,9,9,9,40,8,7,10,4,30,11,29,7,6,6,10,15,10,7,7,45,7,7,46,56,56,29,30,29,13,19,16,6,9,6,9,9,86,4,4,116,42,29,31,4,6,6,2,41,28,4,18,8,8,8,9,10,13,8,4,4,19,19,19,7,8,8,6,6,6,5,5,2,5,3,8,3,4,5,4,2,2,4,6,5,4,9,3,5,7,8,46,2,48,5,8,94,18,4,3,3,4,4,7,7,11,21,82,4,6,4,3,3,3,5,8,4,4,4,31,7,7,8,5,5,5,20,31,106,6,87,87,4,4,4,4,4,29,29,6,8,7,8,7,8,7,8,7,7,7,30,4,4,113,6,6,6,3,7,7,7,3,4,25,25,25,0,1,108,15,6,4,4,7,7,19,29,13,13,7,24,25,2,3,4,9,9,9,3,3,6,8,2,3,6,5,5,16,1,1,2,2,7,6,4,4,4,6,6,4,18,19,38,31,32,32,32,5,5,5,35,5,5,4,31,6,6,6,7,7,8,6,7,2,3,3,4,3,4,3,3,3,2,3,3,2,3,34,8,8,8,6,9,6,4,13,80,13,14,2,2,3,2,7,7,2,2,1,3,3,10,3,2,4,3,18,4,7,7,14,21,13,5,89,4,2,7,19,4,6,10,3,6,6,6,24,5,4,9
1,4,21,115,4,3,3,3,4,4,6,5,5,4,5,5,5,6,3,83,7,30,5,1,1,2,2,42,30,30,30,30,7,3,3,28,2,8,8,4,9,2,9,2,5,36,32,6,6,7,7,5,31,9,9,9,39,8,7,10,4,29,11,29,7,6,6,10,15,10,7,7,45,7,7,45,55,55,29,29,29,13,18,16,6,9,6,9,9,86,4,4,116,42,29,31,4,6,6,2,40,28,3,17,8,8,8,9,10,13,8,4,4,19,18,18,7,8,8,6,6,6,5,5,2,5,3,8,3,4,4,4,2,2,4,6,5,4,9,2,4,7,7,45,1,47,5,8,93,18,3,2,3,3,4,6,6,10,21,82,3,6,4,3,2,2,5,7,3,3,4,31,6,7,8,5,5,5,19,31,105,5,86,86,3,3,3,3,3,29,29,6,8,7,8,7,8,7,8,7,7,7,30,4,3,112,6,6,6,2,7,7,6,3,3,25,25,25,1,0,107,16,6,3,3,8,8,18,28,14,14,7,24,24,2,3,3,10,10,10,3,3,7,8,3,3,7,6,6,16,2,2,3,3,8,7,5,5,5,6,7,4,17,18,37,30,31,31,31,6,6,6,35,6,6,5,32,6,7,6,8,8,8,7,8,2,4,3,4,3,3,3,3,3,2,2,2,2,2,33,9,9,8,7,9,7,3,13,79,14,14,2,1,4,2,8,8,1,1,2,3,3,11,2,3,3,2,17,5,8,8,15,22,14,6,88,5,3,7,19,3,5,11,2,7,6,7,25,4,3,10
107,104,109,10,106,107,107,107,106,106,109,112,112,111,112,111,112,113,106,123,110,92,105,107,107,109,107,77,101,101,101,101,110,107,108,134,107,111,111,111,112,108,112,107,112,125,96,110,109,110,110,112,137,112,112,112,86,114,113,117,110,87,118,118,110,109,109,117,109,117,115,114,152,114,113,152,74,74,135,135,135,121,111,124,109,116,109,116,116,56,111,111,96,87,136,137,110,112,113,106,84,134,106,112,114,114,114,117,117,120,113,105,110,112,111,111,114,114,114,112,112,112,105,105,106,111,109,112,110,110,111,110,108,108,111,113,112,111,115,109,111,113,114,84,107,86,111,112,24,110,107,107,107,106,106,112,112,118,109,122,106,108,110,109,109,109,112,112,106,106,106,95,104,111,111,111,112,105,110,95,28,113,56,56,105,105,105,106,106,137,137,109,116,110,111,110,111,110,111,110,110,110,134,106,110,1,104,104,104,106,110,110,110,106,106,112,112,112,108,107,0,128,119,112,112,118,118,101,130,126,126,117,96,96,114,113,111,122,122,122,113,113,119,121,115,115,116,117,117,115,114,114,114,114,120,116,116,116,116,117,117,117,113,114,85,108,109,109,109,117,117,117,148,117,117,114,145,116,116,116,117,120,120,119,120,113,113,114,113,113,113,113,113,113,113,113,113,111,113,84,120,120,120,119,121,119,111,125,53,126,126,114,112,114,114,117,117,113,113,114,114,114,123,112,115,112,113,100,116,117,117,127,115,127,118,100,115,115,117,106,112,110,123,112,116,115,116,137,110,112,119
15,18,32,129,17,16,16,16,16,16,15,10,10,10,10,10,10,10,17,94,15,44,20,14,14,15,15,56,44,44,44,44,15,15,15,16,16,13,13,11,14,13,13,14,12,39,44,15,15,17,17,7,20,14,14,14,53,11,10,16,13,43,6,34,17,17,17,5,26,2,5,5,38,8,8,38,69,69,18,18,18,4,30,9,16,6,16,5,5,99,14,14,129,55,18,20,13,9,18,15,54,17,17,29,8,8,8,7,6,15,8,18,15,30,30,30,11,8,8,10,10,10,18,19,16,11,12,13,11,9,10,10,12,12,9,8,8,12,10,11,12,18,19,59,14,61,10,13,107,29,16,16,16,16,17,10,10,1,33,94,16,17,13,15,12,12,10,10,17,17,18,43,19,10,13,13,13,18,31,43,119,11,100,100,17,17,17,17,17,31,30,16,7,17,18,17,18,17,18,17,17,17,30,16,12,126,20,20,20,16,15,15,15,16,16,36,36,36,15,16,128,0,11,14,14,10,10,30,37,4,3,14,35,35,12,14,15,8,9,9,14,14,7,16,11,11,12,9,9,25,11,11,12,12,6,12,11,11,10,10,10,12,26,27,49,42,42,42,42,10,9,9,31,9,9,13,28,11,11,11,12,8,7,9,7,14,13,13,12,13,14,13,13,13,14,14,14,13,13,46,7,7,7,8,10,8,15,4,92,3,3,12,13,12,12,12,12,13,13,11,13,13,7,13,11,14,13,29,11,14,14,4,28,14,10,101,12,11,12,34,14,16,6,14,12,12,12,13,15,14,11
5,9,23,121,7,6,6,6,6,6,7,4,4,3,4,4,4,3,7,83,9,35,9,4,4,5,5,48,34,34,34,34,7,6,6,27,7,8,8,4,9,5,9,5,2,38,35,6,7,8,8,4,30,9,9,9,44,5,4,6,2,35,8,31,8,8,8,9,16,9,6,6,44,6,6,44,61,61,28,28,28,12,19,14,7,8,7,8,8,91,2,2,121,47,29,30,5,5,7,6,46,27,8,18,7,7,7,8,9,10,7,7,3,19,19,19,4,7,7,4,4,4,8,9,6,1,4,8,3,3,3,3,2,2,3,5,4,2,5,3,3,7,8,50,5,53,4,8,99,18,7,6,6,7,7,6,6,9,22,83,7,8,2,4,4,4,4,7,7,7,7,34,10,6,7,1,2,8,20,34,111,2,91,92,8,8,8,8,8,25,25,7,7,8,9,9,9,9,9,8,9,9,26,7,4,118,9,9,9,7,8,8,6,6,7,26,26,26,6,6,119,11,0,6,6,6,6,24,27,11,11,8,27,27,5,5,7,6,5,6,5,5,5,6,3,4,6,4,4,15,3,3,5,5,5,6,4,4,4,4,4,3,16,17,41,37,38,38,38,4,3,4,29,4,4,5,25,5,6,5,6,6,6,5,6,5,5,5,5,5,5,5,5,5,5,5,5,5,5,37,6,6,6,5,4,5,6,10,83,11,11,5,5,5,4,6,7,5,5,4,5,5,8,6,3,7,5,23,4,8,8,12,22,8,3,92,5,3,6,22,6,9,8,6,6,7,6,22,8,6,9
4,3,24,113,2,5,5,5,5,5,9,7,7,7,7,7,7,8,3,79,10,28,1,3,3,4,2,40,28,28,28,28,10,7,7,30,5,11,11,7,11,5,12,5,7,39,28,9,8,10,10,7,33,11,11,11,36,10,9,12,6,27,13,32,9,8,9,12,14,12,9,9,47,9,9,48,53,53,32,32,32,15,15,18,9,11,9,11,11,83,6,7,113,39,32,33,7,8,6,4,38,30,3,14,10,10,10,11,12,16,10,1,6,16,15,15,9,10,10,8,8,8,8,2,3,7,5,11,5,6,7,6,4,4,6,8,7,6,11,5,7,6,7,42,4,45,7,11,91,15,2,5,5,5,5,9,9,13,18,79,5,8,6,4,5,5,7,10,2,2,2,27,3,9,10,7,8,8,16,27,103,8,84,84,3,3,3,3,3,31,34,9,10,10,10,10,10,10,11,10,10,10,31,5,6,110,2,2,2,2,10,10,9,4,5,27,27,27,4,3,112,14,6,0,9,12,12,17,26,16,16,11,24,24,4,6,1,11,11,11,6,6,11,10,7,7,10,10,10,14,5,6,7,7,10,10,9,9,9,10,10,6,15,16,35,28,29,29,29,10,9,9,37,10,10,8,34,10,10,10,11,12,12,11,12,5,7,7,7,6,7,6,6,6,6,6,6,5,5,32,12,12,12,11,11,11,4,16,78,16,17,5,5,7,6,11,11,4,3,6,7,6,13,2,6,1,3,16,9,11,11,18,25,16,8,87,8,7,11,19,19,2,13,2,10,10,10,27,1,1,13
4,3,24,113,2,5,5,5,5,5,9,7,7,7,7,7,7,8,3,79,10,28,1,3,3,4,2,40,28,28,28,28,10,7,7,30,5,11,11,7,11,5,12,5,7,39,28,9,8,10,10,7,33,11,11,11,36,10,9,12,6,27,13,32,9,8,9,12,14,12,9,9,47,9,9,48,53,53,32,32,32,15,15,18,9,11,9,11,11,83,6,7,113,39,32,33,7,8,6,4,38,30,3,14,10,10,10,11,12,16,10,1,6,16,15,15,9,10,10,8,8,8,8,2,3,7,5,11,5,6,7,6,4,4,6,8,7,6,11,5,7,6,7,42,4,45,7,11,91,15,2,5,5,5,5,9,9,13,18,79,5,8,6,4,5,5,7,10,2,2,2,27,3,9,10,7,8,8,16,27,103,8,84,84,3,3,3,3,3,31,34,9,10,10,10,10,10,10,11,10,10,10,31,5,6,110,2,2,2,2,10,10,9,4,5,27,27,27,4,3,112,14,6,9,0,12,12,17,26,16,16,11,24,24,4,6,1,11,11,11,6,6,11,10,7,7,10,10,10,14,5,6,7,7,10,10,9,9,9,10,10,6,15,16,35,28,29,29,29,10,9,9,37,10,10,8,34,10,10,10,11,12,12,11,12,5,7,7,7,6,7,6,6,6,6,6,6,5,5,32,12,12,12,11,11,11,4,16,78,16,17,5,5,7,6,11,11,4,3,6,7,6,13,2,6,1,3,16,9,11,11,18,25,16,8,87,8,7,11,19,19,2,13,2,10,10,10,27,1,1,13
7,9,20,119,10,6,6,6,6,6,3,5,5,4,5,4,5,6,9,88,3,35,13,8,8,9,8,46,38,38,38,38,3,5,6,22,7,3,3,4,2,5,2,6,5,31,35,2,3,4,4,4,24,2,2,2,43,7,7,10,7,33,9,24,4,4,4,8,13,8,6,5,38,4,4,39,59,59,22,22,22,13,23,14,3,7,3,7,7,90,8,8,119,45,24,24,4,5,11,8,44,23,9,22,5,5,5,8,8,13,4,10,8,24,23,23,7,5,5,6,6,6,12,11,8,5,5,1,4,4,5,4,6,6,4,4,5,6,8,5,5,12,12,49,7,51,4,2,97,23,10,7,7,7,7,4,4,9,26,87,6,5,7,8,5,5,5,4,10,10,10,34,13,4,1,7,6,12,25,34,109,5,90,90,8,8,9,9,9,31,29,3,6,5,5,5,5,5,5,4,5,5,32,6,4,116,12,12,12,9,3,3,2,7,7,23,23,23,7,8,118,10,6,12,12,0,1,26,33,10,10,5,27,27,8,5,10,7,7,7,5,5,5,12,5,5,3,4,4,20,6,6,5,5,6,3,3,3,3,2,2,8,22,23,41,38,39,39,39,5,3,3,33,3,2,4,29,2,3,2,2,3,3,5,3,6,4,5,4,5,5,5,5,5,5,5,5,6,6,37,3,3,3,4,8,4,7,9,83,10,10,7,7,5,6,2,2,8,8,6,5,5,7,9,5,10,8,25,5,4,5,11,19,13,6,92,4,5,2,25,9,11,7,9,3,4,3,21,10,9,4
7,10,20,119,10,7,7,6,6,6,3,5,5,4,5,4,5,6,9,88,4,35,13,8,8,9,8,46,38,38,38,38,3,5,6,22,8,4,4,5,3,5,3,6,5,32,35,3,4,5,5,4,23,3,3,3,43,8,7,10,7,33,9,25,5,5,5,8,14,8,6,5,38,4,4,38,59,59,22,22,22,12,24,14,4,7,4,7,7,90,8,8,119,46,24,24,4,5,11,8,44,22,9,23,5,5,5,7,8,13,4,10,9,24,24,24,7,5,5,6,6,6,12,11,8,5,5,2,4,4,5,4,6,6,4,4,5,6,8,5,5,12,13,49,7,51,4,3,97,23,10,7,7,7,7,5,5,9,27,87,6,5,7,8,5,5,5,4,10,10,10,34,13,4,2,7,6,12,25,34,109,5,90,90,9,9,9,9,9,31,29,4,6,5,6,5,6,5,6,5,5,5,32,6,4,116,12,12,12,9,4,4,3,7,7,24,24,24,7,8,118,10,6,12,12,1,0,26,33,10,10,5,27,28,8,6,10,7,7,7,6,5,5,12,5,5,3,6,6,20,6,6,5,5,5,3,3,3,3,2,2,8,22,23,41,38,39,39,39,6,3,3,33,3,2,4,29,2,3,3,2,3,3,5,3,6,4,5,4,5,5,5,5,5,5,5,5,6,6,37,3,3,3,4,8,4,7,9,83,10,10,7,7,5,6,2,2,8,8,7,5,5,7,9,5,10,8,25,5,5,5,11,19,13,6,92,4,5,3,25,10,11,7,9,3,4,3,21,11,10,5
19,18,42,102,17,22,22,22,22,22,25,23,23,23,23,23,23,28,18,80,26,25,17,19,19,20,18,29,9,9,8,8,26,23,23,48,23,27,27,23,28,20,28,23,26,57,31,26,24,26,26,24,49,28,28,28,26,26,25,26,25,19,29,50,25,24,25,28,28,28,26,25,68,29,29,68,37,37,46,46,46,31,18,34,25,27,25,27,27,72,24,24,102,29,50,51,25,28,19,18,28,48,18,19,30,30,30,27,28,32,29,17,23,18,17,17,28,30,30,24,24,24,17,16,18,24,21,27,21,22,23,22,20,20,22,24,23,22,27,21,23,20,20,32,20,34,23,26,80,17,18,22,22,22,21,27,27,29,15,80,22,25,24,21,21,21,24,28,18,18,18,30,15,27,27,25,25,17,16,27,92,25,73,73,21,21,18,18,18,42,42,25,26,26,27,26,26,26,27,26,26,26,40,22,25,99,16,16,16,18,26,26,26,22,22,44,44,44,19,18,101,30,24,17,17,26,26,0,33,34,34,29,25,25,21,24,18,30,30,30,24,24,27,26,23,23,29,26,26,18,22,22,26,26,28,29,25,25,25,27,27,26,16,18,28,13,14,14,14,26,26,26,51,26,26,27,49,28,28,28,30,28,28,27,28,24,26,25,26,25,25,25,25,25,25,25,24,21,25,25,29,29,29,27,30,27,23,34,70,34,35,22,21,26,23,30,30,21,21,22,25,25,31,20,23,20,21,1,25,30,30,35,44,34,26,79,27,23,29,35,20,17,31,19,29,28,29,45,17,20,32
30,28,47,131,27,30,30,30,32,32,32,30,30,30,30,30,30,30,28,68,33,54,26,27,27,28,27,58,41,41,41,41,33,32,30,54,30,34,34,30,35,28,35,28,29,64,58,32,32,33,33,31,56,34,34,34,55,33,33,25,27,47,30,57,34,33,34,31,39,33,30,30,68,30,32,68,66,66,52,52,52,36,15,30,37,32,37,32,32,101,26,26,131,58,52,54,30,31,21,29,57,54,28,13,33,33,33,34,35,30,33,27,26,14,15,15,31,33,33,31,31,31,26,27,28,28,28,34,28,29,30,29,27,27,29,31,30,28,31,28,29,22,22,59,28,60,30,34,109,15,27,30,30,30,30,32,32,33,18,68,30,33,27,23,28,28,31,33,27,27,27,56,28,32,33,27,27,26,17,56,121,29,102,102,29,29,28,28,28,21,21,32,31,33,34,33,34,33,34,33,33,33,20,30,29,128,27,27,27,28,33,33,32,29,30,52,52,52,29,28,130,37,27,26,26,33,33,33,0,38,37,33,50,50,27,29,25,32,32,32,29,29,31,23,28,28,33,30,30,13,27,27,28,28,31,33,29,29,29,30,30,25,14,15,53,41,42,42,42,30,30,30,23,30,30,29,21,32,33,33,32,32,32,31,32,28,30,29,30,29,30,29,29,29,29,28,28,27,28,49,32,32,32,31,31,31,27,36,94,37,37,28,28,30,28,32,33,26,26,27,29,29,34,25,28,24,26,28,29,34,34,38,48,39,28,104,30,28,33,42,24,26,34,25,33,32,33,34,25,24,36
13,16,30,127,16,14,14,14,14,14,14,8,8,8,8,9,8,8,15,94,14,43,18,12,12,13,13,54,42,42,42,42,13,13,13,19,15,13,13,9,11,11,12,12,10,39,42,13,14,15,15,6,22,12,12,12,51,9,9,16,12,42,2,32,15,15,15,2,24,2,3,4,38,6,6,38,67,67,20,20,20,6,30,8,14,4,14,2,2,98,12,12,128,54,20,24,11,8,16,13,52,19,15,29,7,7,6,4,3,14,6,16,13,30,30,30,9,6,6,9,9,9,18,17,14,10,11,11,9,8,9,8,11,11,8,6,6,11,8,10,10,17,17,57,13,59,9,11,106,29,15,14,14,14,15,8,8,3,33,93,14,15,12,13,11,11,8,8,15,15,16,42,19,9,12,11,12,18,31,42,117,10,98,98,15,15,15,15,15,26,26,14,5,15,16,16,16,16,16,15,16,16,26,14,10,125,18,18,18,15,13,13,13,14,15,34,34,34,13,14,126,4,11,16,16,10,10,34,38,0,1,13,34,34,11,13,13,5,7,6,13,13,6,15,10,10,10,8,8,21,10,10,11,11,5,11,9,9,9,9,9,11,23,24,48,40,41,41,41,9,8,8,28,8,8,11,25,10,10,10,11,6,6,8,6,13,11,12,11,12,12,12,12,12,12,12,12,12,13,44,6,6,6,7,9,7,14,1,90,3,3,11,11,11,11,11,11,11,11,10,12,12,4,12,10,13,11,28,10,13,13,1,27,13,9,100,11,10,10,33,13,15,3,12,11,11,11,13,14,13,10
13,16,30,127,15,14,14,14,14,14,13,8,8,8,8,9,8,8,15,92,14,43,18,12,12,13,13,54,42,42,42,42,13,13,13,18,15,12,12,9,11,11,11,12,10,39,42,13,14,15,15,6,24,12,12,12,51,9,9,15,12,41,3,32,15,15,15,2,24,1,3,4,38,6,6,38,67,67,22,22,22,6,28,8,14,4,14,3,3,98,12,12,128,54,20,24,11,8,16,13,52,19,15,27,7,7,6,4,4,14,6,16,13,29,28,28,9,6,6,9,8,8,16,17,14,10,10,11,9,8,9,8,10,10,7,6,6,11,8,10,10,17,17,57,13,59,8,11,105,28,15,14,14,14,15,8,8,3,31,92,14,15,12,13,10,10,8,8,15,15,16,41,18,9,12,11,12,16,29,42,117,10,98,98,15,15,15,15,15,26,26,14,5,15,16,15,16,16,16,15,15,15,27,14,10,124,18,18,18,15,13,13,13,14,15,34,34,34,13,14,126,3,11,16,16,10,10,34,37,1,0,12,33,33,10,12,13,5,6,6,12,12,5,14,9,10,10,8,8,21,9,9,11,11,5,10,9,9,8,8,8,11,22,23,47,40,41,41,41,8,7,7,28,7,8,11,24,9,10,10,10,6,6,7,5,12,11,11,11,11,12,11,11,11,12,12,12,11,13,44,5,5,5,6,8,6,14,1,90,2,3,11,11,10,10,10,11,11,11,9,11,11,3,11,9,12,11,27,9,12,12,1,26,13,8,99,10,9,10,32,12,14,2,12,10,11,10,13,13,12,9
7,8,17,118,9,5,5,5,5,5,3,7,7,6,7,6,7,8,8,89,2,34,11,7,8,9,8,45,37,37,37,37,2,4,4,27,6,3,3,6,3,5,4,5,7,31,34,3,3,1,1,8,29,4,4,4,41,9,9,12,8,32,13,23,1,2,2,12,10,12,9,9,44,8,8,44,58,58,27,27,27,15,25,18,2,11,2,11,11,88,8,9,118,44,29,29,5,6,12,6,43,26,8,24,9,9,8,11,12,15,8,9,9,25,25,25,9,9,9,8,7,7,11,10,7,7,6,4,5,6,7,6,6,6,6,8,7,7,10,6,7,12,13,47,6,50,6,4,96,24,9,6,6,6,6,6,6,12,28,89,5,1,8,9,6,6,7,6,8,8,9,33,12,6,3,8,8,11,26,34,108,7,88,89,7,7,8,8,8,33,31,1,10,1,2,1,2,2,2,1,2,1,34,5,5,115,11,11,11,8,2,2,3,6,5,20,20,20,7,7,117,14,8,11,11,5,5,29,33,13,12,0,23,24,7,4,8,10,10,10,4,4,8,12,4,4,3,6,6,20,6,6,4,4,9,2,5,5,5,4,4,8,24,24,38,37,38,38,38,6,5,5,36,5,4,3,32,3,3,3,4,7,8,6,7,4,3,3,3,4,4,4,4,4,4,4,4,5,5,35,8,8,8,8,10,8,6,15,81,16,16,6,6,4,5,4,3,7,6,6,4,4,12,7,5,9,8,24,5,2,2,17,16,15,7,90,4,4,4,22,8,10,13,8,2,3,2,26,9,8,4
24,22,18,97,23,24,24,24,23,23,25,28,28,27,28,28,28,29,23,103,29,1,26,24,24,25,24,24,29,29,29,29,25,33,25,53,23,26,26,28,27,25,27,24,29,33,4,25,26,27,28,28,54,26,26,26,13,31,30,33,26,11,34,26,24,25,24,33,20,33,30,30,69,31,30,69,25,25,52,52,52,38,39,40,25,32,25,32,32,68,27,27,89,16,53,54,27,29,29,23,16,52,23,40,31,31,31,32,33,36,30,23,27,39,39,39,30,31,31,29,29,29,24,24,24,28,26,27,26,27,28,27,25,25,27,29,28,27,32,26,28,29,30,17,24,17,37,26,76,38,24,24,24,23,23,29,29,34,36,103,23,23,27,26,26,26,28,29,24,24,24,3,23,28,26,28,29,24,38,3,87,29,68,68,23,23,23,23,23,52,52,24,31,26,27,26,27,26,27,27,26,26,62,23,27,95,24,24,24,23,25,25,25,23,23,20,20,20,24,24,96,35,27,24,24,27,27,25,50,34,33,23,0,1,30,28,27,39,38,38,28,28,36,37,30,31,39,34,34,40,30,30,30,30,37,39,33,33,33,34,34,34,38,39,14,34,34,34,34,34,34,34,73,34,34,37,63,38,39,38,34,37,37,36,37,28,36,29,36,29,29,29,29,29,29,29,28,28,29,12,37,37,37,36,39,36,27,42,64,43,43,29,29,30,30,34,34,30,29,31,29,29,39,29,31,28,30,25,33,40,40,44,20,43,35,61,32,30,39,11,28,25,40,28,39,38,39,53,26,28,42
24,22,18,97,24,24,24,24,23,23,26,28,28,28,29,28,28,29,23,103,29,1,26,24,25,26,24,24,29,29,29,29,25,34,25,53,24,26,26,28,27,25,27,24,29,34,4,26,26,28,28,29,54,27,27,27,13,31,30,33,27,12,34,26,24,25,25,33,20,33,31,30,69,31,31,69,25,25,52,52,52,38,39,41,25,32,25,32,32,68,27,27,89,16,53,54,27,29,30,23,16,52,23,40,31,31,31,32,33,37,31,23,27,39,39,39,30,31,31,29,29,29,24,24,24,28,26,27,26,27,28,27,25,25,27,29,28,27,32,26,28,29,30,16,24,17,37,26,76,38,24,24,24,23,23,29,29,34,36,103,23,23,27,27,26,26,29,29,24,24,24,3,23,28,26,28,29,24,38,4,87,29,68,68,23,23,23,23,23,52,52,24,31,26,27,26,27,26,27,27,26,26,62,23,27,95,25,25,25,23,25,25,26,23,23,20,20,20,25,24,96,35,27,24,24,27,28,25,50,34,33,24,1,0,31,28,27,39,38,38,29,29,36,37,31,31,39,34,34,40,30,31,30,30,37,39,33,33,33,34,34,34,38,39,14,34,34,34,34,34,34,34,73,34,34,37,63,38,39,39,34,37,37,36,37,29,36,30,36,29,29,29,29,29,29,29,29,28,29,12,37,37,37,36,39,36,27,42,65,43,43,29,29,30,30,34,34,30,30,31,30,29,39,29,31,28,30,25,33,40,40,44,20,43,35,61,32,31,40,11,28,25,40,28,39,38,39,53,26,28,42
3,4,22,115,2,4,4,4,4,4,7,6,6,5,6,5,6,7,2,83,8,31,5,1,1,3,1,42,29,29,29,29,8,5,5,28,3,9,9,5,10,3,10,3,6,37,30,7,7,8,8,6,31,10,10,10,39,8,7,11,4,29,11,30,8,7,7,10,16,10,8,7,46,7,7,46,55,55,30,30,30,14,18,17,7,9,7,9,9,85,5,5,115,41,30,32,5,6,7,2,40,28,3,17,9,9,8,10,10,14,8,3,4,19,18,18,8,8,8,6,6,6,4,4,2,5,3,9,3,4,5,4,2,2,4,6,6,5,9,3,5,7,8,45,3,47,5,9,93,18,3,3,4,3,4,7,7,11,21,82,4,7,4,4,3,3,6,8,2,2,3,29,6,7,8,5,6,4,20,29,105,6,86,86,3,3,3,3,3,32,30,7,9,8,9,8,9,8,9,8,8,8,32,4,4,112,5,5,5,2,8,8,7,3,3,26,26,26,2,2,114,12,5,4,4,8,8,21,27,11,10,7,30,31,0,3,3,10,10,10,3,3,8,8,4,4,7,7,7,16,2,2,4,4,9,7,6,6,6,7,7,5,17,18,36,30,30,30,30,7,6,7,36,7,7,5,32,7,7,7,8,9,9,8,9,3,4,4,5,4,4,3,3,3,3,3,3,2,3,33,9,9,9,8,10,8,2,14,79,15,15,2,2,4,3,8,9,1,1,3,4,4,11,1,3,3,2,17,6,8,8,16,22,15,7,88,5,4,8,19,3,5,12,2,7,7,7,25,4,3,10
3,4,19,114,5,1,1,1,1,1,4,7,7,6,7,6,7,8,3,84,5,28,7,3,3,4,4,41,32,32,32,32,5,2,2,29,2,6,6,6,7,3,7,2,7,34,28,5,4,5,5,7,29,7,7,7,38,9,8,11,5,28,13,27,4,4,4,12,13,12,9,9,44,8,8,44,54,54,27,27,27,15,20,18,4,11,4,11,11,84,5,5,114,40,28,29,4,6,8,2,39,29,3,19,9,9,8,11,12,15,8,4,5,21,20,20,9,9,9,7,7,7,6,6,3,6,3,7,4,5,6,5,3,3,6,8,7,5,10,3,6,8,9,44,2,46,5,6,92,20,5,1,1,2,1,6,6,12,23,84,1,4,5,5,3,3,7,6,4,4,5,27,8,6,6,6,6,6,21,27,104,7,85,85,3,3,3,3,3,30,30,4,10,5,6,5,6,5,6,5,5,5,31,1,4,111,6,6,6,3,5,5,5,1,1,23,23,23,3,3,113,14,5,6,6,5,6,24,29,13,12,4,28,28,3,0,5,10,10,10,1,1,8,10,2,2,5,5,5,18,3,3,1,2,8,4,4,4,4,6,5,6,20,21,36,33,34,34,34,5,5,5,36,5,5,3,32,4,4,4,5,8,8,7,8,1,2,1,2,1,2,1,1,1,1,1,1,1,1,32,8,8,8,7,10,7,2,14,78,14,15,2,2,1,2,6,6,3,3,4,1,1,11,4,3,6,4,21,4,5,6,15,20,14,7,87,3,2,5,18,5,6,11,4,5,4,5,25,6,5,8
4,3,24,112,3,5,5,5,5,5,8,8,8,7,8,7,8,9,3,80,9,27,1,3,3,4,3,39,26,26,26,26,9,6,6,31,4,11,11,7,11,5,11,5,8,39,26,9,8,9,9,8,33,11,11,11,36,10,10,13,7,26,13,31,9,8,8,12,14,13,10,10,48,10,10,48,52,52,32,32,32,16,16,19,9,12,9,12,12,83,7,7,113,39,32,34,7,8,7,3,37,31,3,15,11,11,11,12,12,16,10,2,6,17,16,16,10,10,10,8,8,8,1,1,3,8,6,11,6,6,7,6,5,5,7,9,8,7,11,5,7,7,8,42,5,44,7,11,91,16,2,4,5,4,5,9,9,13,19,80,5,8,7,4,6,6,8,11,3,3,3,26,2,10,10,8,8,1,17,26,102,8,83,83,3,3,3,3,3,31,34,8,11,9,10,9,10,9,10,9,9,9,32,5,6,110,1,1,1,3,9,9,9,4,4,27,27,27,4,3,111,15,7,1,1,10,10,18,25,13,13,8,27,27,3,5,0,12,11,12,6,6,11,11,7,7,10,10,10,14,5,5,6,7,12,10,9,9,9,10,10,7,16,17,34,28,28,28,28,10,9,10,37,10,10,8,34,10,10,10,11,12,12,10,12,5,7,7,7,6,7,6,6,6,6,6,6,5,5,31,12,12,12,11,12,11,4,16,77,17,17,5,5,7,6,11,11,4,4,6,7,6,14,3,6,2,3,15,9,11,11,19,25,17,8,86,8,7,11,19,1,1,14,3,10,9,10,28,1,1,13
9,12,25,123,10,10,10,10,10,10,8,3,3,4,3,4,3,3,11,87,10,39,12,7,7,8,8,51,38,38,38,38,10,9,9,24,10,10,10,5,8,7,9,8,5,36,39,8,8,10,10,1,27,9,9,9,47,5,4,10,7,38,5,29,9,10,10,4,18,6,4,3,41,3,3,42,64,64,26,26,26,10,23,11,8,3,8,3,3,94,7,7,124,50,26,27,6,4,11,9,49,24,11,22,4,4,4,4,3,10,4,10,8,24,23,23,4,4,4,4,4,3,11,13,10,5,6,8,4,3,4,3,5,5,3,2,1,6,5,5,5,12,12,53,9,55,5,8,102,23,10,10,10,10,11,4,4,7,26,87,10,10,7,8,6,6,3,5,10,10,10,38,13,5,8,6,7,11,24,38,113,5,94,94,11,11,11,11,11,27,27,9,3,10,11,10,11,10,11,10,10,10,28,10,5,121,12,12,12,10,9,9,8,10,11,29,29,29,9,10,122,8,6,11,11,7,7,30,32,5,5,10,39,39,10,10,12,0,3,3,10,9,3,12,7,7,7,5,5,17,7,7,8,8,2,8,6,6,6,6,6,8,19,20,45,37,38,38,38,5,5,5,29,5,5,8,25,7,7,7,8,3,3,5,3,10,8,9,8,9,9,9,9,9,9,9,9,9,10,41,3,3,3,4,6,4,11,5,87,6,6,8,8,8,8,8,8,8,8,7,9,9,3,9,7,10,8,25,7,10,10,7,24,10,6,97,8,7,7,29,10,12,3,9,8,8,8,17,11,10,7
9,12,25,123,10,9,9,10,9,9,8,3,3,4,3,4,3,3,10,87,11,38,11,7,7,8,8,50,38,38,38,38,8,9,8,24,10,9,9,5,9,7,9,8,5,38,38,8,8,10,10,2,27,10,10,10,46,4,3,9,6,37,6,30,10,10,10,5,19,7,4,4,42,4,3,42,63,63,26,26,26,10,23,12,9,4,9,5,5,93,7,7,123,49,26,28,6,3,11,9,48,25,11,22,5,5,5,5,4,10,4,10,8,23,23,23,4,4,4,3,3,3,11,13,9,4,6,8,3,2,3,3,5,5,2,2,2,5,5,4,5,11,12,52,8,55,4,8,101,22,9,9,10,10,11,4,4,7,26,87,10,10,6,8,6,6,3,5,10,10,10,37,12,4,9,6,6,11,24,37,113,4,93,94,11,11,11,11,11,28,28,9,4,10,11,10,11,10,11,10,10,10,28,10,5,120,12,12,12,10,10,9,8,10,10,29,29,29,9,10,122,9,5,11,11,7,7,30,32,7,6,10,38,38,10,10,11,3,0,1,10,10,3,12,7,8,8,6,6,18,7,7,9,9,3,8,7,7,6,6,6,9,19,20,45,38,39,39,39,6,5,5,31,6,6,9,27,8,8,8,8,4,4,5,3,10,9,9,9,9,10,10,10,10,10,10,10,9,11,42,3,3,3,4,6,4,12,6,88,7,7,9,9,8,8,8,9,9,9,7,10,9,3,9,7,10,9,25,7,10,10,7,24,11,6,97,9,7,9,30,10,12,3,10,8,9,8,16,12,10,8
9,12,25,123,10,10,10,10,10,10,8,3,3,4,3,4,3,3,11,87,11,38,11,7,7,8,8,50,38,38,38,38,9,9,9,25,10,9,9,5,9,7,9,8,5,38,38,8,9,10,10,2,28,10,10,10,47,4,3,9,6,37,6,30,10,10,10,5,19,7,4,4,42,4,3,42,63,63,26,26,26,11,23,12,9,3,9,4,4,93,7,7,123,49,26,28,6,3,11,9,48,25,11,22,5,5,5,5,4,10,4,10,8,24,23,23,4,4,5,3,3,3,11,13,10,4,6,8,4,3,3,3,5,5,2,3,2,5,5,4,5,11,12,53,8,55,4,8,101,23,10,10,10,10,11,4,4,7,26,87,10,10,6,8,6,6,3,5,10,10,10,37,13,4,9,6,6,11,24,37,113,4,94,94,11,11,11,11,11,28,28,9,4,10,11,10,11,10,11,10,10,10,29,10,5,120,12,12,12,10,10,10,8,10,10,29,29,29,9,10,122,9,6,11,11,7,7,30,32,6,6,10,38,38,10,10,12,3,1,0,10,10,3,12,7,8,8,6,6,18,7,7,9,9,3,8,7,7,6,6,6,9,19,20,45,38,38,38,38,6,5,5,31,5,6,9,27,7,8,7,8,4,3,5,3,10,9,9,8,9,10,9,9,9,10,10,10,9,11,42,3,3,3,4,6,4,12,6,88,7,7,8,9,8,8,8,9,9,9,7,9,9,3,9,7,10,9,25,7,10,10,6,24,11,6,97,8,7,8,30,10,12,3,10,8,9,8,16,11,10,7
3,4,19,114,5,1,1,1,1,1,4,7,7,6,7,6,7,8,3,84,5,29,7,2,3,4,4,41,32,32,32,32,5,2,2,29,2,6,6,6,7,3,7,2,7,34,28,5,4,5,5,7,29,7,7,7,38,9,8,11,5,28,13,27,4,4,4,12,13,12,9,9,44,8,8,44,54,54,27,27,27,15,20,18,4,11,4,11,11,85,5,5,114,41,28,29,4,6,8,2,39,29,3,19,9,9,9,11,12,15,8,4,6,21,20,20,9,9,9,7,7,7,6,5,2,6,4,7,5,5,6,5,3,3,6,8,7,5,10,3,6,9,9,44,2,46,6,6,92,20,5,1,1,1,1,6,6,13,23,84,1,4,5,5,3,3,7,7,4,4,4,27,8,6,6,6,6,6,21,27,104,7,85,85,3,3,3,3,3,30,30,4,10,5,6,5,6,5,6,5,5,5,31,1,4,111,6,6,6,3,5,5,5,1,1,23,23,23,3,3,113,14,5,6,6,5,6,24,29,13,12,4,28,29,3,1,6,10,10,10,0,1,8,10,2,2,5,5,5,18,3,3,2,2,9,5,4,4,4,6,6,6,20,21,36,33,34,34,34,5,5,5,36,5,5,3,33,4,4,4,6,8,8,7,8,1,2,1,2,1,2,1,1,1,1,1,1,1,1,32,9,9,8,7,10,7,2,14,78,14,15,2,2,1,2,6,6,3,3,4,1,1,11,4,3,6,4,21,5,6,6,15,20,15,7,87,3,2,5,18,5,6,11,4,5,4,5,25,6,5,8
3,4,19,114,5,1,1,1,1,1,4,7,7,6,7,6,7,8,3,84,5,29,7,2,3,4,4,41,32,32,32,32,5,2,2,29,2,6,6,6,7,3,7,2,7,34,28,5,3,5,5,7,29,7,7,7,38,9,8,11,4,28,13,27,4,3,4,12,12,12,9,9,44,8,8,44,54,54,27,27,27,15,20,18,4,11,4,11,11,85,5,5,114,40,28,29,4,6,8,2,39,29,3,19,9,9,8,11,12,15,8,4,5,21,20,20,9,9,9,7,7,7,6,5,3,6,3,6,4,5,6,5,3,3,5,8,7,5,10,3,6,8,9,44,2,46,5,6,92,20,5,1,1,1,1,6,6,12,23,84,1,4,4,5,3,3,7,6,4,4,5,27,8,6,6,6,6,6,21,27,104,7,85,85,3,3,3,3,3,30,30,4,10,5,6,5,5,5,6,5,5,5,31,1,4,111,6,6,6,3,5,5,5,1,1,23,23,23,3,3,113,14,5,6,6,5,5,24,29,13,12,4,28,29,3,1,6,9,10,10,1,0,7,9,2,2,5,5,5,18,3,3,1,1,8,4,4,4,4,5,5,6,19,20,36,33,34,34,34,5,5,5,36,5,5,3,32,4,4,4,5,8,8,7,8,1,2,1,2,1,1,1,1,1,1,1,1,1,1,32,8,8,8,7,10,7,2,14,78,14,15,2,2,1,2,5,6,3,3,4,1,1,11,4,3,6,4,21,4,5,6,15,20,14,6,88,3,2,5,18,5,6,11,4,4,4,5,25,6,5,8
6,10,23,120,9,7,7,7,7,7,6,2,2,2,3,2,3,2,8,87,9,36,12,7,7,8,7,48,35,35,35,35,8,6,6,23,8,7,7,3,7,4,7,6,4,36,35,6,6,8,8,1,26,8,8,8,44,4,3,9,6,35,6,28,7,8,8,5,16,5,3,2,41,2,2,41,61,61,24,24,24,8,22,11,7,4,7,4,4,91,7,7,121,47,25,26,4,1,10,7,46,23,8,21,3,3,3,4,5,9,3,9,8,23,22,22,3,3,3,3,3,3,11,10,7,4,4,6,3,2,2,2,5,5,2,1,1,5,5,4,4,11,11,50,6,52,2,6,99,22,9,7,7,8,8,2,2,6,25,86,8,8,6,7,4,4,3,3,9,9,9,35,12,2,6,6,5,11,24,35,110,4,91,91,8,8,9,9,9,28,27,7,3,8,9,8,9,8,9,8,8,8,28,7,3,118,11,11,11,8,7,7,6,7,8,27,27,27,6,7,119,7,5,11,11,5,5,27,31,6,5,8,36,36,8,8,11,3,3,3,8,7,0,10,5,5,5,3,3,19,5,5,7,7,1,5,4,4,4,3,3,6,20,21,42,36,36,36,36,3,2,3,32,3,3,6,29,4,5,4,5,2,2,3,2,7,6,6,5,6,7,6,6,6,7,7,7,7,7,39,2,2,2,2,4,2,8,6,85,7,7,6,7,7,6,5,5,7,7,5,6,6,4,7,5,8,7,23,5,7,7,8,21,8,4,94,5,5,5,27,8,10,4,8,5,6,5,18,9,8,7
8,11,26,122,9,9,9,9,9,9,11,9,9,9,10,9,10,9,9,79,12,37,11,6,6,7,7,49,35,35,35,35,12,9,9,32,9,13,13,9,14,7,14,7,8,42,37,11,11,12,12,10,35,14,14,14,46,11,10,8,6,36,15,34,12,11,11,14,20,14,12,11,50,11,11,50,59,59,33,34,34,17,15,20,11,13,11,13,13,93,4,4,122,48,34,36,9,10,3,8,47,32,10,14,12,12,12,14,14,14,12,9,5,15,15,15,10,12,12,10,10,10,10,12,8,7,7,13,7,8,9,8,6,6,8,10,9,7,12,7,8,2,2,52,7,54,9,13,100,14,9,9,9,9,10,11,11,15,18,78,9,11,6,2,7,7,10,12,9,9,9,36,12,11,12,5,6,10,16,36,112,8,93,93,10,10,10,10,10,27,27,11,12,12,13,12,13,12,13,12,12,12,27,9,8,119,11,11,11,9,12,12,11,9,10,30,30,30,8,8,121,16,6,10,10,12,12,26,23,15,14,12,37,37,8,10,11,12,12,12,10,9,10,0,7,8,11,9,9,10,6,6,7,7,10,11,8,8,8,10,10,4,12,13,43,33,34,34,34,9,9,9,28,9,9,9,25,11,11,11,11,11,11,10,11,8,8,8,9,8,9,8,8,8,7,8,8,8,8,40,12,12,12,10,10,10,9,15,85,16,16,7,7,8,7,12,12,7,7,6,8,8,13,8,7,8,7,20,8,12,12,17,26,14,8,95,9,7,12,24,7,10,13,8,11,11,11,27,9,7,14
2,4,19,116,5,2,2,2,2,2,3,4,5,4,5,4,5,5,4,84,5,31,8,3,4,5,4,43,31,31,31,31,4,1,1,28,2,6,6,4,6,1,6,1,5,34,30,4,3,4,4,5,28,6,6,6,40,7,6,10,3,30,10,26,4,3,3,9,12,9,7,6,43,8,7,43,56,56,27,27,27,13,20,15,4,8,4,8,8,87,4,4,116,42,27,29,3,5,8,2,41,28,4,19,8,8,8,9,9,13,7,5,5,20,20,20,7,7,7,5,5,5,7,6,3,4,2,6,2,3,4,3,2,2,3,5,4,3,8,2,4,8,9,46,1,48,4,6,94,19,5,2,2,2,3,6,6,10,23,83,2,3,3,4,1,1,5,6,5,5,5,29,8,5,6,4,5,7,21,29,106,5,87,87,3,3,4,4,4,31,29,4,7,4,5,4,5,5,5,4,4,4,31,2,2,113,7,7,7,4,4,4,4,2,3,22,22,22,2,3,115,11,3,7,7,5,5,23,28,10,9,4,30,31,4,2,7,7,7,7,2,2,5,7,0,1,4,3,3,17,2,2,1,2,6,4,2,2,2,3,3,4,18,19,37,35,35,35,35,3,3,3,36,3,3,1,33,4,4,4,5,6,6,5,6,2,1,1,1,1,1,1,1,1,1,1,1,2,2,34,6,6,6,5,8,5,3,12,80,12,13,2,2,1,2,5,5,3,3,2,1,1,9,4,1,6,5,22,2,5,5,13,19,12,4,89,1,1,5,19,6,7,9,4,4,3,4,23,6,6,7
3,5,19,116,5,2,2,2,2,2,3,5,5,4,5,4,5,6,4,84,5,31,8,3,4,5,4,43,31,31,31,31,4,1,1,28,3,6,6,4,6,1,6,1,5,34,30,4,3,4,4,5,28,6,6,6,40,7,6,10,4,30,10,26,4,3,3,9,12,10,7,7,43,8,7,43,56,56,27,27,27,13,20,16,4,9,4,8,8,87,4,5,117,43,27,29,3,6,8,3,41,28,4,19,8,8,8,9,9,13,7,5,5,20,20,20,7,8,8,5,5,5,7,6,3,5,2,6,2,3,4,3,2,2,4,6,5,4,8,2,4,8,9,46,2,48,5,6,95,19,5,2,2,2,3,6,6,10,23,84,2,3,4,5,2,2,5,6,5,5,5,29,8,5,6,5,6,7,21,30,106,5,87,87,4,4,4,4,4,31,30,4,8,4,5,4,5,5,5,4,4,4,32,2,3,114,7,7,7,4,4,4,4,2,3,22,22,22,3,3,115,11,4,7,7,5,5,23,28,10,10,4,31,31,4,2,7,7,8,8,2,2,5,8,1,0,4,3,3,17,2,2,2,2,6,4,2,2,2,3,3,5,19,20,38,35,36,36,36,3,3,3,36,3,3,1,32,3,4,3,5,6,6,5,6,2,2,1,2,2,2,2,2,2,2,2,2,3,3,34,6,6,6,5,8,5,4,12,80,12,13,2,3,1,2,5,5,4,4,3,2,2,9,5,1,6,5,23,2,5,5,13,19,12,4,90,1,1,4,24,6,8,9,5,4,3,4,23,7,6,7
6,8,18,117,9,5,5,5,4,4,1,5,5,4,5,4,5,6,7,88,2,39,11,7,7,8,8,44,37,37,37,37,1,3,4,25,6,2,2,4,3,5,3,5,5,32,33,1,1,3,3,6,26,3,3,3,41,7,7,10,7,32,11,25,2,3,3,10,12,10,7,7,41,6,6,41,57,57,25,25,25,13,24,16,1,9,1,9,9,88,7,8,118,44,25,27,4,4,11,6,43,25,7,23,7,7,6,9,10,13,6,8,8,25,24,24,7,7,7,5,5,5,10,10,7,5,5,3,4,4,5,4,6,6,4,6,5,6,8,5,5,12,12,47,5,49,3,3,96,24,9,5,5,6,5,4,4,10,27,88,5,3,7,8,4,4,5,4,8,8,9,32,12,4,2,6,6,10,24,32,107,5,88,88,7,7,7,7,7,31,29,2,8,3,4,3,4,3,4,3,3,3,32,4,4,115,10,10,10,7,2,1,1,5,5,22,22,22,6,7,116,12,6,10,10,3,3,29,33,10,10,3,39,39,7,5,10,7,8,8,5,5,5,11,4,4,0,5,5,21,7,7,6,6,8,2,3,3,4,3,3,9,22,23,41,38,39,39,39,5,4,4,35,3,3,5,33,2,1,2,2,6,6,5,6,6,5,5,4,5,6,5,5,5,6,6,6,6,6,37,6,6,6,7,9,7,7,12,83,13,13,7,7,6,6,1,1,8,8,7,5,5,9,9,6,10,9,26,6,3,3,14,17,13,7,93,5,5,1,23,10,12,10,9,2,2,2,23,11,10,4
5,7,20,118,8,4,4,5,5,5,4,3,3,2,3,2,3,4,7,85,7,34,10,6,5,6,6,45,34,34,34,34,5,4,3,26,5,6,6,2,7,3,7,4,3,36,33,4,5,6,6,4,29,6,6,6,42,5,5,8,5,32,8,28,6,5,5,7,14,8,5,5,43,5,4,43,58,58,26,27,26,11,21,14,5,7,5,6,6,88,5,5,118,44,28,29,1,2,9,5,43,26,7,20,5,6,5,7,7,11,5,8,6,22,21,21,5,6,6,3,3,3,10,9,6,3,2,7,2,2,3,2,3,3,2,4,3,4,6,3,3,10,10,48,4,50,1,7,96,21,8,4,5,5,6,2,2,8,24,85,5,5,5,6,2,2,3,3,7,7,8,33,11,2,5,4,4,10,22,33,108,3,89,89,6,6,6,6,7,29,27,5,6,6,7,6,7,6,7,6,6,6,30,5,2,115,10,10,10,7,6,6,4,5,5,24,24,24,5,6,117,9,4,10,10,4,6,26,30,8,8,6,34,34,7,5,10,5,6,6,5,5,3,9,3,3,5,0,1,19,5,5,5,5,4,4,2,2,3,2,2,6,20,21,41,38,39,39,39,1,1,1,35,1,1,4,31,3,3,3,4,3,3,2,3,6,4,5,4,5,5,5,5,5,5,5,5,6,6,37,4,4,4,2,6,2,7,9,83,10,10,6,7,5,6,4,4,6,6,5,5,5,6,7,5,8,7,26,4,6,6,10,20,11,4,93,4,5,4,26,8,10,7,8,4,4,4,20,9,8,7
5,7,20,118,8,5,5,5,5,5,4,3,3,2,3,2,3,4,7,85,7,34,10,6,5,6,6,45,34,34,34,34,5,4,3,26,5,6,6,2,7,3,7,4,3,36,33,4,5,6,6,4,29,6,6,6,42,5,5,8,5,32,8,28,6,5,5,7,14,8,5,5,43,5,4,43,58,58,27,27,26,11,21,14,5,7,5,6,6,89,5,5,118,44,28,29,2,2,9,5,43,26,7,20,5,6,5,7,7,11,5,8,6,22,21,21,5,6,6,3,3,3,10,9,6,3,2,7,2,2,3,2,3,3,2,4,3,4,6,3,3,10,10,48,4,50,1,7,96,21,8,5,5,5,6,2,2,8,24,85,5,5,5,6,2,2,3,3,7,7,8,33,11,2,5,4,4,10,22,33,108,3,89,89,6,6,6,6,7,29,27,5,6,6,7,6,7,6,7,6,6,6,30,5,2,115,10,10,10,7,6,6,4,5,5,24,24,24,5,6,117,9,4,10,10,4,6,26,30,8,8,6,34,34,7,5,10,5,6,6,5,5,3,9,3,3,5,1,0,19,5,5,5,5,4,4,2,2,3,2,2,6,20,21,41,38,39,39,39,1,1,1,35,1,1,4,31,3,3,3,4,3,3,2,3,6,4,5,4,5,5,5,5,5,5,5,5,6,6,37,4,4,4,2,6,2,7,9,83,10,10,6,7,5,6,4,4,6,6,5,5,5,6,7,5,8,7,26,4,6,6,10,20,11,4,93,4,5,4,26,8,10,7,8,4,4,4,20,9,8,7
16,16,35,116,15,17,17,17,19,19,20,18,18,17,18,17,18,18,16,67,21,39,14,15,15,16,15,43,26,26,26,26,21,17,17,42,17,22,22,17,22,16,22,16,17,52,45,20,19,21,21,18,44,22,22,22,40,19,18,13,14,32,21,45,22,21,21,20,27,21,18,18,56,18,20,56,51,51,42,39,42,26,1,27,22,20,22,19,19,86,14,14,116,43,43,44,17,19,9,16,42,38,16,2,21,21,21,22,22,17,20,14,14,2,1,1,19,21,21,19,18,18,14,15,16,16,16,21,16,17,17,17,15,15,17,19,18,16,21,15,17,9,10,44,16,45,18,22,94,1,15,18,18,18,18,19,19,27,4,67,18,21,14,11,16,16,18,21,15,15,15,41,15,19,21,15,15,14,2,41,106,17,87,87,16,16,16,16,16,28,28,20,19,21,22,21,21,21,22,21,21,21,27,18,16,113,15,15,15,15,21,21,20,17,18,40,40,40,16,16,115,25,15,14,14,20,20,18,13,21,21,20,40,40,16,18,14,17,18,18,18,18,19,10,17,17,21,19,19,0,17,17,19,19,22,23,20,20,20,21,21,16,3,4,43,31,32,32,32,21,20,20,36,20,21,20,31,23,23,23,23,23,23,22,23,19,20,20,21,20,20,20,20,20,19,19,19,18,19,39,23,23,23,22,22,22,17,27,84,28,28,19,18,20,18,23,23,17,17,17,20,20,24,16,18,15,16,17,20,24,25,29,39,27,19,93,20,19,24,32,15,17,25,15,23,23,23,39,16,15,27
1,4,20,115,4,2,2,2,3,3,5,4,5,4,5,4,5,5,3,82,7,30,6,2,2,3,3,42,30,30,30,30,6,3,2,27,2,8,8,4,8,1,8,1,5,36,30,6,5,6,6,5,30,8,8,8,39,7,6,9,3,29,10,28,6,5,5,9,14,9,7,6,45,6,6,45,55,55,28,29,28,13,18,15,5,8,5,8,8,86,3,4,116,42,29,31,3,5,6,1,40,27,3,17,7,7,7,9,9,13,7,4,3,19,18,18,7,7,7,5,5,5,5,5,2,4,2,7,2,3,4,3,1,1,3,5,4,3,8,2,4,7,7,45,1,47,4,8,94,18,4,2,2,3,3,6,6,10,21,82,3,5,3,3,2,2,5,7,3,3,4,29,7,6,7,4,5,5,19,29,105,5,86,86,3,3,3,3,3,29,29,5,7,6,7,6,7,6,7,6,6,6,29,3,3,113,6,6,6,2,6,6,6,2,3,24,24,24,1,2,114,11,3,5,5,6,6,22,27,10,9,6,30,30,2,3,5,7,7,7,3,3,5,6,2,2,7,5,5,17,0,1,1,1,7,5,4,4,4,5,5,4,17,18,37,35,35,35,35,5,4,4,34,4,4,3,30,5,5,5,6,7,7,5,7,2,2,2,3,2,2,2,2,2,1,1,2,2,2,34,7,7,7,6,8,6,3,12,80,13,13,1,1,2,1,6,6,2,2,1,2,2,9,3,1,4,3,22,4,6,6,13,20,13,5,89,3,2,6,19,4,6,10,4,5,5,5,23,5,4,8
1,4,21,115,4,2,2,2,3,3,5,5,5,4,5,4,5,6,3,82,7,31,6,2,2,3,3,42,30,30,30,30,6,3,3,27,2,8,8,4,8,1,8,1,5,36,30,6,5,6,6,5,30,8,8,8,39,7,6,9,3,29,10,28,6,5,5,9,14,9,7,6,45,6,6,45,55,55,29,29,29,13,18,16,6,8,6,8,8,86,3,4,116,42,29,31,3,5,6,1,40,27,3,17,7,8,7,9,9,13,7,4,3,19,18,18,7,7,7,5,5,5,6,5,2,4,2,7,2,3,4,3,1,1,3,5,5,3,8,2,4,7,7,45,1,47,4,8,94,18,4,2,2,3,3,6,6,10,21,82,3,5,3,3,2,2,5,7,3,3,4,29,7,6,7,4,5,6,19,29,105,5,86,86,3,3,3,3,3,29,29,6,8,6,7,6,7,7,7,6,6,6,29,3,3,113,6,6,6,2,6,6,6,2,3,24,24,24,1,2,114,11,3,6,6,6,6,22,27,10,9,6,30,31,2,3,5,7,7,7,3,3,5,6,2,2,7,5,5,17,1,0,1,1,7,5,4,4,3,5,5,4,17,18,37,35,35,35,35,5,4,4,34,4,4,3,30,5,5,5,6,7,7,5,7,2,2,2,3,2,2,2,2,2,1,1,1,2,2,34,8,8,8,6,8,6,3,12,80,13,13,1,1,2,1,6,6,2,2,1,2,2,9,3,1,5,3,22,4,6,6,14,20,13,5,89,3,2,6,19,4,6,10,4,5,5,5,23,5,4,8
2,4,19,115,5,1,1,1,1,1,4,6,6,5,6,5,6,7,3,83,5,30,7,3,3,4,4,42,34,34,34,34,5,2,2,29,2,6,6,5,7,2,7,1,6,34,29,5,3,5,5,6,29,7,7,7,39,8,7,10,4,29,11,27,4,3,4,10,12,11,8,8,44,8,8,44,55,55,27,27,27,14,19,17,4,10,4,9,9,86,5,5,116,42,28,29,4,6,7,2,41,29,3,18,8,9,8,10,10,14,8,5,5,20,19,19,8,9,9,6,6,6,7,6,3,5,3,6,3,4,5,4,2,2,5,7,6,4,9,3,5,8,8,45,1,47,5,6,94,19,5,1,2,2,2,6,6,11,22,83,1,4,4,4,3,3,6,6,4,4,5,29,8,6,6,5,6,7,20,29,105,6,86,86,3,3,3,3,3,30,30,4,9,5,6,5,5,5,6,5,5,5,30,1,4,113,7,7,7,3,5,5,5,1,2,23,23,23,2,3,114,12,5,7,7,5,5,26,28,11,11,4,30,30,4,1,6,8,9,9,2,1,7,7,1,2,6,5,5,19,1,1,0,1,9,5,4,4,4,6,6,6,19,20,37,34,35,35,35,5,5,5,36,5,5,3,32,5,5,5,6,8,8,7,8,1,2,1,2,1,1,1,1,1,1,1,1,1,1,33,9,9,9,7,10,7,2,14,79,14,15,1,1,2,2,6,6,2,2,3,1,1,11,3,3,5,3,21,5,6,6,15,20,14,7,88,4,2,6,18,5,6,12,3,5,4,5,25,5,5,8
2,4,19,115,5,1,1,1,1,1,4,6,6,5,6,5,6,7,4,84,5,30,7,3,3,4,4,43,34,34,34,34,5,2,2,29,2,6,6,5,7,2,7,1,6,34,29,5,3,5,5,6,29,7,7,7,39,8,8,11,4,29,11,27,4,3,4,10,13,11,8,8,44,8,8,44,56,56,27,27,27,14,19,17,4,10,4,9,9,86,5,5,116,42,28,29,4,6,7,2,41,29,3,18,9,9,8,10,10,14,8,5,5,20,19,19,8,9,9,6,6,6,7,6,3,5,4,6,4,4,5,4,3,3,5,7,6,5,9,3,5,8,8,45,1,47,5,6,94,19,5,1,2,2,2,6,6,11,22,83,1,4,4,4,3,3,6,6,4,4,5,29,8,6,6,5,6,7,20,29,105,7,86,86,3,3,3,3,3,30,30,4,9,5,6,5,6,5,6,5,5,5,30,1,4,113,7,7,7,3,5,5,5,2,2,23,23,23,2,3,114,12,5,7,7,5,5,26,28,11,11,4,30,30,4,2,7,8,9,9,2,1,7,7,2,2,6,5,5,19,1,1,1,0,9,5,4,4,4,6,6,5,19,20,36,34,35,35,35,5,5,5,36,5,5,3,32,4,5,5,6,8,8,7,8,1,2,1,2,1,1,1,1,1,1,1,1,1,1,33,9,9,8,7,10,7,2,14,79,14,15,1,1,2,1,6,6,2,2,3,1,1,11,3,3,5,3,21,5,6,6,15,20,14,6,88,4,2,6,18,5,6,11,3,5,4,5,25,5,5,8
7,10,24,121,9,8,8,8,8,8,7,2,2,2,2,3,2,2,9,86,9,37,11,7,7,8,7,48,36,36,36,36,9,7,7,22,9,8,8,4,7,5,7,7,4,35,36,6,7,8,8,1,25,8,8,8,45,4,3,9,6,36,5,27,8,8,8,4,17,5,2,2,40,2,1,40,61,61,24,24,24,8,22,11,7,4,7,3,3,92,6,7,122,48,24,25,5,2,10,7,47,23,9,21,3,3,3,4,4,9,2,10,7,23,22,22,3,2,2,3,3,3,10,11,8,4,5,6,3,2,3,2,5,5,2,1,1,5,5,4,4,11,11,51,7,53,3,7,100,22,9,8,8,9,9,2,2,5,25,86,8,8,6,7,5,5,2,3,10,10,10,36,12,3,7,5,6,10,23,36,111,4,92,92,9,9,9,10,10,28,27,8,3,9,9,9,9,9,9,9,9,9,28,8,4,119,12,12,12,9,8,8,6,8,9,27,27,27,7,8,120,6,5,10,10,6,5,28,31,5,5,9,37,37,9,8,12,2,3,3,9,8,1,10,6,6,8,4,4,22,7,7,9,9,0,6,4,4,3,4,4,6,20,21,42,35,36,36,36,4,3,3,29,3,4,6,25,5,6,6,6,2,2,3,1,6,6,6,5,6,7,6,6,6,7,7,7,7,7,38,1,1,1,2,4,2,8,5,84,6,6,6,6,5,5,6,7,6,6,5,6,6,3,7,4,8,6,23,4,8,8,7,22,8,4,94,5,5,6,28,7,10,3,7,6,7,6,16,9,7,7
6,7,17,117,9,5,5,5,4,4,1,5,5,4,5,4,5,6,7,88,2,38,11,6,7,8,8,44,36,36,36,36,1,3,4,25,6,3,3,5,3,5,3,5,5,31,33,1,1,2,2,6,27,3,3,3,41,7,7,10,7,31,11,24,1,1,1,10,10,10,8,7,41,6,6,42,57,57,25,25,25,13,24,16,1,9,1,9,9,88,8,8,118,44,26,27,4,5,11,6,42,25,7,23,7,7,7,9,10,13,6,8,9,25,24,24,7,7,7,6,6,6,10,9,6,5,5,3,4,4,5,4,6,6,4,6,5,6,8,5,5,12,12,47,5,49,4,3,95,24,9,5,5,5,5,5,5,11,27,88,4,2,7,8,5,5,5,5,8,8,8,32,11,4,2,7,6,10,25,32,107,5,88,88,7,7,7,7,7,31,29,1,8,2,2,2,2,2,3,2,2,2,32,4,4,114,10,10,10,7,1,1,1,5,5,21,21,21,6,7,116,12,6,10,10,3,3,29,33,11,10,2,39,39,7,4,10,8,8,8,5,4,5,11,4,4,2,4,4,23,5,5,5,5,6,0,3,3,4,3,3,8,22,23,40,37,38,38,38,5,4,4,35,3,3,3,31,1,1,1,2,6,6,5,6,5,3,4,3,4,4,4,4,4,4,4,4,5,5,36,6,6,6,6,9,6,6,13,82,14,14,6,6,4,5,2,2,7,7,6,4,4,10,8,5,10,8,24,5,3,3,14,17,13,6,91,4,4,2,22,9,10,11,8,1,1,1,24,10,9,4
4,7,20,117,7,4,4,4,4,4,3,4,4,2,4,3,4,5,6,85,5,33,10,5,5,6,5,44,33,33,33,33,3,3,3,26,5,4,4,3,5,2,5,3,4,34,33,2,3,4,4,4,26,5,5,5,41,6,5,8,4,32,9,27,4,4,4,8,13,9,6,6,43,5,5,43,57,57,25,25,25,12,20,15,3,8,3,8,8,88,5,5,118,44,25,27,1,3,8,5,42,26,6,19,5,5,5,8,8,12,5,7,6,21,20,20,6,6,6,4,4,4,9,8,5,3,2,4,1,2,3,2,3,3,2,5,3,3,7,2,3,9,9,47,4,49,2,4,96,20,7,4,4,4,5,3,3,9,23,84,4,4,4,5,2,2,4,3,7,7,7,32,10,2,3,5,5,9,22,32,107,4,88,88,6,6,6,6,6,30,28,3,7,5,5,5,5,5,5,4,5,5,30,4,1,115,9,9,9,6,4,4,2,4,5,23,23,23,4,5,116,11,4,9,9,3,3,25,29,9,9,5,33,33,6,4,9,6,7,7,4,4,4,8,2,2,3,2,2,20,4,4,4,4,4,3,0,1,1,2,2,6,19,20,39,36,37,37,37,2,2,2,35,2,2,2,32,3,3,3,4,5,5,4,5,3,2,2,2,3,3,3,3,3,3,3,3,4,4,35,5,5,5,4,7,4,5,11,81,11,12,5,4,3,4,4,4,5,5,4,3,3,8,6,3,7,6,23,3,4,5,12,19,11,5,90,2,3,4,24,7,9,8,7,4,3,4,22,8,7,7
4,7,20,117,7,4,4,4,4,4,3,3,4,2,4,3,4,4,6,85,5,33,10,5,5,6,5,44,33,33,33,33,3,3,3,25,5,4,4,3,5,2,5,3,4,34,33,2,3,4,4,4,26,5,5,5,41,6,5,8,4,32,9,27,4,4,4,8,13,9,6,6,43,5,5,43,57,57,25,25,25,12,20,15,3,8,3,8,7,88,5,5,118,44,25,26,1,3,8,5,42,26,6,19,5,5,5,8,8,12,5,7,5,21,20,20,5,6,6,4,4,4,9,8,5,3,2,4,1,2,3,2,3,3,2,5,3,3,7,2,3,9,9,47,4,49,2,4,96,20,7,4,4,4,5,3,3,9,23,84,4,4,4,5,2,2,4,3,7,7,7,32,10,2,3,5,5,9,22,32,107,4,88,88,6,6,6,6,6,30,28,3,7,5,5,5,5,5,5,4,5,5,30,4,1,115,9,9,9,6,4,4,2,4,5,23,23,23,4,5,116,11,4,9,9,3,3,25,29,9,9,5,33,33,6,4,9,6,7,7,4,4,4,8,2,2,3,2,2,20,4,4,4,4,4,3,1,0,1,2,2,6,19,20,39,36,37,37,37,2,2,2,35,2,2,2,32,3,3,3,4,5,5,4,5,3,2,2,2,3,3,3,3,3,3,3,3,4,4,35,5,5,5,4,7,4,5,11,81,11,12,5,4,3,4,4,5,6,5,4,3,3,8,6,3,7,6,24,3,4,5,12,19,11,5,90,2,3,4,24,7,9,8,7,4,3,4,22,8,7,7
4,6,20,117,7,4,4,4,4,4,3,3,3,3,3,3,3,4,6,84,5,33,9,5,5,5,5,44,33,33,33,33,4,3,3,26,4,5,5,2,5,2,5,3,4,34,33,3,3,5,5,4,27,5,5,5,41,6,5,8,4,31,9,27,4,4,4,8,13,8,6,5,44,5,5,44,57,57,25,25,25,11,20,14,3,7,3,7,7,88,4,5,118,44,26,27,1,4,8,4,42,26,6,19,6,6,6,7,8,12,5,7,5,21,20,20,5,6,6,4,4,4,9,8,5,3,2,4,1,2,3,2,3,3,2,4,3,3,7,2,2,9,9,47,4,49,3,5,95,20,7,4,4,4,5,3,3,9,23,84,4,4,4,5,2,2,4,4,6,6,7,32,10,3,4,5,5,9,21,32,107,4,88,88,5,5,6,6,6,30,27,4,6,5,6,5,6,5,6,5,5,5,30,4,1,114,9,9,9,6,4,4,3,4,5,23,23,23,4,5,116,10,4,9,9,3,3,25,29,9,8,5,33,33,6,4,9,6,6,6,4,4,4,8,2,2,4,3,3,20,4,3,4,4,3,4,1,1,0,1,1,6,19,21,39,36,37,37,37,2,2,2,35,2,2,2,32,3,4,3,4,5,5,4,5,4,2,3,2,3,3,3,3,3,3,3,3,4,4,35,5,5,5,4,7,4,5,11,81,12,12,5,5,3,4,4,5,6,6,4,3,3,8,7,3,8,6,24,3,5,5,12,19,12,5,91,2,3,4,24,7,9,9,7,4,3,4,22,8,7,7
5,8,19,118,8,5,5,5,5,5,2,3,3,2,4,2,4,4,7,86,4,35,11,6,6,7,7,46,35,35,34,34,3,4,4,25,6,4,4,3,4,4,4,4,3,34,34,2,3,4,4,5,26,4,4,4,42,6,5,8,5,33,9,26,4,4,4,8,13,8,6,5,43,5,4,43,59,59,24,24,24,12,22,15,3,7,3,7,7,89,6,6,119,45,25,26,2,3,10,6,44,25,7,21,5,5,5,8,8,12,4,8,7,22,22,22,5,5,5,4,4,4,10,10,6,3,3,3,2,2,3,2,4,4,2,4,4,5,7,3,4,10,11,48,5,50,2,4,97,21,8,5,5,6,6,3,3,9,25,86,5,4,5,7,3,3,4,3,8,8,8,33,11,2,3,5,5,10,23,33,108,4,89,89,7,7,7,7,7,30,27,3,7,4,5,4,5,4,5,4,4,4,30,5,2,116,10,10,10,7,4,4,2,5,6,23,23,23,6,6,117,10,4,10,10,2,2,27,30,9,8,4,34,34,7,6,10,6,6,6,6,5,3,10,3,3,3,2,2,21,5,5,6,6,4,3,2,2,1,0,1,6,20,21,39,36,37,37,37,2,2,2,35,2,1,2,32,3,3,3,4,5,5,4,5,4,2,3,2,3,3,3,3,3,3,3,3,4,4,35,5,5,5,4,7,4,5,12,81,13,13,5,5,3,4,4,4,6,6,4,3,3,8,7,3,8,6,24,3,5,5,14,19,11,5,91,2,3,4,25,7,9,9,7,4,3,4,22,9,7,7
5,8,19,118,8,5,5,5,5,5,2,3,3,2,4,2,3,4,7,86,4,34,11,6,6,7,7,46,35,35,34,34,3,4,4,25,6,4,4,3,4,4,4,4,3,33,34,2,2,4,4,4,26,4,4,4,42,6,5,8,5,33,9,26,4,4,4,8,13,8,6,5,43,5,4,43,59,59,24,24,24,12,22,15,3,7,3,7,7,89,6,6,119,45,25,26,2,3,10,6,44,25,7,21,5,5,5,8,8,11,4,8,7,22,22,22,5,5,5,4,4,4,10,10,6,3,3,3,2,2,3,2,4,4,2,4,4,5,7,3,4,10,11,48,5,50,2,4,97,21,8,5,5,6,6,3,3,9,25,86,5,4,5,7,3,3,4,3,8,8,8,33,11,2,3,5,4,10,23,33,108,4,89,89,7,7,7,7,7,30,27,3,7,4,5,4,5,4,5,4,4,4,30,5,2,116,10,10,10,7,4,4,2,5,6,23,23,23,6,7,117,10,4,10,10,2,2,27,30,9,8,4,34,34,7,5,10,6,6,6,6,5,3,10,3,3,3,2,2,21,5,5,6,6,4,3,2,2,1,1,0,6,20,21,39,36,37,37,37,2,2,2,35,2,1,2,32,3,3,3,4,4,5,4,4,4,2,3,2,3,3,3,3,3,3,3,3,4,4,35,5,5,5,4,7,4,5,12,81,13,13,5,5,3,4,4,4,6,6,4,3,3,8,7,3,8,6,24,3,5,5,13,19,11,5,91,2,3,4,25,7,9,9,7,4,3,4,22,9,7,6
4,7,23,118,5,5,5,5,5,5,7,6,6,5,6,5,6,6,6,80,9,34,7,3,3,4,3,46,33,33,33,33,9,5,5,28,6,10,10,5,10,4,10,4,4,38,33,8,7,8,8,6,31,10,10,10,42,7,6,8,2,32,11,31,8,7,7,10,16,11,8,8,46,8,8,46,58,58,30,30,30,14,16,17,8,10,8,9,9,89,2,3,119,45,30,32,5,6,4,4,44,29,6,15,9,9,9,10,10,13,8,6,2,17,16,16,7,8,8,6,6,6,6,8,5,3,4,9,4,4,5,4,3,3,5,7,6,4,8,3,4,5,5,48,4,50,5,10,97,16,5,5,5,5,6,7,7,11,19,80,6,7,2,1,4,3,6,9,6,6,5,32,8,7,9,3,4,6,17,33,108,5,89,89,6,6,6,6,6,28,28,8,9,9,9,9,9,9,9,9,9,9,28,6,4,116,7,7,7,5,9,8,8,5,6,26,26,26,4,4,117,12,3,6,6,8,8,26,25,11,11,8,34,34,5,6,7,8,9,9,6,6,6,4,4,5,9,6,6,16,4,4,6,5,6,8,6,6,6,6,6,0,16,17,40,37,38,38,38,6,6,6,34,6,6,6,30,8,8,8,9,8,9,7,8,5,5,5,6,5,6,5,5,5,4,5,5,5,5,37,9,9,9,7,8,7,6,12,83,13,14,4,4,5,4,9,9,4,4,3,5,5,10,5,4,6,4,23,5,9,9,14,23,13,5,92,6,5,9,22,5,8,10,5,8,8,8,24,7,5,11
18,17,36,114,16,19,19,19,21,21,21,19,19,19,20,19,20,19,18,69,22,38,16,16,16,17,16,41,25,25,24,24,22,19,19,44,19,23,23,19,24,17,24,17,18,53,43,21,21,22,22,20,45,24,24,24,39,20,20,15,16,31,23,46,24,23,23,22,28,22,19,19,57,19,21,57,49,49,44,41,41,28,3,28,23,21,23,21,21,85,15,15,115,42,44,45,19,20,11,18,40,43,17,4,22,22,22,24,24,19,22,16,15,3,2,2,20,22,22,20,20,20,15,16,17,17,17,23,17,18,19,18,16,16,18,20,19,17,23,17,18,11,11,42,17,44,19,23,93,2,16,19,19,19,20,21,21,28,2,69,19,22,16,12,17,17,20,22,17,17,16,40,21,21,22,16,16,15,4,40,104,18,85,85,18,18,17,17,17,27,27,21,20,22,23,22,23,22,23,22,22,22,28,19,18,112,16,16,16,17,23,23,21,19,20,42,42,42,18,17,113,26,16,15,15,22,22,16,14,23,22,24,38,38,17,20,16,19,19,19,20,19,20,12,18,19,22,20,20,3,17,17,19,19,20,22,19,19,19,20,20,16,0,1,41,28,29,29,29,22,22,22,35,22,22,22,32,25,25,25,25,24,25,23,24,20,22,22,22,21,22,21,21,21,21,21,21,20,20,37,25,25,25,23,24,23,19,28,82,29,30,20,20,22,20,25,25,19,19,19,22,21,26,17,20,17,18,15,21,26,26,30,40,28,21,91,22,21,26,34,16,23,26,17,25,25,25,40,24,16,28
19,18,37,116,17,20,20,20,22,22,22,20,21,20,21,20,21,20,19,69,24,39,17,17,17,18,17,43,26,26,26,26,23,20,20,45,20,24,24,20,25,18,25,18,19,54,44,22,22,23,23,21,46,25,25,25,40,21,21,16,17,31,24,47,25,24,24,23,29,23,20,20,58,20,22,58,50,50,42,42,42,26,4,29,24,22,24,22,22,86,16,16,116,43,45,47,20,21,12,19,42,44,18,5,24,23,23,25,25,20,23,17,16,3,4,4,21,23,23,21,21,21,16,17,18,18,18,24,18,19,20,19,17,17,19,21,20,18,24,18,19,12,12,44,18,45,20,24,94,3,17,20,20,20,21,22,22,23,2,69,20,23,17,13,18,18,21,23,18,18,17,41,22,22,23,17,17,16,1,41,105,19,86,86,19,19,18,18,18,28,28,22,21,23,24,23,24,23,24,23,23,23,27,20,19,113,17,17,17,18,24,24,22,20,21,43,43,43,19,18,114,27,17,16,16,23,23,18,15,24,23,24,39,39,18,21,17,20,20,20,21,20,21,13,19,20,23,21,21,4,18,18,20,20,21,23,20,20,21,21,21,17,1,0,43,31,31,31,31,22,21,21,34,22,22,21,32,24,24,24,24,24,24,23,24,20,22,21,22,21,21,21,21,21,20,20,20,19,20,39,24,24,24,23,23,23,18,28,84,29,29,20,19,21,19,24,24,18,18,18,21,21,25,17,19,16,17,17,21,25,26,30,40,28,20,93,21,20,25,33,16,25,26,16,25,24,25,40,17,16,28
37,34,31,86,36,37,37,37,36,36,39,42,42,41,42,41,42,43,36,133,40,14,35,37,37,39,37,12,32,32,32,32,40,37,38,64,37,41,43,43,43,38,43,37,44,47,17,41,40,41,41,44,67,42,42,42,5,44,43,46,40,15,48,40,40,39,39,47,33,47,45,44,82,44,43,82,11,11,65,65,65,51,42,54,39,46,39,46,46,57,41,41,75,3,66,67,40,42,45,36,4,64,36,43,44,44,44,47,47,50,43,35,40,43,42,42,44,44,44,42,42,42,35,34,36,41,39,42,40,40,41,40,38,38,41,43,42,40,45,41,41,45,45,2,39,2,42,43,64,41,37,37,37,36,36,42,42,48,40,133,36,38,40,40,39,39,42,42,36,36,36,17,34,41,41,41,42,37,41,17,76,44,57,57,37,37,37,37,37,68,68,41,47,42,42,42,42,42,42,40,40,40,65,36,40,83,34,34,34,36,40,40,40,36,36,34,34,34,38,37,85,49,41,35,35,41,41,28,53,48,47,38,14,14,36,36,34,45,45,45,36,36,42,43,37,38,41,41,41,43,37,37,37,36,42,40,39,39,39,39,39,40,41,43,0,39,40,40,40,46,46,46,78,46,46,43,75,45,45,45,46,49,49,48,49,42,43,43,43,43,42,43,43,43,42,42,42,41,42,5,49,49,49,48,51,48,40,55,57,55,56,43,42,43,44,46,46,42,42,43,43,43,52,42,45,41,42,30,45,46,46,56,37,55,47,50,44,44,46,28,41,39,52,41,45,45,45,66,39,41,48
31,29,50,109,29,34,34,34,34,34,36,35,35,34,35,34,35,36,29,79,38,33,28,30,30,32,30,34,1,1,1,1,37,34,35,69,34,39,39,34,39,32,39,35,39,65,36,37,36,37,37,35,62,39,39,39,34,37,37,39,38,26,40,58,37,36,36,39,49,40,37,37,87,41,41,87,44,44,70,70,70,43,31,46,37,39,37,39,38,80,36,36,110,37,71,72,37,39,32,30,35,69,29,31,48,48,48,39,39,43,48,29,33,31,30,30,37,37,37,35,35,35,28,28,29,39,33,46,33,33,34,33,32,32,34,36,35,34,38,32,34,32,33,39,31,41,34,46,88,29,30,34,34,34,33,39,39,40,28,78,33,36,37,33,32,32,35,39,29,29,29,35,27,38,39,37,38,28,29,35,99,35,80,80,32,32,29,29,29,56,56,37,38,37,38,37,38,38,38,37,38,37,53,33,37,107,27,27,27,29,37,37,37,33,33,52,52,52,31,30,108,42,37,28,28,38,38,13,41,40,40,37,34,34,30,33,28,37,38,38,33,33,36,33,35,35,38,38,38,31,35,35,34,34,35,37,36,36,36,36,36,37,28,31,39,0,1,1,1,34,33,33,59,33,33,34,56,35,36,36,37,35,36,34,35,32,33,33,33,32,32,32,32,32,32,32,32,28,32,27,36,36,36,34,37,34,30,41,55,41,42,29,28,33,30,37,37,28,28,29,33,32,38,27,30,27,29,8,32,37,37,42,47,41,34,82,35,30,37,38,27,24,38,27,36,35,36,52,24,27,39
31,30,51,110,30,35,35,35,34,34,37,36,36,35,36,35,36,37,30,79,38,34,29,31,31,33,31,35,1,1,1,1,38,35,36,70,35,40,40,35,40,33,40,35,40,66,37,38,37,38,38,36,63,40,40,40,35,38,37,39,39,26,41,59,38,37,37,40,50,41,38,38,87,42,42,88,45,45,71,71,71,44,31,47,37,40,37,39,39,81,37,37,111,37,72,73,38,40,33,30,36,70,30,32,42,49,49,40,40,44,48,29,34,32,31,31,38,38,38,36,36,36,29,28,30,35,34,40,33,34,35,34,32,32,34,37,36,35,39,33,35,33,34,40,32,42,35,47,88,30,31,35,35,35,34,40,40,41,29,79,34,37,38,34,33,33,36,40,30,30,30,36,27,39,39,38,39,29,30,36,100,36,81,81,33,33,30,30,30,57,57,37,39,38,39,38,39,38,39,38,38,38,54,34,38,107,28,28,28,30,38,38,38,34,34,53,53,53,32,31,109,42,38,29,29,39,39,14,42,41,41,38,34,34,30,34,28,38,39,38,34,34,36,34,35,36,39,39,39,32,35,35,35,35,36,38,37,37,37,37,37,38,29,31,40,1,0,39,39,34,34,34,60,34,34,35,57,36,37,36,38,36,37,35,36,32,34,33,34,33,33,33,33,33,33,33,33,29,33,28,37,37,37,35,38,35,31,42,56,42,43,30,29,34,31,38,38,29,29,30,33,33,39,28,31,28,30,9,33,38,38,43,48,42,34,82,36,31,37,39,28,25,39,27,37,36,37,53,25,28,40
31,30,51,110,30,35,35,35,34,34,37,36,36,35,36,35,36,37,30,79,38,34,29,31,31,33,31,35,1,1,1,1,38,35,36,70,35,40,40,35,40,33,40,35,40,66,37,38,37,38,38,36,63,40,40,40,35,38,37,39,39,26,41,59,38,37,37,40,50,41,38,38,87,42,42,88,45,45,71,71,71,44,31,47,37,40,37,39,39,81,37,37,111,37,72,73,38,40,33,30,36,70,30,32,42,42,42,40,40,44,48,29,34,32,31,31,38,38,38,36,36,36,29,28,30,35,34,47,33,34,35,34,32,32,34,37,36,35,39,33,35,33,34,40,32,42,35,47,88,30,31,35,35,35,34,40,40,41,29,79,34,37,38,34,33,33,36,40,30,30,30,36,27,39,39,38,39,29,30,36,100,36,81,81,33,33,30,30,30,57,57,37,39,38,39,38,39,38,39,38,38,38,54,34,38,107,28,28,28,30,38,38,38,34,34,53,53,53,32,31,109,42,38,29,29,39,39,14,42,41,41,38,34,34,30,34,28,38,39,38,34,34,36,34,35,36,39,39,39,32,35,35,35,35,36,38,37,37,37,37,37,38,29,31,40,1,39,0,40,34,34,34,60,34,34,35,57,36,37,36,38,36,37,35,36,32,34,33,34,33,33,33,33,33,33,33,33,29,33,28,37,37,37,35,38,35,31,42,56,42,43,30,29,34,31,38,38,29,29,30,33,33,39,28,31,28,30,9,33,38,38,43,48,42,34,82,36,31,37,39,28,25,39,27,37,36,37,53,25,28,40
31,30,51,110,30,35,35,35,34,34,37,36,36,35,36,35,36,37,30,79,38,34,29,31,31,33,31,35,1,1,1,1,38,35,36,70,35,40,40,35,40,33,40,35,40,66,37,38,37,38,38,36,63,40,40,40,35,38,37,39,39,26,41,59,38,37,37,40,50,41,38,38,87,42,42,88,45,45,71,71,71,44,31,47,37,40,37,39,39,81,37,37,111,37,72,73,38,40,33,30,36,70,30,32,42,42,49,40,40,44,48,29,34,32,31,31,38,38,38,36,36,36,29,28,30,35,34,40,33,34,35,34,32,32,34,37,36,35,39,33,35,33,34,40,32,42,35,47,88,30,31,35,35,35,34,40,40,41,29,79,34,37,38,34,33,33,36,40,30,30,30,36,27,39,39,38,39,29,30,36,100,36,81,81,33,33,30,30,30,57,57,37,39,38,39,38,39,38,39,38,38,38,54,34,38,107,28,28,28,30,38,38,38,34,34,53,53,53,32,31,109,42,38,29,29,39,39,14,42,41,41,38,34,34,30,34,28,38,39,38,34,34,36,34,35,36,39,39,39,32,35,35,35,35,36,38,37,37,37,37,37,38,29,31,40,1,39,40,0,34,34,34,60,34,34,35,57,36,37,36,38,36,37,35,36,32,34,33,34,33,33,33,33,33,33,33,33,29,33,28,37,37,37,35,38,35,31,42,56,42,43,30,29,34,31,38,38,29,29,30,33,33,39,28,31,28,30,9,33,38,38,43,48,42,34,82,36,31,37,39,28,25,39,27,37,36,37,53,25,28,40
5,8,21,118,8,5,5,5,5,5,5,3,3,2,3,2,3,4,7,85,7,34,11,6,6,7,6,45,34,34,34,34,5,4,4,26,6,6,6,3,8,3,8,4,3,36,34,4,5,6,6,4,29,7,7,7,42,6,5,8,5,32,9,29,6,5,5,8,14,8,5,5,43,5,4,44,58,58,27,26,27,11,21,14,5,7,5,7,7,89,6,6,119,45,26,29,2,3,9,6,43,26,7,20,6,6,6,7,8,11,5,8,6,22,21,21,5,6,6,4,4,4,10,9,6,3,3,7,2,2,3,2,4,4,2,4,3,4,7,3,3,10,10,48,5,50,2,7,97,21,8,5,5,5,6,3,3,8,24,85,5,5,5,6,3,3,3,4,8,8,8,33,11,3,5,5,4,10,22,33,108,3,89,89,7,7,7,7,7,29,27,5,6,7,7,7,7,7,7,6,7,7,30,5,2,116,10,10,10,7,6,6,4,5,6,24,24,24,5,6,117,10,4,10,10,5,6,26,30,9,8,6,34,34,7,5,10,5,6,6,5,5,3,9,3,3,5,1,1,21,5,5,5,5,4,5,2,2,2,2,2,6,22,22,46,34,34,34,34,0,1,1,34,1,1,4,31,3,3,3,4,3,3,2,3,5,4,4,4,5,5,5,5,5,5,5,5,6,6,37,3,3,3,2,6,2,7,9,83,9,10,6,6,5,6,4,4,6,6,5,5,5,6,7,5,8,6,25,4,5,6,10,20,10,4,92,4,5,4,25,8,10,6,7,4,4,4,20,9,8,6
5,8,20,118,8,5,5,5,5,5,3,3,3,1,3,2,3,3,7,85,5,34,10,5,5,6,6,45,34,34,34,34,4,4,4,26,6,5,5,2,5,3,5,4,3,34,34,3,3,5,5,3,27,5,5,5,42,5,4,7,4,33,8,27,4,5,5,7,13,7,4,4,43,4,4,43,58,58,25,25,25,10,21,13,4,6,3,6,6,89,5,5,119,45,26,27,1,2,9,5,43,26,7,20,6,6,6,6,7,11,5,8,6,22,21,21,4,5,5,3,3,3,9,9,6,2,2,4,2,1,2,1,3,3,2,3,3,4,6,2,3,9,10,48,4,50,1,5,97,20,7,5,5,5,6,2,2,8,24,85,5,5,4,6,2,2,3,3,7,7,8,33,11,2,4,4,4,9,22,33,108,3,89,89,7,7,7,7,7,29,26,4,5,5,6,5,6,5,6,5,5,5,29,5,2,116,10,10,10,6,4,4,3,5,6,24,24,24,5,6,117,9,3,9,9,3,3,26,30,8,7,5,34,34,6,5,9,5,5,5,5,5,2,9,3,3,4,1,1,20,4,4,5,5,3,4,2,2,2,2,2,6,22,21,46,33,34,34,34,1,0,1,33,1,1,3,30,2,2,2,3,4,4,2,3,5,3,4,3,4,4,4,4,4,4,4,4,5,5,36,4,4,4,2,5,2,6,9,82,10,10,4,5,4,4,3,3,5,5,4,4,4,6,6,3,7,5,25,2,5,5,11,19,9,3,92,3,3,3,24,6,9,7,6,3,3,3,20,8,6,6
5,7,20,118,8,5,5,5,5,5,3,3,3,1,3,2,3,4,7,85,5,34,11,5,5,6,6,45,34,34,34,34,4,4,3,25,5,5,5,2,5,3,5,4,3,34,34,2,3,5,5,3,27,5,5,5,42,5,4,7,5,32,8,27,4,4,4,7,13,7,5,4,43,5,4,43,58,58,25,25,25,11,21,14,3,6,3,6,6,89,5,5,118,45,26,27,2,2,9,5,43,25,7,20,5,5,5,7,7,11,5,8,6,22,21,21,5,5,5,3,3,3,9,9,6,2,2,4,2,1,2,1,3,3,2,3,3,4,6,2,3,10,10,48,4,50,1,4,96,21,8,5,5,5,6,2,2,8,24,85,5,4,5,6,3,3,3,3,8,8,8,33,11,2,4,4,4,9,22,33,108,3,89,89,6,6,7,7,7,29,27,4,6,5,5,5,5,5,6,5,5,5,29,5,2,115,10,10,10,7,4,4,2,5,5,23,23,23,5,6,117,9,4,9,9,3,3,26,30,8,7,5,34,34,7,5,10,5,5,5,5,5,3,9,3,3,4,1,1,20,4,4,5,5,3,4,2,2,2,2,2,6,22,21,46,33,34,34,34,1,1,0,33,1,1,3,30,2,2,2,3,3,4,2,3,4,3,3,3,4,4,4,4,4,4,4,4,5,5,36,4,4,4,2,5,2,6,9,82,10,10,5,5,4,4,3,3,5,5,4,4,4,7,6,3,7,5,25,2,4,5,11,19,10,3,91,3,3,3,24,7,9,7,6,3,3,3,20,8,7,5
34,38,53,149,36,35,35,35,38,38,36,31,31,32,31,32,31,29,36,77,36,73,37,33,33,34,34,77,60,60,60,60,37,37,37,44,36,35,35,33,34,35,34,34,31,66,66,36,36,38,38,29,47,35,35,35,74,28,29,22,30,65,24,55,35,35,35,25,44,29,29,29,62,27,28,62,84,84,46,46,46,31,33,23,37,29,37,27,27,120,28,28,150,77,46,47,34,33,29,35,75,44,36,34,30,30,30,29,28,29,30,36,30,33,33,33,29,30,30,32,32,32,39,38,35,28,34,34,32,31,32,31,34,34,31,29,34,34,28,33,33,29,29,78,34,79,33,34,128,36,36,35,35,36,36,29,29,30,36,77,36,35,30,31,32,32,30,31,36,36,36,63,38,34,35,27,26,37,35,63,139,30,120,120,36,36,37,37,37,1,1,34,32,36,36,36,36,36,36,38,38,38,4,36,34,147,38,38,38,36,35,35,36,35,36,54,54,54,35,35,148,31,29,37,37,33,33,51,23,28,28,36,73,73,36,36,37,29,31,31,36,36,32,28,36,36,35,35,35,36,34,34,36,36,29,35,35,35,35,35,35,34,35,34,78,59,60,60,60,34,33,33,0,29,29,32,4,31,31,31,31,29,29,29,29,30,32,31,31,32,32,32,32,32,30,30,30,30,31,64,29,29,29,28,25,28,31,26,109,28,28,30,30,31,29,31,32,32,32,29,32,32,27,33,28,31,32,41,30,33,33,26,47,26,30,118,31,31,32,47,30,33,25,31,31,32,31,28,32,30,33
5,7,20,118,8,4,4,5,4,4,3,3,3,1,3,2,3,4,7,85,5,34,10,6,5,6,6,45,34,34,34,34,3,4,3,26,5,4,4,2,5,3,5,4,3,34,33,2,3,4,4,4,26,5,5,5,42,5,4,7,5,32,8,27,4,4,4,7,13,8,5,5,43,5,4,43,58,58,25,25,25,11,21,14,3,7,3,6,6,88,5,5,118,44,25,27,1,2,9,5,43,26,6,20,5,5,5,7,7,11,5,8,6,22,21,21,5,6,6,3,3,3,10,9,6,2,2,4,2,2,2,2,3,3,2,3,3,4,6,3,3,10,10,48,4,50,1,4,96,21,8,4,5,5,6,2,2,8,24,85,5,4,5,6,2,2,3,3,7,7,8,33,11,2,3,4,4,10,22,33,108,3,89,89,6,6,6,6,6,29,27,3,6,5,5,5,5,5,5,4,5,5,29,5,2,115,10,10,10,6,4,4,2,5,5,23,23,23,5,6,117,9,4,10,10,3,3,26,30,8,7,5,34,34,7,5,10,5,6,5,5,5,3,9,3,3,3,1,1,20,4,4,5,5,3,3,2,2,2,2,2,6,22,22,46,33,34,34,34,1,1,1,29,0,1,3,30,2,2,2,3,3,3,2,3,4,3,3,3,4,4,4,4,4,4,4,4,5,5,36,4,4,4,2,5,2,6,9,82,10,10,5,5,4,4,3,3,5,5,4,4,4,6,6,3,7,6,24,2,4,5,11,19,10,3,91,3,3,3,24,7,9,7,7,3,3,3,20,8,7,5
5,7,19,118,8,5,5,5,5,5,2,3,3,2,3,2,3,4,7,85,4,34,10,6,6,6,6,45,34,34,34,34,3,4,3,25,5,4,4,2,4,3,4,4,3,33,34,2,2,4,4,4,26,4,4,4,42,5,4,8,5,32,8,26,4,4,4,7,13,8,5,5,43,5,4,43,58,58,24,24,24,11,21,14,3,7,3,6,6,89,5,5,118,44,25,26,2,2,9,5,43,25,7,20,5,5,5,7,7,11,4,8,6,22,21,21,5,5,5,3,3,3,10,9,6,3,3,3,2,2,3,2,4,4,2,4,3,4,6,3,3,10,10,48,4,50,1,4,96,21,8,5,5,5,6,2,2,8,24,85,5,4,5,6,2,2,3,3,7,7,8,33,11,2,3,4,4,10,22,33,108,3,89,89,6,6,6,7,7,29,27,3,6,4,5,4,5,4,5,4,4,4,30,5,2,115,10,10,10,7,4,3,2,5,5,23,23,23,5,6,117,9,4,10,10,2,2,26,30,8,8,4,34,34,7,5,10,5,6,6,5,5,3,9,3,3,3,1,1,21,4,4,5,5,4,3,2,2,2,1,1,6,22,22,46,33,34,34,34,1,1,1,29,1,0,2,30,2,2,2,2,3,3,2,3,4,2,3,2,3,3,3,3,3,3,3,4,4,4,36,3,3,3,3,6,3,5,11,81,11,12,5,5,3,4,2,3,6,6,4,3,3,8,6,3,7,6,24,3,4,4,12,19,10,3,91,2,3,3,24,7,9,8,7,2,3,2,22,9,7,5
4,6,18,115,7,3,3,3,2,2,3,5,6,4,6,5,6,6,5,85,4,37,9,5,5,6,6,42,35,35,35,35,4,1,1,28,4,5,5,5,6,2,6,2,6,33,31,4,2,4,4,6,28,6,6,6,39,8,7,10,5,30,11,26,3,2,3,10,11,11,8,8,45,7,7,43,55,55,26,26,26,14,21,17,3,10,3,10,9,86,5,6,116,42,27,28,3,5,9,4,41,28,5,20,7,7,7,10,10,14,7,6,6,21,21,21,8,8,8,6,6,6,8,8,5,5,4,5,3,4,5,4,3,3,4,7,5,5,9,4,5,9,10,45,3,47,4,5,94,20,7,3,3,4,3,5,5,11,24,85,3,3,5,6,3,3,6,5,6,6,7,30,10,4,5,6,7,8,22,30,105,6,86,86,5,5,5,5,5,32,30,3,9,4,4,4,4,4,5,4,4,4,32,2,3,113,8,8,8,5,4,4,4,3,3,21,21,21,4,5,114,13,5,8,8,4,4,27,29,11,11,3,37,37,5,3,8,8,9,9,3,3,6,9,1,1,5,4,4,20,3,3,3,3,6,3,2,2,2,2,2,6,22,21,43,34,35,35,35,4,3,3,32,3,2,0,33,4,4,4,5,6,7,5,6,2,1,1,2,1,2,1,1,1,2,2,2,2,2,34,7,7,7,5,9,5,3,12,80,13,13,3,3,1,2,5,5,4,4,3,1,1,10,5,1,7,5,22,3,5,5,14,19,13,5,89,2,1,5,19,7,8,10,5,4,4,4,23,7,7,7
31,34,50,146,32,31,31,32,34,34,33,28,28,29,28,29,28,26,33,77,32,63,34,30,30,31,30,74,57,57,57,57,33,33,33,40,32,31,31,30,30,32,30,30,27,62,63,32,33,34,34,30,44,31,31,31,71,25,25,18,27,61,20,51,31,32,32,22,41,25,25,25,58,24,24,59,81,81,42,42,42,28,31,20,33,25,33,23,23,117,25,25,147,74,42,44,31,29,26,31,73,40,33,29,31,31,31,25,24,25,31,33,27,29,31,31,25,30,31,28,28,28,34,35,32,24,31,30,28,27,28,27,30,30,27,26,28,30,24,29,30,25,25,75,30,76,30,30,125,31,32,31,32,32,33,26,26,27,34,77,32,32,27,27,28,29,27,26,33,33,32,59,35,30,31,23,22,34,32,59,136,27,117,117,33,33,33,33,33,4,4,31,28,32,33,32,33,32,33,34,35,35,4,34,30,144,35,35,35,32,31,31,32,32,32,53,53,53,31,32,145,28,25,34,34,29,29,49,21,25,24,32,63,63,32,32,34,25,27,27,33,32,29,25,33,32,33,31,31,31,30,30,32,32,25,31,32,32,32,32,32,30,32,32,75,56,57,57,57,31,30,30,4,30,30,33,0,27,27,27,28,25,25,25,25,27,28,28,28,28,28,28,28,28,26,26,26,27,27,60,25,25,25,25,21,25,28,23,105,24,25,26,26,28,26,28,28,29,29,25,28,28,23,29,25,27,29,39,27,30,30,22,44,22,26,115,28,27,28,44,27,29,22,30,28,28,28,21,28,27,30
6,7,18,117,8,4,4,4,4,4,1,5,5,3,5,4,5,5,7,88,3,38,10,6,7,8,8,44,36,36,36,36,2,3,4,24,6,3,3,4,4,5,4,4,5,32,32,1,1,2,2,6,26,4,4,4,41,7,6,9,6,31,10,25,2,2,2,9,11,9,7,7,41,6,5,41,57,57,24,24,24,13,24,16,1,8,1,8,8,87,7,7,117,43,25,26,3,4,11,6,42,24,7,23,6,6,6,9,9,13,6,8,8,24,24,24,6,6,6,5,5,5,10,9,6,4,4,3,4,3,4,3,5,5,4,5,5,6,8,4,5,11,12,47,5,49,3,3,95,23,8,5,5,5,5,4,4,10,27,88,4,2,6,8,4,4,5,4,8,8,8,32,11,3,4,6,6,10,24,32,107,5,88,88,6,6,7,7,7,31,28,1,8,3,3,3,3,3,3,2,3,3,31,4,3,114,10,10,10,7,2,2,1,5,5,21,21,21,6,6,116,11,5,10,10,2,2,28,32,10,9,3,38,38,7,4,10,7,8,7,4,4,4,11,4,3,2,3,3,23,5,5,5,4,5,1,3,3,3,3,3,8,25,24,45,35,36,36,36,3,2,2,31,2,2,4,27,0,1,1,1,5,5,4,5,5,4,4,3,4,5,4,4,4,4,4,5,5,5,36,5,5,5,5,7,5,6,12,82,13,13,6,6,5,5,1,2,7,7,6,4,4,10,8,5,9,8,25,5,3,3,14,18,12,5,92,4,4,1,23,9,11,10,8,2,2,2,23,10,9,4
6,7,18,117,9,5,5,5,4,4,1,5,5,3,5,4,5,6,7,88,2,38,11,6,7,8,8,44,36,36,36,36,1,3,4,24,6,2,2,4,3,5,3,5,5,32,33,1,1,3,3,6,26,3,3,3,41,7,6,9,7,31,10,25,2,2,2,9,11,10,7,7,41,6,6,41,57,57,24,24,24,13,24,16,1,9,1,8,8,88,7,7,118,44,25,26,3,4,11,6,42,24,7,23,6,6,6,9,9,13,6,8,8,25,24,24,7,6,6,5,5,5,10,9,6,4,4,3,4,3,4,3,5,5,4,6,5,6,8,5,5,12,12,47,5,49,3,2,95,24,8,5,5,5,5,4,4,10,27,88,4,3,7,8,4,4,5,4,8,8,8,32,11,3,2,6,6,10,24,32,107,5,88,88,7,7,7,7,7,31,29,2,8,3,3,3,3,3,3,3,3,3,31,4,4,114,10,10,10,7,1,1,1,5,5,22,22,22,6,7,116,11,6,10,10,3,3,28,33,10,10,3,39,39,7,4,10,7,8,8,4,4,5,11,4,4,1,3,3,23,5,5,5,5,6,1,3,3,4,3,3,8,25,24,45,36,37,37,37,3,2,2,31,2,2,4,27,1,0,1,1,5,5,3,5,5,3,4,3,4,4,4,4,4,4,4,4,5,5,36,5,5,5,5,7,5,6,12,82,13,13,6,6,4,5,1,1,7,7,6,4,4,9,8,5,9,7,25,4,3,3,14,18,12,5,91,4,4,1,23,9,10,10,8,2,2,2,23,10,9,4
6,7,18,117,8,4,4,4,4,4,1,5,5,3,5,4,5,5,7,88,3,38,11,6,7,8,8,44,36,36,36,36,2,3,4,24,6,3,3,4,3,5,3,4,5,32,33,1,1,2,2,6,26,4,4,4,41,7,6,9,6,31,10,25,2,2,2,9,11,10,7,7,41,6,6,41,57,57,24,24,24,13,24,16,1,9,1,8,8,88,7,7,117,43,25,26,3,4,11,6,42,24,7,23,6,6,6,9,9,13,6,8,8,24,24,24,6,6,6,5,5,5,10,9,6,4,4,4,4,3,4,3,5,5,4,5,5,6,8,4,5,11,12,47,5,49,3,3,95,23,8,5,5,5,5,4,4,10,27,88,4,3,6,8,4,4,5,4,8,8,8,32,11,3,4,6,6,10,25,32,107,5,88,88,6,6,7,7,7,31,28,1,8,3,3,3,3,3,3,2,3,3,31,4,3,114,10,10,10,7,2,2,1,5,5,21,21,21,6,6,116,11,5,10,10,2,3,28,33,10,10,3,38,39,7,4,10,7,8,7,4,4,4,11,4,3,2,3,3,23,5,5,5,5,6,1,3,3,3,3,3,8,25,24,45,36,36,36,36,3,2,2,31,2,2,4,27,1,1,0,1,5,5,4,5,5,3,4,3,4,4,4,4,4,4,4,5,5,5,36,5,5,5,5,7,5,6,12,82,13,13,6,6,4,5,1,1,7,7,6,4,4,10,8,5,9,8,25,5,3,3,14,18,12,5,91,4,4,1,23,9,10,10,8,2,2,2,23,10,9,4
7,8,19,118,10,6,6,6,5,5,2,5,5,4,6,4,5,6,8,88,2,34,12,7,8,9,9,45,37,37,37,37,2,4,5,23,7,2,2,5,2,6,2,6,5,32,34,1,2,4,3,6,25,2,2,2,42,8,7,10,7,32,11,25,3,3,3,10,12,10,8,7,39,6,6,40,58,58,23,23,23,14,24,16,2,9,2,9,9,89,8,8,119,45,25,25,4,5,12,7,43,24,8,23,7,7,7,10,10,13,6,9,9,24,24,24,7,7,7,6,6,6,11,10,7,5,5,2,4,4,5,4,6,6,4,6,5,6,9,5,6,12,13,48,6,50,4,1,96,23,10,6,6,6,6,5,5,11,27,88,5,4,7,9,5,5,6,5,9,9,9,33,12,4,1,7,6,11,25,33,108,6,89,89,8,8,8,8,8,31,29,3,8,4,4,4,4,4,4,4,4,4,32,5,4,115,11,11,11,8,2,2,2,6,6,22,22,22,7,8,117,12,6,11,11,2,2,30,32,11,10,4,34,34,8,5,11,8,8,8,6,5,5,11,5,5,2,4,4,23,6,6,6,6,6,2,4,4,4,4,4,9,25,24,46,37,38,38,38,4,3,3,31,3,2,5,28,1,1,1,0,4,5,6,4,6,4,5,4,5,5,5,5,5,5,5,6,6,6,37,5,5,4,5,8,5,7,11,83,11,12,7,7,5,6,1,2,8,8,7,5,5,8,9,6,10,9,26,6,4,4,12,18,13,6,92,5,5,2,24,10,12,8,9,3,4,3,22,11,10,4
7,11,22,121,10,8,8,8,8,8,5,4,4,2,4,3,4,3,10,88,7,37,13,8,8,9,8,48,36,36,36,36,6,7,7,23,8,6,6,4,5,5,5,7,5,34,37,5,6,7,7,2,26,6,6,6,45,5,4,10,7,35,7,27,7,7,7,6,16,6,3,3,40,2,2,41,61,61,24,24,24,9,24,12,6,5,6,5,5,92,8,8,122,48,25,26,5,1,11,7,46,23,10,23,3,3,3,5,5,11,2,10,9,24,24,24,4,3,3,4,4,4,12,11,8,5,5,4,4,3,4,3,6,6,3,2,3,6,6,5,5,12,13,51,7,53,3,5,99,23,10,8,8,8,9,1,1,6,27,87,8,7,7,8,5,5,4,1,10,10,10,36,13,1,5,7,6,12,25,36,111,5,92,92,9,9,10,10,10,29,29,6,4,7,8,7,8,7,8,7,7,7,29,8,4,118,12,12,12,9,7,7,5,8,9,26,26,26,7,8,120,8,6,12,12,3,3,28,32,6,6,7,37,37,9,8,12,3,4,4,8,8,2,11,6,6,6,3,3,23,7,7,8,8,2,6,5,5,5,5,4,8,24,24,49,35,36,36,36,3,4,3,29,3,3,6,25,5,5,5,4,0,1,3,1,7,5,6,5,6,6,6,6,6,6,6,7,7,7,39,1,1,1,2,6,2,8,7,84,8,9,8,8,6,7,5,5,9,9,7,6,6,5,9,6,10,9,27,6,7,7,9,21,11,6,94,5,6,5,27,10,12,5,10,5,5,5,19,12,10,7
7,11,22,121,10,8,8,8,8,8,5,4,4,3,4,3,4,4,10,88,7,37,13,8,8,9,9,48,36,36,36,36,6,7,7,23,9,6,6,4,5,6,5,7,5,34,37,5,6,7,7,2,25,6,6,6,45,5,4,10,7,36,6,27,7,7,7,5,16,6,3,3,40,2,2,40,61,61,24,24,24,9,24,12,6,5,6,4,4,92,8,8,122,48,24,26,5,2,12,8,46,23,10,23,2,2,2,5,5,11,2,10,9,24,24,24,5,3,3,4,4,4,12,11,8,5,5,4,4,3,4,3,6,6,3,1,2,6,6,5,6,12,13,51,7,53,3,5,100,23,10,8,8,8,9,1,1,6,27,88,8,7,7,9,5,5,4,1,10,10,10,36,13,2,5,7,6,12,25,36,111,6,92,92,10,10,10,10,10,29,29,6,4,7,8,7,8,8,8,7,7,7,29,8,4,119,12,12,12,9,7,7,5,8,9,26,26,26,8,8,120,7,6,12,12,3,3,28,32,6,6,8,37,37,9,8,12,3,4,3,8,8,2,11,6,6,6,3,3,23,7,7,8,8,2,6,5,5,5,5,5,9,25,24,49,36,37,37,37,3,4,4,29,3,3,7,25,5,5,5,5,1,0,3,1,7,6,6,5,6,7,6,6,6,7,7,7,7,8,39,1,1,1,2,6,2,9,7,85,8,8,8,8,7,8,5,5,8,8,7,6,6,5,9,6,10,9,27,6,7,7,9,21,11,6,94,5,6,5,27,10,12,5,10,5,6,5,19,11,10,6
6,9,21,120,9,6,6,7,7,7,4,3,3,2,3,2,3,4,8,86,6,36,11,7,6,7,7,47,35,35,35,35,5,6,5,25,7,7,7,2,7,4,7,5,4,36,35,4,5,6,6,3,28,8,8,8,44,5,4,8,6,34,8,29,6,6,6,7,15,7,5,4,43,4,3,43,60,60,27,27,27,10,22,13,5,6,5,6,6,91,6,6,120,46,27,28,3,2,10,6,45,25,8,21,5,5,5,6,7,11,4,9,7,23,22,22,5,5,5,3,3,3,11,10,7,3,4,6,3,2,3,2,4,4,2,3,3,5,6,4,4,11,11,50,6,52,1,7,98,22,9,6,7,7,8,2,2,8,25,86,7,6,6,7,3,3,3,3,8,8,9,35,12,1,7,5,5,11,23,35,110,4,91,91,8,8,8,8,9,29,28,5,5,6,7,6,7,6,7,6,6,6,29,7,3,117,11,11,11,7,6,6,4,7,7,25,25,25,6,7,119,9,5,11,11,5,5,27,31,8,7,6,36,36,8,7,10,5,5,5,7,7,3,10,5,5,5,2,2,22,5,5,7,7,3,5,4,4,4,4,4,7,23,23,48,34,35,35,35,2,2,2,29,2,2,5,25,4,3,4,6,3,3,0,1,6,4,5,4,5,5,5,5,5,5,5,6,6,6,38,2,2,2,1,6,1,7,8,83,9,9,7,7,5,6,4,4,8,8,6,5,5,5,8,5,9,8,26,5,6,6,9,20,10,5,93,4,5,4,26,9,11,6,9,4,4,4,19,11,9,7
7,10,22,121,10,8,8,8,8,8,5,4,4,2,4,3,4,3,10,88,7,37,13,8,8,9,8,48,36,36,36,36,6,7,7,22,8,6,6,4,5,5,5,7,5,34,37,5,6,7,7,1,25,6,6,6,45,5,4,10,7,35,6,27,7,7,7,5,16,5,3,2,40,2,2,40,61,61,24,24,24,9,24,12,6,4,6,4,4,92,8,8,122,48,24,25,5,1,11,7,46,23,10,23,2,2,2,5,5,11,2,10,9,24,24,24,4,2,2,4,4,4,12,11,8,5,5,4,4,3,4,3,6,6,3,1,2,6,6,5,5,12,13,51,7,53,3,5,99,23,10,8,8,8,9,1,1,6,26,87,8,7,7,8,5,5,4,1,10,10,10,36,13,1,5,7,6,12,25,36,111,5,92,92,9,9,10,10,10,29,29,6,4,7,8,7,8,7,8,7,7,7,29,8,4,118,12,12,12,9,7,6,5,8,9,26,26,26,7,8,120,7,6,12,12,3,3,28,32,6,5,7,37,37,9,8,12,3,3,3,8,8,2,11,6,6,6,3,3,23,7,7,8,8,1,6,5,5,5,5,4,8,24,24,49,35,36,36,36,3,3,3,29,3,3,6,25,5,5,5,4,1,1,1,0,7,5,6,5,6,6,6,6,6,6,6,6,7,7,38,1,1,1,2,6,2,8,7,84,8,8,8,8,6,7,5,5,9,9,7,6,6,5,9,6,10,9,27,6,7,7,9,21,11,6,94,5,6,5,26,10,12,5,10,5,5,5,19,11,10,7
2,3,19,114,4,1,1,1,1,1,4,6,6,6,6,6,6,7,2,83,5,29,6,2,2,3,3,41,32,32,32,32,5,2,2,29,1,6,6,6,7,3,7,2,7,34,28,5,4,5,5,6,29,7,7,7,38,9,8,11,5,28,13,27,5,4,4,12,13,12,9,9,44,8,8,44,54,54,27,27,27,15,19,18,4,11,4,11,11,85,5,5,114,41,28,29,4,6,8,1,39,29,2,18,9,9,9,11,12,14,8,3,5,20,19,19,8,9,9,7,7,7,5,5,2,6,4,7,4,5,6,5,3,3,5,8,6,5,10,3,6,8,9,44,2,46,6,6,92,19,4,1,1,1,1,6,6,13,22,83,1,4,5,5,3,3,6,7,3,3,4,27,7,6,6,6,6,5,20,27,104,7,85,85,2,2,2,2,2,30,30,4,10,5,6,5,6,5,6,5,5,5,31,1,4,111,6,6,6,2,5,5,5,1,1,23,23,23,2,2,113,14,5,5,5,6,6,24,28,13,12,4,28,29,3,1,5,10,10,10,1,1,7,8,2,2,6,6,6,19,2,2,1,1,6,5,3,3,4,4,4,5,20,20,42,32,32,32,32,5,5,4,30,4,4,2,27,5,5,5,6,7,7,6,7,0,2,1,2,1,1,1,1,1,1,1,1,1,1,32,9,9,9,7,10,7,2,14,78,15,15,1,1,2,2,6,6,3,2,3,1,1,11,3,3,5,4,20,5,6,6,15,20,15,7,87,4,2,5,17,5,6,12,3,5,4,5,25,5,5,8
3,5,18,115,6,2,2,2,1,1,3,6,6,5,6,5,6,7,4,85,4,36,8,3,4,5,5,42,34,34,34,34,4,1,1,28,3,5,5,5,6,2,6,2,6,33,29,4,2,4,4,6,28,6,6,6,38,8,7,10,4,29,11,26,3,2,3,10,11,11,8,8,43,7,7,43,55,55,26,26,26,14,21,17,3,10,3,10,10,85,5,5,115,41,27,28,3,5,8,3,40,28,4,20,7,7,7,10,10,14,7,5,6,22,21,21,8,8,8,6,6,6,7,6,4,5,3,5,3,4,5,4,3,3,4,7,6,5,9,3,5,9,9,44,2,46,4,5,93,21,6,2,2,2,2,5,5,11,24,85,2,3,4,5,2,2,6,5,5,5,6,29,9,4,5,5,6,7,21,29,104,6,85,85,4,4,4,4,4,32,30,3,9,4,4,4,4,4,5,4,4,4,32,1,3,112,7,7,7,4,4,4,4,2,2,21,21,21,3,4,113,13,5,7,7,4,4,26,30,11,11,3,36,36,4,2,7,8,9,9,2,2,6,8,1,2,5,4,4,20,2,2,2,2,6,3,2,2,2,2,2,5,22,22,43,33,34,34,34,4,3,3,32,3,2,1,28,4,3,3,4,5,6,4,5,2,0,1,1,1,1,1,1,1,1,1,1,2,2,33,7,7,7,6,8,6,3,12,79,13,13,3,2,1,2,4,4,3,3,3,1,1,10,4,2,6,5,22,3,4,4,14,18,13,5,89,2,1,4,24,6,7,10,5,3,2,3,24,6,6,6
3,4,18,115,5,1,1,1,1,1,3,6,6,5,6,5,6,7,4,85,4,30,7,3,4,5,4,42,33,33,33,33,4,1,1,28,2,5,5,5,6,2,6,1,6,33,29,4,3,4,4,6,28,6,6,6,39,8,7,11,4,29,12,26,4,3,3,11,12,11,9,8,43,7,7,43,55,55,26,26,26,14,21,17,3,10,3,10,10,86,5,5,115,42,27,28,3,6,8,3,40,28,4,20,8,8,8,10,11,14,7,5,5,21,21,21,8,8,8,6,6,6,7,6,3,5,3,6,4,4,5,4,3,3,5,7,6,5,9,3,5,9,9,45,2,47,5,6,93,20,5,2,2,2,2,5,5,12,24,85,1,3,4,5,2,2,6,6,4,5,5,28,8,5,5,5,6,7,21,28,105,6,86,86,3,3,4,4,4,32,30,3,9,4,5,4,5,4,5,4,4,4,32,1,3,112,7,7,7,4,4,4,4,2,2,22,22,22,3,3,114,13,5,7,7,5,5,25,29,12,11,3,29,30,4,1,7,9,9,9,1,1,6,8,1,1,5,5,5,20,2,2,1,1,6,4,2,2,3,3,3,5,22,21,43,33,33,33,33,4,4,3,31,3,3,1,28,4,4,4,5,6,6,5,6,1,1,0,1,1,1,1,1,1,1,1,1,1,2,33,8,8,7,6,9,6,2,13,79,14,14,2,2,1,2,4,5,3,3,3,1,1,10,4,2,6,4,21,3,4,5,15,19,13,5,88,2,1,4,18,6,7,11,4,3,3,3,24,6,6,7
3,5,18,115,6,2,2,2,1,1,2,5,5,4,5,5,5,6,5,86,4,36,8,4,5,6,5,42,34,34,34,34,4,1,2,27,3,5,5,4,5,2,5,2,6,33,30,3,2,3,3,6,28,5,5,5,38,8,7,10,5,29,11,26,3,2,2,10,11,11,8,8,42,7,7,42,55,55,26,26,26,14,21,17,3,10,3,9,9,85,5,5,115,41,27,28,3,5,9,3,40,27,4,20,7,7,7,10,10,14,7,6,6,22,21,21,7,7,7,6,6,6,7,7,4,5,4,5,3,4,5,4,3,3,4,6,5,5,9,3,4,9,10,44,3,46,4,5,93,21,6,3,3,3,2,5,5,11,24,85,2,2,5,6,3,3,6,5,5,5,6,29,9,4,5,6,7,7,22,30,104,6,85,85,4,4,4,5,5,32,29,3,9,4,4,4,4,4,4,3,4,4,32,2,3,112,8,8,8,5,3,3,3,3,2,21,21,21,4,4,113,12,5,7,7,4,4,26,30,11,11,3,36,36,5,2,7,8,9,8,2,2,5,9,1,2,4,4,4,21,3,3,2,2,5,3,2,2,2,2,2,6,22,22,43,33,34,34,34,4,3,3,31,3,2,2,28,3,3,3,4,5,5,4,5,2,1,1,0,1,1,1,1,1,1,1,1,2,2,33,7,7,7,5,8,5,3,12,79,13,13,3,3,1,2,4,4,4,4,4,1,1,9,5,2,7,5,22,3,4,4,13,18,12,5,89,1,1,3,23,6,7,10,5,3,2,3,23,6,6,6
3,4,19,115,5,1,1,1,1,1,3,6,6,5,6,5,6,7,3,84,5,29,7,3,3,4,4,42,33,33,33,33,4,1,1,28,2,6,6,5,6,2,6,2,6,34,29,4,3,4,4,6,28,6,6,6,38,8,7,11,4,29,12,26,4,3,3,11,12,11,9,8,43,8,7,43,55,55,27,27,27,15,20,18,4,10,4,10,10,85,5,5,115,41,27,29,3,6,8,2,40,28,3,19,8,8,8,11,11,14,7,4,5,21,20,20,8,8,8,7,7,6,6,6,3,6,3,6,4,5,5,5,3,3,5,7,6,5,10,3,5,8,9,44,2,47,5,6,93,20,5,1,2,2,1,6,6,12,23,84,1,3,4,5,2,2,6,6,4,4,5,28,8,5,6,5,6,6,21,28,104,7,85,86,3,3,3,3,3,32,30,4,10,4,5,4,5,5,5,4,4,4,32,1,4,112,7,7,7,3,4,4,4,2,1,22,22,22,3,3,113,13,5,6,6,5,5,25,29,12,11,4,29,29,4,1,6,9,9,9,1,1,6,8,1,2,5,5,5,20,2,2,1,1,6,4,3,3,3,3,3,5,21,21,43,32,33,33,33,5,4,4,32,4,3,1,28,4,4,4,5,6,6,5,6,1,1,1,1,0,1,1,1,1,1,1,1,1,1,33,8,8,8,6,9,6,2,13,79,14,14,2,2,1,1,5,5,3,3,3,1,1,10,4,2,6,4,21,4,5,5,14,19,14,6,88,3,1,4,18,5,7,11,4,4,3,4,24,6,5,7
3,4,19,114,5,1,1,1,1,1,4,7,7,5,7,6,7,8,4,85,5,29,8,3,4,5,5,41,33,33,32,32,5,2,2,29,3,6,6,6,7,2,7,2,7,34,28,5,3,5,5,7,29,7,7,7,38,8,8,11,5,28,12,27,4,3,4,11,12,12,9,9,44,8,8,44,54,54,27,27,27,15,21,18,4,11,4,11,11,85,5,6,115,41,28,29,4,6,9,3,39,29,4,20,8,8,8,11,11,15,8,5,6,22,21,21,9,9,9,7,7,7,7,6,3,6,3,6,4,5,6,5,3,3,5,8,7,5,10,3,6,10,10,44,2,46,5,6,93,21,6,2,2,2,1,6,6,12,24,85,1,4,5,6,3,3,7,6,5,5,5,27,8,5,6,6,7,7,22,28,104,7,85,85,4,4,4,4,4,32,31,4,10,5,5,5,5,5,6,5,5,5,33,1,4,111,7,7,7,4,5,5,5,2,2,22,22,22,4,3,113,14,5,7,7,5,5,25,30,12,12,4,29,29,4,2,7,9,10,10,2,1,7,9,1,2,6,5,5,20,2,2,1,1,7,4,3,3,3,3,3,6,22,21,42,32,33,33,33,5,4,4,32,4,3,2,28,5,4,4,5,6,7,5,6,1,1,1,1,1,0,1,1,1,1,1,1,2,2,32,9,9,9,7,10,7,3,14,78,15,15,2,3,2,3,5,6,4,4,4,1,1,11,5,3,6,5,21,4,5,5,16,20,14,6,88,3,3,5,18,6,7,12,5,4,4,4,25,6,6,8
2,4,19,114,5,1,1,1,1,1,3,6,6,5,6,5,6,7,3,84,5,29,7,3,3,4,4,42,33,33,33,33,4,1,1,28,2,6,6,5,6,2,6,2,6,34,29,4,3,4,4,6,28,6,6,6,38,8,7,11,4,28,12,27,4,3,3,11,12,12,9,9,43,8,8,43,55,55,27,27,27,15,20,18,4,11,4,10,10,85,5,5,115,41,28,29,4,6,8,2,40,28,3,19,8,8,8,11,11,14,8,4,5,21,20,20,8,8,8,7,7,7,6,6,3,6,3,6,4,5,6,5,3,3,5,7,6,5,10,3,5,8,9,44,2,46,5,6,93,20,5,1,1,2,1,6,6,12,23,84,1,3,4,5,2,2,6,6,4,4,5,28,8,5,6,6,6,6,21,28,104,7,85,85,3,3,3,3,3,32,30,4,10,4,5,5,5,5,5,4,5,5,32,1,4,112,6,6,6,3,4,4,4,1,1,22,22,22,3,3,113,13,5,6,6,5,5,25,29,12,11,4,29,29,3,1,6,9,10,9,1,1,6,8,1,2,5,5,5,20,2,2,1,1,6,4,3,3,3,3,3,5,21,21,43,32,33,33,33,5,4,4,32,4,3,1,28,4,4,4,5,6,6,5,6,1,1,1,1,1,1,0,8,8,1,1,1,1,1,33,8,8,8,6,9,6,2,13,79,14,14,2,2,1,2,5,5,3,3,3,1,1,10,4,2,6,4,21,4,5,5,15,19,14,6,88,3,1,5,18,5,6,11,4,4,3,4,24,6,5,7
2,4,19,114,5,1,1,1,1,1,3,6,6,5,6,5,6,7,3,84,5,29,7,3,3,4,4,42,33,33,33,33,4,1,1,28,2,6,6,5,6,2,6,2,6,34,29,4,3,4,4,6,28,6,6,6,38,8,7,11,4,28,12,27,4,3,3,11,12,12,9,9,43,8,8,43,55,55,27,27,27,15,20,18,4,11,4,10,10,85,5,5,115,41,28,29,4,6,8,2,40,28,3,19,8,8,8,11,11,14,8,4,5,21,20,20,8,8,8,7,7,7,6,6,3,6,3,6,4,5,6,5,3,3,5,7,6,5,10,3,5,8,9,44,2,46,5,6,93,20,5,1,1,2,1,6,6,12,23,84,1,3,4,5,2,2,6,6,4,4,5,28,8,5,6,6,6,6,21,28,104,7,85,85,3,3,3,3,3,32,30,4,10,4,5,5,5,5,5,4,5,5,32,1,4,112,6,6,6,3,4,4,4,1,1,22,22,22,3,3,113,13,5,6,6,5,5,25,29,12,11,4,29,29,3,1,6,9,10,9,1,1,6,8,1,2,5,5,5,20,2,2,1,1,6,4,3,3,3,3,3,5,21,21,43,32,33,33,33,5,4,4,32,4,3,1,28,4,4,4,5,6,6,5,6,1,1,1,1,1,1,8,0,7,1,1,1,1,1,33,8,8,8,6,9,6,2,13,79,14,14,2,2,1,2,5,5,3,3,3,1,1,10,4,2,6,4,21,4,5,5,15,19,14,6,88,3,1,5,18,5,6,11,4,4,3,4,24,6,5,7
2,4,19,114,5,1,1,1,1,1,3,6,6,5,6,5,6,7,3,84,5,29,7,3,3,4,4,42,33,33,33,33,4,1,1,28,2,6,6,5,6,2,6,2,6,34,29,4,3,4,4,6,28,6,6,6,38,8,7,11,4,28,12,27,4,3,3,11,12,12,9,9,43,8,8,43,55,55,27,27,27,15,20,18,4,11,4,10,10,85,5,5,115,41,28,29,4,6,8,2,40,28,3,19,8,8,8,11,11,14,8,4,5,21,20,20,8,8,8,7,7,7,6,6,3,6,3,6,4,5,6,5,3,3,5,7,6,5,10,3,5,8,9,44,2,46,5,6,93,20,5,1,1,2,1,6,6,12,23,84,1,3,4,5,2,2,6,6,4,4,5,28,8,5,6,6,6,6,21,28,104,7,85,85,3,3,3,3,3,32,30,4,10,4,5,5,5,5,5,4,5,5,32,1,4,112,6,6,6,3,4,4,4,1,1,22,22,22,3,3,113,13,5,6,6,5,5,25,29,12,11,4,29,29,3,1,6,9,10,9,1,1,6,8,1,2,5,5,5,20,2,2,1,1,6,4,3,3,3,3,3,5,21,21,43,32,33,33,33,5,4,4,32,4,3,1,28,4,4,4,5,6,6,5,6,1,1,1,1,1,1,8,7,0,1,1,1,1,1,33,8,8,8,6,9,6,2,13,79,14,14,2,2,1,2,5,5,3,3,3,1,1,10,4,2,6,4,21,4,5,5,15,19,14,6,88,3,1,5,18,5,6,11,4,4,3,4,24,6,5,7
3,3,19,114,4,1,1,1,1,1,3,6,7,5,7,6,7,7,3,84,5,29,7,2,3,4,4,41,33,33,32,32,5,1,2,28,2,6,6,6,6,2,7,2,7,34,28,4,3,5,4,7,29,7,7,7,38,9,8,11,4,28,12,27,4,3,3,11,12,12,9,9,44,8,8,44,54,54,27,27,27,15,20,18,4,11,4,10,10,85,5,5,115,41,28,29,4,6,7,2,39,29,3,19,8,8,8,11,11,15,8,4,5,20,20,20,8,9,9,7,7,7,6,5,2,5,3,6,4,5,6,5,3,3,5,8,6,5,10,3,5,8,9,44,1,46,5,6,93,19,4,1,1,1,1,6,6,12,23,84,1,4,4,4,3,3,7,6,4,4,4,28,7,5,6,5,6,6,21,28,104,7,85,85,2,2,3,3,3,30,30,4,10,5,5,5,5,5,5,5,5,5,31,1,4,112,6,6,6,3,5,5,5,1,1,22,22,22,2,2,113,14,5,6,6,5,5,25,29,12,12,4,29,29,3,1,6,9,10,10,1,1,7,7,1,2,6,5,5,19,1,1,1,1,7,4,3,3,3,3,3,4,21,20,42,32,33,33,33,5,4,4,30,4,3,2,26,4,4,4,5,6,7,5,6,1,1,1,1,1,1,1,1,1,0,1,1,1,1,33,8,8,8,7,10,7,2,13,78,14,14,2,2,1,2,5,5,3,3,4,1,1,11,4,2,5,4,21,4,5,5,15,19,14,6,88,3,2,5,18,5,6,11,4,4,4,4,25,5,5,7
2,3,19,114,4,1,1,1,1,1,4,6,7,5,7,6,7,7,3,84,5,29,6,2,3,4,4,41,33,33,32,32,5,2,2,28,2,6,6,6,7,2,7,2,7,34,28,5,3,5,5,7,29,7,7,7,38,9,8,11,4,28,12,27,4,3,4,11,12,12,9,9,44,8,8,44,54,54,27,27,27,15,20,18,4,11,4,11,10,85,5,5,115,41,28,29,4,6,8,2,39,29,3,19,8,8,8,11,11,15,8,4,5,20,20,20,9,9,9,7,7,7,6,5,2,6,3,6,4,5,6,5,3,3,5,8,6,5,10,3,6,9,9,44,1,46,5,6,93,19,4,1,1,1,1,6,6,12,23,84,1,4,4,5,3,3,7,6,4,4,4,28,7,5,6,5,6,6,21,28,104,7,85,85,2,2,3,3,3,30,30,4,10,5,5,5,5,5,6,5,5,5,31,1,4,112,6,6,6,3,5,5,5,1,1,22,22,22,3,2,113,14,5,6,6,5,5,25,28,12,12,4,29,29,3,1,6,9,10,10,1,1,7,8,1,2,6,5,5,19,1,1,1,1,7,4,3,3,3,3,3,5,21,20,42,32,33,33,33,5,4,4,30,4,3,2,26,4,4,4,5,6,7,5,6,1,1,1,1,1,1,1,1,1,1,0,1,1,1,32,8,8,8,7,10,7,2,13,78,14,14,2,2,1,2,5,6,3,3,4,1,1,11,4,2,5,4,21,4,5,5,15,19,14,6,88,3,2,5,18,5,6,11,4,4,4,4,25,5,5,7
2,3,19,114,4,1,1,1,1,1,4,7,7,6,7,6,7,8,3,84,5,29,6,2,3,4,3,41,32,32,32,32,5,2,2,29,1,6,6,6,7,2,7,2,7,34,28,5,3,5,5,7,29,7,7,7,38,9,8,11,4,28,13,27,4,3,4,12,12,12,9,9,44,8,8,44,54,54,27,27,27,15,20,18,4,11,4,11,11,85,5,5,114,41,28,29,4,6,8,2,39,29,3,19,8,9,8,11,11,15,8,4,5,20,20,20,9,9,9,7,7,7,6,5,2,6,3,6,4,5,6,5,3,3,5,8,7,5,10,3,6,8,9,44,2,46,5,6,92,19,4,1,1,1,1,6,6,12,23,84,1,4,4,5,3,3,7,6,3,4,4,27,7,6,6,5,6,6,21,27,104,7,85,85,2,2,3,3,3,30,30,4,10,5,6,5,5,5,6,5,5,5,31,1,4,111,6,6,6,3,5,5,5,1,1,23,23,23,3,2,113,14,5,6,6,5,5,24,28,12,12,4,28,29,3,1,6,9,10,10,1,1,7,8,1,2,6,5,5,19,2,1,1,1,7,4,3,3,3,3,3,5,21,20,42,32,33,33,33,5,4,4,30,4,4,2,26,5,4,5,6,7,7,6,6,1,1,1,1,1,1,1,1,1,1,1,0,1,1,32,8,8,8,7,10,7,2,14,78,14,15,2,2,1,2,5,6,3,3,3,1,1,11,4,2,5,4,21,4,5,6,15,20,15,6,87,3,2,5,18,5,6,11,4,4,4,4,25,5,5,8
2,2,20,113,3,2,2,1,1,1,4,6,6,6,7,6,6,7,2,83,6,28,5,2,2,3,3,40,29,29,29,29,6,2,2,29,2,7,7,6,7,3,7,2,7,35,27,5,4,5,5,7,30,7,7,7,36,9,8,11,5,27,12,28,5,4,4,11,13,11,9,8,44,9,9,45,53,53,28,28,28,14,19,17,5,10,5,10,10,83,5,5,113,39,29,30,5,7,8,1,38,30,2,18,9,9,9,10,11,15,9,3,5,19,19,19,8,9,9,7,7,7,5,4,1,6,4,7,4,5,6,5,3,3,5,7,6,5,10,4,6,8,9,42,2,44,6,7,91,18,3,1,2,1,1,7,7,12,22,83,1,4,5,5,3,4,7,7,3,3,3,27,6,6,7,6,6,5,20,27,102,7,83,83,1,1,2,2,2,30,30,5,9,6,6,6,6,6,6,5,6,6,31,1,5,110,5,5,5,2,6,5,5,1,1,23,23,23,2,2,111,13,5,5,5,6,6,21,27,12,11,5,28,28,2,1,5,9,9,9,1,1,7,8,2,3,6,6,6,18,2,2,1,1,7,5,4,4,4,4,4,5,20,19,41,28,29,29,29,6,5,5,30,5,4,2,27,5,5,5,6,7,7,6,7,1,2,1,2,1,2,1,1,1,1,1,1,0,1,32,9,9,9,8,11,8,1,14,77,15,15,1,1,2,2,6,7,2,2,3,2,2,11,3,3,4,3,20,5,6,6,16,21,15,7,87,4,3,6,17,4,5,12,3,5,5,5,25,4,4,9
2,3,20,114,4,2,2,2,1,1,4,7,7,6,7,6,7,8,2,83,6,29,6,2,3,4,3,41,32,32,32,32,6,2,2,29,2,7,7,6,7,3,7,2,7,35,28,5,4,5,5,7,30,7,7,7,38,9,8,11,5,28,12,28,5,4,4,12,13,11,9,8,44,9,9,45,54,54,28,28,28,15,19,19,5,10,5,10,10,85,5,6,115,41,29,30,5,7,8,2,39,30,2,18,9,9,9,12,11,15,9,3,5,20,19,19,9,9,9,7,7,7,5,5,2,6,4,7,4,5,6,5,3,3,5,7,7,5,10,4,6,9,9,44,2,46,6,7,92,19,4,2,2,1,1,7,7,12,22,83,1,4,5,5,4,4,7,7,3,3,4,27,7,6,7,6,7,5,20,28,104,7,85,85,2,2,2,2,2,31,31,5,10,6,6,6,6,6,6,6,6,6,31,1,5,111,6,6,6,3,6,5,5,1,1,23,23,23,3,2,113,13,5,5,5,6,6,25,28,13,13,5,29,29,3,1,5,10,11,11,1,1,7,8,2,3,6,6,6,19,2,2,1,1,7,5,4,4,4,4,4,5,20,20,42,32,33,33,33,6,5,5,31,5,4,2,27,5,5,5,6,7,8,6,7,1,2,2,2,1,2,1,1,1,1,1,1,1,0,32,9,9,9,7,10,7,2,14,78,15,15,1,1,3,2,7,7,2,2,3,3,2,11,3,3,5,3,21,5,7,7,16,21,15,7,88,4,3,7,18,4,5,12,3,6,5,6,25,5,4,9
34,31,29,86,32,33,33,33,33,33,35,38,38,38,38,38,38,39,32,103,37,11,32,34,34,35,33,11,28,28,28,28,37,34,34,61,33,38,38,38,38,35,38,34,39,45,15,36,35,36,36,39,63,38,38,38,3,41,40,43,37,12,45,38,36,35,35,44,30,44,41,41,78,40,40,78,13,13,62,62,62,47,39,50,36,43,36,43,43,56,37,37,77,4,63,64,36,38,40,33,2,61,32,40,40,41,40,43,43,47,40,32,37,39,38,38,40,41,41,39,39,39,32,31,33,38,36,38,36,37,38,37,35,35,37,40,38,37,42,36,38,41,41,4,34,7,37,38,64,38,34,33,33,33,32,38,38,44,36,103,32,34,37,37,35,35,38,38,33,33,33,15,30,38,38,38,38,32,38,15,75,39,56,56,32,32,32,32,32,65,64,36,42,37,37,37,37,37,37,36,37,37,62,33,36,83,31,31,31,32,37,36,36,33,32,32,32,32,34,33,84,46,37,32,32,37,37,25,49,44,44,35,12,12,33,32,31,41,42,42,32,32,39,40,34,34,37,37,37,39,34,34,33,33,38,36,35,35,35,35,35,37,37,39,5,27,28,28,28,37,36,36,64,36,36,34,60,36,36,36,37,39,39,38,38,32,33,33,33,33,32,33,33,33,33,32,32,32,32,0,47,47,47,45,48,45,37,52,57,53,53,40,39,41,41,44,44,39,39,41,40,40,49,39,42,38,40,27,42,43,44,53,35,52,45,51,41,41,43,27,38,36,50,38,43,42,43,63,37,38,46
8,11,23,121,11,8,8,8,8,8,6,4,4,3,4,3,4,4,10,88,7,37,13,8,8,9,9,49,37,37,37,37,6,7,7,23,9,6,6,4,5,6,5,7,5,34,37,5,6,7,7,1,26,6,6,6,45,5,5,10,7,36,6,27,7,7,7,5,16,5,3,2,41,3,1,41,61,61,24,24,24,8,24,11,6,4,6,4,4,92,8,8,122,48,25,26,5,2,12,8,47,23,10,23,3,3,3,4,5,11,2,11,9,24,24,24,5,3,3,4,4,4,12,12,9,5,5,4,4,3,4,3,6,6,4,1,2,7,6,5,6,12,13,51,7,53,3,5,100,23,11,8,8,9,9,1,1,6,27,88,8,7,7,9,5,5,4,1,10,10,10,36,14,2,5,7,7,12,25,36,111,6,92,92,10,10,10,10,10,29,29,6,3,8,8,8,8,8,8,7,8,8,29,8,4,119,13,13,13,9,7,7,5,8,9,26,26,26,8,9,120,7,6,12,12,3,3,29,32,6,5,8,37,37,9,8,12,3,3,3,9,8,2,12,6,6,6,4,4,23,7,8,9,9,1,6,5,5,5,5,5,9,25,24,49,36,37,37,37,3,4,4,29,4,3,7,25,5,5,5,5,1,1,2,1,9,7,8,7,8,9,8,8,8,8,8,8,9,9,47,0,1,1,1,5,1,8,8,84,8,9,8,8,6,7,5,5,7,7,6,6,6,5,8,6,9,8,27,6,7,7,9,21,10,5,94,5,6,5,27,9,11,5,9,5,5,5,19,10,9,7
8,11,23,121,11,8,8,8,8,8,6,4,4,3,4,3,4,4,10,88,7,37,13,8,8,9,9,49,37,37,37,37,6,7,7,23,9,6,6,4,5,6,5,7,5,34,37,5,6,7,7,1,26,6,6,6,45,5,5,10,7,36,6,27,7,7,7,5,16,5,3,2,41,3,1,41,61,61,24,24,24,8,24,11,6,4,6,4,4,92,8,8,122,48,25,26,5,2,12,8,47,23,10,23,3,3,3,4,5,11,2,11,9,24,24,24,5,3,3,4,4,4,12,12,9,5,5,4,4,3,4,3,6,6,4,1,2,7,6,5,6,12,13,51,7,53,3,5,100,23,11,8,8,9,9,1,1,6,27,88,8,7,7,9,5,5,4,1,10,10,10,36,14,2,5,7,7,12,25,36,111,6,92,92,10,10,10,10,10,29,29,6,3,8,8,8,8,8,8,7,8,8,29,8,4,119,13,13,13,9,7,7,5,8,9,26,26,26,8,9,120,7,6,12,12,3,3,29,32,6,5,8,37,37,9,8,12,3,3,3,9,8,2,12,6,6,6,4,4,23,7,8,9,9,1,6,5,5,5,5,5,9,25,24,49,36,37,37,37,3,4,4,29,4,3,7,25,5,5,5,5,1,1,2,1,9,7,8,7,8,9,8,8,8,8,8,8,9,9,47,1,0,1,1,5,1,8,8,84,8,9,8,8,6,7,5,5,7,7,6,6,6,5,8,6,9,8,27,6,7,7,9,21,10,5,94,5,6,5,27,9,11,5,9,5,5,5,19,10,9,7
7,11,23,121,10,8,8,8,8,8,6,4,4,3,4,3,4,4,10,88,7,37,13,8,8,9,9,48,37,37,37,37,6,7,7,23,9,6,6,4,5,6,5,7,5,34,37,5,6,7,7,1,26,6,6,6,45,5,5,10,7,36,6,27,7,7,7,5,16,5,3,2,41,2,1,41,61,61,24,24,24,8,24,11,6,4,6,4,4,92,8,8,122,48,25,26,5,2,12,8,47,23,10,23,3,3,3,4,5,11,2,10,9,24,24,24,5,3,3,4,4,4,12,12,8,5,5,4,4,3,4,3,6,6,3,1,2,7,6,5,6,12,13,51,7,53,3,5,100,23,10,8,8,8,9,1,1,6,27,88,8,7,7,9,5,5,4,1,10,10,10,36,13,2,5,7,7,12,25,36,111,6,92,92,10,10,10,10,10,29,29,6,3,7,8,8,8,8,8,7,8,8,29,8,4,119,13,13,13,9,7,7,5,8,9,26,26,26,8,8,120,7,6,12,12,3,3,29,32,6,5,8,37,37,9,8,12,3,3,3,8,8,2,12,6,6,6,4,4,23,7,8,9,8,1,6,5,5,5,5,5,9,25,24,49,36,37,37,37,3,4,4,29,4,3,7,25,5,5,5,4,1,1,2,1,9,7,7,7,8,9,8,8,8,8,8,8,9,9,47,1,1,0,1,5,1,8,8,84,8,9,8,8,6,7,5,5,8,8,6,6,6,5,8,6,9,8,27,6,7,7,9,21,10,5,94,5,6,5,27,9,11,5,9,5,5,5,19,10,9,7
6,9,22,120,9,7,7,7,7,7,5,3,3,2,3,2,3,3,8,86,8,36,11,7,7,8,7,47,35,35,35,35,7,6,5,24,7,6,6,2,6,4,6,5,4,35,36,5,6,7,7,2,27,7,7,7,44,5,4,9,6,34,7,28,7,7,7,6,16,6,4,3,42,3,2,42,60,60,26,26,26,9,22,12,6,5,6,5,5,91,6,7,120,47,26,27,4,1,10,6,45,24,8,21,4,4,4,5,6,11,3,9,7,23,22,22,4,4,4,3,3,3,11,10,7,4,4,5,3,2,3,2,5,5,2,2,3,5,6,4,4,11,11,50,6,52,1,6,98,22,9,7,7,7,8,1,1,7,25,86,7,7,6,7,3,3,3,2,8,8,9,35,12,1,6,5,5,11,23,35,110,4,91,91,8,8,9,9,9,29,28,6,4,7,8,7,8,7,8,7,7,7,29,7,3,117,11,11,11,8,7,7,5,7,8,26,26,26,6,7,119,8,5,11,11,4,4,27,31,7,6,8,36,36,8,7,11,4,4,4,7,7,2,10,5,5,7,2,2,22,6,6,7,7,2,6,4,4,4,4,4,7,23,23,48,34,35,35,35,2,2,2,28,2,3,5,25,5,5,5,5,2,2,1,2,7,6,6,5,6,7,6,6,6,7,7,7,8,7,45,1,1,1,0,5,1,7,8,83,9,9,7,7,5,6,4,4,7,7,5,5,5,5,7,5,8,7,26,5,6,6,10,20,10,4,93,4,5,4,26,8,10,6,8,4,4,4,19,9,8,7
9,12,25,122,10,10,10,10,10,10,8,3,3,4,3,4,3,1,11,87,10,39,12,7,7,8,8,50,38,38,38,38,9,9,9,26,10,10,10,5,10,7,10,8,2,39,38,8,8,10,10,4,29,10,10,10,46,3,2,7,6,37,7,32,9,10,9,8,18,8,6,5,44,5,5,44,63,63,28,28,27,12,23,12,8,7,8,7,7,93,6,6,123,49,28,29,6,4,11,9,48,26,11,22,6,6,6,8,8,7,6,10,7,23,23,23,2,6,6,3,3,3,11,13,10,3,6,9,4,3,4,3,5,5,2,4,3,6,3,5,5,11,12,52,9,54,5,10,101,22,10,10,10,10,11,5,5,9,26,86,10,10,6,7,6,6,3,6,10,10,10,37,13,6,9,4,4,11,24,38,112,2,93,93,11,11,11,11,11,25,25,9,6,10,11,10,10,10,11,10,10,10,26,10,5,120,12,12,12,10,9,9,8,10,10,28,28,28,9,9,121,10,4,11,11,8,8,30,31,9,8,10,39,39,10,10,12,6,6,6,10,10,4,10,8,8,9,6,6,22,8,8,10,10,4,9,7,7,7,7,7,8,24,23,51,37,38,38,38,6,5,5,25,5,6,9,21,7,7,7,8,6,6,6,6,10,8,9,8,9,10,9,9,9,10,10,10,11,10,48,5,5,5,5,0,4,9,8,86,9,9,7,7,6,7,6,7,7,7,6,7,7,6,8,6,9,7,28,5,8,8,10,22,6,5,95,6,6,7,28,8,11,6,8,6,7,6,18,10,8,9
6,9,22,120,9,7,7,7,7,7,5,3,3,2,3,2,3,3,8,86,8,36,11,7,7,8,7,47,35,35,35,35,7,6,5,24,7,6,6,2,6,4,6,5,4,35,36,5,6,7,7,2,27,7,7,7,44,5,4,9,6,34,7,28,7,7,7,6,16,6,4,3,42,3,2,42,60,60,26,26,26,9,22,12,6,5,6,5,5,91,6,7,120,47,26,27,4,1,10,6,45,24,8,21,4,4,4,5,6,11,3,9,7,23,22,22,4,4,4,3,3,3,11,10,7,4,4,5,3,2,3,2,5,5,2,2,3,5,6,4,4,11,11,50,6,52,1,6,98,22,9,7,7,7,8,1,1,7,25,86,7,7,6,7,3,3,3,2,8,8,9,35,12,1,6,5,5,11,23,35,110,4,91,91,8,8,9,9,9,29,28,6,4,7,8,7,8,7,8,7,7,7,29,7,3,117,11,11,11,8,7,7,5,7,7,26,26,26,6,7,119,8,5,11,11,4,4,27,31,7,6,8,36,36,8,7,11,4,4,4,7,7,2,10,5,5,7,2,2,22,6,6,7,7,2,6,4,4,4,4,4,7,23,23,48,34,35,35,35,2,2,2,28,2,3,5,25,5,5,5,5,2,2,1,2,7,6,6,5,6,7,6,6,6,7,7,7,8,7,45,1,1,1,1,4,0,7,8,83,9,9,7,7,5,6,4,4,7,7,5,5,5,5,7,5,8,7,26,5,6,6,10,20,10,4,93,4,5,4,26,8,10,6,8,4,4,4,19,9,8,7
3,1,21,112,3,3,3,3,2,2,5,8,8,7,8,7,8,9,2,82,7,27,5,3,3,5,3,39,30,30,30,30,7,3,3,30,3,8,8,7,8,4,8,3,8,36,26,6,5,6,6,8,31,8,8,8,36,10,9,12,6,26,13,29,6,5,5,13,14,12,10,9,45,10,10,48,52,52,29,29,29,16,18,20,6,11,6,11,11,83,6,7,113,39,30,31,6,8,9,2,37,31,2,17,10,10,10,12,12,16,10,2,6,19,18,18,10,10,10,8,8,8,4,3,2,7,5,8,5,6,7,6,4,4,6,8,7,6,11,5,7,10,10,42,3,44,7,8,90,18,4,3,3,2,2,8,8,13,21,82,2,5,6,6,5,5,8,8,2,2,3,25,5,7,8,7,8,4,19,26,102,8,83,83,1,1,1,1,2,32,32,6,11,7,7,7,7,7,7,7,7,7,32,2,6,109,4,4,4,2,7,6,6,2,2,24,24,24,4,3,111,15,6,4,4,7,7,23,27,14,14,6,27,27,2,2,4,11,12,12,2,2,8,9,3,4,7,7,7,17,3,3,2,2,8,6,5,5,5,5,5,6,19,18,40,30,31,31,31,7,6,6,31,6,5,3,28,6,6,6,7,8,9,7,8,2,3,2,3,2,3,2,2,2,2,2,2,1,2,37,8,8,8,7,9,7,0,17,77,18,18,4,3,5,5,9,9,4,4,5,4,4,14,3,6,4,4,19,8,9,9,19,23,17,10,86,7,6,8,17,4,5,15,3,8,7,8,28,4,4,11
12,16,30,126,14,13,13,13,13,13,13,7,7,8,8,8,8,7,14,92,13,42,16,12,12,13,12,54,41,41,41,41,12,13,12,21,14,12,12,9,10,11,10,12,9,40,42,12,13,15,15,5,24,11,11,11,50,9,8,14,11,41,3,32,14,14,14,2,23,2,3,3,38,5,6,39,67,67,23,23,23,6,28,8,13,4,13,3,3,97,12,12,127,53,21,24,10,7,15,13,52,21,15,27,6,6,6,4,4,13,6,15,13,28,28,28,8,5,5,8,8,8,16,16,13,9,10,10,8,7,8,7,10,10,7,6,5,10,8,9,9,16,17,56,12,58,8,11,105,27,14,13,13,14,14,7,7,3,31,91,14,14,11,12,10,10,8,7,15,15,15,41,17,8,11,11,11,16,29,41,116,9,97,97,15,15,15,15,15,26,26,14,5,15,15,15,15,15,16,15,15,15,27,13,9,124,17,17,17,14,13,13,12,13,14,33,33,33,13,13,125,4,10,16,16,9,9,34,36,1,1,15,42,42,14,14,16,5,6,6,14,14,6,15,12,12,12,9,9,27,12,12,14,14,5,13,11,11,11,12,12,12,28,28,55,41,42,42,42,9,9,9,26,9,11,12,23,12,12,12,11,7,7,8,7,14,12,13,12,13,14,13,13,13,13,13,14,14,14,52,8,8,8,8,8,8,17,0,90,3,3,11,11,11,11,11,11,11,11,10,12,12,4,12,10,13,12,28,10,13,13,1,27,13,9,100,11,10,10,33,13,15,3,13,11,11,11,13,14,13,10
80,77,81,54,78,79,79,79,79,79,81,84,84,83,84,84,84,85,78,75,83,64,77,80,79,81,79,49,56,56,56,56,82,80,80,107,79,84,84,84,84,81,84,80,85,97,68,82,81,82,82,84,109,84,84,84,58,87,86,89,82,59,90,90,82,81,81,89,81,90,87,87,124,86,86,124,46,46,108,108,108,93,84,96,82,89,82,89,89,1,83,83,97,59,108,110,82,84,85,79,56,107,78,85,86,86,86,89,89,92,86,78,83,84,83,83,86,87,87,85,85,85,78,77,78,84,82,84,82,83,84,83,81,81,83,86,84,83,88,81,84,86,86,56,80,59,83,84,35,83,79,79,79,79,78,84,84,90,81,75,78,80,82,81,81,81,84,84,79,79,78,67,76,83,84,84,84,78,83,68,36,85,1,1,78,78,78,78,78,109,109,82,88,82,83,83,83,83,83,82,83,83,107,79,82,52,76,76,76,78,82,82,82,79,78,84,84,84,80,79,53,92,83,78,78,83,83,70,94,90,90,81,64,65,79,78,77,87,88,88,78,78,85,85,80,80,83,83,83,84,80,80,79,79,84,82,81,81,81,81,81,83,82,84,57,55,56,56,56,83,82,82,109,82,81,80,105,82,82,82,83,84,85,83,84,78,79,79,79,79,78,79,79,79,78,78,78,77,78,57,84,84,84,83,86,83,77,90,0,98,98,86,84,86,86,89,89,85,85,86,86,86,95,84,87,84,85,72,88,89,89,99,87,99,90,72,87,87,89,78,84,82,95,84,88,88,88,109,82,84,91
13,16,30,127,15,14,14,14,14,14,14,8,8,8,8,9,8,8,15,92,14,43,17,12,12,13,13,54,42,42,42,42,13,13,13,19,15,13,13,9,11,11,11,12,10,38,42,13,14,15,15,6,22,12,12,12,51,10,9,15,12,42,4,32,15,15,15,3,24,1,3,4,36,6,6,37,67,67,19,19,19,4,28,8,14,5,14,3,3,98,12,12,128,54,19,22,11,8,16,13,52,19,15,27,7,7,6,5,4,14,6,16,13,29,28,28,9,6,6,9,9,9,16,17,14,10,11,11,9,8,9,8,10,10,8,6,6,11,8,10,10,17,17,57,13,59,9,11,106,28,15,14,14,14,15,8,8,1,31,92,14,15,12,13,11,11,8,8,15,15,16,42,18,9,12,11,12,16,29,42,117,10,98,98,15,15,15,15,15,28,28,14,6,15,16,16,16,16,16,15,16,16,28,14,10,125,18,18,18,15,13,13,13,14,15,34,34,34,13,14,126,3,11,16,16,10,10,34,37,3,2,16,43,43,15,14,17,6,7,7,14,14,7,16,12,12,13,10,10,28,13,13,14,14,6,14,11,11,12,13,13,13,29,29,55,41,42,42,42,9,10,10,28,10,11,13,24,13,13,13,11,8,8,9,8,15,13,14,13,14,15,14,14,14,14,14,14,15,15,53,8,8,8,9,9,9,18,3,98,0,1,10,10,10,10,10,10,10,10,9,11,11,4,11,9,12,11,27,9,12,12,3,26,12,8,99,10,9,10,32,12,14,3,12,10,10,10,15,13,12,9
13,17,31,127,15,14,14,14,14,14,14,8,9,9,9,9,9,8,15,93,14,43,19,13,13,14,13,55,42,42,42,42,13,14,13,19,15,13,13,10,11,12,11,13,10,38,43,13,14,16,16,6,22,12,12,12,51,10,9,15,12,42,4,33,15,15,15,3,24,1,4,4,36,6,7,37,68,68,19,19,19,4,29,8,14,5,14,3,3,98,13,13,128,54,19,22,11,8,17,14,53,19,16,28,7,7,7,5,5,14,7,16,14,29,29,29,9,6,7,9,9,9,17,17,14,10,11,11,9,8,9,8,11,11,8,7,6,11,9,10,10,17,18,57,13,59,9,12,106,28,15,14,14,15,15,8,8,1,32,92,15,16,12,13,11,11,9,8,16,16,16,42,18,9,12,12,12,17,30,42,117,10,98,98,16,16,16,16,16,28,28,15,6,16,16,16,16,16,17,16,16,16,29,14,10,125,18,18,18,15,14,14,14,14,15,34,34,34,14,14,126,3,11,17,17,10,10,35,37,3,3,16,43,43,15,15,17,6,7,7,15,15,7,16,13,13,13,10,10,28,13,13,15,15,6,14,12,12,12,13,13,14,30,29,56,42,43,43,43,10,10,10,28,10,12,13,25,13,13,13,12,9,8,9,8,15,13,14,13,14,15,14,14,14,14,14,15,15,15,53,9,9,9,9,9,9,18,3,98,1,0,11,11,11,11,11,11,11,11,10,12,12,5,12,10,13,12,28,10,13,13,3,27,13,9,100,11,10,11,33,13,15,4,13,11,11,11,14,14,13,10
2,3,21,115,3,2,2,2,2,2,5,6,6,5,6,5,6,7,2,83,7,29,6,1,2,3,3,42,30,30,29,29,6,3,3,30,1,8,8,5,8,2,8,1,6,36,29,6,5,6,6,6,31,8,8,8,39,8,7,10,4,29,11,29,6,5,5,10,14,11,8,8,45,8,8,45,55,55,29,29,29,14,19,17,6,10,6,9,9,86,5,5,115,41,28,30,4,6,7,1,40,30,2,18,9,9,8,10,10,14,8,3,4,20,19,19,8,8,8,6,6,6,5,5,1,5,3,8,3,4,5,4,2,2,4,7,6,4,9,3,5,8,8,45,1,47,5,8,93,19,4,1,1,1,2,8,8,11,22,83,2,5,4,4,3,3,6,8,3,3,3,28,6,7,8,5,6,5,20,28,105,6,86,86,2,2,2,2,2,30,30,6,9,6,7,7,7,7,7,6,7,7,30,2,4,112,5,5,5,2,6,6,6,1,1,24,24,24,2,2,114,12,5,5,5,7,7,22,28,11,11,6,29,29,2,2,5,8,9,8,2,2,6,7,2,2,7,6,6,19,1,1,1,1,6,6,5,5,5,5,5,4,20,20,43,29,30,30,30,6,4,5,30,5,5,3,26,6,6,6,7,8,8,7,8,1,3,2,3,2,2,2,2,2,2,2,2,1,1,40,8,8,8,7,7,7,4,11,86,10,11,0,2,2,1,6,6,3,3,3,2,2,11,4,2,5,4,21,4,6,6,15,20,14,6,88,3,2,6,18,5,6,11,4,5,5,5,24,5,5,8
2,2,21,113,3,2,2,2,2,2,5,6,6,5,6,5,6,7,2,83,6,29,6,1,2,3,2,41,29,29,29,29,6,3,3,30,1,7,7,5,8,3,8,2,6,36,28,6,5,6,6,6,31,8,8,8,37,8,8,11,4,27,11,28,6,5,5,10,14,11,8,8,45,8,8,45,54,54,30,30,30,14,19,17,5,10,5,10,10,84,5,5,114,40,29,31,4,6,7,1,39,29,1,18,9,9,9,10,10,14,8,3,4,20,19,19,8,8,8,6,6,6,5,4,1,5,4,8,4,4,5,4,3,3,5,7,6,5,9,3,5,8,8,43,1,45,5,8,92,18,3,1,2,1,2,7,7,11,22,83,2,5,4,4,3,3,6,8,2,2,3,28,6,7,7,5,6,5,20,28,103,7,84,84,1,1,1,1,1,30,30,5,9,6,7,6,7,6,7,6,6,6,31,2,4,111,5,5,5,2,6,6,6,1,1,24,24,24,2,1,112,13,5,5,5,7,7,21,28,11,11,6,29,29,2,2,5,8,9,9,2,2,7,7,2,3,7,7,7,18,1,1,1,1,6,6,4,4,5,5,5,4,20,19,42,28,29,29,29,6,5,5,30,5,5,3,26,6,6,6,7,8,8,7,8,1,2,2,3,2,3,2,2,2,2,2,2,1,1,39,8,8,8,7,7,7,3,11,84,10,11,2,0,3,1,7,7,2,2,3,2,2,11,3,3,5,3,21,5,7,7,15,21,14,6,88,4,2,6,18,5,6,11,3,6,5,6,25,5,5,9
3,4,19,115,5,2,2,2,1,1,4,5,5,5,5,5,5,6,4,85,5,30,8,3,4,5,5,42,34,34,33,33,5,1,1,29,3,6,6,5,7,2,7,1,5,34,29,5,3,5,5,5,29,7,7,7,39,8,7,11,4,29,11,27,4,3,4,10,12,10,7,7,44,8,8,44,55,55,27,27,27,13,21,16,4,9,4,9,9,86,5,5,116,42,28,29,3,6,8,3,40,29,4,20,8,8,8,9,10,13,8,5,5,22,21,21,7,9,9,6,6,6,7,6,3,5,3,6,3,4,5,4,3,3,4,6,5,5,9,2,5,9,9,45,2,47,5,6,94,21,5,2,2,2,2,6,6,11,24,85,1,4,4,5,2,2,5,6,5,5,5,29,8,5,6,5,6,7,21,29,105,6,86,86,4,4,4,4,4,32,30,4,8,5,5,5,5,5,6,5,5,5,32,1,3,113,7,7,7,4,5,5,5,2,2,22,22,22,3,4,114,12,5,7,7,5,5,26,30,11,10,4,30,30,4,1,7,8,8,8,1,1,7,8,1,1,6,5,5,20,2,2,2,2,5,4,3,3,3,3,3,5,22,21,43,33,34,34,34,5,4,4,31,4,3,1,28,5,4,4,5,6,7,5,6,2,1,1,1,1,2,1,1,1,1,1,1,2,3,41,6,6,6,5,6,5,5,11,86,10,11,2,3,0,2,5,5,3,3,2,1,1,10,4,1,6,5,22,3,5,5,14,19,13,5,89,2,1,5,19,6,7,10,4,4,3,4,23,6,6,7
2,4,20,115,4,1,1,1,2,2,4,5,5,5,5,5,5,6,3,83,6,30,7,2,3,4,4,43,30,30,30,30,6,2,3,28,2,7,7,5,7,2,7,1,6,35,30,5,4,5,5,6,31,7,7,7,39,8,7,10,4,29,11,28,5,4,4,10,13,10,8,7,45,7,7,46,56,56,30,29,30,13,19,16,5,9,5,9,9,86,4,4,116,42,30,31,4,6,7,2,41,28,3,18,8,8,8,9,10,14,8,4,4,19,19,19,7,8,8,6,6,6,6,5,2,5,3,7,3,4,5,4,2,2,4,6,5,4,9,3,5,7,8,45,1,47,5,7,94,18,4,1,1,1,2,7,7,11,22,83,2,4,4,4,2,2,5,7,4,4,4,29,7,6,7,5,5,6,20,29,105,6,86,86,3,3,3,3,3,29,29,5,8,6,6,6,6,6,6,6,6,6,30,2,4,113,6,6,6,3,6,5,5,1,2,23,23,23,2,2,114,12,4,6,6,6,6,23,28,11,10,5,30,30,3,2,6,8,8,8,2,2,6,7,2,2,6,6,6,18,1,1,2,1,5,5,4,4,4,4,4,4,20,19,44,30,31,31,31,6,4,4,29,4,4,2,26,5,5,5,6,7,8,6,7,2,2,2,2,1,3,2,2,2,2,2,2,2,2,41,7,7,7,6,7,6,5,11,86,10,11,1,1,2,0,5,6,3,3,2,2,1,10,4,1,6,4,22,3,5,6,14,20,13,5,89,2,1,5,19,5,6,10,4,4,4,5,24,6,5,8
7,9,18,118,10,6,6,6,5,5,2,5,5,4,6,4,5,6,8,88,2,34,12,7,8,9,9,45,37,37,37,37,1,4,5,24,7,2,2,5,2,6,2,6,5,31,34,1,2,3,3,6,25,2,2,2,42,8,7,10,7,32,11,24,2,3,3,10,12,10,8,7,40,6,6,40,58,58,24,24,24,14,24,16,2,9,2,9,9,89,8,8,119,45,26,26,4,5,12,7,43,24,8,23,7,7,7,10,10,13,6,9,9,24,24,24,7,7,7,6,6,6,11,10,7,5,5,1,4,4,5,4,6,6,4,6,5,6,9,5,6,12,13,48,6,50,4,1,96,23,10,6,6,6,6,5,5,11,27,88,5,3,7,9,5,5,6,5,9,9,9,33,12,4,1,7,6,11,25,33,108,6,89,89,8,8,8,8,8,32,29,2,8,3,4,3,4,3,4,3,3,3,32,5,4,115,11,11,11,8,2,1,2,6,6,22,22,22,7,8,117,12,6,11,11,2,2,30,32,11,10,4,34,34,8,6,11,8,8,8,6,5,5,12,5,5,1,4,4,23,6,6,6,6,6,2,4,4,4,4,4,9,25,24,46,37,38,38,38,4,3,3,31,3,2,5,28,1,1,1,1,5,5,4,5,6,4,4,4,5,5,5,5,5,5,5,5,6,7,44,5,5,5,4,6,4,9,11,89,10,11,6,7,5,5,0,1,8,8,7,5,5,9,9,6,10,9,26,6,3,3,13,17,13,6,92,5,5,1,23,10,12,10,9,2,3,2,23,11,10,3
7,9,18,118,10,6,6,6,5,5,2,6,6,4,6,5,6,6,8,88,2,34,12,8,8,9,9,46,38,38,38,38,1,4,5,24,7,2,2,5,2,6,2,6,6,31,34,2,2,3,3,7,26,2,2,2,42,8,7,10,7,33,11,24,2,2,2,10,12,11,8,8,40,7,7,41,59,59,24,24,24,15,24,17,2,10,2,9,9,89,8,8,119,45,26,26,4,5,12,7,44,25,8,23,7,7,7,10,10,14,7,9,9,25,24,24,7,7,7,6,6,6,11,11,8,5,5,2,5,4,5,4,6,6,5,6,6,7,9,5,6,12,13,48,6,50,4,2,97,24,10,6,7,7,6,5,5,11,27,88,6,3,7,9,5,5,6,5,9,9,10,33,12,4,1,7,7,11,25,33,108,6,89,89,8,8,8,8,8,32,30,2,9,3,4,3,3,3,4,3,3,3,32,5,4,116,12,12,12,8,1,1,2,7,6,22,22,22,7,8,117,12,7,11,11,2,2,30,33,11,11,3,34,34,9,6,11,8,9,9,6,6,5,12,5,5,1,4,4,23,6,6,6,6,7,2,4,5,5,4,4,9,25,24,46,37,38,38,38,4,3,3,32,3,3,5,28,2,1,1,2,5,5,4,5,6,4,5,4,5,6,5,5,5,5,6,6,7,7,44,5,5,5,4,7,4,9,11,89,10,11,6,7,5,6,1,0,8,8,7,5,5,9,9,6,10,9,25,6,2,3,13,17,13,7,92,5,5,1,23,10,11,9,9,2,2,2,23,10,10,3
2,3,21,114,2,3,3,3,3,3,6,6,6,5,6,5,6,7,1,82,7,30,4,1,1,3,1,41,29,29,28,28,7,4,4,29,2,9,9,5,9,3,9,3,6,37,29,7,6,7,7,6,31,9,9,9,38,8,8,11,5,28,11,29,7,6,6,10,15,11,8,8,46,8,8,46,54,54,30,30,30,14,18,17,6,10,6,10,10,85,5,5,114,40,30,32,4,6,7,1,39,29,2,17,9,9,9,10,10,14,8,2,4,18,18,18,8,8,8,6,6,6,4,4,1,6,4,9,4,4,5,4,3,3,5,7,6,5,9,3,5,8,8,44,3,46,5,9,92,17,2,2,3,2,3,7,7,11,21,81,3,6,5,4,3,3,6,9,1,1,2,28,5,8,8,6,6,4,19,29,104,6,85,85,2,2,2,2,2,32,30,6,9,7,8,7,8,7,8,7,7,7,33,3,4,111,4,4,4,1,7,7,7,2,3,25,25,25,2,1,113,13,5,4,4,8,8,21,26,11,11,7,30,30,1,3,4,8,9,9,3,3,7,7,3,4,8,6,6,17,2,2,2,2,6,7,5,6,6,6,6,4,19,18,42,28,29,29,29,6,5,5,32,5,6,4,29,7,7,7,8,9,8,8,9,3,3,3,4,3,4,3,3,3,3,3,3,2,2,39,7,7,8,7,7,7,4,11,85,10,11,3,2,3,3,8,8,0,1,3,3,3,11,2,3,3,2,17,5,8,8,15,22,14,6,88,5,3,8,19,3,5,11,2,7,6,7,25,4,3,10
2,3,21,114,2,3,3,3,3,3,6,6,6,5,6,5,6,7,1,82,7,30,4,1,1,3,1,41,28,28,28,28,7,4,4,28,2,8,8,5,9,3,9,3,6,36,29,7,6,7,7,6,31,9,9,9,38,8,8,11,5,28,11,29,7,6,6,10,15,11,8,8,46,8,8,46,54,54,30,30,30,14,18,17,6,10,6,10,9,84,5,5,114,40,30,32,4,6,7,1,39,29,2,17,9,9,9,10,10,14,8,2,4,18,18,18,8,8,8,6,6,6,3,3,1,6,4,9,4,4,5,4,3,3,5,7,6,5,9,3,5,8,8,44,2,46,5,9,92,17,2,2,3,2,3,7,7,11,21,81,3,6,5,4,3,3,6,9,1,1,2,28,5,8,8,6,6,3,19,28,104,6,85,85,2,2,2,2,2,32,30,6,9,7,8,7,8,7,8,7,7,7,33,3,4,111,4,4,4,1,7,7,7,2,2,25,25,25,2,1,113,13,5,3,3,8,8,21,26,11,11,6,29,30,1,3,4,8,9,9,3,3,7,7,3,4,8,6,6,17,2,2,2,2,6,7,5,5,6,6,6,4,19,18,42,28,29,29,29,6,5,5,32,5,6,4,29,7,7,7,8,9,8,8,9,2,3,3,4,3,4,3,3,3,3,3,3,2,2,39,7,7,8,7,7,7,4,11,85,10,11,3,2,3,3,8,8,1,0,3,4,3,11,2,3,3,2,17,5,8,8,15,22,14,6,88,5,3,8,19,3,5,11,2,7,6,7,25,4,3,10
1,4,21,115,4,3,3,3,3,3,5,5,5,4,5,4,5,6,3,82,7,32,6,1,2,3,3,42,30,30,30,30,7,3,3,27,2,8,8,4,8,2,9,1,5,36,30,6,5,7,6,5,30,8,8,8,39,7,6,10,3,29,10,29,6,5,5,9,14,9,7,6,45,6,6,45,55,55,28,29,28,13,18,16,6,8,6,8,8,86,4,4,116,42,29,31,3,5,6,1,41,27,3,17,8,8,7,9,9,13,7,4,3,19,18,18,7,7,7,5,5,5,6,5,2,4,3,8,2,3,4,3,1,1,3,5,5,4,8,2,4,6,7,45,1,47,4,8,94,18,4,3,3,3,4,6,6,10,21,82,4,6,3,3,2,2,5,7,3,3,4,29,7,6,7,4,5,6,19,29,105,5,86,86,3,3,3,3,3,29,29,6,8,7,7,7,7,7,7,7,7,7,29,3,3,113,6,6,6,2,7,7,6,3,3,24,24,24,1,2,114,11,4,6,6,6,7,22,27,10,9,6,31,31,3,4,6,7,7,7,4,4,5,6,2,3,7,5,5,17,1,1,3,3,5,6,4,4,4,4,4,3,19,18,43,29,30,30,30,5,4,4,29,4,4,3,25,6,6,6,7,7,7,6,7,3,3,3,4,3,4,3,3,3,4,4,3,3,3,41,6,6,6,5,6,5,5,10,86,9,10,3,3,2,2,7,7,3,3,0,3,3,10,2,2,4,2,18,5,7,7,15,22,14,6,89,4,3,7,19,3,5,11,3,6,6,6,24,4,3,10
3,4,19,115,5,1,1,1,1,1,3,6,6,5,6,5,6,7,4,85,5,30,7,3,4,5,4,42,33,33,33,33,4,1,1,28,2,6,6,5,6,2,6,2,6,34,29,4,3,4,4,6,28,6,6,6,39,8,7,11,4,29,12,27,4,3,3,11,12,12,9,9,43,8,8,46,55,55,27,27,27,15,21,18,4,11,4,10,10,86,5,5,115,41,28,29,4,6,8,2,40,28,4,20,8,8,8,11,11,14,8,5,5,21,21,21,8,8,8,7,7,7,7,6,3,6,3,6,4,5,6,5,3,3,5,7,6,5,10,3,5,9,9,45,2,47,5,6,93,20,5,2,2,2,2,6,6,12,24,85,1,3,5,5,2,2,6,6,4,4,5,28,8,5,6,6,6,7,21,28,105,7,86,86,3,3,4,4,4,32,30,4,10,4,5,5,5,5,5,4,5,5,32,1,4,112,7,7,7,4,4,4,4,2,1,22,22,22,3,3,114,13,5,7,7,5,5,25,29,12,11,4,29,30,4,1,7,9,10,9,1,1,6,8,1,2,5,5,5,20,2,2,1,1,6,4,3,3,3,3,3,5,22,21,43,33,33,33,33,5,4,4,32,4,3,1,28,4,4,4,5,6,6,5,6,1,1,1,1,1,1,1,1,1,1,1,1,2,3,40,6,6,6,5,7,5,4,12,86,11,12,2,2,1,2,5,5,3,4,3,0,1,10,4,1,6,4,22,3,5,5,14,19,13,5,89,2,1,5,19,6,7,10,4,4,4,4,24,6,6,7
3,4,19,115,5,1,1,1,1,1,3,6,6,5,6,5,6,7,4,85,5,29,7,3,4,5,4,42,33,33,33,33,4,1,1,28,2,6,6,5,6,2,6,2,6,34,29,4,3,4,4,6,28,6,6,6,39,8,7,11,4,29,12,26,4,3,3,11,12,11,9,8,43,8,7,43,55,55,27,27,27,15,21,18,4,10,4,10,10,85,5,5,115,41,27,29,3,6,8,2,40,28,3,20,8,8,8,11,11,14,7,5,5,21,21,21,8,8,8,7,7,6,6,6,3,6,3,6,4,5,5,5,3,3,5,7,6,5,10,3,5,9,9,45,2,47,5,6,93,20,5,2,2,2,1,6,6,12,23,84,1,3,4,5,2,2,6,6,4,4,5,28,8,5,6,5,6,6,21,28,105,7,86,86,3,3,4,4,4,32,30,4,10,4,5,4,5,5,5,4,4,4,32,1,4,112,7,7,7,4,4,4,4,2,1,22,22,22,3,3,114,13,5,6,6,5,5,25,29,12,11,4,29,29,4,1,6,9,9,9,1,1,6,8,1,2,5,5,5,20,2,2,1,1,6,4,3,3,3,3,3,5,21,21,43,32,33,33,33,5,4,4,32,4,3,1,28,4,4,4,5,6,6,5,6,1,1,1,1,1,1,1,1,1,1,1,1,2,2,40,6,6,6,5,7,5,4,12,86,11,12,2,2,1,1,5,5,3,3,3,1,0,10,4,2,6,4,22,4,5,5,14,19,13,5,89,3,1,5,19,5,6,10,4,4,4,4,24,6,5,7
10,13,27,124,12,11,11,11,11,11,10,5,5,5,5,5,5,5,12,89,10,39,13,9,9,10,10,51,39,39,39,39,10,10,10,23,11,8,8,6,8,8,8,9,7,36,39,10,10,12,12,2,26,9,9,9,48,5,5,11,8,38,4,28,12,12,12,3,21,5,2,2,40,3,3,40,64,64,24,24,24,9,25,9,11,3,11,2,2,94,9,9,124,50,24,26,8,4,13,10,49,23,12,24,4,4,3,2,3,10,3,13,10,26,25,25,6,3,3,5,5,5,13,14,11,6,7,8,6,5,5,5,7,7,4,3,3,7,5,6,7,13,14,54,9,56,5,8,102,24,11,11,11,11,12,5,5,5,28,89,11,12,8,10,7,7,5,5,12,12,13,38,14,5,8,8,8,13,26,38,114,6,95,95,12,12,12,12,12,27,27,11,2,12,13,12,13,12,13,12,12,12,27,11,7,121,15,15,15,11,10,10,10,11,11,31,31,31,10,11,123,7,8,13,13,7,7,31,34,4,3,12,39,39,11,11,14,3,3,3,11,11,4,13,9,9,9,6,6,24,9,9,11,11,3,10,8,8,8,8,8,10,26,25,52,38,39,39,39,6,6,7,27,6,8,10,23,10,9,10,8,5,5,5,5,11,10,10,9,10,11,10,10,10,11,11,11,11,11,49,5,5,5,5,6,5,14,4,95,4,5,11,11,10,10,9,9,11,11,10,10,10,0,10,7,11,9,26,7,10,11,4,25,11,7,97,9,8,9,28,10,13,1,10,8,9,9,14,12,10,8
3,2,22,113,1,4,4,4,4,4,7,6,6,6,7,6,7,7,2,81,8,29,3,2,2,3,1,41,28,28,28,28,8,5,5,29,3,9,9,6,10,4,10,4,7,37,29,8,7,8,8,7,32,10,10,10,37,9,8,11,5,27,12,30,8,7,7,11,16,11,9,8,47,8,8,47,54,54,31,31,31,15,16,17,7,10,7,10,10,84,6,6,114,40,31,33,5,7,8,2,39,29,2,15,9,9,9,11,11,15,9,1,5,17,16,16,8,9,9,7,7,7,2,3,2,6,4,10,4,5,6,5,3,3,5,7,6,5,10,4,6,8,9,43,3,45,6,10,92,16,1,3,4,3,4,8,8,12,19,80,4,7,5,5,4,4,7,9,1,1,1,28,4,8,9,6,7,2,18,28,103,7,84,84,2,2,1,1,2,33,31,7,9,8,9,8,9,8,9,8,8,8,33,4,5,111,4,4,4,1,8,8,8,3,3,26,26,26,3,2,112,13,6,2,2,9,9,20,25,12,11,7,29,29,1,4,3,9,9,9,4,4,7,8,4,5,9,7,7,16,3,3,3,3,7,8,6,6,7,7,7,5,17,17,42,27,28,28,28,7,6,6,33,6,6,5,29,8,8,8,9,9,9,8,9,3,4,4,5,4,5,4,4,4,4,4,4,3,3,39,8,8,8,7,8,7,3,12,84,11,12,4,3,4,4,9,9,2,2,2,4,4,10,0,6,2,2,17,8,10,11,17,25,15,7,88,8,6,10,19,2,4,13,2,9,9,10,27,3,2,13
2,5,19,117,4,2,2,2,2,2,4,4,4,3,4,4,4,5,3,83,5,31,7,2,3,4,3,44,31,31,31,31,5,2,2,27,3,7,7,3,7,1,7,1,5,35,31,5,4,5,5,4,30,7,7,7,40,7,6,9,3,31,10,27,5,4,4,9,13,9,6,6,44,6,6,45,57,57,28,28,28,12,19,15,4,8,4,8,8,87,3,3,117,43,28,30,2,5,7,2,42,27,4,18,8,7,8,8,9,12,8,4,4,20,19,19,6,7,7,5,5,5,6,6,2,4,2,7,2,3,4,3,1,1,3,5,4,3,8,1,4,7,8,46,1,48,4,7,95,19,5,2,2,3,3,6,6,9,22,83,3,4,3,4,1,1,4,6,4,4,5,30,7,5,6,4,4,6,20,30,106,5,87,87,4,4,4,4,4,28,28,4,7,5,6,5,6,5,6,5,5,5,29,2,2,114,7,7,7,3,5,5,5,2,3,23,23,23,2,3,115,11,3,6,6,5,5,23,28,10,9,5,31,31,3,3,6,7,7,7,3,3,5,7,1,1,6,5,5,18,1,1,3,3,4,5,3,3,3,3,3,4,20,19,45,30,31,31,31,5,3,3,28,3,3,1,25,5,5,5,6,6,6,5,6,3,2,2,2,2,3,2,2,2,2,2,2,3,3,42,6,6,6,5,6,5,6,10,87,9,10,2,3,1,1,6,6,3,3,2,1,2,7,6,0,5,4,23,3,5,5,13,20,12,4,90,2,1,5,19,5,7,9,4,4,4,4,22,6,5,8
5,3,24,113,2,6,6,5,6,6,9,8,8,7,8,7,8,9,3,80,10,28,2,3,3,4,2,40,28,28,28,28,10,7,7,30,5,11,11,7,12,5,12,5,8,39,28,9,9,10,10,8,33,12,12,12,37,10,9,13,6,27,13,32,9,9,9,12,14,12,10,9,48,9,9,48,53,53,32,32,32,16,16,19,9,11,9,11,11,84,7,7,114,40,32,34,7,8,7,4,38,30,3,15,10,11,10,12,12,16,10,2,6,16,16,16,10,10,10,8,8,8,1,2,3,7,5,11,5,6,7,6,4,4,6,8,8,7,11,5,7,7,7,43,5,45,7,11,91,15,2,5,5,5,6,9,9,13,19,79,5,8,6,4,5,5,8,10,2,2,2,27,3,9,10,7,8,1,17,27,103,8,84,84,4,4,3,3,3,31,34,9,11,10,11,10,11,10,11,10,10,10,31,5,6,110,2,2,2,3,10,10,9,5,5,28,28,28,4,3,112,14,7,1,1,10,10,20,24,13,12,9,28,28,3,6,2,10,10,10,6,6,8,8,6,6,10,8,8,15,4,5,5,5,8,10,7,7,8,8,8,6,17,16,41,27,28,28,28,8,7,7,31,7,7,7,27,9,9,9,10,10,10,9,10,5,6,6,7,6,6,6,6,6,5,5,5,4,5,38,9,9,9,8,9,8,4,13,84,12,13,5,5,6,6,10,10,3,3,4,6,6,11,2,5,0,3,16,9,11,12,18,26,16,8,87,9,7,11,19,1,2,14,2,10,10,10,28,1,1,14
3,3,22,114,1,4,4,4,4,4,7,6,6,5,6,6,6,7,2,81,9,30,3,1,1,2,1,41,29,29,29,29,8,5,5,29,3,10,10,5,10,4,10,4,6,38,29,8,7,8,8,6,31,10,10,10,38,9,8,11,5,28,12,30,8,7,7,11,16,11,8,8,46,8,8,46,54,54,30,30,30,14,17,17,8,10,8,10,10,85,5,5,115,41,30,32,5,7,7,2,39,29,2,16,9,9,9,10,11,14,8,2,5,18,17,17,8,9,9,7,6,6,3,4,2,6,4,9,4,5,5,5,3,3,5,7,6,5,9,3,5,8,8,44,3,46,6,10,93,17,1,3,4,3,4,7,7,11,20,81,4,7,5,4,4,4,6,9,2,2,1,29,4,7,9,6,6,3,18,29,104,6,85,85,2,2,2,2,2,32,30,7,9,8,9,8,9,8,9,8,8,8,33,4,4,112,4,4,4,1,8,8,8,3,4,26,26,26,3,2,113,13,5,3,3,8,8,21,26,11,11,8,30,30,2,4,3,8,9,9,4,4,7,7,5,5,9,7,7,16,3,3,3,3,6,8,6,6,6,6,6,4,18,17,42,29,30,30,30,6,5,5,32,6,6,5,29,8,7,8,9,9,9,8,9,4,5,4,5,4,5,4,4,4,4,4,4,3,3,40,8,8,8,7,7,7,4,12,85,11,12,4,3,5,4,9,9,2,2,2,4,4,9,2,4,3,0,17,7,10,10,16,24,14,6,88,7,5,10,19,1,3,12,1,9,9,9,26,3,1,12
18,17,41,101,17,22,22,22,21,21,24,22,22,22,23,22,23,27,17,80,25,25,16,18,18,19,17,28,9,9,9,9,25,22,22,45,22,26,26,22,27,19,27,22,26,57,30,25,23,25,25,23,48,27,27,27,26,25,24,25,25,18,28,49,24,23,24,27,27,27,25,24,67,28,28,67,36,36,48,48,48,31,17,33,24,26,24,26,26,72,23,23,102,28,49,50,24,27,19,17,27,44,17,18,29,29,29,27,27,31,28,16,22,17,17,17,27,29,29,23,23,23,16,15,17,23,20,26,20,21,22,21,19,19,21,23,22,21,26,20,22,19,19,31,19,33,22,25,79,16,18,21,22,21,20,27,27,28,14,80,21,24,23,20,20,20,23,27,17,17,17,27,14,26,26,24,24,16,16,27,91,25,72,72,20,20,17,17,17,43,42,24,25,25,26,25,26,25,26,25,25,25,40,21,25,98,15,15,15,17,25,25,25,21,21,43,43,43,18,17,100,29,23,16,16,25,25,1,28,28,27,24,25,25,17,21,15,25,25,25,21,21,23,20,22,23,26,26,26,17,22,22,21,21,23,24,23,24,24,24,24,23,15,17,30,8,9,9,9,25,25,25,41,24,24,22,39,25,25,25,26,27,27,26,27,20,22,21,22,21,21,21,21,21,21,21,21,20,21,27,27,27,27,26,28,26,19,28,72,27,28,21,21,22,22,26,25,17,17,18,22,22,26,17,23,16,17,0,25,29,30,35,43,34,26,79,27,23,29,34,20,17,31,19,29,28,29,45,17,20,32
4,7,20,117,7,4,4,4,4,4,4,4,4,4,4,4,4,5,6,84,6,33,10,5,4,5,5,44,33,33,33,33,6,3,3,28,5,7,7,3,7,2,7,3,4,35,33,5,4,5,5,5,29,7,7,7,41,7,6,9,4,31,10,28,5,4,4,9,13,9,7,6,46,6,7,46,57,57,27,27,27,12,20,15,5,8,5,8,8,88,4,4,118,44,27,29,2,5,8,4,42,28,6,19,8,8,8,8,9,13,7,7,5,21,20,20,6,7,7,5,5,5,9,8,5,4,2,6,2,3,4,3,2,2,3,5,4,4,8,2,3,9,9,47,4,49,4,7,95,20,7,4,4,5,5,5,5,10,23,84,4,4,4,5,1,1,4,6,7,7,8,32,10,5,6,5,5,9,21,32,107,5,88,88,6,6,6,6,6,31,28,5,7,6,6,6,6,6,6,5,6,6,31,4,2,114,9,9,9,6,5,5,5,4,5,23,23,23,4,5,116,11,4,9,9,5,5,25,29,10,9,5,33,33,6,4,9,7,7,7,5,4,5,8,2,2,6,4,4,20,4,4,5,5,4,5,3,3,3,3,3,5,21,21,45,32,33,33,33,4,2,2,30,2,3,3,27,5,4,5,6,6,6,5,6,5,3,3,3,4,4,4,4,4,4,4,4,5,5,42,6,6,6,5,5,5,8,10,88,9,10,4,5,3,3,6,6,5,5,5,3,4,7,8,3,9,7,25,0,6,6,11,20,10,4,92,3,2,5,22,7,8,7,6,4,4,4,21,8,7,7
7,8,16,118,10,6,6,6,5,5,3,7,7,6,7,6,7,8,8,89,1,35,12,7,8,9,9,45,37,37,37,37,2,4,5,27,7,2,2,7,3,6,3,6,7,30,33,3,3,1,1,8,28,3,3,3,42,9,9,12,8,32,13,23,1,2,2,12,9,12,10,9,43,8,8,43,58,58,27,27,27,15,25,18,2,11,2,11,11,89,9,9,119,45,28,28,5,7,12,7,43,27,8,24,9,9,9,11,12,15,8,9,9,26,25,25,9,9,9,8,8,8,11,10,7,7,6,4,6,6,7,6,7,7,6,8,7,8,10,6,7,13,13,48,6,50,6,3,96,25,10,6,6,6,6,7,7,13,28,89,5,2,8,9,6,6,7,7,9,9,9,32,12,6,3,9,8,11,26,33,108,7,89,89,8,8,8,8,8,33,31,2,10,1,1,1,1,1,1,1,1,1,34,5,6,115,11,11,11,8,2,2,3,6,6,19,19,19,7,8,117,14,8,11,11,4,5,30,34,13,12,2,40,40,8,5,11,10,10,10,6,5,7,12,5,5,3,6,6,24,6,6,6,6,8,3,4,4,5,5,5,9,26,25,46,37,38,38,38,5,5,4,33,4,4,5,30,3,3,3,4,7,7,6,7,6,4,4,4,5,5,5,5,5,5,5,5,6,7,43,7,7,7,6,8,6,9,13,89,12,13,6,7,5,5,3,2,8,8,7,5,5,10,10,5,11,10,29,6,0,1,16,15,14,7,91,4,4,3,20,9,10,12,8,1,2,1,26,10,9,3
7,9,16,118,10,6,6,6,5,5,3,7,7,6,8,6,7,8,8,89,1,35,12,8,8,9,9,45,38,38,37,37,2,4,5,27,7,3,3,7,3,6,3,6,7,30,33,3,3,1,1,8,28,4,4,4,42,10,9,12,8,33,13,23,1,2,2,12,9,12,10,9,43,8,8,43,58,58,27,27,27,16,25,18,2,11,2,11,11,89,9,9,119,45,28,29,5,7,12,7,43,27,8,24,9,9,9,12,12,15,8,9,10,26,25,25,9,9,9,8,8,8,11,11,8,7,6,4,6,6,7,6,7,7,6,8,7,8,11,7,7,13,13,48,6,50,6,3,97,25,10,6,6,7,6,7,7,13,28,89,6,2,8,9,6,6,8,7,9,9,10,32,13,6,3,9,8,11,26,33,108,8,89,89,8,8,8,8,8,34,31,2,10,1,1,1,1,1,1,1,1,1,34,5,6,116,11,11,11,8,2,2,3,6,6,19,19,19,7,8,117,14,8,11,11,5,5,30,34,13,12,2,40,40,8,6,11,10,10,10,6,6,7,12,5,5,3,6,6,25,6,6,6,6,8,3,5,5,5,5,5,9,26,26,46,37,38,38,38,6,5,5,33,5,4,5,30,3,3,3,4,7,7,6,7,6,4,5,4,5,5,5,5,5,5,5,6,6,7,44,7,7,7,6,8,6,9,13,89,12,13,6,7,5,6,3,3,8,8,7,5,5,11,11,5,12,10,30,6,1,0,16,14,14,7,91,4,4,3,20,9,11,12,8,2,2,1,26,10,9,3
14,17,31,128,17,15,15,15,15,15,14,9,9,9,10,9,9,9,16,94,15,44,18,14,13,15,14,55,43,43,43,43,14,14,14,18,15,12,12,10,12,12,12,13,11,40,43,14,15,16,16,7,22,13,13,13,52,8,10,16,12,42,2,33,16,16,16,2,25,2,4,4,38,6,7,39,68,68,20,20,20,5,29,8,15,4,15,2,2,99,13,13,129,55,20,22,12,9,17,14,53,19,16,28,7,7,7,4,3,13,8,17,14,30,29,29,10,6,7,10,10,10,18,18,15,11,11,12,10,9,9,8,11,11,8,7,7,11,8,10,10,18,18,58,14,60,9,12,106,29,16,15,15,15,16,9,9,4,32,93,15,16,12,14,11,11,10,9,16,16,17,42,19,10,12,12,12,18,30,43,118,11,99,99,16,16,16,16,16,26,26,15,5,16,17,16,17,16,17,16,16,16,26,15,11,125,19,19,19,15,14,14,14,15,16,35,35,35,14,15,127,4,12,18,18,11,11,35,38,1,1,17,44,44,16,15,19,7,7,6,15,15,8,17,13,13,14,10,10,29,13,14,15,15,7,14,12,12,12,14,13,14,30,30,56,42,43,43,43,10,11,11,26,11,12,14,22,14,14,14,12,9,9,9,9,15,14,15,13,14,16,15,15,15,15,15,15,16,16,53,9,9,9,10,10,10,19,1,99,3,3,15,15,14,14,13,13,15,15,15,14,14,4,17,13,18,16,35,11,16,16,0,27,13,9,99,11,10,10,32,12,15,2,12,10,11,10,12,14,12,10
21,23,1,116,24,20,20,20,19,19,17,21,21,20,22,20,22,22,22,102,15,20,26,22,22,23,23,43,48,48,48,48,16,18,19,36,21,17,17,21,17,20,17,20,21,16,19,17,17,14,14,22,37,18,18,18,33,24,23,26,23,30,27,9,15,16,16,26,10,26,24,23,52,23,22,52,45,45,35,35,35,30,39,33,16,25,17,25,25,87,23,23,96,35,36,37,20,21,26,21,35,35,22,38,23,23,23,26,26,30,22,23,24,40,39,39,23,23,23,22,22,22,25,25,22,21,20,19,20,20,21,20,21,21,20,22,22,22,25,21,21,27,28,36,20,36,20,17,94,39,24,20,20,21,20,21,21,27,42,102,20,15,23,23,20,20,22,21,23,23,24,21,25,20,18,23,23,25,39,21,106,22,87,87,22,22,22,22,22,48,45,16,25,12,13,12,13,13,13,13,12,12,48,19,20,113,25,25,25,22,17,16,17,20,20,2,2,2,21,22,115,28,22,25,25,19,19,44,48,27,26,16,20,20,22,20,25,24,24,24,20,20,21,26,19,19,17,20,20,39,20,20,20,20,22,17,19,19,19,19,19,23,40,40,37,47,48,48,48,20,19,19,47,19,19,19,44,18,18,18,18,21,21,20,21,20,18,19,18,19,20,19,19,19,19,19,20,21,21,35,21,21,21,20,22,20,23,27,87,26,27,20,21,19,20,17,17,22,22,22,19,19,25,25,20,26,24,43,20,15,14,27,0,31,24,80,21,21,20,11,26,27,30,25,19,20,19,43,26,26,20
13,16,29,128,15,14,14,14,14,14,12,7,7,9,8,8,7,6,15,89,14,43,16,12,12,13,13,54,42,42,42,42,13,13,13,30,15,14,14,9,15,11,14,12,6,44,42,12,13,14,14,8,34,14,14,14,51,7,6,7,9,41,11,36,14,14,14,12,23,13,10,10,48,10,10,48,68,68,32,32,32,16,27,16,13,12,13,11,11,99,10,10,129,55,32,33,11,9,14,13,52,31,15,26,11,11,11,12,12,8,10,15,11,28,27,27,7,10,10,8,8,8,16,17,14,6,10,14,8,7,8,7,10,10,7,9,8,10,7,9,9,15,14,58,13,60,9,14,107,27,14,14,14,14,15,9,9,13,30,89,15,14,9,11,10,10,8,11,15,15,15,42,17,10,13,8,8,16,29,42,118,6,99,99,15,15,15,15,15,26,27,13,11,14,15,14,15,14,15,14,14,14,26,14,10,126,17,17,17,15,14,14,12,14,15,33,33,33,13,14,127,14,8,16,16,13,13,34,39,13,13,15,43,43,15,14,17,10,11,11,15,14,8,14,12,12,13,11,11,27,13,13,14,14,8,13,11,11,12,11,11,13,28,28,55,41,42,42,42,10,9,10,26,10,10,13,22,12,12,12,13,11,11,10,11,15,13,13,12,14,14,14,14,14,14,14,15,15,15,52,10,10,10,10,6,10,17,13,99,12,13,14,14,13,13,13,13,14,14,14,13,13,11,15,12,16,14,34,10,14,14,13,31,0,7,97,9,8,9,30,11,13,8,10,8,9,8,20,12,11,11
5,8,22,119,7,6,6,6,6,6,6,4,4,3,4,3,4,5,7,84,8,35,8,4,4,5,5,46,34,34,34,34,6,5,5,26,7,7,7,3,8,3,8,5,4,37,35,5,6,7,7,4,29,8,8,8,43,6,5,8,3,33,9,30,7,6,6,8,15,8,6,5,44,5,5,44,59,59,27,28,28,12,20,15,6,7,6,7,7,90,4,4,120,46,28,29,4,4,8,6,44,26,7,19,6,7,6,8,8,12,6,7,5,20,20,20,6,6,6,4,4,4,8,9,6,3,3,7,1,2,3,2,2,2,2,4,4,2,7,1,1,8,9,49,5,51,3,7,98,19,6,6,6,6,7,5,5,9,23,84,6,6,3,5,2,2,4,6,7,7,7,34,9,5,6,4,5,8,21,34,109,4,90,90,7,7,7,8,8,30,28,6,7,8,8,8,8,8,8,8,8,8,30,6,2,117,9,9,9,7,7,7,5,6,7,25,25,25,5,6,118,10,3,8,8,6,6,26,28,9,8,7,35,35,7,7,8,6,6,6,7,6,4,8,4,4,7,4,4,19,5,5,7,6,4,6,5,5,5,5,5,5,21,20,47,34,34,34,34,4,3,3,30,3,3,5,26,5,5,5,6,6,6,5,6,7,5,5,5,6,6,6,6,6,6,6,6,7,7,45,5,5,5,4,5,4,10,9,90,8,9,6,6,5,5,6,7,6,6,6,5,5,7,7,4,8,6,26,4,7,7,9,24,7,0,93,5,4,7,23,7,9,7,7,6,7,6,21,8,7,9
89,86,79,102,88,88,88,88,88,88,91,93,94,93,94,93,94,94,87,149,92,61,87,89,89,91,88,58,82,82,82,82,92,89,89,116,88,93,93,93,94,90,94,89,94,84,65,92,90,92,92,94,119,94,94,94,53,96,95,98,92,69,100,87,91,90,91,99,80,99,96,96,133,95,95,134,40,40,117,117,117,102,93,105,91,98,91,98,98,72,92,93,35,52,118,119,91,93,95,88,51,116,87,94,96,96,96,98,99,102,95,87,92,93,93,93,95,96,96,94,94,94,87,86,88,93,91,93,91,92,93,92,90,90,92,95,93,92,97,91,93,95,95,50,89,52,93,93,80,92,89,88,88,88,87,93,93,100,90,148,88,89,92,90,90,90,94,94,88,88,88,64,85,93,93,93,94,87,92,64,91,94,72,72,87,87,87,87,87,118,118,91,97,92,92,92,92,92,93,92,92,92,116,88,91,99,86,86,86,88,92,92,92,88,88,81,81,81,89,88,100,101,92,87,87,92,92,79,104,100,99,90,61,61,88,87,86,97,97,97,87,88,94,95,89,90,93,93,93,93,89,89,88,88,94,91,90,90,91,91,91,92,91,93,50,82,82,82,82,92,92,91,118,91,91,89,115,92,91,91,92,94,94,93,94,87,89,88,89,88,88,88,88,88,88,88,87,87,88,51,94,94,94,93,95,93,86,100,72,99,100,88,88,89,89,92,92,88,88,89,89,89,97,88,90,87,88,79,92,91,91,99,80,97,93,0,83,83,85,67,80,78,92,80,85,84,85,105,79,80,88
4,6,19,116,6,3,3,3,3,3,3,5,5,4,5,4,5,6,5,85,5,32,9,4,5,6,6,43,35,35,35,35,4,2,2,27,4,6,6,4,6,2,6,2,5,34,32,4,3,4,4,5,28,6,6,6,40,8,7,10,5,30,11,27,4,3,3,10,12,10,8,8,45,7,7,45,56,56,26,26,26,14,21,17,4,10,4,9,9,87,6,6,117,43,27,28,3,5,9,4,41,27,5,20,7,7,7,10,10,13,7,6,6,22,21,21,7,7,7,6,6,6,8,8,4,5,4,5,3,4,5,4,3,3,4,6,5,5,9,3,4,9,10,46,3,48,4,6,94,21,7,3,3,4,4,5,5,11,24,85,3,3,5,6,3,3,5,5,6,6,6,31,9,4,5,6,7,8,22,31,106,6,87,87,5,5,5,5,5,31,29,4,9,4,5,5,5,5,5,4,5,5,32,3,3,113,8,8,8,5,4,4,4,3,4,22,22,22,4,5,115,12,5,8,8,4,4,27,30,11,10,4,32,32,5,3,8,8,9,8,3,3,5,9,1,1,5,4,4,20,3,3,4,4,5,4,2,2,2,2,2,6,22,21,44,35,36,36,36,4,3,3,31,3,2,2,28,4,4,4,5,5,5,4,5,4,2,2,1,3,3,3,3,3,3,3,3,4,4,41,5,5,5,4,6,4,7,11,87,10,11,3,4,2,2,5,5,5,5,4,2,3,9,8,2,9,7,27,3,4,4,11,21,9,5,83,0,2,4,20,6,7,8,5,4,3,4,22,7,6,7
2,4,19,116,5,2,2,2,2,2,3,4,5,4,5,4,5,5,4,84,5,31,8,3,3,4,4,43,31,31,31,31,4,1,1,28,2,6,6,4,6,1,6,1,5,34,30,4,3,4,4,5,28,6,6,6,40,7,6,10,3,30,10,27,4,3,3,9,12,9,7,6,43,6,6,43,56,56,27,27,27,13,20,15,4,8,4,8,8,87,4,4,116,43,27,29,2,5,8,2,41,27,4,19,8,8,8,9,9,13,8,5,5,20,20,20,6,7,7,5,5,5,7,6,3,4,2,6,2,3,4,3,2,2,3,5,4,3,8,2,4,8,9,46,2,48,4,6,94,19,5,2,2,2,3,6,6,10,23,83,2,3,3,4,1,1,5,6,5,5,5,29,8,5,6,4,5,7,21,29,106,5,87,87,3,3,4,4,4,31,29,4,7,4,5,5,5,5,5,4,5,5,31,2,2,113,7,7,7,4,4,4,4,2,3,22,22,22,2,3,115,11,3,7,7,5,5,23,28,10,9,4,30,31,4,2,7,7,7,7,2,2,5,7,1,1,5,5,5,19,2,2,2,2,5,4,3,3,3,3,3,5,21,20,44,30,31,31,31,5,3,3,31,3,3,1,27,4,4,4,5,6,6,5,6,2,1,1,1,1,3,1,1,1,2,2,2,3,3,41,6,6,6,5,6,5,6,10,87,9,10,2,2,1,1,5,5,3,3,3,1,1,8,6,1,7,5,23,2,4,4,10,21,8,4,83,2,0,5,19,6,7,9,4,4,3,4,23,6,6,7
7,8,18,118,9,5,5,5,5,5,2,6,6,4,6,5,6,6,8,89,2,39,12,7,8,9,9,45,37,37,37,37,1,4,5,25,7,2,2,5,2,6,2,5,6,32,33,1,2,3,3,7,26,2,2,2,42,8,7,10,7,32,11,24,3,3,3,10,12,11,8,8,41,7,7,41,58,58,24,24,24,15,25,17,2,10,2,9,9,89,8,8,118,44,26,26,4,5,12,7,43,25,8,24,7,7,7,10,10,14,7,9,9,25,25,25,7,7,7,6,6,6,11,10,7,5,5,2,5,4,5,4,6,6,5,6,6,7,9,5,6,12,13,48,6,50,4,2,96,24,9,6,6,6,6,5,5,11,28,89,5,3,7,9,5,5,6,5,9,9,9,33,12,4,1,7,7,11,26,33,108,6,89,89,7,7,8,8,8,32,29,2,9,3,4,3,4,3,4,3,3,3,32,5,4,115,11,11,11,8,2,2,1,6,6,22,22,22,7,7,117,12,6,11,11,2,3,29,33,10,10,4,39,40,8,5,11,7,9,8,5,5,5,12,5,4,1,4,4,24,6,6,6,6,6,2,4,4,4,4,4,9,26,25,46,37,37,37,37,4,3,3,32,3,3,5,28,1,1,1,2,5,5,4,5,5,4,4,3,4,5,5,5,5,5,5,5,6,7,43,5,5,5,4,7,4,8,10,89,10,11,6,6,5,5,1,1,8,8,7,5,5,9,10,5,11,10,29,5,3,3,10,20,9,7,85,4,5,0,23,10,12,10,9,2,2,2,23,11,10,4
19,17,9,107,18,19,19,19,18,18,23,27,27,26,27,26,27,28,18,97,21,11,19,19,19,20,19,34,39,39,39,39,22,24,19,44,18,22,22,26,23,20,23,19,27,25,10,23,23,19,20,28,45,23,23,23,24,29,29,32,22,21,29,18,20,22,22,28,11,28,26,25,60,26,28,60,36,36,44,44,44,35,33,38,22,31,22,31,31,78,22,22,87,26,44,46,25,26,24,18,26,44,18,32,26,29,26,27,29,32,26,18,22,34,33,33,25,26,26,24,24,24,19,18,18,23,21,24,21,26,23,22,20,20,22,25,23,22,27,21,23,25,26,28,19,28,26,23,86,33,19,18,19,18,18,26,26,32,46,97,18,21,22,22,20,20,27,26,18,18,18,9,20,26,23,23,23,19,34,10,97,27,78,78,18,18,18,18,18,47,47,19,26,18,19,18,19,18,19,19,18,18,48,18,25,105,19,19,19,18,22,22,23,18,17,12,12,12,19,19,106,34,22,19,19,25,25,35,42,33,32,22,11,11,19,18,19,29,30,30,18,18,27,24,19,24,23,26,26,32,19,19,18,18,28,22,24,24,24,25,25,22,34,33,28,38,39,39,39,25,24,24,47,24,24,19,44,23,23,23,24,27,27,26,26,17,24,18,23,18,18,18,18,18,18,18,18,17,18,27,27,27,27,26,28,26,17,33,78,32,33,18,18,19,19,23,23,19,19,19,19,19,28,19,19,19,19,34,22,20,20,32,11,30,23,67,20,19,23,0,27,28,36,27,26,26,26,50,28,27,27
4,3,24,113,2,5,5,5,5,5,9,7,7,7,7,7,7,8,3,79,10,28,1,3,3,4,2,40,28,28,28,28,10,7,7,30,5,11,11,7,11,5,12,5,7,39,28,9,8,10,10,7,33,11,11,11,36,10,9,12,6,27,13,32,9,8,9,12,14,12,9,9,47,9,9,48,53,53,32,32,32,15,15,18,9,11,9,11,11,83,6,7,113,39,32,33,7,8,6,4,38,30,3,14,10,10,10,11,12,16,10,1,6,16,15,15,9,10,10,8,8,8,19,2,3,7,5,11,5,6,7,6,4,4,6,8,7,6,11,5,7,6,7,42,4,45,7,11,91,15,2,5,5,5,5,9,9,13,18,79,5,8,6,4,5,5,7,10,2,2,2,27,3,9,10,7,8,19,16,27,103,8,84,84,3,3,3,3,3,31,34,9,10,10,10,10,10,10,11,10,10,10,31,5,6,110,2,2,2,2,10,10,9,4,5,27,27,27,4,3,112,14,6,19,19,9,10,20,24,13,12,8,28,28,3,5,1,10,10,10,5,5,8,7,6,6,10,8,8,15,4,4,5,5,7,9,7,7,7,7,7,5,16,16,41,27,28,28,28,8,6,7,30,7,7,7,27,9,9,9,10,10,10,9,10,5,6,6,6,5,6,5,5,5,5,5,5,4,4,38,9,9,9,8,8,8,4,13,84,12,13,5,5,6,5,10,10,3,3,3,6,5,10,2,5,1,1,20,7,9,9,12,26,11,7,80,6,6,10,27,0,2,13,2,10,10,10,27,1,1,13
6,4,25,111,4,6,6,6,6,6,9,9,9,9,10,9,10,10,5,82,11,25,2,5,5,6,4,38,25,25,25,25,11,8,8,32,6,12,12,9,13,7,13,6,10,40,25,11,9,11,11,10,35,13,13,13,34,12,11,15,8,25,15,33,10,9,10,14,15,14,12,11,50,11,11,50,51,51,34,34,34,18,18,20,10,13,10,13,13,81,9,9,111,37,34,36,8,10,8,5,36,32,4,17,12,12,12,14,14,18,12,4,8,18,18,18,11,12,12,10,10,10,2,2,4,9,7,12,7,8,9,8,6,6,8,10,9,9,13,7,9,10,10,40,6,43,9,12,89,17,4,6,6,6,6,11,11,15,22,81,6,9,8,6,7,7,10,12,4,4,4,24,1,11,12,9,10,2,24,24,101,10,81,82,5,5,4,4,4,33,36,10,12,11,12,11,11,11,12,11,11,11,33,6,8,108,1,1,1,4,11,11,11,6,6,29,29,29,6,5,110,16,9,2,2,11,11,17,26,15,14,10,25,25,5,6,1,12,12,12,6,6,10,10,7,8,12,10,10,17,6,6,6,6,10,10,9,9,9,9,9,8,23,25,39,24,25,25,25,10,9,9,33,9,9,8,29,11,10,10,12,12,12,11,12,6,7,7,7,7,7,6,6,6,6,6,6,5,5,36,11,11,11,10,11,10,5,15,82,14,15,6,6,7,6,12,11,5,5,5,7,6,13,4,7,2,3,17,8,10,11,15,27,13,9,78,7,7,12,28,2,0,15,4,13,13,12,29,1,3,15
10,13,28,124,12,11,11,11,11,11,11,5,5,5,5,6,5,5,12,89,10,40,14,9,10,10,10,51,39,39,39,39,10,10,10,22,12,9,9,6,8,8,9,10,7,41,39,10,11,12,12,3,24,9,9,9,48,5,6,12,9,39,3,29,12,12,12,2,21,4,1,2,39,3,3,40,64,64,22,22,22,8,25,8,11,2,11,1,1,95,9,9,125,51,22,24,8,5,13,10,49,22,12,24,4,4,4,1,2,10,4,13,10,26,25,25,6,3,3,6,6,6,13,14,11,7,8,8,6,5,6,5,8,8,5,4,3,8,5,7,7,14,14,54,10,56,6,9,103,25,12,11,11,11,12,5,5,4,28,89,11,12,9,10,8,8,5,5,13,13,13,39,15,6,9,8,9,13,26,39,114,7,95,95,12,12,12,12,13,26,26,11,2,12,13,13,13,13,13,12,13,13,26,11,7,122,15,15,15,12,10,10,10,11,12,31,31,31,10,11,123,6,8,13,13,7,7,31,34,3,2,13,40,40,12,11,14,3,3,3,11,11,4,13,9,9,10,7,7,25,10,10,12,11,3,11,8,8,9,9,9,10,26,26,52,38,39,39,39,6,7,7,25,7,8,10,22,10,10,10,8,5,5,6,5,12,10,11,10,11,12,11,11,11,11,11,11,12,12,50,5,5,5,6,6,6,15,3,95,3,4,11,11,10,10,10,9,11,11,11,10,10,1,13,9,14,12,31,7,12,12,2,30,8,7,92,8,9,10,36,13,15,0,10,8,9,8,14,11,10,7
4,2,23,113,1,4,4,4,4,4,7,7,7,6,7,6,7,8,2,80,9,28,3,2,2,4,2,40,27,27,27,27,8,5,5,30,3,10,10,6,10,4,10,4,7,38,28,8,7,8,8,7,32,10,10,10,36,10,9,12,6,27,13,30,8,7,7,12,16,12,9,9,47,9,9,47,53,53,31,31,31,15,16,18,8,11,8,11,11,83,6,6,113,39,31,33,6,8,7,3,38,30,2,15,10,10,10,11,12,15,9,1,6,17,16,16,9,10,10,8,7,7,2,2,2,7,5,10,5,6,6,6,4,4,6,8,7,6,10,4,6,7,8,42,4,45,7,10,91,16,2,3,4,3,4,8,8,12,19,80,4,7,6,4,5,5,7,10,1,1,1,27,3,9,10,7,7,2,17,27,103,7,83,84,2,2,2,2,2,31,33,8,10,8,9,8,9,9,9,8,9,8,34,4,5,110,3,4,4,2,8,8,8,3,3,26,26,26,3,2,112,14,6,2,2,9,9,19,25,12,12,8,28,28,2,4,3,9,10,10,4,4,8,8,4,5,9,8,8,15,4,4,3,3,7,8,7,7,7,7,7,5,17,16,41,27,27,27,27,7,6,6,31,7,7,5,30,8,8,8,9,10,10,9,10,3,5,4,5,4,5,4,4,4,4,4,4,3,3,38,9,9,9,8,8,8,3,13,84,12,13,4,3,4,4,9,9,2,2,3,4,4,10,2,4,2,1,19,6,8,8,12,25,10,7,80,5,4,9,27,2,4,10,0,8,8,8,26,3,2,11
6,8,17,117,9,5,5,5,4,4,1,5,5,4,5,4,5,6,7,88,2,39,11,6,7,8,8,44,37,37,36,36,1,3,4,25,6,3,3,5,3,5,3,5,5,31,33,1,1,2,2,6,27,3,3,3,41,8,7,10,7,31,11,24,1,1,1,10,11,10,8,7,41,6,6,42,57,57,25,25,25,13,24,16,1,9,1,9,9,88,8,8,118,44,26,27,4,5,11,6,42,25,7,23,7,7,7,9,10,13,6,8,9,25,24,24,7,7,7,6,6,6,10,9,7,5,5,3,4,4,5,4,6,6,4,6,5,6,9,5,6,12,12,47,5,49,4,3,96,24,9,5,5,5,5,5,5,11,27,88,5,2,7,8,5,5,6,5,8,8,8,32,11,4,2,7,6,10,25,32,107,5,88,88,7,7,7,7,7,31,29,1,8,2,3,2,2,2,3,2,2,2,32,4,4,115,10,10,10,7,1,1,1,5,5,21,21,21,6,7,116,12,6,10,10,3,3,29,33,11,10,2,39,39,7,5,10,8,8,8,5,4,5,11,4,4,2,4,4,23,5,5,5,5,6,1,4,4,4,4,4,8,25,25,45,36,37,37,37,4,3,3,31,3,2,4,28,2,2,2,3,5,5,4,5,5,3,3,3,4,4,4,4,4,4,4,4,5,6,43,5,5,5,4,6,4,8,11,88,10,11,5,6,4,4,2,2,7,7,6,4,4,8,9,4,10,9,29,4,1,2,10,19,8,6,85,4,4,2,26,10,13,8,8,0,1,1,24,9,9,4
6,7,18,117,8,4,4,4,4,4,1,6,6,4,6,5,6,7,7,88,3,38,10,6,7,8,7,44,36,36,36,36,2,3,3,25,5,3,3,5,4,4,4,4,6,32,32,1,1,2,2,7,27,4,4,4,40,8,7,10,7,31,11,24,2,2,2,10,11,11,8,8,42,7,7,42,57,57,26,26,25,14,24,17,1,10,1,9,9,87,7,8,117,43,26,27,4,5,11,5,42,25,7,23,7,7,7,10,10,14,7,8,8,24,24,24,8,7,8,6,6,6,10,9,6,5,5,4,4,5,5,4,5,5,5,7,6,6,9,5,6,11,12,46,5,49,4,3,95,23,8,5,5,5,5,5,5,11,27,87,4,2,7,8,5,5,6,5,7,7,8,32,11,4,3,7,7,10,25,32,107,6,87,88,6,6,7,7,7,32,30,1,9,2,3,2,3,3,3,2,2,2,32,4,4,114,10,10,10,7,2,2,1,5,4,21,21,21,6,6,115,12,7,10,10,4,4,28,32,11,11,3,38,38,7,4,9,8,9,9,4,4,6,11,3,3,2,4,4,23,5,5,4,4,7,1,3,3,3,3,3,8,25,24,45,35,36,36,36,4,3,3,32,3,3,4,28,2,2,2,4,5,6,4,5,4,2,3,2,3,4,3,3,3,4,4,4,5,5,42,5,5,5,4,7,4,7,11,88,10,11,5,5,3,4,3,2,6,6,6,4,4,9,9,4,10,9,28,4,2,2,11,20,9,7,84,3,3,2,26,10,13,9,8,1,0,1,25,9,9,4
6,8,17,117,9,5,5,5,4,4,1,5,5,4,5,4,5,6,7,88,2,39,11,6,7,8,8,44,37,37,36,36,1,3,4,25,6,2,2,5,3,5,3,5,5,31,33,1,1,1,1,6,27,3,3,3,41,8,7,10,7,32,11,24,1,1,1,10,10,10,8,7,41,6,6,42,57,57,25,25,25,13,24,16,1,9,1,9,9,88,8,8,118,44,26,27,4,5,11,6,42,25,7,23,7,7,7,10,10,13,6,8,9,25,24,24,7,7,7,6,6,6,10,9,7,5,5,3,4,4,5,4,6,6,4,6,5,6,9,5,6,12,12,47,5,49,4,3,96,24,9,5,5,5,5,5,5,11,27,88,5,2,7,8,5,5,6,5,8,8,9,32,11,4,2,7,6,10,25,32,107,5,88,88,7,7,7,7,7,31,29,1,8,2,2,2,2,2,2,2,2,2,32,4,4,115,10,10,10,7,1,1,1,5,5,20,20,20,6,7,116,12,6,10,10,3,3,29,33,11,10,2,39,39,7,5,10,8,8,8,5,5,5,11,4,4,2,4,4,23,5,5,5,5,6,1,4,4,4,4,4,8,25,25,45,36,37,37,37,4,3,3,31,3,2,4,28,2,2,2,3,5,5,4,5,5,3,3,3,4,4,4,4,4,4,4,4,5,6,43,5,5,5,4,6,4,8,11,88,10,11,5,6,4,5,2,2,7,7,6,4,4,9,10,4,10,9,29,4,1,1,10,19,8,6,85,4,4,2,26,10,12,8,8,1,1,0,24,9,9,4
24,27,41,138,27,24,24,25,24,24,24,19,19,19,19,19,19,19,25,98,23,53,28,23,23,24,24,65,53,53,53,53,24,24,23,20,25,22,22,20,22,22,22,23,21,42,53,24,24,26,26,16,24,22,22,22,61,17,18,23,23,52,9,41,25,26,26,10,34,13,14,14,39,17,17,39,78,78,22,22,22,8,39,16,24,14,24,12,12,108,23,23,138,64,22,24,22,18,27,24,63,21,26,38,18,17,17,14,13,22,17,26,24,40,39,39,18,17,17,19,19,19,27,28,24,21,21,21,20,18,19,18,21,21,18,17,17,22,17,21,21,28,28,65,23,66,19,21,116,39,26,24,25,25,26,19,19,15,42,97,25,26,23,24,21,21,19,19,26,26,27,52,29,19,22,22,23,27,40,52,128,21,109,109,26,26,26,26,26,29,29,25,15,26,27,26,27,26,27,26,26,26,25,25,20,135,29,29,29,25,24,24,24,25,25,45,45,45,24,25,137,13,22,27,27,21,21,45,34,13,13,26,53,53,25,25,28,17,16,16,25,25,18,27,23,23,23,20,20,39,23,23,25,25,16,24,22,22,22,22,22,24,40,40,66,52,53,53,53,20,20,20,28,20,22,23,21,23,23,23,22,19,19,19,19,25,24,24,23,24,25,24,24,24,25,25,25,25,25,63,19,19,19,19,18,19,28,13,109,15,14,24,25,23,24,23,23,25,25,24,24,24,14,27,22,28,26,45,21,26,26,12,43,20,21,105,22,23,23,50,27,29,14,26,24,25,24,0,20,18,16
5,3,25,111,3,6,6,6,6,6,9,9,9,8,9,8,9,10,4,81,10,26,1,4,4,5,3,38,25,25,25,25,10,7,7,31,5,11,11,8,12,6,12,6,9,39,25,10,9,10,10,9,34,12,12,12,35,11,10,14,7,25,14,32,9,9,9,13,14,14,11,11,49,10,10,49,51,51,33,33,33,17,17,20,9,13,9,12,12,82,8,8,112,38,33,35,8,9,8,4,36,31,4,16,12,12,11,13,13,17,11,3,7,17,17,17,11,11,11,9,9,9,1,1,4,8,7,12,6,7,8,7,5,5,7,9,9,8,12,6,8,8,8,41,5,43,8,11,90,16,3,5,6,5,6,10,10,14,20,81,5,8,7,5,6,7,9,12,4,4,3,25,1,11,11,8,9,1,18,25,101,9,82,82,4,4,3,3,3,32,35,9,12,10,11,10,11,10,11,10,10,10,32,5,7,109,1,1,1,3,10,10,10,5,5,28,28,28,5,4,110,15,8,1,1,10,11,17,25,14,13,9,26,26,4,6,1,11,12,11,6,6,9,9,6,7,11,9,9,16,5,5,5,5,9,10,8,8,8,9,9,7,24,17,39,24,25,25,25,9,8,8,32,8,9,7,28,10,10,10,11,12,11,11,11,5,6,6,6,6,6,6,6,6,5,5,5,4,5,37,10,10,10,9,10,9,4,14,82,13,14,5,5,6,6,11,10,4,4,4,6,6,12,3,6,1,3,17,8,10,10,14,26,12,8,79,7,6,11,28,1,1,11,3,9,9,9,20,0,3,13
4,3,24,113,2,5,5,5,5,5,9,7,7,7,7,7,7,8,3,79,10,28,1,3,3,4,2,40,28,28,28,28,10,7,7,30,5,11,11,7,11,5,12,5,7,39,28,9,8,10,10,7,33,11,11,11,36,10,9,12,6,27,13,32,9,8,9,12,14,12,9,9,47,9,9,48,53,53,32,32,32,15,15,18,9,11,9,11,11,83,6,7,113,39,32,33,7,8,6,4,38,30,3,14,10,10,10,11,12,16,10,1,6,16,15,15,9,10,10,8,8,8,1,2,3,7,5,11,5,6,7,6,4,4,6,8,7,6,11,5,7,6,7,42,4,45,7,11,91,15,2,5,5,5,5,9,9,13,18,79,5,8,6,4,5,5,7,10,2,2,2,27,3,9,10,7,8,1,16,27,103,8,84,84,3,3,3,3,3,31,34,9,10,10,10,10,10,10,11,10,10,10,31,5,6,110,2,2,2,2,10,10,9,4,5,27,27,27,4,3,112,14,6,1,1,9,10,20,24,13,12,8,28,28,3,5,1,10,10,10,5,5,8,7,6,6,10,8,8,15,4,4,5,5,7,9,7,7,7,7,7,5,16,16,41,27,28,28,28,8,6,7,30,7,7,7,27,9,9,9,10,10,10,9,10,5,6,6,6,5,6,5,5,5,5,5,5,4,4,38,9,9,9,8,8,8,4,13,84,12,13,5,5,6,5,10,10,3,3,3,6,5,10,2,5,1,1,20,7,9,9,12,26,11,7,80,6,6,10,27,1,3,10,2,9,9,9,18,3,0,13
9,11,18,120,12,8,8,8,7,7,4,8,8,7,8,7,8,9,10,91,1,37,14,10,10,11,11,47,40,40,40,40,3,6,7,25,9,1,1,8,1,8,1,8,8,30,35,4,5,3,3,7,26,2,2,2,44,10,10,13,10,35,10,23,3,4,4,9,12,9,7,7,42,6,7,42,60,60,24,24,24,13,27,16,4,8,4,8,8,91,11,11,121,47,25,26,7,8,14,9,46,25,10,26,6,6,6,9,9,16,6,11,11,28,27,27,10,6,6,9,9,9,13,13,10,8,8,2,7,7,8,7,9,9,7,7,8,9,11,8,8,15,15,50,8,52,7,2,99,27,12,8,8,9,8,7,7,10,30,91,8,5,10,11,8,8,8,7,11,11,12,34,15,7,3,10,9,13,28,35,110,8,91,91,10,10,10,10,10,33,32,4,8,3,4,3,4,3,4,3,3,3,34,7,7,118,13,13,13,10,3,3,4,8,8,22,22,22,9,10,119,11,9,13,13,4,5,32,36,10,9,4,42,42,10,8,13,7,8,7,8,8,7,14,7,7,4,7,7,27,8,8,8,8,7,4,7,7,7,7,6,11,28,28,48,39,40,40,40,6,6,5,33,5,5,7,30,4,4,4,4,7,6,7,7,8,6,7,6,7,8,7,7,7,7,7,8,9,9,46,7,7,7,7,9,7,11,10,91,9,10,8,9,7,8,3,3,10,10,10,7,7,8,13,8,14,12,32,7,3,3,10,20,11,9,88,7,7,4,27,13,15,7,11,4,4,4,16,13,13,0
