0,13,69,480,9,7,7,8,9,9,19,21,21,19,22,20,21,25,5,278,29,116,17,3,4,6,6,152,131,131,130,131,26,13,13,135,3,34,34,15,36,9,36,6,23,147,112,21,18,27,27,29,150,32,32,32,146,33,28,35,12,110,52,112,24,18,18,47,56,51,37,35,226,31,29,227,197,197,145,145,145,71,59,84,22,41,22,44,44,300,17,17,420,161,137,150,15,22,22,1,156,132,6,57,33,34,34,38,40,31,31,12,12,60,59,59,31,34,34,21,21,21,16,14,3,21,11,30,16,20,21,19,9,9,21,28,27,12,31,13,15,22,22,163,3,163,17,31,360,60,11,4,5,7,9,25,25,50,67,278,7,23,12,13,10,10,22,30,8,8,8,107,22,23,26,18,21,16,65,106,420,25,300,300,7,7,9,9,10,120,120,22,37,28,27,29,28,28,29,27,29,29,117,8,14,420,18,17,17,6,25,25,21,3,5,75,75,75,2,2,480,55,16,16,16,28,29,84,99,48,48,23,116,116,7,11,15,32,30,30,10,10,25,21,10,11,24,19,19,58,3,4,7,7,28,22,17,17,17,18,18,9,64,63,163,128,131,131,131,19,17,18,121,18,19,12,105,22,22,22,27,29,30,23,29,7,14,12,14,11,12,10,10,10,9,9,8,7,6,153,27,27,27,22,27,22,13,48,300,48,50,4,4,9,7,27,28,5,5,3,10,10,37,11,7,17,10,80,12,25,26,50,73,33,17,300,12,11,24,93,16,23,39,11,23,21,23,84,17,16,35
13,0,78,420,9,17,17,17,16,16,28,34,35,32,35,34,35,39,8,287,38,106,9,16,16,15,14,141,123,123,122,123,35,21,22,149,14,44,44,28,45,22,45,17,37,156,102,30,27,36,36,42,164,41,41,41,135,47,42,48,26,99,66,121,33,27,27,60,47,64,51,48,239,44,43,240,186,186,158,158,158,84,69,98,31,55,31,57,57,300,30,31,420,150,150,163,28,36,35,13,145,145,7,67,46,47,47,52,54,44,45,6,25,69,69,69,44,47,47,34,35,35,8,6,11,34,24,40,29,33,34,33,22,22,35,41,41,26,45,26,29,35,35,151,16,153,31,41,360,69,9,13,13,13,16,38,38,64,76,287,14,30,26,26,23,24,36,42,9,9,8,97,14,35,35,32,34,8,74,96,360,38,300,300,6,6,4,4,3,133,134,31,51,37,37,38,37,38,38,36,38,38,131,15,28,420,9,9,9,10,34,34,30,12,12,84,84,84,15,13,420,69,30,8,8,39,40,75,108,62,62,31,106,106,12,17,7,46,43,44,16,17,38,33,20,21,33,29,29,67,17,17,14,14,42,31,26,26,27,28,28,22,74,73,152,119,122,122,122,30,30,29,135,29,28,22,118,31,32,31,37,41,42,35,41,13,21,19,23,18,19,17,17,17,15,15,15,10,11,142,39,39,40,34,40,34,7,62,300,62,64,12,10,18,16,36,37,12,12,16,17,17,51,10,20,9,11,72,26,34,35,63,82,46,31,294,23,20,34,90,8,15,52,4,32,30,32,98,8,8,44
69,78,0,480,78,64,64,64,63,63,55,72,73,70,73,72,73,77,72,360,54,74,87,72,72,74,75,157,189,189,188,188,55,59,59,153,68,60,60,68,62,65,63,64,75,87,68,57,54,48,47,80,165,62,62,62,112,85,80,92,72,110,100,52,49,53,53,94,45,98,85,82,240,79,79,241,166,166,160,160,160,118,123,132,55,89,55,91,91,360,76,77,360,125,152,164,66,72,86,71,124,151,72,121,76,77,77,86,88,78,78,81,76,123,123,123,82,79,79,72,72,73,86,83,72,73,64,63,69,71,72,71,68,68,73,79,79,66,83,66,69,86,86,127,67,126,69,61,360,123,80,67,66,65,65,71,71,97,130,360,65,51,72,77,64,64,74,74,77,77,77,64,91,69,61,77,78,86,128,64,420,76,360,300,71,71,74,74,74,174,174,51,85,46,48,47,48,47,49,48,47,47,171,63,68,420,87,87,87,75,54,55,58,67,67,8,8,8,71,72,420,103,72,86,86,67,68,152,162,96,95,52,74,75,77,64,85,82,81,82,65,64,76,84,61,61,59,64,64,121,67,67,64,64,80,54,61,62,63,63,63,71,128,127,128,185,188,188,188,65,65,64,175,64,62,58,159,58,59,58,63,74,75,68,74,66,58,60,57,61,62,62,62,62,63,64,64,68,68,121,74,74,75,69,78,69,74,96,300,96,98,67,69,61,63,60,59,75,75,70,62,61,85,80,63,87,78,149,65,49,49,97,6,84,71,261,61,61,59,37,86,93,86,80,55,56,53,132,85,86,60
480,420,480,0,480,480,480,480,480,480,480,480,480,480,480,480,480,480,480,480,480,360,480,480,480,480,480,300,420,420,420,420,480,480,480,600,480,480,480,480,480,480,480,480,480,540,420,480,480,480,480,480,600,480,480,480,360,480,480,480,480,360,540,540,480,480,480,540,480,540,480,480,660,480,480,660,291,291,600,600,600,540,480,540,480,480,480,540,540,198,480,480,420,360,600,600,480,480,480,480,360,600,480,480,480,480,480,480,480,480,480,480,480,480,480,480,480,480,480,480,480,480,480,480,480,480,480,480,480,480,480,480,480,480,480,480,480,480,480,480,480,480,480,360,480,360,480,480,93,480,480,480,480,480,480,480,480,540,480,480,480,480,480,480,480,480,480,480,480,480,480,420,480,480,480,480,480,480,480,420,84,480,199,199,480,480,480,480,480,600,600,480,480,480,480,480,480,480,480,480,480,480,600,480,480,15,480,480,480,480,480,480,480,480,480,480,480,480,480,480,15,540,480,480,480,480,480,420,540,540,540,480,360,360,480,480,480,480,480,480,480,480,480,480,480,480,480,480,480,480,480,480,480,480,480,480,480,480,480,480,480,480,480,480,360,420,420,420,420,480,480,480,600,480,480,480,600,480,480,480,480,480,480,480,480,480,480,480,480,480,480,480,480,480,480,480,480,480,480,360,480,480,480,480,480,480,480,540,200,540,540,480,480,480,480,480,480,480,480,480,480,480,480,480,480,480,480,420,480,480,480,540,480,480,480,360,480,480,480,420,480,480,480,480,480,480,480,540,480,480,480
9,9,78,480,0,16,16,16,16,16,28,28,28,28,29,27,28,33,6,281,37,114,9,8,8,6,5,148,127,127,126,127,35,20,21,144,11,43,43,23,44,17,45,15,30,156,110,29,26,35,35,36,160,41,41,41,142,41,36,40,18,106,61,121,33,26,27,55,55,60,46,44,235,40,38,236,194,194,154,154,154,80,62,93,30,49,30,52,52,300,20,21,420,158,146,159,23,31,25,8,152,141,6,60,42,42,43,47,49,40,41,3,15,63,62,62,38,43,43,28,28,28,7,9,6,27,19,39,22,26,29,26,16,16,28,37,35,19,39,19,22,25,25,159,12,161,26,40,360,62,2,12,13,14,16,34,34,59,70,281,14,30,18,16,18,18,29,38,2,2,2,106,15,31,34,23,26,7,68,104,420,31,300,300,7,7,6,6,6,125,125,30,46,37,36,37,37,37,37,36,37,37,122,16,22,420,12,12,12,3,33,34,30,11,12,84,84,84,8,7,420,65,23,7,7,37,37,79,102,57,56,30,114,115,3,17,9,40,38,38,16,17,33,24,19,20,32,27,27,61,12,13,14,14,36,31,25,26,25,27,27,13,67,66,159,123,126,126,126,28,25,26,126,27,27,21,110,30,31,31,36,37,38,31,37,14,21,19,22,18,19,17,17,17,16,15,15,11,11,149,35,35,35,30,34,30,11,58,300,58,60,12,10,18,16,35,37,4,3,8,17,17,46,2,16,8,3,76,21,34,34,58,82,39,24,300,20,19,33,98,7,16,47,5,31,29,32,93,12,7,44
7,17,64,480,16,0,1,1,2,2,13,20,21,18,21,20,21,25,9,280,22,117,24,10,11,13,14,154,138,138,137,138,20,6,7,134,5,28,28,14,29,8,30,2,23,141,112,14,11,20,20,28,147,26,26,26,147,33,27,34,12,112,52,106,18,11,12,46,49,50,37,34,222,30,29,223,199,199,141,141,141,70,62,84,15,41,15,43,43,300,16,17,420,162,133,146,14,21,25,8,156,131,10,60,31,31,32,38,40,30,31,19,15,62,62,62,30,33,34,20,21,21,22,21,9,20,10,25,15,19,20,19,8,8,21,27,27,12,30,12,15,25,25,163,4,164,17,25,360,62,17,4,5,5,6,22,22,50,69,280,4,15,12,16,9,9,21,26,14,14,15,108,28,20,19,18,20,22,67,107,420,24,300,300,10,10,12,12,12,119,120,15,37,22,21,22,22,22,22,21,22,22,117,3,14,480,24,24,24,12,18,19,15,5,6,69,69,69,8,9,480,55,16,22,22,23,23,90,101,48,47,16,117,117,14,5,22,32,29,30,5,5,24,23,4,5,17,13,14,60,4,4,3,3,28,16,11,11,12,12,13,10,67,66,163,135,138,138,138,14,14,14,121,13,13,6,104,15,16,16,21,26,26,20,26,6,6,4,7,4,6,4,4,4,4,4,4,9,7,154,24,24,24,19,26,19,14,48,300,48,50,4,6,3,1,21,22,12,12,9,3,3,37,17,5,23,17,87,12,19,19,49,67,32,16,300,8,4,18,87,22,29,38,17,16,14,17,84,24,22,29
7,17,64,480,16,1,0,1,2,2,13,20,21,18,21,20,21,25,9,280,22,117,24,10,11,13,14,154,138,138,137,138,20,6,7,134,5,28,28,14,29,8,30,2,23,141,112,14,11,20,20,28,147,26,26,26,147,33,27,34,12,112,52,106,18,12,12,46,49,50,37,34,222,30,29,223,199,199,141,141,141,70,62,84,15,41,15,43,43,300,16,17,420,162,133,146,14,21,25,8,156,131,10,60,31,31,32,38,40,30,31,19,15,62,62,62,30,33,34,20,21,21,22,21,9,20,10,25,15,19,20,19,8,8,21,27,27,12,30,12,15,25,25,163,4,164,17,25,360,62,17,4,5,5,6,22,22,50,69,280,4,15,12,16,9,9,21,26,14,14,15,108,28,20,19,18,20,22,67,107,420,24,300,300,10,10,12,12,12,119,120,15,37,22,21,22,22,22,22,21,22,22,117,3,14,480,24,24,24,12,18,19,15,5,6,69,69,69,8,9,480,55,16,22,22,23,23,90,101,48,47,16,117,117,14,5,22,32,29,30,5,5,24,23,4,5,17,13,14,60,4,4,3,3,28,16,11,11,12,12,13,10,67,66,163,135,138,138,138,15,14,14,121,13,13,6,104,15,16,16,21,26,26,20,26,6,6,4,7,4,6,4,4,4,4,4,4,9,7,154,24,24,24,19,26,19,14,48,300,48,50,4,6,3,1,21,22,12,12,9,3,3,37,17,5,24,17,87,12,19,19,49,67,32,16,300,8,4,18,87,22,29,38,18,16,14,17,84,24,22,29
8,17,64,480,16,1,1,0,2,2,13,21,21,18,22,20,21,25,10,280,22,117,24,11,11,13,14,153,138,138,137,138,20,6,7,134,5,28,28,14,29,8,30,2,23,141,112,15,11,21,20,28,147,26,26,26,147,33,28,34,12,112,52,106,18,12,12,46,49,50,37,34,222,30,29,223,199,199,141,141,141,71,62,84,16,41,15,43,44,300,16,17,420,162,133,146,14,22,25,8,156,131,10,60,31,31,32,38,40,30,31,19,15,63,62,62,30,33,34,21,21,21,22,21,10,20,10,25,15,19,20,19,8,8,21,27,27,12,31,12,15,25,25,163,4,164,17,25,360,62,17,4,5,5,6,23,23,50,69,280,4,15,12,16,9,10,22,26,14,14,15,108,29,20,19,18,20,22,67,106,420,24,300,300,10,10,12,12,12,120,120,15,37,22,21,22,22,22,22,21,23,22,117,3,14,480,24,24,24,12,18,19,15,5,6,69,69,69,8,9,480,55,16,22,22,23,23,90,102,48,48,16,116,117,14,5,22,32,29,30,5,4,24,23,4,5,18,14,14,61,4,4,2,3,28,16,11,11,12,13,13,11,67,66,163,135,138,138,138,15,15,14,121,13,13,6,104,16,16,16,21,26,26,20,26,6,6,4,8,4,6,4,4,4,3,4,4,8,7,153,24,24,24,19,26,19,14,48,300,48,50,5,6,3,1,21,22,12,13,9,3,3,37,18,5,24,17,87,12,19,19,49,67,32,17,300,8,5,18,87,22,30,39,18,17,15,17,84,24,22,29
9,16,63,480,16,2,2,2,0,1,12,22,23,20,23,22,23,27,9,282,22,115,24,12,12,14,15,152,138,138,137,138,19,5,7,135,6,27,27,16,28,10,29,4,25,140,110,14,11,20,20,30,147,25,25,25,144,35,29,36,14,109,54,105,17,11,11,48,48,52,39,36,222,32,31,223,197,197,142,142,142,72,63,86,15,43,15,45,45,300,18,19,420,160,134,146,16,24,26,9,154,131,10,62,31,32,32,40,42,32,33,19,16,64,64,64,32,34,34,22,22,23,23,21,11,22,12,24,17,21,22,21,10,10,23,29,29,14,32,14,17,26,26,161,6,162,19,24,360,64,17,5,4,4,4,23,23,51,71,282,3,14,14,17,11,11,23,27,15,15,15,106,29,22,18,20,22,23,69,104,420,26,300,300,9,9,12,12,12,121,122,15,39,21,20,21,21,21,21,20,22,21,119,2,16,420,24,24,24,13,18,18,14,6,5,68,68,68,10,10,480,57,18,23,23,23,23,90,103,50,49,15,114,115,14,3,22,34,31,32,3,3,26,25,6,7,17,15,15,62,6,6,2,2,30,15,11,12,13,13,13,12,68,67,161,134,138,138,138,16,16,16,123,15,13,7,106,15,15,15,20,26,27,20,26,4,5,3,7,2,3,1,1,1,2,2,3,7,6,151,26,26,26,21,28,21,12,50,300,50,52,6,7,3,3,20,21,13,13,10,2,2,39,18,7,24,17,87,14,18,19,51,66,34,18,300,10,6,17,86,23,30,40,18,16,14,16,86,23,23,28
9,16,63,480,16,2,2,2,1,0,12,22,23,20,23,22,23,27,9,282,22,115,24,12,12,14,15,152,138,138,137,138,19,5,7,135,6,27,27,16,29,10,29,4,25,140,110,14,11,20,20,30,147,25,25,25,145,35,29,36,14,109,54,105,17,11,11,48,48,52,39,36,222,32,31,223,197,197,142,142,142,72,63,86,15,43,15,45,45,300,18,19,420,160,134,147,16,23,26,9,154,131,10,61,31,32,33,40,42,32,33,19,16,64,63,63,32,34,34,22,22,23,23,21,11,22,12,24,17,21,22,21,10,10,23,29,28,14,32,14,17,26,26,161,6,162,19,24,360,64,17,5,4,4,4,23,23,51,71,282,3,14,14,17,11,11,23,27,15,15,15,106,29,22,18,20,22,23,69,104,420,26,300,300,9,9,12,12,12,121,121,15,39,21,20,22,21,21,21,20,22,22,119,2,16,420,24,24,24,13,18,18,14,6,5,68,68,68,10,10,480,57,18,23,23,23,23,90,103,50,49,15,115,115,14,3,22,34,31,32,3,3,26,25,6,7,17,15,15,62,6,5,2,2,29,15,11,12,13,13,13,12,68,67,161,135,138,138,138,16,16,16,123,15,14,7,106,15,15,15,20,26,27,20,26,4,5,3,7,2,3,1,1,1,2,2,3,7,6,151,26,26,26,21,28,21,12,50,300,50,52,5,7,3,3,20,21,13,13,10,2,2,39,18,7,24,17,87,14,18,19,51,66,34,18,300,9,6,17,86,23,30,40,18,16,14,16,86,23,23,28
19,28,55,480,28,13,13,13,12,12,0,18,18,16,19,18,18,22,20,290,12,115,36,21,21,23,24,158,149,149,148,148,8,8,7,123,17,16,16,13,17,13,17,13,21,131,109,2,2,10,10,26,136,14,14,14,152,30,25,37,20,116,47,96,8,3,3,42,40,46,32,30,211,27,26,212,203,203,131,131,131,66,72,79,2,36,2,39,39,300,25,26,420,166,123,135,13,17,35,19,162,120,21,70,24,25,25,34,36,26,26,30,25,72,72,72,28,27,27,18,18,18,35,32,21,18,13,12,16,17,18,16,16,16,18,24,24,15,28,15,16,35,35,168,16,166,14,13,360,72,29,16,15,14,14,16,16,45,79,290,14,8,20,25,12,12,19,19,26,26,26,104,40,15,7,25,24,35,77,104,420,22,300,300,20,20,23,23,23,119,120,4,33,12,11,12,12,12,12,11,12,12,117,12,15,480,36,35,36,24,6,6,3,16,16,60,60,60,20,20,480,51,21,35,35,13,13,101,111,43,43,8,115,116,26,14,34,29,27,27,14,13,21,33,10,9,5,10,10,70,16,16,13,13,25,3,10,10,10,8,8,20,77,75,169,145,148,148,148,11,11,10,121,9,8,7,104,3,4,3,9,20,20,14,19,14,7,9,6,10,12,11,11,11,12,13,13,17,17,159,20,20,20,15,24,15,23,43,300,44,45,16,18,10,12,8,9,24,24,19,11,10,32,29,12,36,27,97,14,9,9,45,58,30,18,300,9,10,6,78,35,42,34,29,3,2,4,79,34,35,16
21,34,72,480,28,20,20,21,22,22,18,0,1,2,1,1,1,6,24,287,22,131,33,18,18,21,21,171,151,151,150,151,19,17,14,117,20,26,26,6,27,12,27,17,5,143,124,15,18,27,27,9,133,23,23,23,166,14,9,26,14,129,33,108,24,19,19,28,56,33,19,17,208,13,12,209,217,217,127,127,127,53,69,66,17,22,17,25,25,360,19,18,420,181,119,132,7,6,32,20,175,114,25,67,16,17,16,20,22,13,14,28,21,69,69,69,11,16,16,1,2,2,30,34,22,6,9,21,5,1,2,1,11,11,1,9,8,8,12,8,6,32,32,182,18,182,3,22,360,69,26,21,23,24,25,9,9,32,76,287,23,23,14,23,10,10,1,13,25,25,26,120,38,8,16,14,12,30,74,120,420,7,360,360,26,26,28,29,29,103,103,20,19,28,28,29,28,29,29,27,29,29,100,22,6,480,36,36,36,24,19,19,14,23,25,76,76,76,19,20,480,38,10,30,30,19,19,103,109,29,29,23,131,132,23,23,33,13,10,11,24,23,6,29,15,15,15,8,7,68,17,17,21,21,9,18,11,11,10,10,10,18,74,73,182,147,150,150,150,7,7,7,104,8,9,15,88,14,14,14,18,13,13,9,13,24,18,19,16,20,22,21,21,21,22,22,23,26,25,172,10,10,11,8,7,8,32,30,360,31,32,22,24,18,18,18,19,22,22,18,19,20,19,26,14,32,25,100,9,25,25,31,74,15,7,300,12,15,16,94,30,39,20,30,18,16,19,66,37,30,26
21,35,73,480,28,21,21,21,23,23,18,1,0,2,1,1,1,6,25,287,22,131,33,18,18,21,21,172,151,151,150,151,19,17,15,117,20,26,26,6,27,12,28,17,5,143,125,15,18,27,27,10,133,24,24,24,166,14,9,25,14,130,34,109,25,19,19,28,56,33,20,17,208,13,13,209,217,217,127,127,127,53,69,66,17,22,17,25,25,360,18,18,420,181,119,132,7,6,32,20,176,114,25,67,17,17,16,20,22,13,14,29,20,70,69,69,11,16,16,1,1,1,30,34,22,6,9,21,5,1,2,2,11,11,1,10,8,8,12,8,6,32,31,182,18,182,3,23,360,69,26,21,23,24,25,9,9,32,76,287,24,23,14,23,10,10,1,14,26,26,26,120,39,8,16,13,12,30,74,121,420,6,360,360,26,26,29,29,29,103,103,21,19,28,28,29,29,29,29,28,29,29,100,22,6,480,36,36,36,24,19,19,14,23,25,76,76,76,19,20,480,38,10,30,30,19,19,103,109,30,29,24,131,132,23,24,33,13,11,11,24,23,6,29,15,15,15,8,8,68,17,18,21,22,9,18,12,11,11,10,10,18,74,73,182,147,151,151,151,7,7,8,104,8,9,16,88,15,14,14,18,13,13,10,13,24,18,19,17,20,22,21,21,21,22,22,23,26,25,173,11,11,11,9,7,8,32,31,360,31,33,23,24,18,19,18,20,22,22,18,19,20,19,26,14,32,25,100,9,25,25,31,74,14,7,300,12,16,16,94,30,40,20,30,18,16,19,66,37,30,26
19,32,70,480,28,18,18,18,20,20,16,2,2,0,3,2,3,7,22,288,20,129,33,18,19,21,22,169,149,149,148,148,17,15,13,117,18,24,24,4,25,10,25,15,7,141,123,13,16,25,25,11,133,22,22,22,163,15,10,27,15,127,34,107,22,17,17,29,54,33,19,17,208,13,12,209,215,215,127,127,127,53,69,67,15,24,15,26,26,300,20,19,420,179,119,132,5,5,32,18,173,114,23,67,16,16,16,21,23,13,14,29,22,70,69,69,13,16,16,2,3,3,31,31,20,8,9,19,5,2,3,2,12,12,2,10,9,9,13,8,6,32,32,180,16,180,2,21,360,69,26,19,21,22,23,8,8,32,77,288,21,21,15,23,8,9,3,13,25,25,25,118,39,7,14,15,13,31,75,119,420,9,360,360,24,24,26,27,27,104,105,18,20,26,26,27,27,27,27,26,27,27,102,20,6,480,35,34,34,23,17,17,12,21,23,74,74,74,18,19,480,38,11,31,31,17,17,101,109,30,30,22,129,130,23,22,32,14,12,12,22,21,7,31,13,13,13,6,6,68,15,15,19,20,10,16,9,9,9,8,8,18,74,73,180,145,148,148,148,5,5,5,106,6,7,14,89,12,12,12,16,12,12,8,12,22,16,17,15,18,20,19,19,19,20,20,21,24,23,170,9,9,10,7,9,7,30,31,360,31,33,20,21,16,16,16,18,22,22,18,17,18,20,26,12,32,25,97,7,23,23,32,72,16,8,300,10,13,14,92,31,40,21,28,16,14,17,67,34,31,24
22,35,73,480,29,21,21,22,23,23,19,1,1,3,0,1,1,7,25,287,23,132,34,19,19,22,22,172,152,152,151,151,20,18,15,118,21,27,27,7,28,13,28,18,4,144,125,16,19,28,28,10,133,24,24,24,166,15,9,25,13,130,34,109,25,19,20,29,57,34,20,18,209,14,13,210,218,218,128,128,128,54,68,66,18,23,18,26,26,360,18,17,420,182,120,133,8,6,31,21,176,115,26,67,17,17,17,21,23,14,14,29,20,69,69,69,12,17,17,1,1,1,31,34,23,5,10,21,6,2,2,2,12,12,2,10,9,9,12,8,6,31,31,183,19,183,4,23,420,69,27,22,23,25,25,10,10,33,76,287,24,24,13,23,11,11,1,14,26,26,27,121,39,9,17,13,11,31,74,121,420,6,360,360,27,27,29,30,30,104,104,21,19,29,28,30,29,29,30,28,30,30,101,23,7,480,36,37,37,25,19,20,15,24,26,77,77,77,20,21,480,38,9,31,31,19,20,104,108,30,30,24,132,132,24,24,34,13,11,12,25,24,7,28,16,16,16,8,8,67,18,18,22,22,10,19,12,12,11,11,10,18,73,72,183,148,151,151,151,8,7,8,105,9,10,16,89,15,14,15,19,14,14,10,13,25,19,20,17,21,23,21,21,21,23,23,24,27,26,173,11,11,12,9,8,9,33,31,360,32,33,23,24,19,19,19,20,23,23,19,20,21,20,27,15,32,26,100,9,25,26,32,75,14,8,300,13,16,16,95,31,40,21,31,19,17,20,66,38,31,27
20,34,72,480,27,20,20,20,22,22,18,1,1,2,1,0,1,6,24,287,22,131,32,18,18,20,21,171,150,150,149,150,19,17,14,117,19,26,26,5,26,11,27,16,6,143,124,15,17,27,27,9,132,23,23,23,165,14,8,26,15,129,33,108,24,18,19,28,56,33,19,17,208,13,12,209,216,216,127,127,127,53,69,65,17,22,17,25,25,360,19,18,420,180,119,132,6,5,32,19,175,114,24,67,16,16,16,20,22,13,13,28,21,69,69,69,11,16,16,2,2,2,30,33,22,7,9,20,5,1,1,1,11,11,1,9,8,8,11,7,5,32,32,181,17,182,3,22,360,69,26,21,22,24,24,9,9,32,76,287,23,23,15,22,10,10,2,13,25,25,26,120,38,8,16,14,13,30,74,120,420,7,360,360,26,26,28,28,28,103,103,20,18,28,27,29,28,28,28,27,29,29,100,22,6,480,35,36,35,24,18,19,14,22,24,76,76,76,19,20,480,37,10,30,30,18,19,102,108,29,29,23,131,131,23,23,33,12,10,11,24,23,6,30,15,14,15,7,7,67,17,17,21,21,9,18,11,11,10,9,9,17,74,73,182,147,150,150,150,6,6,7,104,8,9,15,87,14,13,14,18,12,13,9,12,24,18,18,16,20,22,20,20,20,22,22,23,26,24,172,10,10,11,8,7,8,31,30,360,30,32,22,23,18,18,18,19,22,22,18,19,20,19,26,13,31,24,99,8,24,25,31,74,14,7,300,11,15,15,94,30,39,20,30,18,16,19,65,36,30,26
21,35,73,480,28,21,21,21,23,23,18,1,1,3,1,1,0,6,25,287,23,132,33,18,19,21,22,172,151,151,150,151,19,17,15,118,20,26,26,6,27,12,28,17,5,144,125,16,18,27,27,10,133,24,24,24,166,14,9,25,14,130,34,109,25,19,19,28,57,33,20,18,208,13,13,209,217,217,128,128,128,54,69,66,17,23,17,26,26,360,18,17,420,181,120,132,7,6,32,21,176,114,25,67,17,17,17,20,22,14,14,29,20,69,69,69,12,16,17,2,2,1,31,34,23,6,10,21,5,2,2,2,12,12,1,10,8,9,12,8,6,32,31,182,19,183,4,23,360,69,26,22,23,25,25,10,10,33,76,287,24,24,14,23,11,10,1,14,26,26,26,121,39,9,17,13,12,31,74,121,420,6,360,360,27,27,29,29,29,103,103,21,19,29,28,29,29,29,29,28,29,29,101,22,6,480,36,36,36,24,19,20,14,23,25,76,76,76,19,20,480,38,9,31,31,19,20,103,109,30,30,24,131,132,23,24,34,13,11,11,24,24,7,29,15,15,15,8,8,67,18,18,22,22,9,18,12,12,11,10,10,18,74,73,183,148,151,151,151,7,7,8,105,8,9,16,88,15,14,15,18,13,14,10,13,25,18,19,17,20,23,21,21,21,23,23,23,27,25,173,11,11,11,9,8,9,32,31,360,31,33,23,24,19,19,19,20,22,22,18,20,20,19,26,14,32,25,100,9,25,26,31,74,14,8,300,12,16,16,95,31,40,20,31,18,17,19,66,37,31,27
25,39,77,480,33,25,25,25,27,27,22,6,6,7,7,6,6,0,28,289,26,135,37,23,23,25,26,175,154,154,153,154,23,21,19,116,24,30,30,10,29,16,29,21,4,146,129,19,22,31,31,8,132,27,27,27,169,8,3,23,15,133,31,111,28,23,23,26,60,32,18,16,207,12,12,208,221,221,126,126,126,52,71,63,21,20,21,23,23,360,20,19,420,184,118,131,11,5,33,24,179,113,29,69,16,16,15,19,20,12,13,33,22,71,71,71,5,15,15,7,7,7,35,37,26,7,14,24,10,6,4,6,16,16,5,9,7,13,6,12,10,34,33,186,22,186,8,26,420,71,31,25,27,28,29,8,8,31,78,289,27,27,15,25,14,15,6,13,30,30,31,124,43,7,20,15,13,35,76,124,420,4,360,360,30,30,32,32,33,98,98,24,18,32,32,33,32,33,33,31,33,33,95,26,11,480,40,41,40,29,23,23,18,26,28,80,80,80,24,25,480,37,11,35,35,23,22,107,110,29,28,28,135,136,28,27,38,12,10,10,28,27,5,30,19,19,19,12,12,69,21,21,25,25,8,22,15,15,14,14,14,22,76,74,186,151,154,154,154,11,11,11,99,12,13,19,83,18,18,18,22,12,13,9,12,28,22,23,21,24,26,25,25,25,26,26,27,30,29,176,10,10,10,8,2,8,36,30,360,30,32,26,27,22,22,22,23,27,27,23,23,24,18,31,18,36,29,103,13,29,29,29,78,10,12,300,16,19,20,98,35,44,19,34,22,20,23,63,40,35,31
5,8,72,480,6,9,9,10,9,9,20,24,25,22,25,24,25,28,0,282,31,111,15,8,8,7,6,149,129,129,128,129,28,14,15,141,6,37,37,20,38,14,38,10,29,149,107,23,20,29,29,34,156,34,34,34,141,39,34,40,18,106,58,114,26,20,20,52,54,56,43,41,231,36,35,232,194,194,150,150,150,77,64,90,24,47,24,49,50,300,22,23,420,156,142,155,21,28,27,5,151,137,1,62,40,40,40,44,46,37,37,10,17,64,64,64,36,39,40,27,27,27,13,12,3,26,16,33,21,25,26,25,14,14,27,33,33,18,37,18,21,27,27,158,8,159,23,34,360,64,8,5,7,7,10,31,31,56,71,282,8,23,18,17,16,16,28,35,5,5,6,103,20,29,28,24,26,13,69,101,420,30,300,300,2,2,4,4,5,126,126,24,43,30,30,31,30,31,31,29,31,31,123,9,20,420,15,15,15,4,27,27,23,5,6,77,77,77,7,6,420,61,22,13,13,31,32,81,103,54,54,24,111,112,5,11,13,38,35,36,10,10,30,25,13,14,26,22,22,62,9,9,8,8,34,24,20,20,21,21,21,14,69,68,158,125,128,128,128,23,23,22,127,22,22,15,110,24,25,24,30,35,35,28,34,7,14,12,16,11,13,11,11,11,9,9,8,5,5,148,33,33,33,28,32,28,8,54,300,54,56,5,4,12,10,29,30,5,4,8,11,11,43,9,12,15,8,78,18,27,28,55,75,38,23,300,16,13,27,96,13,21,45,9,25,23,25,90,14,13,37
278,287,360,480,281,280,280,280,282,282,290,287,287,288,287,287,287,289,282,0,300,360,283,279,279,280,281,360,236,236,237,237,300,289,288,420,283,300,300,290,300,285,300,283,292,420,360,296,293,300,300,300,420,300,300,300,360,300,298,286,280,300,300,360,300,293,294,300,360,300,300,300,480,300,300,480,420,420,420,420,420,360,226,300,297,300,297,300,300,291,278,279,660,360,420,420,291,298,261,282,360,360,286,224,300,300,300,300,300,300,300,288,275,225,226,226,300,300,300,293,293,293,284,286,284,289,285,300,288,292,295,292,281,281,294,300,300,285,300,285,288,262,263,360,282,360,293,300,420,227,285,285,286,288,289,300,300,300,233,1,287,298,280,271,285,285,293,300,285,285,286,360,286,299,300,283,285,284,230,360,420,293,292,292,288,288,290,290,291,246,246,297,300,300,300,300,300,300,300,300,300,300,242,286,288,480,285,285,285,285,300,300,297,285,287,360,360,360,282,281,480,360,284,284,284,300,300,264,217,300,300,298,360,360,282,288,285,300,300,300,288,288,299,266,286,287,299,295,295,228,281,281,286,286,300,298,292,293,293,294,294,277,232,229,360,239,238,238,238,295,293,293,248,294,294,288,246,297,298,298,300,300,300,299,300,288,290,288,290,288,290,287,287,287,287,287,288,288,287,360,300,300,300,297,296,298,294,300,293,300,300,285,285,286,284,300,300,282,282,281,287,287,300,285,283,283,284,266,288,300,300,300,360,300,288,480,288,286,300,360,284,287,300,289,298,296,299,300,287,284,300
29,38,54,480,37,22,22,22,22,22,12,22,22,20,23,22,23,26,31,300,0,113,44,29,29,31,32,165,157,157,156,157,3,16,16,122,25,6,6,18,8,22,9,21,25,122,106,9,11,7,7,27,135,8,8,8,151,35,30,42,29,123,46,88,5,10,9,41,38,45,31,29,210,25,25,211,205,205,129,129,129,65,80,78,8,35,9,38,38,360,33,34,420,163,121,134,17,22,43,28,163,119,29,78,23,23,24,33,34,25,25,38,33,81,80,80,32,25,26,22,22,23,43,41,29,23,21,10,20,21,22,21,25,25,23,26,27,23,33,23,20,43,43,166,24,164,19,7,360,80,37,24,23,23,22,21,21,44,87,298,22,10,29,34,21,21,24,22,34,34,34,102,48,19,9,30,29,43,85,102,420,26,360,360,28,28,31,31,32,124,124,7,32,9,8,9,8,9,9,8,9,9,121,20,20,480,44,44,44,32,5,5,10,24,24,58,58,58,28,29,480,49,26,43,43,13,14,109,120,42,42,9,113,113,34,22,42,29,30,30,22,22,26,41,18,18,8,14,14,79,24,24,21,21,26,8,15,14,14,13,13,29,85,84,166,153,156,156,156,15,15,14,125,14,12,15,109,9,8,8,10,23,22,18,22,23,15,17,14,18,20,19,19,19,21,21,21,25,25,160,24,24,25,19,28,19,31,42,360,43,44,24,26,18,20,7,6,32,32,27,19,18,31,37,20,44,35,106,19,4,5,44,56,34,22,300,18,18,8,76,43,50,33,37,8,9,7,78,43,43,6
116,106,74,360,114,117,117,117,115,115,115,131,131,129,132,131,132,135,111,360,113,0,110,122,122,122,121,84,122,122,121,122,119,122,122,228,120,123,123,131,126,128,126,124,139,162,13,121,118,111,111,144,240,125,125,125,38,148,143,155,132,40,163,127,112,117,117,158,93,162,148,146,300,142,142,300,92,92,235,235,235,182,165,195,118,152,119,155,155,257,136,137,300,51,227,239,130,135,137,119,50,226,114,165,140,140,141,149,151,142,142,113,131,165,165,165,146,142,143,136,136,136,113,108,118,136,128,127,133,135,136,134,129,129,136,142,142,130,146,130,132,137,138,53,122,51,133,125,294,164,117,119,118,116,114,134,134,161,157,360,117,115,132,132,127,127,137,137,116,116,117,12,104,133,125,138,140,113,161,11,300,140,256,256,112,112,112,112,112,237,238,115,149,110,112,110,112,111,112,112,110,110,235,118,132,360,107,107,107,117,118,118,122,118,115,83,83,83,121,120,360,166,136,113,113,131,131,96,207,159,159,115,1,2,119,115,110,146,145,145,115,116,139,139,124,124,122,128,128,165,123,123,119,119,143,118,125,125,126,126,126,128,157,161,53,118,121,121,121,129,129,128,239,127,126,121,222,122,122,122,126,138,138,132,138,115,122,120,120,119,117,118,118,118,117,117,116,112,115,47,138,138,138,133,142,133,107,159,256,159,161,118,116,122,122,123,122,119,119,122,120,120,148,118,126,112,119,96,129,113,113,161,81,148,134,198,124,125,123,40,113,103,150,112,118,119,117,195,105,113,124
17,9,87,480,9,24,24,24,24,24,36,33,33,33,34,32,33,37,15,283,44,110,0,15,15,14,12,142,120,120,119,120,44,30,30,152,20,52,52,32,53,26,54,23,37,165,103,39,36,45,45,44,167,50,50,50,136,49,43,47,25,100,68,130,42,36,36,63,56,68,54,52,243,48,47,244,187,187,162,162,162,88,60,100,40,57,40,60,60,300,28,29,420,151,154,167,33,40,30,17,146,148,15,58,51,51,51,55,57,48,48,6,22,61,60,60,46,51,51,35,35,35,3,3,15,34,27,49,30,34,36,34,23,23,35,44,43,27,46,27,30,30,31,152,21,154,35,49,360,60,8,21,22,23,25,43,43,67,68,279,23,39,25,23,27,27,37,48,10,10,10,98,7,41,43,31,33,3,66,97,360,38,300,300,15,15,13,12,12,132,133,39,53,46,45,46,46,46,46,45,47,46,130,25,30,420,3,3,3,12,42,43,39,20,21,93,93,93,18,17,420,72,30,3,3,47,47,72,100,64,64,40,107,107,12,26,3,47,45,46,25,25,41,31,28,29,42,37,37,59,21,22,23,23,44,40,34,34,35,36,36,20,65,64,152,117,120,120,120,37,35,36,134,36,37,30,117,40,40,40,45,47,48,41,47,22,30,28,32,27,27,26,26,26,24,24,23,19,20,143,45,45,45,40,42,40,16,65,300,65,67,21,19,26,24,45,46,13,13,17,26,26,53,8,25,2,8,69,30,43,44,66,91,46,32,295,29,28,42,99,3,8,55,7,41,39,41,100,4,3,53
3,16,72,480,8,10,10,11,12,12,21,18,18,18,19,18,18,23,8,279,29,122,15,0,1,3,3,154,134,134,133,134,28,16,15,136,5,36,36,16,37,11,38,9,22,149,114,22,19,28,28,29,152,34,34,34,149,33,28,33,11,113,53,114,26,20,20,47,57,52,39,36,227,32,32,228,200,200,146,146,146,72,56,85,23,41,23,44,44,300,14,15,420,164,138,151,17,25,19,3,158,133,8,54,36,36,35,39,41,32,33,10,9,56,56,56,30,35,35,20,20,20,12,17,5,19,11,33,15,18,21,18,8,8,20,29,27,11,31,11,14,19,19,165,6,166,19,33,360,56,8,6,8,9,12,28,28,51,63,274,10,25,11,10,12,12,21,32,8,8,8,110,20,25,27,17,19,12,61,108,420,23,300,300,9,9,12,12,12,119,119,23,38,30,29,30,30,30,30,29,31,30,116,11,14,480,18,18,18,6,26,27,23,6,8,77,77,77,3,2,480,57,15,12,12,31,32,86,96,49,49,25,118,119,5,13,15,32,30,30,12,12,25,17,12,13,25,21,22,55,6,7,10,10,28,24,18,19,20,21,21,5,61,60,165,130,133,133,133,22,19,20,120,20,22,14,103,23,24,24,29,32,32,25,32,9,16,14,17,14,15,13,13,13,11,11,10,9,8,156,29,29,30,24,27,24,15,50,300,50,52,6,7,12,10,29,30,4,4,2,13,13,38,8,9,14,7,83,14,27,27,50,75,31,16,300,14,13,26,95,12,22,39,13,24,22,25,85,19,12,37
4,16,72,480,8,11,11,11,12,12,21,18,18,19,19,18,19,23,8,279,29,122,15,1,0,2,3,155,134,134,133,134,28,16,15,137,6,36,36,17,38,11,38,9,23,149,114,23,20,29,29,29,152,34,34,34,149,33,28,34,11,113,53,114,26,20,20,47,58,52,39,37,227,32,32,228,200,200,147,147,147,73,56,85,24,42,24,45,45,300,14,15,420,164,139,151,18,25,19,3,159,133,8,54,36,36,36,39,41,33,33,10,9,57,56,56,31,35,36,20,20,20,12,17,5,20,12,34,15,19,21,19,8,8,20,29,27,11,31,12,15,19,19,165,7,166,19,33,360,56,8,6,8,9,12,28,28,52,64,275,10,25,11,10,12,12,21,33,8,8,8,110,20,26,28,17,20,12,62,108,420,24,300,300,10,10,12,12,12,119,119,24,38,30,29,31,30,31,31,29,31,31,116,11,15,480,17,18,18,6,27,27,23,6,8,77,77,77,3,3,480,57,15,12,12,32,32,86,96,49,49,25,118,119,5,13,15,32,30,30,12,13,26,18,12,14,26,22,22,55,7,7,10,10,28,24,19,19,20,21,21,6,61,60,166,130,134,134,134,22,20,20,120,21,22,14,104,24,25,24,29,32,33,26,32,9,16,14,17,14,15,13,13,13,11,11,11,10,8,156,30,30,30,25,27,25,15,50,300,50,52,6,7,12,11,29,30,4,4,2,13,13,38,8,10,13,6,83,15,27,28,50,75,32,16,300,14,13,27,95,12,21,40,13,25,23,25,85,19,12,37
6,15,74,480,6,13,13,13,14,14,23,21,21,21,22,20,21,25,7,280,31,122,14,3,2,0,1,155,133,133,132,132,31,19,17,139,8,39,39,19,40,13,41,12,25,152,114,25,22,31,31,31,155,37,37,37,148,36,31,35,13,113,55,117,29,22,23,50,61,55,41,39,230,35,34,231,200,200,149,149,149,75,57,88,26,44,26,47,47,300,15,16,420,163,141,154,20,28,20,5,158,136,7,55,38,39,38,42,44,35,36,8,10,58,57,57,33,38,38,22,23,23,10,15,4,22,14,36,17,21,24,21,10,10,23,31,30,14,34,14,17,20,20,164,9,166,22,36,360,57,6,9,10,12,15,31,31,54,64,275,12,27,13,11,15,14,24,35,6,6,7,110,19,28,30,18,21,10,62,108,420,26,300,300,9,9,11,11,12,120,120,26,41,33,32,33,33,33,33,32,33,33,117,14,17,480,16,16,16,5,29,30,26,9,11,80,80,80,6,5,480,60,17,10,10,34,35,85,97,51,51,27,118,119,3,16,13,35,32,33,15,15,28,18,15,16,28,24,24,56,9,9,13,12,31,27,21,21,22,24,24,7,62,61,165,129,132,132,132,25,22,23,121,23,24,17,105,26,27,26,32,34,35,28,34,12,19,17,19,16,17,16,16,16,14,14,13,10,10,155,32,32,32,27,29,27,15,52,300,53,54,9,7,15,13,31,33,3,3,5,15,15,41,6,12,12,5,81,17,30,30,53,78,34,19,300,17,15,29,98,10,20,42,11,27,25,28,88,17,10,39
6,14,75,480,5,14,14,14,15,15,24,21,21,22,22,21,22,26,6,281,32,121,12,3,3,1,0,153,131,131,130,131,31,19,18,140,9,40,39,20,41,14,41,12,26,152,113,26,23,32,32,32,155,37,37,37,147,36,31,37,14,112,56,117,29,23,23,50,59,55,42,40,230,35,35,231,198,198,150,150,150,76,58,88,27,45,27,48,48,300,16,17,420,162,142,154,21,28,21,6,157,136,6,56,39,39,39,42,44,36,36,7,11,59,58,58,34,38,39,23,23,23,9,14,5,23,15,37,18,22,24,22,11,11,23,32,30,14,34,15,18,21,21,163,10,164,22,36,360,58,5,10,11,12,15,31,31,55,66,277,13,28,14,12,15,15,24,36,5,5,5,108,17,29,31,20,23,9,64,107,420,27,300,300,8,8,10,10,10,122,122,27,41,33,32,34,33,34,34,32,34,34,119,14,18,420,14,15,15,4,30,30,26,9,11,80,80,80,6,5,480,60,18,9,9,35,35,84,98,52,52,28,117,117,2,16,12,35,33,33,15,16,29,20,16,17,29,25,25,57,10,10,13,13,31,27,22,22,23,24,24,9,63,62,163,128,131,131,131,25,23,23,123,24,25,18,107,27,28,27,33,35,36,29,35,12,19,17,20,17,18,16,16,16,15,14,14,10,10,154,33,33,33,28,30,28,14,53,300,53,55,9,8,15,14,32,33,2,2,5,16,16,41,5,13,10,4,80,18,30,31,53,78,35,19,300,17,16,30,99,9,18,43,10,28,26,28,88,16,9,40
152,141,157,300,148,154,154,153,152,152,158,171,172,169,172,171,172,175,149,360,165,84,142,154,155,155,153,0,123,123,122,123,173,163,166,289,160,181,181,175,183,169,184,164,183,247,98,168,165,174,174,189,300,180,180,180,46,193,188,195,172,66,212,212,171,165,165,206,167,211,197,195,360,191,189,360,65,65,296,296,296,231,173,244,169,201,169,204,204,182,177,177,300,47,288,300,174,182,174,159,36,286,156,176,189,189,190,198,200,191,191,153,171,173,173,173,191,191,192,181,181,181,152,147,158,181,171,178,176,180,181,179,169,169,181,188,187,172,191,173,175,175,176,38,162,48,177,179,220,172,156,159,158,157,156,181,181,210,166,360,158,165,172,172,170,170,182,184,156,156,155,97,143,180,173,178,181,152,170,96,250,185,181,181,154,154,151,151,151,280,280,168,198,175,174,175,175,175,175,174,176,175,277,158,174,298,146,146,146,157,171,172,169,158,155,169,169,169,161,160,299,215,176,152,152,178,178,99,216,208,208,165,86,87,159,157,149,192,190,190,156,157,185,179,166,165,171,174,174,174,163,163,159,159,188,170,170,170,171,171,172,168,166,170,40,120,123,123,123,175,175,174,281,173,172,165,265,169,170,169,175,184,185,178,184,155,163,161,164,160,158,159,159,159,158,157,157,152,155,38,185,184,185,179,187,180,148,208,181,208,210,158,156,162,162,174,175,159,159,162,161,161,197,157,167,151,157,101,172,172,173,209,167,193,177,173,169,166,172,126,152,142,198,151,170,168,171,244,145,152,182
131,123,189,420,127,138,138,138,138,138,149,151,151,149,152,150,151,154,129,236,157,122,120,134,134,133,131,123,0,1,1,2,154,140,142,264,131,162,162,144,163,138,164,135,153,271,126,148,145,154,154,158,280,160,160,160,117,163,157,159,141,84,182,236,152,146,146,176,165,180,167,164,360,160,159,360,161,161,274,274,274,200,120,214,149,171,149,173,173,204,143,144,420,131,266,279,144,152,133,128,123,261,126,123,163,163,163,168,170,160,161,121,137,121,120,120,160,163,163,150,150,151,121,115,126,150,140,159,145,149,150,149,138,138,150,157,156,142,160,142,145,134,135,129,132,134,147,159,300,119,124,131,133,133,134,155,155,179,113,233,134,149,141,135,139,139,151,160,124,124,123,121,112,152,153,146,149,121,117,120,300,154,205,205,126,126,123,123,123,234,234,149,167,156,155,156,156,156,156,155,156,156,230,135,144,420,114,114,114,125,152,153,149,132,132,192,192,192,130,129,420,185,145,121,121,158,158,44,163,178,177,150,115,116,127,136,117,162,159,160,135,135,154,137,139,140,151,148,149,121,133,133,134,134,157,150,146,146,147,148,148,137,113,117,132,4,3,3,3,149,146,147,236,148,148,141,226,149,150,150,155,159,159,152,159,132,140,138,141,136,137,136,136,136,134,134,133,129,131,121,156,156,157,151,156,151,125,178,205,178,180,132,130,138,136,155,156,128,127,132,137,137,167,125,137,119,126,46,142,153,153,179,190,162,146,269,141,139,152,149,121,110,168,119,150,148,151,214,113,121,163
131,123,189,420,127,138,138,138,138,138,149,151,151,149,152,150,151,154,129,236,157,122,120,134,134,133,131,123,1,0,1,2,154,140,142,264,131,162,162,144,163,138,164,135,153,271,126,148,145,154,154,158,280,160,160,160,117,163,157,159,141,84,182,236,152,146,146,176,165,180,167,164,360,160,159,360,161,161,274,274,274,200,120,214,149,171,149,173,173,204,143,144,420,131,267,279,144,152,133,128,123,261,126,123,163,163,164,168,170,160,161,121,137,121,120,120,160,163,163,150,150,151,121,115,126,150,140,159,145,149,150,149,138,138,150,157,156,142,160,142,145,134,135,129,132,134,147,159,300,119,124,132,133,133,134,155,155,179,113,233,134,149,141,135,139,139,151,160,124,124,123,121,112,152,153,146,149,121,117,120,300,154,205,205,126,126,123,123,123,234,234,149,167,156,155,156,156,156,156,155,157,156,230,135,144,420,114,114,114,125,152,153,149,132,132,192,192,192,130,129,420,185,145,121,121,158,158,44,163,178,177,150,115,116,127,136,117,162,159,160,135,135,154,137,139,140,151,148,149,121,133,133,134,134,157,150,146,146,147,148,148,137,113,117,132,5,3,3,3,149,146,147,236,148,148,141,226,149,150,150,155,159,159,152,159,132,140,138,141,136,137,136,136,136,134,134,133,129,131,121,157,156,157,151,156,151,125,178,205,178,180,132,130,138,136,155,156,128,127,132,137,137,167,125,137,119,126,46,142,153,153,179,190,162,146,269,141,139,152,149,121,110,168,119,150,148,151,214,113,121,163
130,122,188,420,126,137,137,137,137,137,148,150,150,148,151,149,150,153,128,237,156,121,119,133,133,132,130,122,1,1,0,2,153,139,141,264,130,161,161,143,163,137,163,134,152,270,125,148,145,154,154,157,279,159,159,159,116,162,157,158,140,83,181,235,151,145,145,175,164,179,166,164,360,159,158,360,160,160,274,274,274,200,120,213,149,170,149,172,173,205,142,143,420,130,266,278,144,151,132,128,122,260,125,123,162,163,163,167,169,160,160,120,136,120,120,120,159,162,163,150,150,150,120,114,125,149,139,158,144,148,149,148,137,137,150,156,156,141,160,141,144,133,134,128,132,133,146,158,300,118,123,131,132,132,134,154,154,179,112,234,133,148,140,134,138,139,151,159,123,123,123,121,111,152,153,145,148,120,116,119,300,153,206,206,125,125,123,122,122,233,233,149,166,155,154,156,155,155,156,154,156,156,229,134,143,420,113,113,113,124,152,152,148,131,131,192,192,192,130,129,420,184,145,120,120,157,157,43,163,177,177,149,115,115,127,135,116,161,158,159,134,135,153,137,138,139,151,148,148,120,132,132,133,133,157,149,145,146,146,147,147,136,112,116,131,4,3,3,3,148,146,146,235,147,148,140,226,149,149,149,154,158,159,152,158,131,139,137,141,136,137,135,135,135,133,133,132,128,130,120,156,156,156,151,155,151,125,177,206,177,179,131,129,137,135,154,155,127,126,131,136,136,166,124,136,119,125,46,141,152,153,178,190,161,146,268,141,139,151,148,120,110,168,118,150,148,150,213,112,120,162
131,123,188,420,127,138,138,138,138,138,148,151,151,148,151,150,151,154,129,237,157,122,120,134,134,132,131,123,2,2,2,0,154,140,142,265,131,162,162,144,163,138,164,135,153,271,126,149,145,155,154,158,280,160,160,160,117,163,158,159,141,84,182,236,152,146,146,176,165,180,167,164,360,160,159,360,161,161,275,275,275,200,120,214,150,171,149,173,173,205,143,144,420,131,267,279,144,152,133,129,123,261,126,124,163,163,164,168,170,160,161,121,137,121,120,120,160,163,163,150,151,151,121,115,126,150,140,159,145,149,150,149,138,138,151,157,157,142,161,142,145,134,135,129,132,134,147,159,300,119,124,132,133,133,135,155,155,180,113,235,134,149,141,135,139,140,152,160,124,124,124,121,112,153,153,146,149,121,117,120,300,154,206,206,126,126,123,123,123,234,234,149,167,156,155,156,156,156,156,155,157,156,230,135,144,420,114,114,114,125,152,153,149,132,132,192,192,192,131,129,420,185,145,121,121,158,158,44,164,178,178,150,116,116,128,136,117,162,159,160,135,135,154,137,139,140,152,149,149,121,133,133,134,134,158,150,146,146,147,148,148,137,113,117,132,4,2,2,2,149,146,147,236,148,148,141,226,150,150,150,155,159,159,153,159,132,140,138,141,136,137,136,136,136,134,134,133,129,131,121,157,157,157,151,156,152,126,178,207,178,180,132,130,138,136,155,156,128,127,132,137,137,167,125,137,120,126,46,142,153,153,179,190,162,147,269,141,139,152,149,121,111,168,119,151,149,151,214,113,121,163
26,35,55,480,35,20,20,20,19,19,8,19,19,17,20,19,19,23,28,300,3,119,44,28,28,31,31,173,154,154,153,154,0,14,14,123,23,9,9,15,12,21,12,20,22,125,108,6,9,9,9,27,135,9,9,9,153,32,27,39,28,121,47,90,7,8,8,41,40,45,32,29,210,26,26,211,209,209,130,130,130,65,78,79,5,36,5,38,38,360,32,32,420,166,122,134,15,19,41,26,165,119,27,76,23,24,24,33,35,25,25,37,31,79,78,78,30,26,26,20,20,20,41,39,27,20,20,10,17,18,20,18,24,24,20,26,26,21,30,20,18,41,41,168,22,166,16,8,360,78,35,22,21,21,20,18,18,45,86,297,20,8,28,32,19,20,21,21,32,32,33,104,47,17,7,27,26,41,83,104,420,24,360,360,27,27,29,30,30,121,121,4,32,11,10,11,11,11,11,10,11,11,119,19,17,480,42,42,42,30,2,1,6,23,22,60,60,60,26,27,480,50,24,41,41,13,14,107,118,43,42,8,115,115,32,20,40,29,29,29,20,20,23,40,16,16,5,11,12,77,22,22,19,20,27,4,12,12,11,10,10,27,83,82,168,152,155,155,155,13,13,12,122,11,10,13,106,6,5,5,9,21,22,15,21,21,13,15,12,17,18,17,17,17,19,19,20,24,24,162,22,22,22,16,26,17,29,43,360,43,45,22,24,17,18,6,5,30,30,26,17,17,32,35,19,42,34,104,16,6,7,44,58,32,20,300,17,16,5,78,41,48,33,35,4,6,3,79,41,41,10
13,21,59,480,20,6,6,6,5,5,8,17,17,15,18,17,17,21,14,289,16,122,30,16,16,19,19,163,140,140,139,140,14,0,2,130,10,23,23,13,25,10,25,7,21,136,113,10,7,16,16,26,143,21,21,21,148,31,26,38,16,113,50,101,13,7,7,44,44,49,35,33,218,29,27,219,200,200,137,137,137,69,66,82,11,39,11,41,42,300,20,21,420,163,129,142,11,19,29,13,158,126,14,64,27,27,28,36,38,28,28,23,19,67,66,66,28,29,29,18,18,19,27,25,15,19,9,20,14,17,18,17,12,12,19,26,25,11,29,11,13,29,29,164,9,165,15,20,360,66,21,9,8,7,8,18,18,48,74,285,7,12,16,20,8,9,20,22,19,19,19,109,33,17,14,22,23,27,72,108,420,22,300,300,13,13,16,16,16,120,120,11,35,17,16,18,17,17,17,16,18,18,117,5,13,480,28,28,28,17,14,14,10,10,8,64,64,64,13,14,480,53,17,27,27,18,19,94,106,46,46,12,118,118,18,7,27,30,27,28,7,6,22,28,5,4,13,11,11,65,10,9,6,6,26,11,7,7,8,8,8,15,71,70,165,138,141,141,141,12,12,11,121,10,9,2,105,11,11,11,16,22,22,15,21,7,1,2,3,3,5,4,4,4,5,5,6,10,10,155,21,21,22,16,24,16,16,46,300,46,48,10,11,4,6,16,17,17,17,14,3,3,35,22,7,29,21,90,10,14,15,47,62,30,15,300,5,5,13,82,27,34,37,22,12,10,12,82,27,27,24
13,22,59,480,21,7,7,7,7,7,7,14,15,13,15,14,15,19,15,288,16,122,30,15,15,17,18,166,142,142,141,142,14,2,0,127,10,23,23,10,24,7,24,7,19,136,112,9,6,15,15,24,140,20,20,20,150,28,23,35,14,116,47,101,13,6,6,42,44,46,32,30,215,26,25,216,203,203,135,135,135,66,65,79,10,37,10,39,39,300,19,19,420,165,127,139,8,16,28,13,160,124,15,63,24,25,25,34,36,25,26,24,18,66,65,65,26,27,27,16,16,16,27,26,15,16,7,18,11,15,16,14,10,10,16,23,22,8,26,8,11,28,28,167,9,168,13,20,360,65,22,10,10,9,10,15,15,45,73,284,9,11,14,19,6,6,17,19,19,19,20,108,34,14,14,19,21,27,71,108,420,20,300,300,15,15,17,17,17,117,117,10,33,16,16,17,17,17,17,16,17,17,115,7,10,480,29,29,29,17,13,14,10,10,11,63,63,63,13,14,480,51,14,27,27,16,16,96,105,43,43,11,119,119,19,9,27,28,25,25,9,8,20,27,3,2,12,8,8,64,9,9,8,8,23,10,4,4,5,6,6,14,70,69,167,140,143,143,143,9,9,8,119,8,6,1,102,10,11,10,15,19,20,13,19,10,3,4,3,5,7,6,6,6,7,8,8,12,12,157,19,19,19,14,22,14,18,43,300,44,45,10,11,5,6,16,17,18,18,13,6,5,33,22,6,28,21,93,8,14,14,45,61,28,13,300,3,3,13,82,27,35,34,23,11,9,11,79,29,27,23
135,149,153,600,144,134,134,134,135,135,123,117,117,117,118,117,118,116,141,420,122,228,152,136,137,139,140,289,264,264,264,265,123,130,127,0,127,112,112,113,110,119,110,124,113,108,208,114,117,122,122,101,16,110,110,110,253,105,111,127,124,230,87,103,119,118,118,90,153,80,92,94,91,98,99,92,300,300,10,10,11,61,178,80,116,93,116,90,89,420,128,128,480,265,5,14,114,107,141,127,265,4,132,176,97,97,97,93,92,99,97,138,131,179,178,178,108,95,95,111,111,112,140,140,129,117,118,106,114,111,109,111,120,120,109,102,102,118,108,117,115,141,141,268,125,266,111,108,480,178,135,129,129,129,129,107,107,81,186,360,128,121,124,132,117,118,111,103,134,134,134,204,148,109,109,123,122,140,184,204,540,113,420,420,133,133,135,135,136,156,157,117,96,123,122,124,123,123,123,123,124,124,154,127,115,540,144,143,143,132,115,116,114,129,130,136,136,136,127,128,540,78,120,140,140,104,104,210,190,84,83,121,215,215,132,128,141,101,102,102,128,128,105,140,122,121,112,115,115,177,124,124,127,128,102,116,116,115,115,114,114,127,183,182,268,254,257,257,257,114,114,114,158,115,113,120,141,113,112,112,107,104,103,110,103,129,121,123,120,125,126,125,125,125,127,127,128,132,132,262,106,106,105,110,111,110,137,83,420,82,81,129,131,124,125,111,111,130,131,127,125,124,93,135,121,141,134,206,116,119,120,85,138,118,117,420,119,122,111,178,140,149,92,137,116,115,117,80,143,140,112
3,14,68,480,11,5,5,5,6,6,17,20,20,18,21,19,20,24,6,283,25,120,20,5,6,8,9,160,131,131,130,131,23,10,10,127,0,32,32,15,33,9,34,4,24,145,112,18,15,24,24,29,151,30,30,30,147,34,28,35,13,110,53,110,22,15,16,47,53,51,38,35,226,31,30,227,198,198,145,145,145,71,60,85,19,42,19,44,44,300,17,18,420,162,137,150,15,23,23,3,156,132,6,59,35,34,35,39,41,31,32,14,13,61,61,61,31,34,34,21,21,22,17,16,5,21,11,28,16,20,21,20,9,9,22,28,28,13,31,13,16,23,23,163,2,163,18,29,360,61,12,4,5,6,9,26,26,51,68,279,7,20,13,14,10,10,22,30,9,9,10,108,23,24,23,19,21,17,66,106,420,25,300,300,7,7,9,10,10,120,121,19,38,26,25,26,26,26,26,25,26,26,118,6,15,420,19,19,19,7,22,23,19,3,5,73,73,73,4,4,420,56,17,17,17,26,27,85,100,49,48,20,116,117,9,8,17,33,30,31,8,8,25,22,8,9,21,17,17,59,3,3,6,6,29,20,14,15,16,16,16,9,65,64,163,129,133,133,133,18,17,17,122,17,17,10,105,19,20,20,25,29,30,23,29,6,11,9,11,8,10,7,7,7,7,7,8,7,6,153,28,28,28,23,27,23,13,49,300,49,51,4,4,7,5,24,26,7,7,5,8,8,38,12,6,19,12,82,13,23,23,50,71,33,17,300,11,8,22,91,17,24,39,13,20,18,21,85,19,17,32
34,44,60,480,43,28,28,28,27,27,16,26,26,24,27,26,26,30,37,300,6,123,52,36,36,39,40,181,162,162,161,162,9,23,23,112,32,0,1,21,3,26,3,27,29,121,112,13,16,13,13,24,132,3,3,3,156,32,33,45,34,129,43,86,10,15,15,37,44,42,28,26,207,22,22,208,210,210,126,126,126,62,86,75,12,32,12,35,35,360,38,38,420,169,118,131,21,25,48,33,169,116,35,84,20,20,21,29,31,22,21,44,38,86,86,86,35,22,23,26,26,26,48,46,35,26,26,8,24,25,26,24,30,30,26,23,24,27,35,26,24,49,49,172,30,170,22,5,360,86,43,30,29,28,28,22,22,41,93,300,28,15,34,39,25,25,27,19,40,40,40,108,54,23,9,33,32,48,91,108,420,30,360,360,34,34,37,37,37,121,121,12,29,14,13,15,14,14,14,13,15,15,118,26,23,480,50,49,49,38,10,10,13,30,30,63,63,63,34,34,480,46,30,48,48,12,13,115,125,39,39,14,118,119,40,28,48,26,27,27,28,27,25,47,24,24,10,18,18,84,30,30,27,27,23,11,18,18,18,16,16,34,91,89,172,159,162,162,162,19,19,18,122,17,16,21,106,12,11,11,8,20,19,22,19,28,21,23,20,24,25,25,25,25,26,26,27,31,31,166,21,21,21,23,32,23,37,39,360,39,41,30,32,24,26,7,6,38,38,33,25,24,28,43,26,50,41,111,22,10,10,40,61,38,26,300,23,24,10,82,48,56,29,43,12,13,11,75,48,48,1
34,44,60,480,43,28,28,28,27,27,16,26,26,24,27,26,26,30,37,300,6,123,52,36,36,39,39,181,162,162,161,162,9,23,23,112,32,1,0,21,3,26,3,27,29,121,112,13,15,13,13,24,132,3,3,3,156,32,33,45,34,129,43,86,10,15,15,37,44,42,28,26,207,22,22,208,210,210,126,126,126,62,86,75,12,32,12,35,35,360,38,38,420,169,118,131,21,25,48,33,169,116,35,84,20,20,21,29,31,22,22,44,38,86,86,86,35,22,23,26,26,26,48,46,35,26,26,8,24,25,26,24,30,30,26,23,24,27,35,26,24,48,49,171,30,170,22,5,360,86,43,30,29,28,28,22,22,41,93,300,28,15,34,39,25,25,27,19,40,40,40,108,54,23,9,33,32,48,91,108,420,30,360,360,34,34,37,37,37,121,121,12,29,14,13,15,14,14,14,13,15,15,118,26,23,480,50,49,49,38,10,9,13,30,30,63,63,63,34,34,480,46,30,48,48,12,12,115,125,39,39,14,118,119,40,28,48,26,27,27,28,27,26,47,24,24,10,18,18,84,30,29,27,27,23,11,18,18,18,16,16,34,90,89,172,159,162,162,162,19,19,18,122,17,16,21,106,12,11,11,8,20,19,21,19,28,21,23,19,24,25,25,25,25,26,26,27,31,31,166,21,21,21,23,32,23,37,39,360,39,41,30,31,24,26,7,6,38,38,33,24,24,28,43,26,50,41,111,22,10,10,41,61,38,26,300,23,24,10,82,48,55,29,43,11,13,11,75,48,48,1
15,28,68,480,23,14,14,14,16,16,13,6,6,4,7,5,6,10,20,290,18,131,32,16,17,19,20,175,144,144,143,144,15,13,10,113,15,21,21,0,22,6,23,11,9,139,120,11,13,23,23,14,136,19,19,19,160,19,13,26,13,123,38,104,20,14,15,32,52,36,23,20,211,16,15,212,211,211,131,131,130,56,66,70,13,27,13,29,29,300,17,18,420,175,123,135,2,8,29,14,169,117,19,64,19,19,20,24,26,16,17,24,19,67,66,66,16,19,19,6,6,6,27,28,16,6,5,16,3,5,6,5,9,9,6,13,13,6,16,5,3,29,29,176,12,176,3,18,360,66,23,15,17,18,20,11,11,36,74,285,17,19,13,20,5,5,7,16,21,21,21,116,35,8,12,14,12,27,72,116,420,10,300,300,20,20,22,23,23,108,108,16,23,24,23,25,24,24,24,23,25,25,105,16,3,480,31,31,31,19,14,15,10,17,19,72,72,72,14,15,480,41,10,27,27,14,15,97,106,34,33,19,127,127,19,18,28,18,15,16,19,18,10,28,10,10,11,5,5,65,11,12,15,16,14,14,6,6,5,5,5,15,71,70,176,141,144,144,144,5,2,3,109,4,5,11,93,10,9,10,14,15,15,9,15,19,13,14,12,15,17,16,16,16,17,17,18,20,19,166,13,13,13,7,12,8,26,34,300,34,36,16,18,13,12,14,15,18,18,14,14,14,23,23,8,29,22,94,3,20,21,35,70,18,5,300,7,10,11,90,27,36,24,24,14,12,15,70,30,27,22
36,45,62,480,44,29,29,29,28,29,17,27,27,25,28,26,27,29,38,300,8,126,53,37,38,40,41,183,163,163,163,163,12,25,24,110,33,3,3,22,0,27,1,28,29,118,114,14,16,15,15,22,129,4,4,4,159,30,32,46,35,131,42,83,13,17,17,36,46,40,27,24,204,21,21,205,213,213,124,124,123,60,87,74,14,31,14,33,33,360,39,38,420,172,116,128,22,24,49,34,171,113,36,85,18,19,19,28,30,20,20,45,39,87,87,87,33,21,21,27,27,27,49,47,36,27,27,9,24,25,27,25,31,31,27,21,23,28,34,27,25,49,50,174,31,172,23,5,420,87,44,31,30,29,29,21,21,39,94,300,29,17,35,40,26,26,28,17,41,41,41,110,55,22,10,34,33,49,92,110,420,31,360,360,35,35,38,38,38,119,119,14,27,17,16,17,17,17,17,16,17,17,117,27,24,480,51,50,50,39,11,12,14,31,31,66,66,66,35,35,480,45,30,49,49,12,12,116,126,38,37,17,121,122,41,29,49,24,26,25,29,28,24,48,25,24,12,18,18,85,31,30,28,28,22,13,19,19,18,17,17,35,92,90,174,160,163,163,163,19,19,19,120,18,17,22,104,13,12,12,9,18,18,22,18,29,22,24,21,25,27,26,26,26,27,27,28,32,32,169,20,20,19,23,31,23,38,38,360,38,40,31,32,25,27,9,8,39,39,34,25,25,27,44,27,51,42,112,23,12,13,39,64,39,26,300,24,25,11,84,49,56,28,44,13,15,13,74,49,49,2
9,22,65,480,17,8,8,8,10,10,13,12,12,10,13,11,12,16,14,285,22,128,26,11,11,13,14,169,138,138,137,138,21,10,7,119,9,26,26,6,27,0,29,5,15,141,118,14,11,21,21,21,142,25,25,25,154,25,20,31,10,118,44,106,18,12,12,38,50,43,29,27,217,23,21,218,205,205,137,137,137,63,61,76,15,33,15,36,36,300,14,15,420,169,129,142,7,14,24,9,164,123,13,59,25,26,26,30,32,23,23,19,14,62,61,61,23,26,26,12,13,13,22,22,11,13,2,22,7,11,13,11,6,6,13,20,19,4,23,4,7,24,24,171,7,171,9,24,360,61,18,10,11,13,14,17,17,42,68,279,12,17,10,15,2,2,14,22,16,16,16,114,30,15,18,15,17,22,66,114,420,16,300,300,15,15,17,17,18,114,114,16,29,22,21,23,22,22,23,21,23,23,111,11,6,480,26,25,25,14,19,19,15,11,13,69,69,69,9,10,480,47,10,22,22,20,21,92,101,40,40,17,124,125,14,13,23,24,22,22,13,13,17,22,5,7,16,11,11,60,6,6,10,10,20,16,8,9,9,10,10,10,66,65,171,136,139,139,139,11,9,10,115,10,11,8,99,15,15,16,19,21,22,15,21,14,10,9,9,10,12,10,10,10,12,12,13,15,14,161,19,19,19,14,19,14,21,40,300,40,42,11,12,8,7,20,21,12,13,9,9,9,29,18,3,23,17,88,4,19,20,41,67,25,9,300,4,5,17,87,22,31,31,19,16,14,17,76,25,22,28
36,45,63,480,45,30,30,30,29,29,17,27,28,25,28,27,28,29,38,300,9,126,54,38,38,41,41,184,164,164,163,164,12,25,24,110,34,3,3,23,1,29,0,29,30,118,115,14,17,16,15,22,129,5,5,5,159,30,32,47,35,132,41,83,13,18,18,36,46,40,26,24,204,21,20,205,213,213,123,123,123,60,87,73,15,30,15,33,33,360,40,39,420,172,115,128,22,24,50,35,172,113,36,85,18,19,19,28,30,20,20,46,40,88,87,87,33,21,21,27,27,27,50,48,36,27,28,9,25,26,27,26,31,31,27,21,22,28,33,28,25,50,50,174,31,172,24,6,420,87,44,31,31,30,30,21,21,39,95,300,29,18,35,41,26,27,28,17,41,41,42,110,56,22,10,35,33,50,93,111,420,31,360,360,36,36,38,39,39,119,119,15,27,17,16,17,17,17,17,16,18,17,116,28,24,480,51,51,51,39,12,12,14,32,31,66,66,66,35,36,480,45,31,50,50,12,12,116,127,37,37,17,121,122,41,29,49,24,25,25,29,29,24,49,25,25,13,19,19,86,31,31,28,29,21,14,19,19,19,18,18,36,92,91,175,161,164,164,164,20,20,19,120,19,17,22,104,13,13,13,9,18,17,21,17,30,23,24,21,26,27,26,26,26,28,28,29,33,33,169,19,19,19,23,31,23,38,37,360,38,39,31,33,26,27,10,8,39,39,35,26,26,27,45,28,51,43,113,24,13,13,39,64,38,27,300,25,25,11,84,50,57,28,44,14,16,14,73,50,50,3
6,17,64,480,15,2,2,2,4,4,13,17,17,15,18,16,17,21,10,283,21,124,23,9,9,12,12,164,135,135,134,135,20,7,7,124,4,27,27,11,28,5,29,0,21,141,115,15,12,21,21,26,147,26,26,26,150,31,25,32,9,114,49,106,18,12,12,44,49,48,34,32,222,28,27,223,201,201,141,141,141,68,59,81,16,39,15,41,41,300,14,15,420,165,134,146,12,20,22,6,160,129,9,58,31,31,31,36,38,28,29,17,12,60,60,60,28,31,31,18,18,18,21,19,8,18,8,25,13,17,18,17,6,6,18,25,24,10,28,10,12,22,23,166,2,167,15,25,360,60,15,5,6,7,8,23,23,47,67,278,6,16,9,13,7,7,19,26,13,13,13,111,27,20,19,15,18,21,65,109,420,22,300,300,11,11,13,13,13,117,117,15,35,22,21,22,22,22,22,21,23,22,114,5,12,480,22,22,22,11,18,19,15,6,8,69,69,69,6,7,480,53,14,21,21,23,23,88,99,45,45,17,119,120,12,7,20,30,27,27,7,7,22,21,4,5,18,14,14,58,3,2,5,5,25,16,11,11,12,13,13,8,64,63,167,133,136,136,136,15,14,14,118,13,13,6,102,16,16,16,21,26,26,20,26,8,8,6,8,5,7,6,6,6,6,6,7,11,9,157,24,24,24,19,24,19,16,45,300,46,47,6,7,3,2,21,22,10,11,7,4,5,35,16,3,22,15,85,10,19,20,47,67,30,14,300,8,5,18,87,21,28,36,16,17,15,17,81,22,21,29
23,37,75,480,30,23,23,23,25,25,21,5,5,7,4,6,5,4,29,292,25,139,37,22,23,25,26,183,153,153,152,153,22,21,19,113,24,29,29,9,29,15,30,21,0,145,126,17,20,29,29,12,135,25,25,25,167,11,6,22,11,132,35,110,26,20,21,30,58,35,22,20,210,15,15,211,219,219,130,130,130,56,66,68,19,24,19,27,28,360,16,15,420,183,122,134,9,8,29,22,177,116,26,65,19,19,19,22,24,16,16,30,18,67,66,66,9,18,19,4,4,4,31,35,24,3,11,22,7,5,6,5,13,13,5,12,10,10,9,9,7,29,29,184,20,184,5,24,420,67,27,23,24,26,26,12,12,35,74,285,25,25,11,20,12,12,4,16,27,27,28,122,40,11,18,11,9,31,72,122,420,1,360,360,28,28,30,30,30,100,100,22,21,30,29,31,30,30,31,29,31,31,97,24,7,480,37,37,37,26,20,21,16,24,26,78,78,78,21,22,480,40,7,31,31,20,21,104,106,32,32,25,133,133,25,25,34,15,13,13,26,25,9,26,17,17,17,11,11,65,19,19,23,23,11,20,13,13,12,12,11,19,71,70,184,149,152,152,152,9,8,9,101,10,11,17,85,16,15,16,20,15,16,12,15,26,20,21,18,22,24,22,22,22,24,24,25,28,26,174,13,13,13,11,4,11,33,33,360,33,35,24,25,20,20,20,21,24,24,20,22,22,21,27,16,33,26,101,10,26,27,33,76,10,9,300,14,17,17,96,31,41,23,32,20,18,21,68,38,31,28
147,156,87,540,156,141,141,141,140,140,131,143,143,141,144,143,144,146,149,420,122,162,165,149,149,152,152,247,271,271,270,271,125,136,136,108,145,121,121,139,118,141,118,141,145,0,142,122,121,114,114,130,120,113,113,113,187,139,140,155,139,184,147,28,114,120,119,144,120,135,135,132,195,129,129,196,241,241,115,115,115,122,190,140,121,139,121,141,141,420,143,144,420,199,107,119,130,133,153,138,199,107,139,188,126,127,127,136,138,128,128,148,143,190,190,190,141,129,129,135,136,136,153,150,139,136,131,118,133,134,136,134,134,134,136,129,131,133,142,133,133,153,153,202,134,200,132,114,420,190,147,134,133,132,132,129,129,135,197,420,132,119,139,143,131,131,137,126,144,144,144,138,158,130,120,143,142,153,195,138,480,139,420,420,138,138,141,141,141,217,217,117,135,115,113,115,114,114,114,113,115,115,214,130,133,540,154,154,154,142,118,118,123,134,134,70,70,70,138,138,540,138,139,153,153,120,120,219,229,139,139,119,149,149,144,132,152,132,134,133,132,131,132,151,128,128,121,127,127,188,134,134,131,131,130,120,128,128,127,126,126,138,195,194,202,260,263,263,263,128,128,127,218,127,126,125,202,122,121,121,118,126,126,130,126,132,125,127,124,128,129,129,129,129,130,131,131,135,135,196,128,128,127,131,139,131,141,138,420,136,135,134,136,128,130,118,117,142,142,137,129,128,135,147,130,154,145,216,132,114,114,140,72,148,135,297,128,128,121,112,153,160,136,147,121,122,119,140,152,153,112
112,102,68,420,110,112,112,112,110,110,109,124,125,123,125,124,125,129,107,360,106,13,103,114,114,114,113,98,126,126,125,126,108,113,112,208,112,112,112,120,114,118,115,115,126,142,0,114,111,104,104,137,232,118,118,118,50,141,136,148,127,52,156,120,105,110,110,150,86,155,141,139,300,135,135,300,104,104,227,227,227,175,161,188,111,145,112,148,148,269,132,133,300,63,220,232,123,128,132,114,62,219,110,161,133,133,134,142,144,135,135,109,126,161,160,160,139,135,136,129,129,129,109,103,113,129,121,120,126,128,129,127,124,124,129,135,135,122,139,123,125,132,134,65,118,63,125,118,300,160,112,115,113,112,110,127,127,154,153,360,113,108,127,127,120,120,130,130,112,112,112,4,100,126,118,133,135,109,157,5,360,133,269,268,108,108,108,107,107,230,231,108,142,103,105,103,105,104,105,105,103,103,228,113,125,360,102,102,102,112,111,111,115,113,111,76,76,76,116,115,360,159,129,109,109,124,124,98,202,152,152,108,12,13,114,111,105,139,138,138,111,111,132,135,117,117,115,121,121,161,119,118,114,114,136,111,118,118,119,119,119,124,153,157,65,127,130,130,130,122,122,121,232,120,119,114,215,115,115,115,119,131,131,125,130,110,115,116,113,114,112,114,114,114,112,112,112,107,110,59,131,131,131,126,135,126,102,152,268,152,154,113,111,117,118,116,115,114,114,117,116,115,141,113,120,108,114,97,122,106,106,154,74,141,127,203,117,118,116,33,109,99,142,107,111,112,110,188,101,109,117
21,30,57,480,29,14,14,15,14,14,2,15,15,13,16,15,16,19,23,296,9,121,39,22,23,25,26,168,148,148,148,149,6,10,9,114,18,13,13,11,14,14,14,15,17,122,114,0,3,12,12,24,134,12,12,12,153,29,24,36,22,117,46,97,10,5,5,40,42,44,31,28,209,25,24,210,204,204,129,129,129,64,73,78,2,35,2,37,37,360,26,27,420,168,121,133,11,16,36,21,163,118,22,71,22,23,23,32,34,24,24,31,26,74,73,73,26,25,25,16,16,16,36,34,22,17,14,10,14,15,16,15,17,17,16,23,23,16,27,16,14,36,36,170,17,168,13,11,360,73,30,17,16,16,16,14,14,43,80,291,15,9,22,27,14,14,18,18,27,27,28,106,41,13,5,24,22,36,78,106,420,20,360,300,21,21,24,24,25,118,118,6,31,13,13,14,14,14,14,13,14,14,115,14,14,480,37,37,37,25,5,5,1,18,17,62,62,62,21,22,480,49,20,36,36,11,11,102,113,42,41,9,117,118,27,15,35,27,25,26,15,15,20,34,11,11,3,8,8,72,17,17,14,14,24,3,9,8,8,7,7,22,78,77,170,146,150,150,150,9,9,8,119,8,6,8,103,1,2,1,7,18,19,12,18,16,8,10,7,12,13,12,12,12,14,14,14,19,18,160,18,18,18,13,22,13,24,42,300,42,44,17,19,11,13,6,7,25,25,21,12,11,31,30,14,37,29,99,13,11,11,43,60,28,16,300,11,11,4,80,36,43,32,30,4,1,4,78,36,36,14
18,27,54,480,26,11,11,11,11,11,2,18,18,16,19,17,18,22,20,293,11,118,36,19,20,22,23,165,145,145,145,145,9,7,6,117,15,16,15,13,16,11,17,12,20,121,111,3,0,11,10,27,137,15,15,15,150,32,26,38,19,114,49,96,8,2,2,43,39,47,34,31,212,28,27,213,201,201,132,132,132,67,70,81,4,38,4,40,40,300,23,24,420,165,124,136,13,19,33,18,160,121,19,68,25,26,26,35,37,27,27,28,23,71,70,70,29,28,28,19,19,19,33,31,19,19,11,13,16,18,19,18,14,14,19,25,25,13,29,13,16,33,33,167,14,165,16,14,360,70,27,14,13,13,13,17,17,46,77,288,12,6,19,24,11,11,20,20,24,24,25,103,39,16,8,24,25,33,75,103,420,23,300,300,18,18,21,21,22,121,121,5,34,12,11,12,12,12,12,11,13,12,118,11,15,480,34,34,34,22,8,8,4,15,14,59,59,59,18,19,480,52,19,33,33,14,14,99,110,45,44,7,114,115,24,12,32,30,28,28,12,12,22,31,8,8,6,11,11,69,14,14,11,12,26,5,8,9,10,10,9,19,75,74,167,144,147,147,147,12,12,11,122,10,9,5,105,4,5,4,10,21,21,15,21,13,5,7,4,9,10,9,9,9,11,11,12,16,16,157,21,21,21,16,25,16,21,45,300,45,47,14,16,8,10,9,10,22,22,18,9,8,34,27,11,34,26,96,12,9,9,46,57,31,18,300,8,8,7,77,33,40,35,27,5,3,6,81,33,33,17
27,36,48,480,35,20,20,21,20,20,10,27,27,25,28,27,27,31,29,300,7,111,45,28,29,31,32,174,154,154,154,155,9,16,15,122,24,13,13,23,15,21,16,21,29,114,104,12,11,0,1,33,141,15,15,15,144,39,34,46,27,121,53,87,2,8,7,47,31,51,38,35,216,32,32,217,198,198,136,136,136,71,78,85,9,42,9,44,44,360,31,32,420,157,128,140,21,26,41,26,157,125,27,76,29,30,30,39,41,31,31,36,31,78,78,78,37,32,32,27,27,27,41,38,27,27,19,16,24,26,27,25,22,22,27,32,33,21,37,21,24,41,41,159,22,157,23,14,360,78,35,22,21,20,20,25,25,50,85,296,20,7,27,31,19,19,28,28,32,32,32,95,46,24,15,32,33,41,83,96,420,31,360,360,26,26,29,29,29,128,128,5,38,2,2,2,2,3,3,1,3,2,126,18,23,480,42,42,42,30,8,9,12,22,22,51,51,51,26,26,480,56,27,41,41,20,20,107,117,49,48,7,106,107,32,20,40,35,36,36,20,19,30,39,16,16,12,19,19,76,22,22,19,19,33,8,16,17,18,17,17,26,83,82,160,151,154,154,154,20,20,19,130,18,17,13,113,12,13,12,16,28,29,22,28,20,13,15,12,16,17,17,17,17,18,19,19,23,23,154,29,29,29,24,33,24,29,49,360,49,51,22,24,16,18,13,12,30,30,25,17,16,38,35,18,42,33,104,20,2,2,50,49,39,26,293,16,16,13,69,41,48,39,35,9,10,7,85,40,41,13
27,36,47,480,35,20,20,20,20,20,10,27,27,25,28,27,27,31,29,300,7,111,45,28,29,31,32,174,154,154,154,154,9,16,15,122,24,13,13,23,15,21,15,21,29,114,104,12,10,1,0,33,141,14,14,14,144,39,34,46,27,121,52,88,2,7,7,47,31,51,37,35,216,32,31,217,198,198,136,136,136,71,78,85,8,42,9,44,44,360,31,32,420,156,128,140,21,26,40,25,156,125,27,76,29,30,30,39,41,31,31,36,31,78,78,78,37,32,32,27,27,27,40,38,27,27,19,16,24,25,27,25,22,22,27,32,33,21,37,21,24,41,41,159,22,157,23,14,360,78,35,22,21,20,20,25,25,50,85,296,20,7,27,31,18,19,28,28,32,32,32,95,46,24,15,32,33,40,83,95,420,31,360,360,26,26,29,29,29,128,128,5,38,1,2,2,3,2,3,1,2,2,125,18,23,480,42,41,41,30,8,9,12,22,22,50,50,50,26,26,480,56,27,40,40,20,20,107,117,48,48,6,106,106,32,20,40,35,36,36,20,19,30,39,16,15,12,18,19,76,22,22,19,19,33,8,16,16,17,17,17,26,83,81,159,151,154,154,154,19,20,19,129,18,17,13,113,12,12,12,16,28,29,22,28,20,13,15,12,16,17,17,17,17,18,18,19,23,23,153,29,28,29,23,33,24,29,49,360,49,51,22,24,16,18,13,12,30,30,25,17,16,38,35,18,42,33,103,20,2,2,50,48,39,26,293,16,16,13,69,40,48,39,35,8,9,7,85,40,40,13
29,42,80,480,36,28,28,28,30,30,26,9,10,11,10,9,10,8,34,300,27,144,44,29,29,31,32,189,158,158,157,158,27,26,24,101,29,24,24,14,22,21,22,26,12,130,137,24,27,33,33,0,123,22,22,22,173,10,11,31,23,137,24,104,31,26,26,19,64,24,10,8,198,4,3,199,224,224,118,118,118,44,77,56,24,13,24,16,16,360,27,27,420,188,110,122,14,8,40,27,183,104,32,75,7,7,7,10,12,4,4,37,30,78,77,77,12,7,7,10,10,11,39,41,29,15,18,17,13,10,8,10,19,19,8,2,1,17,13,16,14,40,40,189,25,190,11,19,420,77,34,28,30,31,32,10,10,23,85,296,30,31,23,31,18,18,10,7,34,34,34,128,47,11,20,22,21,39,83,128,420,12,360,360,33,33,36,36,36,99,99,28,9,34,33,35,34,34,34,34,35,35,96,29,14,480,44,44,44,32,26,26,21,30,32,83,83,83,27,28,480,28,19,39,39,15,15,110,117,20,20,31,138,139,31,31,41,3,5,4,31,31,5,39,22,23,22,15,15,76,24,25,29,29,1,25,19,19,18,17,17,26,82,81,189,154,158,158,158,14,14,15,100,15,16,23,84,22,21,21,18,7,6,12,7,32,25,26,24,27,30,28,28,28,29,30,30,33,32,180,7,7,7,11,10,11,39,21,360,21,23,30,31,26,26,22,22,30,30,26,27,27,9,34,21,40,33,107,16,30,31,22,81,17,16,300,19,23,22,102,39,48,11,37,25,24,26,56,44,39,23
150,164,165,600,160,147,147,147,147,147,136,133,133,133,133,132,133,132,156,420,135,240,167,152,152,155,155,300,280,280,279,280,135,143,140,16,151,132,132,136,129,142,129,147,135,120,232,134,137,141,141,123,0,122,122,122,264,120,126,142,139,242,102,114,131,130,130,105,164,95,107,109,76,113,114,77,300,300,6,6,6,77,193,94,127,109,127,105,104,480,143,143,480,276,14,4,129,122,156,142,275,20,146,191,112,111,111,108,107,114,112,153,146,194,193,193,123,110,109,126,127,127,155,155,144,132,133,118,129,126,124,126,135,135,124,117,117,133,124,132,130,156,156,279,140,277,126,120,480,193,150,140,141,140,141,121,121,97,201,420,140,133,139,147,132,133,126,118,149,149,149,215,163,122,121,138,137,155,199,215,540,128,480,480,146,146,148,148,148,171,171,129,111,135,134,135,135,135,135,134,136,135,168,138,130,600,159,158,158,147,127,127,125,141,142,146,146,146,142,143,600,93,135,155,155,116,115,225,204,99,98,133,225,226,147,140,156,116,118,117,140,139,120,155,134,133,124,127,127,192,139,140,139,139,117,128,127,127,127,125,125,142,198,197,279,269,272,272,272,127,128,127,168,126,125,132,156,124,124,124,119,118,118,122,118,140,133,135,132,136,138,137,137,137,138,139,139,143,143,273,120,120,119,123,126,123,149,98,480,97,96,141,142,135,137,122,123,145,146,142,137,136,108,150,136,156,149,221,131,131,131,100,149,133,132,420,132,134,123,189,155,164,108,152,128,126,128,94,158,155,124
32,41,62,480,41,26,26,26,25,25,14,23,24,22,24,23,24,27,34,300,8,125,50,34,34,37,37,180,160,160,159,160,9,21,20,110,30,3,3,19,4,25,5,26,25,113,118,12,15,15,14,22,122,0,0,0,158,30,31,43,32,128,42,87,12,15,14,36,46,40,27,24,205,21,20,206,213,213,125,125,125,60,84,74,11,31,11,33,33,360,36,36,420,171,117,129,19,23,47,32,171,114,33,82,18,19,19,28,30,20,20,42,37,84,84,84,33,21,21,24,24,24,47,44,33,24,24,6,21,22,24,22,28,28,24,21,23,25,34,24,22,47,47,174,28,172,20,2,360,84,41,28,27,26,26,21,21,39,91,300,26,15,32,37,23,23,25,17,38,38,38,110,52,21,7,31,30,47,89,110,420,28,360,360,32,32,35,35,35,119,119,11,27,16,15,17,16,16,16,15,17,17,116,24,21,480,48,48,48,36,9,9,11,28,28,65,65,65,32,32,480,45,28,47,47,9,10,113,123,37,37,15,120,121,38,26,46,24,25,25,26,25,24,45,22,22,9,15,16,82,28,28,25,25,22,11,16,16,15,14,14,32,89,88,174,157,160,160,160,17,17,16,120,15,14,19,104,10,9,10,6,18,18,19,17,26,19,21,18,22,24,23,23,23,24,25,25,29,29,168,19,20,19,20,30,21,35,38,360,38,40,28,30,22,24,6,5,36,36,31,23,22,27,41,24,48,39,110,20,12,12,39,63,36,24,300,21,22,8,84,47,54,28,41,11,12,10,74,46,47,3
32,41,62,480,41,26,26,26,25,25,14,23,24,22,24,23,24,27,34,300,8,125,50,34,34,37,37,180,160,160,159,160,9,21,20,110,30,3,3,19,4,25,5,26,25,113,118,12,15,15,14,22,122,0,0,3,158,30,31,43,32,128,42,87,12,15,14,36,46,40,27,24,205,21,20,206,213,213,125,125,125,60,84,74,11,31,11,33,33,360,36,36,420,171,117,129,19,23,47,32,171,114,33,82,18,19,19,28,30,20,20,42,37,84,84,84,33,21,21,24,24,24,47,44,33,24,24,6,21,22,24,22,28,28,24,21,23,25,34,24,22,47,47,174,28,172,20,2,360,84,41,28,27,26,26,21,21,39,91,300,26,15,32,37,23,23,25,17,38,38,38,110,52,21,7,31,30,47,89,110,420,28,360,360,32,32,35,35,35,119,119,11,27,16,15,17,16,16,16,15,17,17,116,24,21,480,48,48,48,36,9,9,11,28,28,65,65,65,32,32,480,45,28,47,47,9,10,113,123,37,37,15,120,121,38,26,46,24,25,25,26,25,24,45,22,22,9,15,16,82,28,28,25,25,22,11,16,16,15,14,14,32,89,88,174,157,160,160,160,17,17,16,120,15,14,19,104,10,9,10,6,18,18,19,17,26,19,21,18,22,24,23,23,23,24,25,25,29,29,168,19,20,19,20,30,21,35,38,360,38,40,28,30,22,24,6,5,36,36,31,23,22,27,41,24,48,39,110,20,12,12,39,63,36,24,300,21,22,8,84,47,54,28,41,11,12,10,74,46,47,3
32,41,62,480,41,26,26,26,25,25,14,23,24,22,24,23,24,27,34,300,8,125,50,34,34,37,37,180,160,160,159,160,9,21,20,110,30,3,3,19,4,25,5,26,25,113,118,12,15,15,14,22,122,0,3,0,158,30,31,43,32,128,42,87,12,15,14,36,46,40,27,24,205,21,20,206,213,213,125,125,125,60,84,74,11,31,11,33,33,360,36,36,420,171,117,129,19,23,47,32,171,114,33,82,18,19,19,28,30,20,20,42,37,84,84,84,33,21,21,24,24,24,47,44,33,24,24,6,21,22,24,22,28,28,24,21,23,25,34,24,22,47,47,174,28,172,20,2,360,84,41,28,27,26,26,21,21,39,91,300,26,15,32,37,23,23,25,17,38,38,38,110,52,21,7,31,30,47,89,110,420,28,360,360,32,32,35,35,35,119,119,11,27,16,15,17,16,16,16,15,17,17,116,24,21,480,48,48,48,36,9,9,11,28,28,65,65,65,32,32,480,45,28,47,47,9,10,113,123,37,37,15,120,121,38,26,46,24,25,25,26,25,24,45,22,22,9,15,16,82,28,28,25,25,22,11,16,16,15,14,14,32,89,88,174,157,160,160,160,17,17,16,120,15,14,19,104,10,9,10,6,18,18,19,17,26,19,21,18,22,24,23,23,23,24,25,25,29,29,168,19,20,19,20,30,21,35,38,360,38,40,28,30,22,24,6,5,36,36,31,23,22,27,41,24,48,39,110,20,12,12,39,63,36,24,300,21,22,8,84,47,54,28,41,11,12,10,74,46,47,3
146,135,112,360,142,147,147,147,144,145,152,166,166,163,166,165,166,169,141,360,151,38,136,149,149,148,147,46,117,117,116,117,153,148,150,253,147,156,156,160,159,154,159,150,167,187,50,153,150,144,144,173,264,158,158,158,0,186,181,188,165,48,204,167,152,157,157,198,133,202,189,186,360,183,182,360,56,56,274,274,274,222,172,236,158,193,159,195,195,218,170,171,294,15,267,279,166,174,168,152,13,266,147,175,180,181,181,190,192,182,182,146,164,172,172,172,184,183,183,174,174,174,146,140,150,174,164,167,169,173,174,172,162,162,174,181,180,165,184,166,168,169,170,17,155,18,170,165,255,171,149,152,151,150,147,172,172,202,165,360,151,155,165,165,163,163,175,176,149,149,148,52,136,171,165,171,174,146,168,51,286,178,218,217,145,145,144,144,144,273,273,155,189,150,152,150,152,151,153,152,151,150,270,151,167,360,139,139,139,150,158,158,161,151,149,124,124,124,154,153,360,207,169,146,146,170,170,100,215,200,200,155,41,42,152,148,142,185,183,183,148,149,178,172,157,157,162,166,166,172,156,156,152,152,181,158,161,162,163,163,163,161,165,168,17,121,124,124,124,167,167,166,274,166,164,158,258,161,162,162,166,176,177,170,176,148,155,153,156,152,150,151,151,151,151,150,150,145,148,9,176,176,176,171,180,171,140,200,217,200,202,151,149,154,155,163,162,152,151,155,153,153,189,150,160,144,150,103,166,153,153,201,122,186,170,164,161,158,163,80,146,135,190,144,158,159,157,236,138,146,164
33,47,85,480,41,33,33,33,35,35,30,14,14,15,15,14,14,8,39,300,35,148,49,33,33,36,36,193,163,163,162,163,32,31,28,105,34,32,32,19,30,25,30,31,11,139,141,29,32,39,39,10,120,30,30,30,186,0,6,22,22,141,25,111,36,30,30,19,68,27,14,12,202,9,9,203,228,228,123,123,123,47,77,57,29,13,29,17,17,360,26,26,420,192,113,126,18,12,40,31,187,108,36,75,12,12,12,14,14,9,9,41,28,78,77,77,2,11,12,14,14,15,43,45,34,14,22,24,17,14,12,14,23,23,12,11,10,21,3,20,18,40,39,193,29,194,15,26,420,77,38,33,34,36,36,16,16,26,85,296,35,35,22,31,22,22,14,16,38,38,38,132,51,15,27,21,19,43,83,132,420,11,360,360,38,38,40,40,40,92,92,32,12,40,39,40,40,40,40,39,40,40,89,34,18,480,48,48,48,36,30,31,25,34,36,87,87,87,31,32,480,32,18,43,43,22,22,114,115,23,23,35,142,143,35,35,45,8,7,7,35,35,13,37,26,26,26,19,19,76,29,29,33,33,9,29,23,23,22,21,21,30,82,81,194,159,162,162,162,18,18,19,93,19,20,27,77,26,25,26,26,16,15,16,16,36,29,30,28,31,34,32,32,32,34,34,34,38,36,184,15,15,15,15,8,15,43,24,360,25,26,34,35,30,30,29,29,34,34,30,31,31,13,38,25,44,37,111,20,36,37,23,85,15,20,300,23,27,27,106,43,52,14,42,29,28,30,57,48,43,30
28,42,80,480,36,27,27,28,29,29,25,9,9,10,9,8,9,3,34,298,30,143,43,28,28,31,31,188,157,157,157,158,27,26,23,111,28,33,33,13,32,20,32,25,6,140,136,24,26,34,34,11,126,31,31,31,181,6,0,21,17,136,31,113,31,25,25,26,62,33,21,18,208,15,14,209,223,223,129,129,129,53,72,63,23,19,23,23,23,360,21,20,420,187,120,132,13,7,35,26,181,114,31,70,18,18,18,20,20,15,16,35,23,73,72,72,4,18,18,9,9,9,37,40,28,9,16,27,12,8,7,8,18,18,7,11,9,15,4,15,13,35,34,188,24,189,10,29,420,72,33,27,29,30,31,11,11,32,79,290,29,30,17,26,17,17,8,15,32,32,33,127,46,10,23,16,14,37,77,127,420,5,360,360,32,32,35,35,35,96,96,27,18,35,34,35,35,35,35,34,35,35,93,28,13,480,43,43,43,31,25,25,20,29,31,82,82,82,26,27,480,38,12,37,37,25,25,109,112,29,29,30,137,138,30,30,40,14,12,13,30,29,8,32,21,21,21,14,14,71,23,24,27,28,10,24,18,17,17,16,16,24,77,76,188,153,156,156,156,13,13,14,97,14,15,22,81,21,20,20,24,14,15,11,14,30,24,25,23,26,28,27,27,27,28,29,29,32,31,179,12,12,12,10,3,10,38,31,360,31,33,29,30,24,25,25,26,29,29,25,26,26,19,33,20,39,32,106,15,31,31,29,80,10,14,300,18,22,22,100,37,47,21,36,24,23,25,63,42,37,33
35,48,92,480,40,34,34,34,36,36,37,26,25,27,25,26,25,23,40,286,42,155,47,33,34,35,37,195,159,159,158,159,39,38,35,127,35,45,45,26,46,31,47,32,22,155,148,36,38,46,46,31,142,43,43,43,188,22,21,0,22,143,47,127,43,37,37,41,74,49,37,34,224,31,32,225,230,230,145,145,145,69,61,79,35,35,35,38,39,360,20,21,420,194,135,148,25,27,25,34,189,130,38,59,34,34,34,37,36,32,32,41,24,61,61,61,21,34,34,23,23,23,42,47,36,19,27,39,23,24,26,24,26,26,25,31,29,26,21,26,24,24,23,196,32,196,24,41,420,61,38,35,36,38,39,30,30,49,68,279,37,41,22,27,28,28,23,35,38,38,39,138,50,31,34,18,15,42,66,139,420,22,360,360,40,40,42,42,43,85,85,39,34,46,46,47,47,47,47,46,47,47,82,36,24,480,47,48,48,37,37,37,32,36,38,94,94,94,32,33,480,54,21,42,42,37,37,110,95,45,45,42,149,150,35,38,45,30,29,29,38,38,27,22,33,33,33,27,27,59,31,31,35,35,30,36,30,29,29,28,28,30,66,64,196,155,158,158,158,27,25,25,86,26,27,34,70,32,32,32,36,34,35,31,34,39,36,37,35,35,38,36,36,36,37,37,38,40,39,186,32,32,32,30,22,30,45,46,360,47,49,36,37,33,32,36,38,35,35,31,34,35,36,38,30,43,37,109,27,43,43,45,92,20,25,360,30,33,34,112,42,51,37,44,36,34,37,79,49,42,44
12,26,72,480,18,12,12,12,14,14,20,14,14,15,13,15,14,15,18,280,29,132,25,11,11,13,14,172,141,141,140,141,28,16,14,124,13,34,34,13,35,10,35,9,11,139,127,22,19,27,27,23,139,32,32,32,165,22,17,22,0,121,48,113,25,18,19,42,56,48,34,32,223,28,27,224,208,208,142,142,142,68,56,80,22,36,22,39,40,300,4,5,420,172,134,147,13,20,19,12,167,129,16,54,31,32,31,35,37,28,28,19,7,56,56,56,21,31,31,14,14,14,21,25,14,9,8,29,11,14,17,14,4,4,16,24,23,7,21,7,10,19,19,174,10,174,15,31,360,56,17,13,15,16,17,24,24,47,63,274,15,23,1,10,8,8,14,28,17,17,17,118,29,21,25,6,9,21,61,117,420,13,300,300,18,18,20,20,21,108,108,22,33,29,28,29,29,29,29,28,29,29,106,14,10,480,26,26,26,15,25,26,22,14,16,76,76,76,11,12,480,53,5,21,21,27,28,94,95,44,44,23,127,127,14,16,24,28,25,26,16,16,21,17,11,12,23,17,17,54,9,9,13,14,24,23,15,15,16,17,17,8,61,60,174,139,142,142,142,18,15,16,110,16,17,13,93,23,22,23,26,28,28,21,27,17,15,14,15,13,16,14,14,14,15,15,16,18,17,164,25,25,26,20,16,20,24,45,300,46,47,14,15,11,10,27,28,13,14,10,12,13,34,16,8,22,15,91,11,26,26,46,74,21,9,300,10,11,24,94,21,30,35,22,23,21,23,80,27,21,35
110,99,110,360,106,112,112,112,109,109,116,129,130,127,130,129,130,133,106,300,123,40,100,113,113,113,112,66,84,84,83,84,121,113,116,230,110,129,129,123,131,118,132,114,132,184,52,117,114,121,121,137,242,128,128,128,48,141,136,143,121,0,168,165,127,121,121,163,119,167,153,151,360,148,146,360,96,96,253,253,253,187,136,200,125,157,125,160,160,236,133,134,360,63,245,257,130,138,131,115,57,242,112,139,145,146,146,155,157,147,147,109,127,136,136,136,147,148,148,137,137,137,109,103,115,137,127,134,132,136,137,136,125,125,137,144,143,129,147,129,131,132,133,64,119,66,134,135,276,135,112,116,114,113,112,137,137,166,129,300,114,121,128,128,126,126,138,140,112,112,112,50,100,136,129,134,137,109,133,48,300,141,235,234,110,110,108,107,107,236,236,124,154,131,130,131,131,131,131,130,131,131,233,115,131,360,102,102,102,114,127,128,125,114,112,121,121,121,117,116,360,172,132,109,109,134,134,67,179,164,164,121,42,43,117,113,105,149,146,146,113,113,141,136,122,122,127,130,130,137,120,119,116,115,144,126,126,126,127,128,128,125,129,133,64,88,91,91,91,131,131,130,237,130,128,121,221,125,126,126,131,141,141,135,140,112,119,117,120,116,114,115,115,115,114,114,113,108,111,54,141,141,141,136,143,136,104,164,235,165,166,114,112,119,119,130,132,117,116,118,117,117,154,113,123,108,114,67,129,128,128,166,119,149,133,204,125,122,128,78,109,98,155,107,126,124,126,200,101,109,138
52,66,100,540,61,52,52,52,54,54,47,33,34,34,34,33,34,31,58,300,46,163,68,53,53,55,56,212,182,182,181,182,47,50,47,87,53,43,43,38,42,44,41,49,35,147,156,46,49,53,52,24,102,42,42,42,204,25,31,47,48,168,0,120,47,45,45,5,80,11,14,16,181,19,20,182,244,244,102,102,102,26,96,32,43,11,43,9,8,360,49,48,420,206,93,105,35,28,61,48,202,87,53,94,20,20,19,12,10,20,20,58,51,97,97,97,26,19,19,32,32,32,60,61,50,37,39,33,34,31,29,31,41,41,29,23,23,38,27,37,35,61,62,208,46,206,32,35,420,98,55,49,51,53,53,29,29,13,105,300,51,48,45,52,38,39,31,26,55,55,55,144,68,30,37,44,42,60,102,144,420,33,360,360,54,54,56,57,57,82,83,45,13,51,50,51,51,51,51,50,51,51,80,50,35,480,65,65,65,53,43,43,40,51,53,100,100,100,49,50,480,17,40,60,60,32,31,131,112,8,8,49,155,156,52,52,63,21,21,21,52,52,26,60,43,43,39,36,36,98,45,45,49,50,22,44,39,39,39,37,37,47,103,100,208,175,178,178,178,35,35,35,84,36,37,44,67,40,39,40,35,26,26,32,26,53,45,47,44,48,50,49,49,49,51,51,51,54,53,199,27,27,26,31,31,31,60,10,360,11,13,50,51,46,46,38,39,51,52,48,47,48,13,55,42,61,54,128,37,47,47,7,98,38,37,360,40,43,39,118,60,69,12,58,44,42,44,32,64,60,40
112,121,52,540,121,106,106,106,105,105,96,108,109,107,109,108,109,111,114,360,88,127,130,114,114,117,117,212,236,236,235,236,90,101,101,103,110,86,86,104,83,106,83,106,110,28,120,97,96,87,88,104,114,87,87,87,167,111,113,127,113,165,120,0,86,92,91,116,92,116,107,104,197,101,101,198,213,213,116,116,116,104,162,122,93,111,93,113,114,360,115,116,420,171,109,121,103,105,125,110,171,108,111,160,98,99,100,108,110,100,100,120,115,162,162,162,113,101,101,108,108,108,125,122,111,108,103,91,105,106,108,106,107,107,108,101,103,105,114,105,106,125,125,174,106,172,104,86,420,162,119,106,105,104,104,101,101,117,169,360,104,92,111,116,103,103,109,98,116,116,116,110,130,102,92,115,114,125,167,110,420,112,360,360,110,110,113,113,113,199,199,89,107,87,85,87,86,86,86,85,87,87,196,102,105,480,126,126,126,114,90,90,95,106,106,42,42,42,110,111,480,120,111,125,125,92,92,191,202,118,118,91,121,121,116,104,124,104,106,105,104,103,104,123,100,100,93,99,99,160,106,106,103,103,102,92,100,100,99,98,98,110,167,166,174,232,235,235,235,100,100,100,200,99,98,97,184,94,93,93,90,98,98,102,98,105,97,99,96,100,102,101,101,101,102,103,103,107,107,168,100,100,99,103,111,103,113,118,360,118,117,106,108,100,102,90,89,114,114,109,101,100,107,119,102,126,117,188,105,86,86,119,44,120,107,300,100,100,93,84,125,132,108,119,93,94,91,122,124,125,84
24,33,49,480,33,18,18,18,17,17,8,24,25,22,25,24,25,28,26,300,5,112,42,26,26,29,29,171,152,152,151,152,7,13,13,119,22,10,10,20,13,18,13,18,26,114,105,10,8,2,2,31,131,12,12,12,152,36,31,43,25,127,47,86,0,6,5,45,33,49,36,33,215,30,30,216,200,200,134,134,134,69,76,83,7,40,7,42,42,360,29,30,420,159,126,139,19,24,39,24,159,123,25,74,27,28,28,37,39,29,29,34,29,76,76,76,35,30,30,25,25,25,39,37,25,25,17,14,22,24,25,23,21,21,25,30,31,19,35,19,22,39,39,161,20,159,21,12,360,76,33,20,19,19,18,23,23,49,83,294,18,6,25,30,17,17,26,26,30,30,30,97,44,22,13,30,31,39,81,98,420,29,360,360,24,24,27,27,27,126,127,3,36,4,3,4,4,4,4,3,5,4,124,16,21,480,40,40,40,28,6,7,10,20,20,53,53,53,24,25,480,54,25,39,39,18,18,105,116,47,47,5,108,109,30,18,38,33,34,34,18,18,28,37,14,14,11,17,17,75,20,20,17,17,31,6,14,15,16,15,15,25,81,80,162,149,152,152,152,18,18,17,128,16,15,11,111,10,11,10,14,27,27,21,26,19,11,13,10,14,16,15,15,15,17,17,17,21,21,156,27,27,27,22,31,22,27,47,360,47,49,20,22,14,16,11,10,28,28,23,15,14,36,33,16,40,31,102,19,2,2,48,51,37,24,295,14,14,11,71,39,46,37,33,7,8,5,83,39,39,11
18,27,53,480,26,11,12,12,11,11,3,19,19,17,19,18,19,23,20,293,10,117,36,20,20,22,23,165,146,146,145,146,8,7,6,118,15,15,15,14,17,12,18,12,20,120,110,5,2,8,7,26,130,15,15,15,157,30,25,37,18,121,45,92,6,0,1,44,38,48,34,32,214,28,28,215,201,201,133,133,133,68,70,81,6,38,5,41,41,300,24,25,420,164,125,138,14,19,33,18,160,123,19,68,26,26,27,36,37,28,28,29,23,71,70,70,30,28,29,20,20,20,33,31,20,20,12,15,16,19,20,18,15,15,20,26,26,13,30,14,16,33,33,166,14,164,16,15,360,70,27,14,14,13,13,18,18,47,78,289,12,5,19,24,11,11,21,21,24,24,25,102,39,17,9,24,26,33,76,102,420,24,300,300,19,19,21,22,22,121,121,4,35,10,10,11,10,11,11,9,11,11,119,11,15,480,34,34,34,22,7,7,6,15,14,58,58,58,18,19,480,52,20,33,33,15,15,99,110,45,45,5,113,113,24,12,32,31,29,29,13,12,23,32,8,8,8,12,12,69,14,14,11,12,27,6,9,9,10,10,10,19,75,74,167,144,147,147,147,13,13,12,123,11,10,5,106,6,6,6,11,21,22,15,21,13,6,7,4,9,10,9,9,9,11,11,12,16,16,157,22,22,22,17,26,17,21,45,300,46,47,14,16,9,10,11,11,22,23,18,9,9,34,28,11,34,26,96,13,7,8,47,56,32,18,300,8,8,8,76,33,40,36,28,7,5,6,81,33,33,17
18,27,53,480,27,12,12,12,11,11,3,19,19,17,20,19,19,23,20,294,9,117,36,20,20,23,23,165,146,146,145,146,8,7,6,118,16,15,15,15,17,12,18,12,21,119,110,5,2,7,7,26,130,14,14,14,157,30,25,37,19,121,45,91,5,1,0,44,38,48,34,32,214,29,28,215,201,201,134,134,134,68,70,81,6,39,6,41,41,300,24,25,420,164,126,138,14,20,33,18,160,123,20,68,26,27,27,36,38,28,28,29,23,71,70,70,30,29,29,20,20,20,33,31,20,20,12,15,16,19,20,19,15,15,20,26,26,14,30,14,16,33,33,167,14,164,17,14,360,71,27,15,14,13,13,18,18,47,78,289,12,5,20,24,11,11,21,21,24,24,25,102,39,17,10,25,26,33,76,103,420,24,300,300,19,19,22,22,22,122,122,3,35,10,9,10,10,10,10,9,11,10,119,11,15,480,34,34,34,23,6,7,6,15,14,58,58,58,18,19,480,53,20,33,33,15,15,99,110,45,45,6,113,114,24,12,33,31,29,29,13,12,23,32,8,8,8,12,12,69,15,14,12,12,27,6,9,9,10,11,10,19,75,74,167,144,147,147,147,13,13,12,123,11,10,5,106,6,7,6,12,22,22,16,22,13,6,8,4,9,10,10,10,10,11,11,12,16,16,157,22,22,22,17,26,17,22,45,300,46,48,15,16,9,11,11,11,23,23,18,9,9,35,28,11,35,26,96,13,7,8,47,56,32,18,300,8,9,9,76,33,40,36,28,7,5,5,81,33,33,17
47,60,94,540,55,46,46,46,48,48,42,28,28,29,29,28,28,26,52,300,41,158,63,47,47,50,50,206,176,176,175,176,41,44,42,90,47,37,37,32,36,38,36,44,30,144,150,40,43,47,47,19,105,36,36,36,198,19,26,41,42,163,5,116,45,44,44,0,75,13,9,11,185,14,15,186,238,238,106,106,106,30,93,38,38,5,38,3,3,360,44,43,420,200,96,109,30,23,56,43,196,91,47,91,15,14,14,7,5,15,15,53,46,94,93,93,21,14,14,26,26,27,55,56,45,31,34,28,29,26,24,26,35,35,24,18,17,33,21,32,30,56,56,203,41,201,27,30,420,93,50,44,45,47,47,24,24,12,101,300,46,43,39,47,33,33,26,20,50,50,50,139,63,25,31,39,37,55,99,139,420,28,360,360,49,49,51,51,52,88,88,40,8,45,44,46,45,46,46,45,46,46,85,45,30,480,60,60,60,48,37,38,35,45,47,95,95,95,43,44,480,18,35,55,55,26,26,125,117,8,8,43,150,150,47,47,57,16,16,16,47,46,21,55,38,38,34,30,30,92,40,40,44,44,16,39,34,34,33,32,32,42,98,97,203,170,173,173,173,30,29,30,89,31,32,38,73,35,34,35,30,21,21,26,20,47,40,42,39,43,45,44,44,44,45,45,46,49,48,193,21,21,21,25,26,25,54,9,360,11,13,45,46,41,41,33,33,46,46,42,42,43,8,50,37,56,49,122,31,41,42,7,92,33,32,360,35,38,33,113,55,64,7,53,39,37,39,38,59,55,34
56,47,45,480,55,49,49,49,48,48,40,56,56,54,57,56,57,60,54,360,38,93,56,57,58,61,59,167,165,165,164,165,40,44,44,153,53,44,44,52,46,50,46,49,58,120,86,42,39,31,31,64,164,46,46,46,133,68,62,74,56,119,80,92,33,38,38,75,0,81,68,65,247,62,62,248,178,178,166,166,166,102,106,115,38,72,38,74,75,300,59,60,360,137,158,171,49,55,69,54,137,155,50,104,59,60,61,69,71,61,61,49,59,107,106,106,66,62,62,56,56,56,51,49,54,56,48,47,52,54,56,54,51,51,56,62,62,49,66,49,52,69,69,139,50,137,52,44,360,106,52,50,49,49,48,54,54,81,113,300,48,35,55,60,47,47,57,57,52,52,51,75,57,52,45,60,62,51,111,76,420,60,300,300,48,48,46,46,46,157,157,35,68,29,31,30,32,30,32,31,30,30,154,47,51,480,52,52,52,53,38,38,41,51,50,47,47,47,54,55,480,86,55,51,51,51,51,117,146,79,79,35,86,87,55,47,50,65,65,65,48,48,59,67,44,44,42,47,47,105,50,50,47,47,63,38,45,45,46,46,46,55,111,110,140,161,164,164,164,48,48,48,158,47,46,41,142,41,42,42,46,57,58,51,57,49,41,43,40,44,45,45,45,45,47,47,47,48,51,134,57,57,58,52,62,52,43,79,300,79,81,50,52,44,46,43,42,55,54,54,45,44,68,53,47,52,54,113,49,32,32,80,45,68,54,273,44,44,43,49,51,58,69,47,38,39,36,115,51,51,44
51,64,98,540,60,50,50,50,52,52,46,33,33,33,34,33,33,32,56,300,45,162,68,52,52,55,55,211,180,180,179,180,45,49,46,80,51,42,42,36,40,43,40,48,35,135,155,44,47,51,51,24,95,40,40,40,202,27,33,49,48,167,11,116,49,48,48,13,81,0,12,14,175,19,20,176,243,243,96,96,96,20,99,39,42,15,42,11,11,360,49,48,420,205,86,99,34,27,62,47,201,81,52,97,19,19,18,15,14,19,19,58,52,99,99,99,28,18,17,32,32,32,60,61,49,37,38,33,35,31,29,31,41,41,30,22,23,38,29,37,35,62,62,207,45,206,31,35,420,99,56,48,50,52,52,29,29,3,106,300,50,48,44,52,38,38,31,25,54,54,55,144,68,30,36,44,43,60,104,144,420,33,360,360,53,53,56,56,56,94,95,44,17,50,49,51,50,50,50,49,51,51,92,50,36,480,64,64,64,52,42,42,39,50,52,99,99,99,47,48,480,7,40,60,60,31,30,130,124,5,5,48,154,155,53,51,62,21,23,22,51,51,25,60,42,42,39,35,35,97,44,45,49,49,22,43,38,38,38,37,36,47,104,102,208,174,178,178,178,34,34,35,96,35,36,43,79,39,39,39,34,26,25,31,25,52,45,46,43,48,49,48,48,48,50,50,51,53,52,198,26,26,26,30,31,30,59,3,360,4,3,50,51,46,46,38,38,51,51,47,47,48,14,55,41,61,54,127,36,46,46,6,97,39,37,360,39,43,38,117,60,69,13,57,43,42,43,39,64,60,39
37,51,85,480,46,37,37,37,39,39,32,19,20,19,20,19,20,18,43,300,31,148,54,39,39,41,42,197,167,167,166,167,32,35,32,92,38,28,28,23,27,29,26,34,22,135,141,31,34,38,37,10,107,27,27,27,189,14,21,37,34,153,14,107,36,34,34,9,68,12,0,2,189,6,7,190,231,231,109,109,109,34,86,48,30,8,30,7,8,360,36,36,420,193,100,112,22,15,49,35,189,94,40,85,7,7,6,5,7,7,7,46,39,87,87,87,17,5,5,20,20,20,48,49,37,25,26,20,22,19,17,19,29,29,17,10,11,26,18,25,23,49,49,195,33,193,19,23,420,87,43,36,38,40,40,16,16,13,94,300,38,36,32,40,26,26,19,13,42,42,42,131,56,18,24,31,31,48,92,132,420,21,360,360,41,41,43,44,44,98,98,32,7,38,37,38,38,38,38,37,39,38,96,38,23,480,52,52,52,40,30,30,27,38,40,87,87,87,35,36,480,18,28,48,48,19,18,118,126,11,12,36,142,143,40,39,49,9,11,10,39,39,13,48,30,30,27,23,23,85,32,32,36,37,10,31,26,26,26,24,24,35,91,90,195,162,165,165,165,22,22,23,100,23,24,31,83,27,27,27,22,13,13,19,13,40,32,34,31,35,37,36,36,36,38,38,38,41,40,186,14,14,14,18,19,18,47,11,360,11,13,37,39,33,33,25,26,39,39,35,35,35,5,43,29,49,42,115,24,34,34,13,85,27,25,300,27,31,26,105,48,57,4,45,31,29,31,48,51,48,27
35,48,82,480,44,34,34,34,36,36,30,17,17,17,18,17,18,16,41,300,29,146,52,36,37,39,40,195,164,164,164,164,29,33,30,94,35,26,26,20,24,27,24,32,20,132,139,28,31,35,35,8,109,24,24,24,186,12,18,34,32,151,16,104,33,32,32,11,65,14,2,0,191,4,5,192,229,229,112,112,112,36,84,50,28,9,28,10,10,360,34,34,420,191,102,115,20,13,47,33,187,97,38,82,5,5,4,6,8,5,5,44,37,85,84,84,15,4,4,18,18,18,46,46,35,23,24,18,20,17,15,17,27,27,15,8,9,24,16,23,21,47,47,193,31,191,17,20,420,84,41,34,36,38,38,14,14,15,92,300,36,34,30,38,24,24,17,11,40,40,40,129,54,15,22,29,29,46,90,129,420,19,360,360,39,39,41,42,42,100,100,30,5,36,35,36,36,36,36,35,36,36,97,35,21,480,50,49,50,38,28,28,25,36,38,85,85,85,33,34,480,21,26,46,46,17,16,116,124,13,14,34,140,141,38,37,47,7,8,8,37,37,11,46,28,28,24,21,21,83,30,30,34,35,8,29,24,24,24,22,22,33,89,88,193,160,163,163,163,20,20,21,101,21,22,29,85,25,24,25,20,11,11,17,11,38,30,32,29,33,35,34,34,34,36,36,36,39,38,184,12,12,11,16,17,16,45,13,360,14,15,35,36,31,31,23,24,37,37,33,32,33,5,41,27,47,40,113,22,32,32,16,83,25,23,300,25,28,24,103,46,55,6,43,29,27,29,50,49,46,25
226,239,240,660,235,222,222,222,222,222,211,208,208,208,209,208,208,207,231,480,210,300,243,227,227,230,230,360,360,360,360,360,210,218,215,91,226,207,207,211,204,217,204,222,210,195,300,209,212,216,216,198,76,205,205,205,360,202,208,224,223,360,181,197,215,214,214,185,247,175,189,191,0,182,184,1,360,360,76,76,76,146,263,163,197,178,197,175,174,540,213,212,600,360,84,71,198,191,226,211,360,89,215,261,181,181,180,178,177,183,181,222,216,263,263,263,193,179,179,196,196,196,224,225,213,201,202,187,199,195,193,195,205,205,194,186,187,202,193,201,199,226,226,360,210,360,195,189,600,263,220,210,210,210,210,190,190,166,270,480,209,202,208,216,202,202,195,187,218,218,219,284,232,192,190,208,207,224,268,284,600,197,540,540,216,216,217,218,218,240,240,198,181,204,203,205,204,204,204,204,205,205,238,208,200,660,228,228,228,216,196,197,195,210,211,216,216,216,211,212,660,162,204,224,224,185,185,294,274,168,168,202,295,296,217,209,226,186,187,187,209,209,189,224,203,202,193,196,196,261,208,210,208,209,186,197,197,196,196,195,195,211,268,267,360,360,360,360,360,197,197,196,237,196,194,201,225,194,193,193,188,188,187,191,187,210,202,204,201,206,207,206,206,206,208,208,209,213,213,360,189,189,189,193,195,193,218,168,540,167,166,210,212,205,206,192,192,215,215,211,206,206,177,220,205,225,218,291,200,200,201,169,218,203,201,480,202,203,192,258,224,233,177,222,197,196,198,163,228,224,193
31,44,79,480,40,30,30,30,32,32,27,13,13,13,14,13,13,12,36,300,25,142,48,32,32,35,35,191,160,160,159,160,26,29,26,98,31,22,22,16,21,23,21,28,15,129,135,25,28,32,32,4,113,21,21,21,183,9,15,31,28,148,19,101,30,28,29,14,62,19,6,4,182,0,2,196,226,226,114,114,114,41,81,54,25,11,25,14,14,360,31,30,420,188,106,119,16,9,44,29,184,101,34,79,4,4,3,8,10,1,1,40,34,81,81,81,12,3,3,14,14,14,42,43,31,19,20,16,17,13,12,13,23,23,12,4,5,20,13,19,17,44,44,190,27,188,13,18,420,81,38,30,32,34,35,11,11,20,88,299,33,31,26,34,20,20,13,8,36,36,37,126,50,12,19,26,25,42,86,127,420,15,360,360,36,36,38,38,38,98,99,27,7,33,32,33,33,33,33,32,34,33,96,32,18,480,46,46,46,34,25,25,22,32,34,82,82,82,29,30,480,25,22,42,42,14,13,112,120,18,18,31,137,138,35,33,44,4,5,5,33,33,7,42,25,24,22,17,17,79,27,27,31,31,4,26,21,21,20,19,19,29,86,85,191,157,160,160,160,16,16,17,100,17,18,25,83,22,22,22,17,9,8,13,8,34,27,28,26,30,32,30,30,30,32,32,33,36,34,181,8,8,8,12,14,12,41,18,360,18,20,32,33,28,28,20,21,33,33,29,29,29,7,38,23,43,37,109,18,29,29,20,80,21,19,300,21,25,21,100,42,51,9,40,26,24,26,54,46,42,22
29,43,79,480,38,29,29,29,31,31,26,12,13,12,13,12,13,12,35,300,25,142,47,32,32,34,35,189,159,159,158,159,26,27,25,99,30,22,22,15,21,21,20,27,15,129,135,24,27,32,31,3,114,20,20,20,182,9,14,32,27,146,20,101,30,28,28,15,62,20,7,5,184,2,0,198,225,225,116,116,116,42,80,55,24,12,24,15,15,360,30,30,420,188,108,121,15,8,43,28,183,103,33,78,4,5,5,10,12,2,2,38,33,81,80,80,13,5,5,13,14,14,42,41,30,19,19,15,16,13,11,13,22,22,11,3,4,20,13,19,17,43,43,190,26,188,12,17,420,80,37,29,31,32,33,9,9,21,88,299,32,31,26,34,19,19,13,7,35,35,35,126,50,10,18,25,24,42,86,126,420,15,360,360,34,34,36,37,37,99,99,27,9,33,32,33,32,33,33,32,33,33,96,30,16,480,45,45,45,33,24,25,21,31,33,82,82,82,28,29,480,27,22,42,42,14,13,111,120,19,19,31,137,137,33,32,42,4,5,5,32,31,6,42,23,23,21,16,16,79,25,25,29,30,4,25,20,19,19,18,18,29,85,84,190,155,158,158,158,15,15,16,100,16,17,24,84,22,21,22,17,7,6,12,7,32,26,27,25,28,30,29,29,29,30,31,31,34,33,180,6,6,6,11,13,11,40,19,360,20,21,30,31,26,26,20,20,32,32,28,27,28,8,37,22,43,36,108,17,28,29,21,80,20,19,300,20,24,21,100,42,50,10,38,25,24,26,55,44,42,21
227,240,241,660,236,223,223,223,223,223,212,209,209,209,210,209,209,208,232,480,211,300,244,228,228,231,231,360,360,360,360,360,211,219,216,92,227,208,208,212,205,218,205,223,211,196,300,210,213,217,217,199,77,206,206,206,360,203,209,225,224,360,182,198,216,215,215,186,248,176,190,192,1,196,198,0,360,360,77,77,76,147,264,164,197,179,197,176,175,540,214,213,600,360,85,72,199,192,226,212,360,90,216,262,182,182,181,179,178,184,182,223,217,264,264,264,193,180,180,197,197,197,225,226,214,202,203,188,200,196,194,196,206,206,195,187,188,203,194,202,200,227,227,360,211,360,196,190,600,264,220,211,211,211,211,191,191,167,271,480,210,203,209,217,203,203,196,188,219,219,219,285,233,193,191,209,208,225,269,285,600,198,540,540,216,216,218,219,219,241,241,199,181,205,204,206,205,205,205,204,206,206,238,209,200,660,229,229,229,217,197,198,196,211,212,217,217,217,212,213,660,163,205,225,225,186,186,295,274,169,169,203,296,296,218,210,227,187,188,188,210,210,190,225,204,203,194,197,197,262,209,211,209,210,187,198,198,197,197,196,196,212,269,267,360,360,360,360,360,198,198,197,238,197,195,202,226,195,194,194,189,189,188,192,188,211,203,205,202,207,208,207,207,207,209,209,210,214,214,360,190,190,190,194,196,193,219,168,540,168,167,211,213,206,207,193,193,216,216,212,207,206,178,220,206,226,219,292,201,201,202,170,219,204,202,480,203,204,193,259,225,234,178,222,198,197,198,164,229,225,194
197,186,166,291,194,199,199,199,197,197,203,217,217,215,218,216,217,221,194,420,205,92,187,200,200,200,198,65,161,161,160,161,209,200,203,300,198,210,210,211,213,205,213,201,219,241,104,204,201,198,198,224,300,213,213,213,56,228,223,230,208,96,244,213,200,201,201,238,178,243,231,229,360,226,225,360,0,194,360,360,360,276,217,289,214,247,214,249,249,171,222,223,248,53,300,360,220,227,219,204,46,300,201,220,234,235,235,244,246,236,236,198,216,217,217,217,236,237,237,226,226,226,198,192,203,226,216,224,221,225,226,225,214,214,226,233,232,218,236,218,220,221,222,43,208,53,223,220,200,216,201,205,203,202,201,226,226,255,210,420,203,210,218,217,215,215,227,229,201,201,201,108,189,225,218,223,226,198,214,106,231,230,171,171,199,199,197,196,196,300,300,211,243,205,207,206,208,206,208,207,206,206,300,204,220,279,191,191,191,202,214,214,214,203,201,179,179,179,206,205,280,261,222,198,198,223,223,145,260,253,253,211,97,97,205,202,194,238,235,235,202,202,230,225,211,211,216,219,219,218,209,208,205,204,233,214,215,215,216,217,217,214,210,214,46,167,170,170,170,220,220,219,300,219,217,210,300,214,215,215,220,230,230,224,230,201,209,207,209,205,204,205,205,205,203,203,202,198,200,50,230,230,230,225,232,225,194,253,170,254,255,203,202,208,208,220,218,205,204,208,206,206,243,202,212,197,203,148,218,208,208,255,177,238,222,117,214,211,217,136,198,188,244,196,214,213,212,289,190,198,219
197,186,166,291,194,199,199,199,197,197,203,217,217,215,218,216,217,221,194,420,205,92,187,200,200,200,198,65,161,161,160,161,209,200,203,300,198,210,210,211,213,205,213,201,219,241,104,204,201,198,198,224,300,213,213,213,56,228,223,230,208,96,244,213,200,201,201,238,178,243,231,229,360,226,225,360,194,0,360,360,360,276,217,289,214,247,214,249,249,171,222,223,248,53,300,360,220,227,219,204,46,300,201,220,234,235,235,244,246,236,236,198,216,217,217,217,236,237,237,226,226,226,198,192,203,226,216,224,221,225,226,225,214,214,226,233,232,218,236,218,220,221,222,43,208,53,223,220,200,216,201,205,203,202,201,226,226,255,210,420,203,210,218,217,215,215,227,229,201,201,201,108,189,225,218,223,226,198,214,106,231,230,171,171,199,199,197,196,196,300,300,211,243,205,207,206,208,206,208,207,206,206,300,204,220,279,191,191,191,202,214,214,214,203,201,179,179,179,206,205,280,261,222,198,198,223,223,145,260,253,253,211,97,97,205,202,194,238,235,235,202,202,230,225,211,211,216,219,219,218,209,208,205,204,233,214,215,215,216,217,217,214,210,214,46,167,170,170,170,220,220,219,300,219,217,210,300,214,215,215,220,230,230,224,230,201,209,207,209,205,204,205,205,205,203,203,202,198,200,50,230,230,230,225,232,225,194,253,170,254,255,203,202,208,208,220,218,205,204,208,206,206,243,202,212,197,203,148,218,208,208,255,177,238,222,117,214,211,217,136,198,188,244,196,214,213,212,289,190,198,219
145,158,160,600,154,141,141,141,142,142,131,127,127,127,128,127,128,126,150,420,129,235,162,146,147,149,150,296,274,274,274,275,130,137,135,10,145,126,126,131,124,137,123,141,130,115,227,129,132,136,136,118,6,125,125,125,274,123,129,145,142,253,102,116,134,133,134,106,166,96,109,112,76,114,116,77,360,360,0,219,1,71,188,89,122,103,122,100,99,420,138,137,480,271,9,6,124,117,151,137,270,14,141,186,107,106,106,103,102,109,107,148,141,189,188,188,118,104,104,121,121,122,150,150,139,126,128,112,124,120,119,121,130,130,119,112,112,128,118,127,125,151,151,274,135,272,121,114,480,188,145,135,136,135,135,116,116,91,195,360,135,127,134,142,127,127,121,112,144,144,144,210,158,117,116,133,132,150,193,210,540,123,420,420,141,141,143,143,143,166,167,124,106,130,129,130,130,130,130,129,130,130,164,133,125,600,153,153,153,142,122,122,120,136,137,141,141,141,137,138,600,87,130,150,150,111,110,220,200,93,93,128,220,221,142,135,151,111,113,112,135,134,115,150,128,128,118,122,122,187,134,135,134,134,111,123,122,122,121,120,120,137,193,192,274,264,267,267,267,122,123,122,163,121,120,127,151,119,118,119,114,113,113,117,113,135,128,130,126,131,133,132,132,132,133,133,134,138,138,267,115,115,114,118,121,118,144,93,420,92,91,135,137,130,131,117,118,140,140,136,131,131,103,145,131,151,144,216,125,126,126,94,144,128,127,420,127,129,118,184,150,159,102,147,123,121,123,89,153,150,119
145,158,160,600,154,141,141,141,142,142,131,127,127,127,128,127,128,126,150,420,129,235,162,146,147,149,150,296,274,274,274,275,130,137,135,10,145,126,126,131,124,137,123,141,130,115,227,129,132,136,136,118,6,125,125,125,274,123,129,145,142,253,102,116,134,133,134,106,166,96,109,112,76,114,116,77,360,360,219,0,1,71,188,89,122,103,122,100,99,420,138,137,480,271,9,6,124,117,151,137,270,14,141,186,107,106,106,103,102,109,107,148,141,189,188,188,118,104,104,121,121,122,150,150,139,126,128,112,124,120,119,121,130,130,119,112,112,128,118,127,125,151,151,274,135,272,121,114,480,188,145,135,136,135,135,116,116,91,195,360,135,127,134,142,127,127,121,112,144,144,144,210,158,117,116,133,132,150,193,210,540,123,420,420,141,141,143,143,143,166,167,124,106,130,129,130,130,130,130,129,130,130,164,133,125,600,153,153,153,142,122,122,120,136,137,141,141,141,137,138,600,87,130,150,150,111,110,220,200,93,93,128,220,221,142,135,151,111,113,112,135,134,115,150,128,128,118,122,122,187,134,135,134,134,111,123,122,122,121,120,120,137,193,192,274,264,267,267,267,122,123,122,163,121,120,127,151,119,118,119,114,113,113,117,113,135,128,130,126,131,133,132,132,132,133,133,134,138,138,267,115,115,114,118,121,118,144,93,420,92,91,135,137,130,131,117,118,140,140,136,131,131,103,145,131,151,144,216,125,126,126,94,144,128,127,420,127,129,118,184,150,159,102,147,123,121,123,89,153,150,119
145,158,160,600,154,141,141,141,142,142,131,127,127,127,128,127,128,126,150,420,129,235,162,146,147,149,150,296,274,274,274,275,130,137,135,11,145,126,126,130,123,137,123,141,130,115,227,129,132,136,136,118,6,125,125,125,274,123,129,145,142,253,102,116,134,133,134,106,166,96,109,112,76,114,116,76,360,360,1,1,0,73,188,90,122,104,122,101,100,420,138,137,480,271,9,6,124,117,151,137,270,15,141,186,106,106,106,104,103,109,107,148,141,189,188,188,119,104,104,121,121,121,149,150,139,126,127,112,124,120,119,121,130,130,119,112,112,127,120,127,125,151,151,273,135,272,121,114,480,188,145,135,136,135,135,116,116,93,195,360,135,127,134,142,127,127,121,112,143,143,144,210,158,117,116,133,132,149,193,210,540,123,420,420,141,141,143,143,143,167,167,124,107,130,129,130,130,130,130,129,130,130,165,133,125,600,153,153,153,142,122,122,120,136,136,141,141,141,137,138,600,89,129,149,149,111,110,219,201,95,94,128,220,221,142,135,151,111,112,112,135,134,115,149,128,128,118,121,122,187,134,135,134,134,111,123,122,122,121,120,120,137,193,192,274,264,267,267,267,122,123,122,164,121,120,127,152,119,118,119,114,113,113,117,112,135,128,130,126,131,133,132,132,132,133,133,134,138,138,267,114,115,114,118,121,118,144,94,420,93,92,135,137,130,131,117,118,140,140,136,131,131,104,145,131,151,144,216,125,125,126,96,144,128,126,420,127,129,118,184,149,159,103,147,123,121,123,90,153,149,119
71,84,118,540,80,70,70,71,72,72,66,53,53,53,54,53,54,52,77,360,65,182,88,72,73,75,76,231,200,200,200,200,65,69,66,61,71,62,62,56,60,63,60,68,56,122,175,64,67,71,71,44,77,60,60,60,222,47,53,69,68,187,26,104,69,68,68,30,102,20,34,36,146,41,42,147,276,276,71,71,73,0,117,23,60,32,60,29,28,360,67,66,480,223,66,79,52,45,80,65,219,61,70,115,37,37,37,32,31,37,37,76,70,117,117,117,46,36,35,50,50,50,78,79,68,55,56,51,53,49,48,49,59,59,48,40,41,56,47,56,53,80,80,226,63,224,49,53,420,117,74,67,68,70,70,47,47,20,124,300,69,66,62,71,56,56,49,43,72,72,73,162,86,48,54,62,61,78,122,162,480,51,360,360,72,72,74,74,74,100,100,62,34,68,67,69,68,68,68,67,69,69,97,68,54,540,82,82,82,70,60,60,57,68,70,117,117,117,65,66,540,16,58,78,78,49,49,148,133,22,22,66,172,173,71,69,80,39,41,41,70,69,43,78,61,60,57,53,53,115,63,63,67,67,40,61,56,56,56,55,55,65,122,121,226,193,196,196,196,52,52,53,101,53,54,61,85,58,57,57,52,44,43,49,43,70,63,65,61,66,68,66,66,66,68,68,69,72,70,216,44,44,44,48,50,48,77,21,360,21,20,68,69,64,64,56,56,69,69,65,65,66,31,74,59,79,73,145,54,64,64,23,115,57,55,360,57,61,56,136,78,87,31,76,61,60,61,23,82,78,57
59,69,123,480,62,62,62,62,63,63,72,69,69,69,68,69,69,71,64,226,80,165,60,56,56,57,58,173,120,120,120,120,78,66,65,178,60,86,86,66,87,61,87,59,66,190,161,73,70,78,78,77,193,84,84,84,172,77,72,61,56,136,96,162,76,70,70,93,106,99,86,84,263,81,80,264,217,217,188,188,188,117,0,127,76,94,76,97,97,300,57,58,480,182,191,204,70,77,40,61,174,186,65,3,88,89,88,92,94,85,85,67,53,1,1,1,79,88,88,72,72,72,63,65,63,68,64,85,67,71,74,71,60,60,73,81,80,64,80,64,67,41,42,179,61,185,72,86,360,3,64,64,65,67,68,80,80,104,8,223,66,77,59,49,64,64,72,85,64,64,65,155,65,77,80,62,64,63,5,153,420,72,300,300,67,67,69,69,70,114,115,76,90,83,82,83,83,83,83,82,83,83,111,65,67,480,64,64,64,64,79,80,76,64,66,130,130,130,61,60,480,109,63,63,63,83,83,74,44,101,101,77,163,163,61,67,64,85,82,83,67,67,78,45,65,66,78,74,74,3,60,60,65,65,81,77,71,71,72,73,73,56,7,4,182,120,123,123,123,74,72,72,117,73,73,67,107,76,77,76,82,84,84,78,84,67,69,67,69,67,68,66,66,66,66,66,66,67,66,172,82,82,82,76,75,77,72,102,300,103,104,64,64,64,63,81,83,61,61,60,66,66,91,64,62,62,63,73,67,80,80,103,128,80,67,300,67,65,79,148,63,66,92,68,77,75,78,127,65,63,89
84,98,132,540,93,84,84,84,86,86,79,66,66,67,66,65,66,63,90,300,78,195,100,85,85,88,88,244,214,214,213,214,79,82,79,80,85,75,75,70,74,76,73,81,68,140,188,78,81,85,85,56,94,74,74,74,236,57,63,79,80,200,32,122,83,81,81,38,115,39,48,50,163,54,55,164,289,289,89,89,90,23,127,0,71,39,71,37,37,360,77,76,480,234,82,94,63,56,89,76,230,77,81,116,48,48,47,40,39,48,48,86,79,119,118,118,54,47,47,60,60,60,88,90,78,64,67,61,63,59,57,59,69,69,58,51,51,66,54,65,63,90,90,236,74,234,60,64,420,120,83,77,79,81,81,57,57,36,127,299,79,77,72,80,67,67,59,54,83,83,84,172,96,59,65,72,70,88,124,173,480,61,360,360,82,82,84,85,85,77,77,73,41,79,78,79,79,79,79,78,80,79,74,79,63,540,93,93,93,82,71,71,68,79,81,128,128,128,77,78,540,33,68,88,88,60,59,159,110,36,36,77,183,184,81,80,91,49,49,49,80,80,54,88,71,71,68,64,64,120,73,74,77,78,50,72,67,67,67,65,65,75,125,122,237,203,206,206,206,63,63,64,78,64,65,72,62,68,68,68,63,55,54,60,54,81,73,75,72,76,78,77,77,77,79,79,79,82,81,227,55,55,55,59,59,59,88,36,360,38,37,78,80,74,74,66,67,80,80,76,76,76,41,83,70,89,82,156,65,75,75,35,126,66,65,360,68,72,67,146,88,97,41,86,72,70,72,72,92,88,68
22,31,55,480,30,15,15,16,15,15,2,17,17,15,18,17,17,21,24,297,8,118,40,23,24,26,27,169,149,149,149,150,5,11,10,116,19,12,12,13,14,15,15,16,19,121,111,2,4,9,8,24,127,11,11,11,158,29,23,35,22,125,43,93,7,6,6,38,38,42,30,28,197,25,24,197,214,214,122,122,122,60,76,71,0,37,1,39,39,360,27,28,420,165,123,135,13,18,37,22,164,120,23,72,24,25,25,34,36,26,26,32,27,75,74,74,28,27,27,18,18,18,37,35,24,18,15,12,16,17,18,17,19,19,18,25,25,17,28,17,16,37,37,168,18,166,15,11,360,74,31,18,17,17,17,16,16,45,81,292,16,7,23,28,15,15,19,20,28,28,29,104,43,15,7,26,24,37,79,104,420,22,360,360,23,23,25,25,26,120,120,3,33,11,11,12,11,12,12,10,12,12,117,15,15,480,38,38,38,26,4,4,3,19,18,59,59,59,22,23,480,51,22,37,37,13,13,103,114,43,43,7,114,115,28,16,36,29,27,28,16,16,22,35,12,12,5,10,10,73,18,18,15,16,26,1,10,10,10,9,9,23,79,78,168,148,151,151,151,11,11,10,121,10,8,9,105,3,3,3,9,20,20,14,20,17,9,11,8,13,14,13,13,13,15,15,16,20,20,161,20,20,20,15,24,15,25,43,360,44,46,18,20,12,14,6,7,26,26,22,13,12,33,31,15,38,30,100,15,8,9,45,57,30,18,300,12,12,5,78,37,44,34,31,1,1,1,80,37,37,14
41,55,89,480,49,41,41,41,43,43,36,22,22,24,23,22,23,20,47,300,35,152,57,41,42,44,45,201,171,171,170,171,36,39,37,93,42,32,32,27,31,33,30,39,24,139,145,35,38,42,42,13,109,31,31,31,193,13,19,35,36,157,11,111,40,38,39,5,72,15,8,9,178,11,12,179,247,247,103,103,104,32,94,39,37,0,34,4,4,360,38,38,420,196,101,113,25,19,52,39,192,95,43,87,11,10,10,3,1,11,11,48,41,89,89,89,15,9,9,22,22,22,50,52,41,26,29,24,25,21,20,21,31,31,20,13,13,28,16,28,26,52,52,199,36,197,23,26,420,89,46,40,41,43,43,20,20,15,96,300,42,39,34,43,29,29,21,16,45,45,46,135,58,21,27,33,32,50,94,135,420,23,360,360,45,45,47,47,47,92,93,35,3,41,40,42,41,41,41,41,42,42,90,41,26,480,56,56,56,44,33,34,31,41,43,90,90,90,39,40,480,20,30,50,50,22,22,121,122,10,10,39,146,146,43,42,53,12,11,10,43,42,17,49,34,34,30,26,26,88,36,36,40,40,12,34,30,29,29,28,28,38,94,93,199,166,169,169,169,25,25,26,94,27,27,34,77,31,30,30,25,17,16,22,16,43,36,38,34,39,41,40,40,40,41,41,42,45,43,189,17,17,17,21,21,21,50,11,360,13,15,41,42,37,37,29,29,42,42,38,38,39,4,46,33,52,45,118,27,37,38,10,88,28,27,360,31,34,29,109,50,60,4,49,34,33,34,44,55,50,30
22,31,55,480,30,15,15,15,15,15,2,17,17,15,18,17,17,21,24,297,9,119,40,23,24,26,27,169,149,149,149,149,5,11,10,116,19,12,12,13,14,15,15,15,19,121,112,2,4,9,9,24,127,11,11,11,159,29,23,35,22,125,43,93,7,5,6,38,38,42,30,28,197,25,24,197,214,214,122,122,122,60,76,71,1,34,0,39,39,360,27,28,420,166,123,135,13,18,37,22,164,120,23,72,24,25,25,34,36,26,26,32,27,75,74,74,28,27,27,18,18,18,37,35,23,18,15,12,16,17,18,17,18,18,18,25,25,17,28,17,16,37,37,168,18,166,15,11,360,74,31,18,17,17,17,16,16,45,81,292,16,7,23,28,14,15,19,20,28,28,28,104,42,15,7,26,24,37,79,104,420,22,360,360,22,22,25,25,26,120,120,4,33,12,11,12,12,12,12,11,12,12,117,14,15,480,38,38,38,26,4,4,3,18,18,60,60,60,22,23,480,51,22,37,37,13,13,103,114,43,43,8,115,116,28,16,36,29,27,28,16,16,22,35,12,12,5,10,10,73,18,18,15,15,26,1,10,10,10,9,9,23,79,78,168,147,150,150,150,11,11,10,121,10,8,9,105,3,3,3,9,20,20,14,20,17,9,11,8,12,14,13,13,13,15,15,15,20,19,161,20,20,20,15,24,15,25,44,360,44,46,18,20,12,14,6,7,26,26,21,13,12,33,31,14,38,30,100,15,9,9,45,58,30,18,300,12,12,5,78,37,44,34,31,2,1,2,80,37,37,14
44,57,91,540,52,43,43,43,45,45,39,25,25,26,26,25,26,23,49,300,38,155,60,44,45,47,48,204,173,173,172,173,38,41,39,90,44,35,35,29,33,36,33,41,27,141,148,37,40,44,44,16,105,33,33,33,195,17,23,38,39,160,9,113,42,41,41,3,74,11,7,10,175,14,15,176,249,249,100,100,101,29,97,37,39,4,39,0,1,360,41,41,420,198,97,109,27,20,54,40,194,92,45,89,12,12,12,4,3,12,12,50,43,92,91,91,18,11,11,24,24,24,52,54,43,29,31,26,27,23,22,23,33,33,22,15,15,30,19,30,28,54,54,201,38,199,24,28,420,91,48,42,43,45,45,22,22,11,98,300,44,41,37,45,31,31,23,18,47,47,48,137,61,23,29,36,35,52,96,137,420,26,360,360,47,47,49,49,49,92,92,37,6,43,42,44,43,43,43,42,44,44,89,43,28,480,58,58,58,46,35,35,32,43,45,92,92,92,41,42,480,16,33,52,52,24,24,123,121,6,6,41,147,148,45,44,55,14,14,13,45,44,18,52,36,35,32,28,28,90,38,38,42,42,14,36,31,31,31,30,30,40,96,95,201,168,171,171,171,27,27,28,93,28,29,36,77,33,32,32,27,19,18,24,18,45,38,40,36,41,43,41,41,41,43,43,44,47,45,191,19,19,19,23,23,23,52,8,360,9,11,43,44,39,39,31,31,44,44,40,40,41,5,48,34,54,47,120,29,39,39,6,90,31,29,360,32,36,31,111,52,62,5,51,36,35,36,42,57,52,32
44,57,91,540,52,43,43,44,45,45,39,25,25,26,26,25,26,23,50,300,38,155,60,44,45,47,48,204,173,173,173,173,38,42,39,89,44,35,35,29,33,36,33,41,28,141,148,37,40,44,44,16,104,33,33,33,195,17,23,39,40,160,8,114,42,41,41,3,75,11,8,10,174,14,15,175,249,249,99,99,100,28,97,37,39,4,39,1,0,360,41,40,420,198,96,108,28,21,54,41,194,90,45,89,13,12,12,5,3,13,13,51,44,92,91,91,19,11,12,24,24,24,52,54,43,29,31,26,27,23,22,24,33,33,22,16,15,31,19,30,28,54,54,201,39,199,25,28,420,91,48,42,43,45,45,22,22,10,98,300,44,41,37,45,31,31,24,18,48,48,48,137,61,23,29,36,35,52,96,137,420,26,360,360,47,47,49,49,49,92,92,37,6,43,42,44,43,43,43,43,44,44,89,43,28,480,58,58,58,46,35,36,33,43,45,92,92,92,41,42,480,16,32,52,52,24,24,123,121,6,6,41,148,148,45,44,55,14,14,14,45,44,19,52,36,36,32,28,28,90,38,38,42,42,14,36,32,31,31,30,30,40,96,95,201,168,171,171,171,27,27,28,93,29,29,36,77,33,32,32,27,19,18,24,18,45,38,40,36,41,43,42,42,42,43,43,44,47,45,191,19,19,19,23,24,23,52,7,360,9,11,43,44,39,39,31,31,44,44,40,40,41,5,48,35,54,47,120,29,39,40,6,90,31,29,360,33,36,31,111,52,62,5,51,37,35,37,41,57,52,32
300,300,360,198,300,300,300,300,300,300,300,360,360,300,360,360,360,360,300,291,360,257,300,300,300,300,300,182,204,204,205,205,360,300,300,420,300,360,360,300,360,300,360,300,360,420,269,360,300,360,360,360,480,360,360,360,218,360,360,360,300,236,360,360,360,300,300,360,300,360,360,360,540,360,360,540,171,171,420,420,420,360,300,360,360,360,360,360,360,0,360,360,360,224,480,480,360,360,300,300,212,480,300,300,360,360,360,360,360,360,360,300,360,300,300,300,360,360,360,360,360,360,300,300,300,360,360,360,360,360,360,360,360,360,360,360,360,360,360,360,360,300,300,214,300,224,360,360,122,300,300,300,300,300,300,360,360,360,300,299,300,360,360,300,360,360,360,360,300,300,300,274,300,360,360,360,360,300,300,273,136,360,1,1,300,300,300,300,300,420,420,360,360,360,360,360,360,360,360,360,360,360,420,300,360,193,300,300,300,300,360,360,360,300,300,360,360,360,300,300,195,360,360,300,300,360,360,238,360,360,360,360,263,264,300,300,300,360,360,360,300,300,360,360,360,360,360,360,360,300,300,300,300,300,360,360,360,360,360,360,360,360,300,300,217,212,212,212,212,360,360,360,420,360,360,360,420,360,360,360,360,360,360,360,360,300,360,360,360,360,360,300,300,300,300,300,300,300,300,215,360,360,360,360,360,360,300,360,2,360,360,300,300,360,360,360,360,300,300,300,360,360,360,300,360,300,300,240,360,360,360,360,360,360,360,241,360,360,360,300,300,300,360,300,360,360,360,420,300,300,360
17,30,76,480,20,16,16,16,18,18,25,19,18,20,18,19,18,20,22,278,33,136,28,14,14,15,16,177,143,143,142,143,32,20,19,128,17,38,38,17,39,14,40,14,16,143,132,26,23,31,31,27,143,36,36,36,170,26,21,20,4,133,49,115,29,24,24,44,59,49,36,34,213,31,30,214,222,222,138,138,138,67,57,77,27,38,27,41,41,360,0,1,420,176,137,150,16,24,17,15,170,132,20,51,34,35,34,38,40,31,32,21,6,54,53,53,24,34,34,17,17,17,22,27,17,12,11,32,14,17,20,17,7,7,19,28,26,10,24,11,13,16,15,177,13,177,18,34,360,53,18,16,18,19,21,27,27,50,61,272,18,26,3,10,11,11,17,31,18,18,19,121,30,24,28,6,8,22,59,120,420,16,300,300,21,21,23,24,24,105,105,25,37,32,31,32,32,32,32,31,32,32,102,17,14,480,27,28,28,18,29,29,26,18,20,79,79,79,14,15,480,56,8,22,22,30,31,96,93,47,47,26,130,130,15,19,25,31,29,29,20,19,24,13,14,15,26,21,21,52,12,12,16,17,27,26,18,18,19,20,20,10,58,57,177,140,143,143,143,21,18,19,106,20,21,16,90,26,25,26,30,31,31,24,31,20,18,17,18,17,19,17,17,17,18,18,19,21,20,167,28,28,29,23,20,23,27,48,300,49,51,17,18,14,13,30,31,15,15,13,15,16,37,18,11,23,17,92,14,29,29,49,77,24,12,300,13,15,27,97,22,31,38,23,26,24,27,83,29,22,38
17,31,77,480,21,17,17,17,19,19,26,18,18,19,17,18,17,19,23,279,34,137,29,15,15,16,17,177,144,144,143,144,32,21,19,128,18,38,38,18,38,15,39,15,15,144,133,27,24,32,32,27,143,36,36,36,171,26,20,21,5,134,48,116,30,25,25,43,60,48,36,34,212,30,30,213,223,223,137,137,137,66,58,76,28,38,28,41,40,360,1,0,420,176,136,149,17,23,18,16,171,131,20,52,34,34,33,37,39,30,31,21,7,54,54,54,23,33,33,16,16,16,23,28,18,12,11,31,14,16,19,16,8,8,18,27,25,11,24,11,14,17,16,178,14,178,17,33,360,54,19,17,18,20,21,26,26,49,61,272,19,27,4,11,12,11,16,31,19,19,20,122,31,23,27,5,7,23,59,120,420,15,300,300,22,22,24,24,25,105,105,26,36,32,32,33,33,33,33,32,33,33,102,18,14,480,28,28,28,18,29,30,25,18,20,79,79,79,14,15,480,55,9,23,23,29,30,96,94,47,47,27,131,131,16,20,26,30,28,28,20,20,23,14,15,16,26,20,20,52,13,13,17,17,26,26,19,19,19,20,20,10,59,58,178,141,144,144,144,20,17,18,106,19,20,17,90,25,24,25,29,30,30,24,30,21,19,18,19,17,20,18,18,18,19,19,20,22,21,168,28,28,28,22,19,23,27,48,300,48,50,18,19,15,14,29,30,16,16,13,16,17,36,18,12,24,17,93,15,30,30,48,77,23,13,300,14,15,26,98,23,32,37,24,27,25,27,82,29,23,37
420,420,360,420,420,420,420,420,420,420,420,420,420,420,420,420,420,420,420,660,420,300,420,420,420,420,420,300,420,420,420,420,420,420,420,480,420,420,420,420,420,420,420,420,420,420,300,420,420,420,420,420,480,420,420,420,294,420,420,420,420,360,420,420,420,420,420,420,360,420,420,420,600,420,420,600,248,248,480,480,480,480,480,480,420,420,420,420,420,360,420,420,0,271,480,480,420,420,420,420,265,480,420,420,420,420,420,420,420,420,420,420,420,420,420,420,420,420,420,420,420,420,420,420,420,420,420,420,420,420,420,420,420,420,420,420,420,420,420,420,420,420,420,262,420,271,420,420,360,420,420,420,420,420,420,420,420,420,420,600,420,420,420,420,420,420,420,420,420,420,420,296,420,420,420,420,420,420,420,297,360,420,360,360,420,420,420,420,420,540,540,420,420,360,360,360,360,360,360,360,360,360,540,420,420,360,420,420,420,420,420,420,420,420,420,360,360,360,420,420,360,420,420,420,420,420,420,360,480,420,420,420,295,295,420,420,420,420,420,420,420,420,420,420,420,420,420,420,420,420,420,420,420,420,420,420,420,420,420,420,420,420,420,420,264,360,360,360,360,420,420,420,540,420,420,420,480,420,420,420,420,420,420,420,420,420,420,420,420,420,420,420,420,420,420,420,420,420,420,268,420,420,420,420,420,420,420,420,360,420,420,420,420,420,420,420,420,420,420,420,420,420,420,420,420,420,420,360,420,360,360,420,360,420,420,124,420,420,420,300,420,420,420,420,420,420,420,480,420,420,420
161,150,125,360,158,162,162,162,160,160,166,181,181,179,182,180,181,184,156,360,163,51,151,164,164,163,162,47,131,131,130,131,166,163,165,265,162,169,169,175,172,169,172,165,183,199,63,168,165,157,156,188,276,171,171,171,15,192,187,194,172,63,206,171,159,164,164,200,137,205,193,191,360,188,188,360,53,53,271,271,271,223,182,234,165,196,166,198,198,224,176,176,271,0,278,291,182,187,182,166,13,278,161,189,192,192,193,201,203,193,193,160,178,186,186,186,198,194,194,188,188,188,159,154,164,188,177,179,183,186,188,186,176,176,188,194,194,179,198,179,182,183,184,9,169,4,184,176,251,185,163,166,165,164,161,186,186,213,178,360,165,167,179,179,177,177,189,189,163,163,162,64,150,185,177,185,188,159,182,63,281,192,218,218,159,159,158,158,158,287,287,167,201,162,164,162,164,163,164,163,162,162,284,165,181,300,153,153,153,164,170,170,174,165,162,135,135,135,168,167,360,218,183,159,159,183,183,113,229,211,211,167,53,53,166,162,156,198,197,197,162,163,191,186,171,171,174,179,180,186,170,170,166,166,195,170,177,177,178,178,178,175,178,182,6,135,138,138,138,181,181,180,288,179,178,173,272,173,174,174,178,189,190,183,189,162,169,167,170,166,164,165,165,165,165,164,164,159,162,12,190,190,190,184,194,185,154,211,218,211,213,165,163,168,169,175,174,166,165,169,167,167,200,164,174,158,164,116,181,165,165,212,133,200,184,159,176,172,175,92,159,149,201,158,170,171,169,247,151,159,176
137,150,152,600,146,133,133,133,134,134,123,119,119,119,120,119,120,118,142,420,121,227,154,138,139,141,142,288,266,267,266,267,122,129,127,5,137,118,118,123,116,129,115,134,122,107,220,121,124,128,128,110,14,117,117,117,267,113,120,135,134,245,93,109,126,125,126,96,158,86,100,102,84,106,108,85,300,300,9,9,9,66,191,82,123,101,123,97,96,480,137,136,480,278,0,14,116,109,143,129,263,6,133,179,99,99,98,95,95,101,99,140,134,181,181,181,110,97,97,114,114,114,142,143,131,119,120,105,117,113,111,113,123,123,112,104,105,120,111,119,117,144,144,267,128,265,113,107,480,181,137,128,128,128,128,108,108,84,188,360,127,120,126,134,120,120,113,105,136,136,136,203,150,110,108,126,125,142,186,203,540,115,420,420,133,133,135,136,136,159,159,116,98,122,121,123,122,122,122,121,123,123,156,126,117,540,146,146,146,134,114,115,113,128,129,134,134,134,129,130,540,80,122,142,142,103,103,212,192,86,86,120,213,214,135,127,144,104,105,105,127,127,107,142,121,120,111,114,114,179,126,128,126,127,104,115,115,114,114,113,113,129,186,184,267,256,260,260,260,115,115,114,160,114,112,119,144,112,111,111,106,106,105,109,105,128,120,122,119,124,125,124,124,124,126,126,127,131,131,260,107,107,107,111,113,110,136,85,420,85,84,128,130,123,124,110,110,133,133,129,124,123,95,137,123,143,136,209,118,118,119,87,137,121,119,420,120,121,110,177,142,151,95,139,115,114,115,82,146,142,111
150,163,164,600,159,146,146,146,146,147,135,132,132,132,133,132,132,131,155,420,134,239,167,151,151,154,154,300,279,279,278,279,134,142,139,14,150,131,131,135,128,142,128,146,134,119,232,133,136,140,140,122,4,129,129,129,279,126,132,148,147,257,105,121,139,138,138,109,171,99,112,115,71,119,121,72,360,360,6,6,6,79,204,94,135,113,135,109,108,480,150,149,480,291,14,0,128,121,155,141,274,18,145,190,111,110,110,107,106,113,111,152,145,193,192,192,122,109,108,125,125,126,154,154,143,131,132,117,128,125,123,125,134,134,123,116,116,132,122,131,129,155,155,278,139,276,125,119,480,192,149,139,140,139,140,120,120,95,200,420,139,132,138,146,131,132,125,117,148,148,148,214,162,121,120,137,136,154,198,214,540,127,480,480,145,145,147,147,147,169,169,128,110,134,133,134,134,134,134,133,135,134,167,137,129,600,158,157,157,146,126,126,124,140,141,145,145,145,141,142,600,91,134,154,154,115,114,224,203,97,97,132,224,225,146,139,155,115,116,116,139,138,119,154,133,132,123,126,126,191,138,139,138,138,116,127,126,126,126,124,124,141,197,196,278,268,271,271,271,126,127,126,166,125,124,131,154,123,123,123,118,117,117,121,117,139,132,134,131,135,137,136,136,136,137,138,138,142,142,272,119,119,118,122,125,122,148,97,480,96,95,140,141,134,136,121,122,144,145,141,136,135,107,149,135,155,148,220,130,130,130,98,148,132,131,420,131,133,122,188,154,163,106,151,127,125,127,92,157,154,123
15,28,66,480,23,14,14,14,16,16,13,7,7,5,8,6,7,11,21,291,17,130,33,17,18,20,21,174,144,144,144,144,15,11,8,114,15,21,21,2,22,7,22,12,9,130,123,11,13,21,21,14,129,19,19,19,166,18,13,25,13,130,35,103,19,14,14,30,49,34,22,20,198,16,15,199,220,220,124,124,124,52,70,63,13,25,13,27,28,360,16,17,420,182,116,128,0,8,30,15,168,118,19,65,19,19,20,25,27,16,18,25,20,67,67,67,17,20,21,7,7,7,28,28,17,8,5,16,4,6,7,6,9,9,7,15,14,6,18,6,4,30,30,175,13,176,4,18,360,67,23,16,16,17,18,11,11,37,74,285,17,18,14,20,5,5,9,15,21,21,22,115,36,8,12,15,13,28,72,115,420,11,300,300,21,21,23,24,24,109,109,16,24,23,23,24,23,24,24,22,24,24,106,15,3,480,31,31,31,19,14,15,9,16,19,70,70,70,15,15,480,42,11,28,28,14,15,97,106,35,35,18,125,126,20,17,29,19,16,17,17,16,11,28,8,8,10,4,4,65,12,12,15,15,15,13,5,5,4,5,5,15,72,71,175,142,145,145,145,5,2,3,110,3,4,9,94,10,9,10,14,14,15,8,14,17,11,12,10,13,15,14,14,14,15,16,16,20,19,165,12,12,13,7,13,7,26,35,300,35,37,16,18,11,12,14,15,18,18,14,12,13,24,24,9,30,23,94,2,20,21,36,68,19,6,300,5,9,11,89,28,37,26,25,13,12,14,71,31,28,22
22,36,72,480,31,21,21,22,24,23,17,6,6,5,6,5,6,5,28,298,22,135,40,25,25,28,28,182,152,152,151,152,19,19,16,107,23,25,25,8,24,14,24,20,8,133,128,16,19,26,26,8,122,23,23,23,174,12,7,27,20,138,28,105,24,19,20,23,55,27,15,13,191,9,8,192,227,227,117,117,117,45,77,56,18,19,18,20,21,360,24,23,420,187,109,121,8,0,37,22,175,111,26,72,11,12,12,18,20,9,11,32,27,74,74,74,11,13,13,7,7,7,35,35,24,12,12,20,10,6,5,6,16,16,5,7,7,13,11,13,11,37,37,182,19,182,6,22,360,74,31,23,24,24,25,3,3,29,81,292,24,23,20,27,12,12,6,8,28,28,29,120,44,3,16,20,18,35,79,120,420,9,360,360,28,28,30,30,30,102,102,20,17,28,27,28,28,28,28,27,29,28,100,22,10,480,38,38,38,26,18,19,14,23,26,75,75,75,21,22,480,35,16,35,35,18,17,104,113,27,27,23,131,131,27,24,36,12,10,10,24,23,4,35,15,15,14,8,8,72,19,19,22,23,8,17,12,11,11,10,10,22,79,77,182,149,152,152,152,7,7,8,104,8,9,16,87,14,13,14,18,7,8,4,7,25,18,19,17,20,22,21,21,21,22,23,23,27,26,172,5,5,5,3,7,3,33,27,360,28,29,23,25,18,19,18,19,25,25,21,20,20,17,31,16,37,30,101,9,24,25,29,73,14,12,300,12,16,15,94,35,44,18,32,18,16,18,63,38,35,26
22,35,86,480,25,25,25,25,26,26,35,32,32,32,31,32,32,33,27,261,43,137,30,19,19,20,21,174,133,133,132,133,41,29,28,141,23,48,48,29,49,24,50,22,29,153,132,36,33,41,40,40,156,47,47,47,168,40,35,25,19,131,61,125,39,33,33,56,69,62,49,47,226,44,43,226,219,219,151,151,151,80,40,89,37,52,37,54,54,300,17,18,420,182,143,155,30,37,0,21,171,146,25,35,48,48,48,52,54,45,45,27,13,38,37,37,39,48,48,32,32,32,28,31,23,28,24,45,27,31,33,31,20,20,32,41,40,24,40,24,27,1,2,178,20,180,32,46,360,37,24,24,25,27,28,40,40,64,44,256,26,37,19,9,24,24,32,45,24,24,25,124,31,37,40,23,25,28,42,122,420,32,300,300,27,27,29,29,29,112,112,36,50,42,42,43,43,43,43,42,43,43,109,25,27,480,31,31,31,23,39,39,36,23,26,89,89,89,21,20,480,69,23,28,28,43,43,86,77,61,61,37,132,133,21,27,31,44,42,43,27,27,38,6,25,26,38,33,34,36,20,20,24,25,41,37,31,31,32,33,33,16,42,41,178,131,134,134,134,34,32,32,113,33,33,27,97,36,37,36,42,44,44,38,44,27,29,27,29,27,28,26,26,26,26,26,26,27,26,168,41,41,42,36,35,36,32,62,300,62,64,24,24,24,23,41,43,21,21,20,25,26,51,24,22,28,23,85,27,40,40,63,87,40,27,300,27,25,39,108,28,32,52,29,37,35,38,97,32,28,49
1,13,71,480,8,8,8,8,9,9,19,20,20,18,21,19,21,24,5,282,28,119,17,3,3,5,6,159,128,128,128,129,26,13,13,127,3,33,33,14,34,9,35,6,22,138,114,21,18,26,25,27,142,32,32,32,152,31,26,34,12,115,48,110,24,18,18,43,54,47,35,33,211,29,28,212,204,204,137,137,137,65,61,76,22,39,22,40,41,300,15,16,420,166,129,141,15,22,21,0,155,133,5,57,34,35,35,39,41,32,32,11,12,60,59,59,32,35,35,22,22,22,15,13,2,22,12,32,17,21,22,20,10,10,22,29,28,13,32,14,16,22,22,162,4,162,18,32,360,59,10,4,5,6,9,26,26,51,67,278,7,23,13,13,11,11,23,31,7,7,7,106,21,24,26,19,22,15,65,105,420,26,300,300,6,6,8,9,9,121,121,22,38,29,28,29,29,29,29,28,29,29,118,9,15,420,17,16,16,5,25,26,22,3,5,76,76,76,2,2,420,56,17,15,15,29,30,83,99,49,49,23,115,115,6,10,14,33,31,31,10,10,26,21,11,12,24,20,20,58,4,5,7,7,29,23,18,18,18,19,20,9,64,63,162,127,130,130,130,20,18,19,122,19,20,13,106,22,23,23,28,30,31,24,30,6,13,11,14,11,12,10,10,10,9,9,8,6,6,152,28,28,28,23,28,23,12,49,300,49,51,4,3,10,8,28,29,4,4,3,10,10,38,10,8,16,9,79,13,26,26,51,74,34,18,300,13,11,25,94,15,22,40,10,23,21,24,85,16,15,36
156,145,124,360,152,156,156,156,154,154,162,175,176,173,176,175,176,179,151,360,163,50,146,158,159,158,157,36,123,123,122,123,165,158,160,265,156,169,169,169,171,164,172,160,177,199,62,163,160,157,156,183,275,171,171,171,13,187,181,189,167,57,202,171,159,160,160,196,137,201,189,187,360,184,183,360,46,46,270,270,270,219,174,230,164,192,164,194,194,212,170,171,265,13,263,274,168,175,171,155,0,279,158,183,191,191,192,200,202,193,193,156,174,180,180,180,194,193,194,184,184,185,156,150,161,184,174,179,179,183,184,183,172,172,184,191,190,176,194,176,179,180,181,7,166,15,181,177,246,179,159,163,161,160,158,183,183,212,172,360,161,166,176,175,173,173,185,186,160,160,159,65,147,182,176,181,184,156,176,63,276,188,208,208,156,156,155,155,154,283,283,168,200,162,164,163,165,163,165,164,163,163,281,162,178,300,149,149,149,160,171,171,172,161,159,136,136,136,164,163,300,217,180,156,156,180,181,107,223,210,210,167,54,54,162,159,152,196,193,194,159,159,188,183,168,168,174,176,177,180,167,167,163,163,191,171,172,172,173,174,174,172,172,176,10,128,132,132,132,178,178,177,285,176,174,168,268,172,172,172,177,186,187,180,186,159,165,163,166,162,160,161,161,161,161,161,160,156,159,5,187,187,187,181,190,182,150,210,208,210,212,162,160,165,166,176,175,162,162,166,164,163,199,160,170,155,161,110,176,165,165,212,134,196,180,154,171,168,174,93,156,146,200,154,171,171,169,246,148,156,177
132,145,151,600,141,131,131,131,131,131,120,114,114,114,115,114,114,113,137,360,119,226,148,133,133,136,136,286,261,261,260,261,119,126,124,4,132,116,116,117,113,123,113,129,116,107,219,118,121,125,125,104,20,114,114,114,266,108,114,130,129,242,87,108,123,123,123,91,155,81,94,97,89,101,103,90,300,300,14,14,15,61,186,77,120,95,120,92,90,480,132,131,480,278,6,18,118,111,146,133,279,0,128,173,94,94,94,90,89,96,94,135,128,176,175,175,105,92,92,108,108,109,137,137,126,113,115,103,111,108,106,108,117,117,106,99,99,115,105,114,112,138,138,266,122,264,108,105,480,175,132,125,126,126,126,104,104,78,183,360,125,118,121,129,114,115,108,100,131,131,131,202,145,106,106,120,119,137,181,202,540,110,420,420,130,130,132,132,133,153,154,114,93,120,119,121,120,120,120,119,121,121,151,124,112,540,141,140,140,129,112,112,111,126,127,134,134,134,124,125,540,75,117,137,137,101,101,207,187,81,80,118,213,214,129,125,138,98,99,99,125,125,102,137,119,118,109,112,111,174,121,121,124,124,98,113,112,112,112,111,111,124,180,179,266,251,254,254,254,111,111,111,155,112,110,117,138,110,109,109,104,101,100,107,100,126,118,120,117,121,123,122,122,122,124,124,124,129,128,260,103,103,102,107,108,106,134,80,420,79,78,126,127,121,122,108,108,127,128,124,122,121,90,132,118,138,131,203,113,116,116,82,136,115,114,420,116,119,108,176,137,146,89,134,113,112,113,76,140,137,109
6,7,72,480,6,10,10,10,10,10,21,25,25,23,26,24,25,29,1,286,29,114,15,8,8,7,6,156,126,126,125,126,27,14,15,132,6,35,35,19,36,13,36,9,26,139,110,22,19,27,27,32,146,33,33,33,147,36,31,38,16,112,53,111,25,19,20,47,50,52,40,38,215,34,33,216,201,201,141,141,141,70,65,81,23,43,23,45,45,300,20,20,420,161,133,145,19,26,25,5,158,128,0,62,40,41,40,45,47,37,37,9,17,65,64,64,37,40,40,27,27,27,13,12,3,27,17,33,22,26,27,25,15,15,27,34,33,18,37,19,21,27,27,157,9,158,23,34,360,64,8,6,7,8,10,32,32,56,71,282,8,24,18,18,16,16,28,35,5,5,5,102,19,29,28,24,27,13,69,101,420,31,300,300,3,3,4,4,4,126,126,24,44,31,30,31,31,31,31,30,31,31,123,10,20,420,15,15,15,4,27,28,24,5,6,78,78,78,7,6,420,61,22,13,13,32,32,81,104,54,54,24,111,112,6,11,13,38,36,36,10,11,31,25,13,14,26,23,23,63,9,9,8,8,34,25,20,20,21,22,22,14,69,68,158,125,128,128,128,24,23,23,127,22,22,15,111,24,25,25,30,35,35,29,35,8,15,12,16,12,13,11,11,11,10,9,9,5,5,148,33,33,33,28,33,28,8,54,300,55,56,6,4,12,10,29,31,5,4,8,11,11,43,8,13,14,7,77,18,28,28,56,76,39,23,300,17,14,27,96,13,20,45,8,26,23,26,90,14,13,37
57,67,121,480,60,60,60,60,62,61,70,67,67,67,67,67,67,69,62,224,78,165,58,54,54,55,56,176,123,123,123,124,76,64,63,176,59,84,84,64,85,59,85,58,65,188,161,71,68,76,76,75,191,82,82,82,175,75,70,59,54,139,94,160,74,68,68,91,104,97,85,82,261,79,78,262,220,220,186,186,186,115,3,116,72,87,72,89,89,300,51,52,420,189,179,190,65,72,35,57,183,173,62,0,86,86,86,89,91,83,83,64,51,3,3,3,77,85,86,70,70,70,61,63,60,65,62,83,65,69,71,69,58,58,70,79,77,61,77,62,64,39,39,182,58,188,69,84,360,5,62,61,63,64,66,78,78,102,11,221,63,75,57,47,62,62,70,82,62,62,62,155,62,75,78,60,61,61,8,154,420,69,300,300,64,64,67,67,67,112,112,74,88,80,80,81,80,81,81,79,81,81,108,62,65,480,62,62,62,61,77,77,73,61,63,127,127,127,58,58,480,107,61,61,61,81,81,77,42,99,99,75,164,164,59,65,62,82,80,80,65,64,76,43,63,64,76,71,71,5,57,58,62,63,78,75,69,69,69,71,71,53,10,6,185,123,126,126,126,72,69,70,114,71,71,65,105,74,75,74,80,81,82,75,81,64,67,65,67,64,66,64,64,64,63,63,64,65,63,174,79,79,79,74,72,74,70,100,300,100,102,61,62,62,61,79,80,59,59,57,63,64,88,61,60,60,60,76,65,77,78,100,125,77,64,300,64,63,77,146,61,63,90,66,75,73,75,124,63,61,87
33,46,76,480,42,31,31,31,31,31,24,16,17,16,17,16,17,16,40,300,23,140,51,36,36,38,39,189,163,163,162,163,23,27,24,97,35,20,20,19,18,25,18,31,19,126,133,22,25,29,29,7,112,18,18,18,180,12,18,34,31,145,20,98,27,26,26,15,59,19,7,5,181,4,4,182,234,234,107,107,106,37,88,48,24,11,24,12,13,360,34,34,420,192,99,111,19,11,48,34,191,94,40,86,0,1,1,10,12,4,3,43,38,85,85,85,16,3,3,18,18,18,46,46,35,23,23,13,21,17,15,17,27,27,16,8,9,24,16,23,21,48,48,188,30,186,17,15,420,85,42,32,33,33,33,10,10,21,92,300,32,28,30,38,23,23,17,6,39,39,40,124,54,13,17,30,29,46,90,124,420,19,360,360,38,38,40,40,40,102,102,25,9,31,30,31,31,31,31,30,31,31,99,30,21,480,49,49,49,37,23,23,20,33,34,80,80,80,32,33,480,27,26,46,46,12,11,115,124,19,19,29,135,136,39,32,47,8,9,9,32,32,10,46,25,25,19,19,19,83,30,30,31,31,8,24,19,19,18,17,17,33,90,89,188,160,163,163,163,18,18,18,103,18,17,24,87,20,19,20,15,6,6,12,6,33,25,27,24,28,30,29,29,29,30,31,31,35,35,179,9,9,8,14,17,14,41,19,360,20,21,32,34,27,28,18,19,36,36,32,28,28,9,42,26,47,41,112,20,27,27,21,78,25,23,300,23,26,19,98,46,55,10,43,24,22,24,55,49,46,20
34,47,77,480,42,31,31,31,32,32,25,17,17,16,17,16,17,16,40,300,23,140,51,36,36,39,39,189,163,163,163,163,24,27,25,97,34,20,20,19,19,26,19,31,19,127,133,23,26,30,30,7,111,19,19,19,181,12,18,34,32,146,20,99,28,26,27,14,60,19,7,5,181,4,5,182,235,235,106,106,106,37,89,48,25,10,25,12,12,360,35,34,420,192,99,110,19,12,48,35,191,94,41,86,1,0,1,9,11,4,3,43,38,85,85,85,16,2,2,18,18,18,46,46,35,23,24,14,21,17,16,17,27,27,16,8,9,24,16,24,22,48,48,189,31,187,17,16,420,85,42,33,33,33,33,10,10,21,92,300,32,29,30,39,23,24,17,6,40,40,40,125,54,13,17,30,29,46,90,125,420,20,360,360,38,38,40,41,41,102,102,25,8,31,30,32,31,31,31,30,32,32,99,31,21,480,50,49,49,38,23,23,20,33,34,80,80,80,33,34,480,26,26,46,46,12,12,116,125,19,19,29,135,136,39,32,47,8,9,9,33,32,11,46,26,25,20,19,19,83,30,30,31,32,8,24,19,19,19,18,18,34,90,89,189,160,163,163,163,18,18,19,103,19,17,24,87,21,20,20,15,7,6,13,6,33,26,28,24,29,31,29,29,29,31,31,32,36,36,179,9,9,9,14,18,14,41,19,360,19,21,33,35,28,29,19,19,36,37,33,29,29,8,42,27,47,41,112,21,27,27,20,78,25,23,300,23,26,19,99,46,55,9,43,24,23,24,55,49,46,20
34,47,77,480,43,32,32,32,32,33,25,16,16,16,17,16,17,15,40,300,24,141,51,35,36,38,39,190,163,164,163,164,24,28,25,97,35,21,21,20,19,26,19,31,19,127,134,23,26,30,30,7,111,19,19,19,181,12,18,34,31,146,19,100,28,27,27,14,61,18,6,4,180,3,5,181,235,235,106,106,106,37,88,47,25,10,25,12,12,360,34,33,420,193,98,110,20,12,48,35,192,94,40,86,1,1,0,9,10,4,3,44,37,85,84,84,15,1,2,17,18,18,46,46,35,23,24,14,20,17,15,17,27,27,15,8,9,24,16,23,21,47,47,189,31,187,17,16,420,84,41,33,34,33,33,11,11,20,92,300,33,29,30,38,23,24,17,6,40,40,40,125,54,13,17,29,28,46,90,125,420,19,360,360,38,38,41,41,41,102,102,26,8,31,31,32,31,32,32,31,32,32,99,31,21,480,50,49,49,38,23,24,21,33,35,81,81,81,33,34,480,25,26,46,46,12,12,116,124,18,18,29,136,136,38,33,47,7,9,8,33,32,11,46,26,25,20,19,19,83,30,30,32,32,8,25,20,20,19,18,18,33,89,88,189,160,163,163,163,18,19,19,103,19,18,24,87,21,20,21,16,7,7,13,6,33,26,28,25,29,31,30,30,30,31,31,32,36,36,179,9,9,9,14,17,14,42,18,360,19,20,33,35,28,29,19,19,37,37,33,29,29,7,41,27,47,40,112,21,27,28,20,79,24,23,300,24,27,19,99,46,55,9,43,25,23,25,54,49,46,20
38,52,86,480,47,38,38,38,40,40,34,20,20,21,21,20,20,19,44,300,33,149,55,39,39,42,42,198,168,168,167,168,33,36,34,93,39,29,29,24,28,30,28,36,22,136,142,32,35,39,39,10,108,28,28,28,190,14,20,37,35,155,12,108,37,36,36,7,69,15,5,6,178,8,10,179,244,244,103,103,104,32,92,40,34,3,34,4,5,360,38,37,420,201,95,107,25,18,52,39,200,90,45,89,10,9,9,0,2,8,8,46,39,87,86,86,16,7,7,20,20,20,48,49,38,25,27,21,22,19,17,19,29,29,17,11,11,26,17,25,23,49,49,196,34,194,20,23,420,87,43,37,39,40,41,17,17,15,94,300,39,36,32,40,26,27,19,14,43,43,43,132,56,18,25,31,31,48,92,132,420,21,360,360,42,42,44,45,45,94,94,33,4,39,38,39,39,39,39,38,39,39,91,38,23,480,53,53,53,41,31,31,28,39,41,88,88,88,36,37,480,20,28,48,48,20,19,119,123,11,11,37,143,144,40,40,51,9,10,10,40,39,14,48,31,31,27,24,24,85,33,33,37,38,10,32,27,27,27,25,25,35,91,90,196,163,166,166,166,23,23,23,95,24,25,32,79,28,27,28,23,14,14,20,14,41,33,35,32,36,38,37,37,37,38,39,39,42,41,187,15,15,14,19,19,19,48,12,360,13,15,38,39,34,34,26,27,39,39,35,35,36,1,43,30,49,42,115,25,34,35,11,86,27,25,360,28,31,27,106,48,57,1,46,32,30,32,46,52,48,28
40,54,88,480,49,40,40,40,42,42,36,22,22,23,23,22,22,20,46,300,34,151,57,41,41,44,44,200,170,170,169,170,35,38,36,92,41,31,31,26,30,32,30,38,24,138,144,34,37,41,41,12,107,30,30,30,192,14,20,36,37,157,10,110,39,37,38,5,71,14,7,8,177,10,12,178,246,246,102,102,103,31,94,39,36,1,36,3,3,360,40,39,420,203,95,106,27,20,54,41,202,89,47,91,12,11,10,2,0,9,9,47,41,89,88,88,16,8,8,21,21,21,49,51,40,26,28,23,24,20,19,20,30,30,19,12,12,27,17,27,25,51,51,198,35,196,22,25,420,88,45,39,40,42,42,19,19,14,95,300,41,38,34,42,28,28,21,15,44,44,45,134,58,20,26,33,32,49,93,134,420,23,360,360,44,44,46,46,46,92,92,34,3,40,39,41,40,40,40,40,41,41,89,40,25,480,55,55,55,43,32,33,30,40,42,89,89,89,38,39,480,19,29,49,49,21,21,120,121,9,9,38,144,145,42,41,52,11,12,11,42,41,15,49,33,32,29,25,25,87,35,35,39,39,11,33,29,28,28,27,27,37,93,92,198,165,168,168,168,24,24,25,93,25,26,33,77,30,29,29,24,16,15,21,15,42,35,37,33,38,40,39,39,39,40,40,41,44,42,188,16,16,16,20,21,20,49,11,360,12,14,40,41,36,36,28,28,41,41,37,37,38,3,45,32,51,44,117,26,36,37,9,87,28,26,360,29,33,28,108,49,59,3,48,33,32,33,44,54,49,29
31,44,78,480,40,30,30,30,32,32,26,13,13,13,14,13,14,12,37,300,25,142,48,32,33,35,36,191,160,160,160,160,25,28,25,99,31,22,22,16,20,23,20,28,16,128,135,24,27,31,31,4,114,20,20,20,182,9,15,32,28,147,20,100,29,28,28,15,61,19,7,5,183,1,2,184,236,236,109,109,109,37,85,48,26,11,26,12,13,360,31,30,420,193,101,113,16,9,45,32,193,96,37,83,4,4,4,8,9,0,2,41,34,82,81,81,13,4,5,14,14,14,42,43,32,19,21,15,17,13,12,14,23,23,12,5,5,21,14,20,18,44,44,190,28,188,14,17,420,81,38,31,32,33,33,10,10,21,88,299,32,30,27,35,20,20,14,7,36,36,37,126,51,11,18,26,25,42,86,126,420,16,360,360,36,36,38,38,39,99,99,26,8,32,31,33,32,32,32,31,33,33,97,31,18,480,46,46,46,35,24,24,21,32,34,81,81,81,30,31,480,26,22,42,42,13,13,112,121,19,19,30,136,137,35,32,44,4,5,5,32,32,8,42,24,23,21,16,16,80,27,27,31,31,4,25,20,20,19,18,18,30,86,85,190,157,160,160,160,15,15,16,100,16,17,24,84,22,21,21,16,7,7,12,7,33,27,27,25,29,31,29,29,29,31,31,32,36,35,180,7,7,6,11,14,11,41,19,360,19,21,31,33,27,27,20,20,33,33,29,28,28,8,38,24,44,37,109,18,28,28,20,79,21,19,300,20,25,20,100,42,52,10,40,25,24,25,55,46,42,21
31,45,78,480,41,31,31,31,33,33,26,14,14,14,14,13,14,13,37,300,25,142,48,33,33,36,36,191,161,161,160,161,25,28,26,97,32,21,22,17,20,23,20,29,16,128,135,24,27,31,31,4,112,20,20,20,182,9,16,32,28,147,20,100,29,28,28,15,61,19,7,5,181,1,2,182,236,236,107,107,107,37,85,48,26,11,26,12,13,360,32,31,420,193,99,111,18,11,45,32,193,94,37,83,3,3,3,8,9,2,0,41,34,82,82,82,13,2,3,15,15,15,43,44,32,20,21,15,17,14,12,14,24,24,13,5,6,21,14,20,18,44,45,190,28,188,14,17,420,82,38,31,33,34,34,11,11,21,89,300,33,30,27,35,21,21,14,7,37,37,37,126,51,13,18,27,26,43,87,126,420,16,360,360,36,36,39,39,39,99,99,26,8,32,31,33,32,32,32,31,33,33,97,32,18,480,47,47,47,35,24,24,21,33,35,81,81,81,30,31,480,26,23,43,43,13,13,113,121,19,19,30,136,137,35,33,45,5,6,6,34,33,8,43,25,25,21,18,18,80,27,28,32,33,5,25,20,20,20,19,19,30,87,85,190,157,160,160,160,17,17,18,101,18,18,25,84,22,21,21,16,8,7,14,7,34,27,29,25,30,32,30,30,30,32,32,33,37,35,180,9,9,9,13,14,13,42,19,360,19,21,33,34,29,29,20,20,34,34,30,30,30,8,38,24,44,37,110,19,28,28,20,79,22,20,300,22,26,20,100,43,52,10,40,25,24,25,55,46,43,21
12,6,81,480,3,19,19,19,19,19,30,28,29,29,29,28,29,33,10,288,38,113,6,10,10,8,7,153,121,121,120,121,37,23,24,138,14,44,44,24,45,19,46,17,30,148,109,31,28,36,36,37,153,42,42,42,146,41,35,41,19,109,58,120,34,29,29,53,49,58,46,44,222,40,38,223,198,198,148,148,148,76,67,86,32,48,32,50,51,300,21,21,420,160,140,152,25,32,27,11,156,135,9,64,43,43,44,46,47,41,41,0,18,66,65,65,42,46,46,31,31,31,4,6,9,30,23,43,26,30,32,29,19,19,31,40,38,22,42,22,25,28,28,156,16,158,29,43,360,65,3,15,17,17,20,37,37,62,72,283,18,33,21,19,22,22,32,42,5,5,4,102,12,35,38,26,29,4,70,100,420,34,300,300,10,10,7,7,7,128,128,34,49,40,39,41,40,41,41,39,41,41,126,19,25,420,9,9,9,7,37,37,33,15,16,87,87,87,12,11,420,68,26,4,4,40,41,76,105,60,60,34,110,111,7,21,6,43,41,41,20,21,36,27,22,23,36,31,31,64,16,16,18,18,39,35,29,29,29,31,31,16,70,69,156,120,123,123,123,31,29,29,130,30,31,24,113,34,35,34,40,41,41,35,41,17,24,22,26,22,23,21,21,21,19,19,18,14,15,146,39,39,39,33,38,34,11,61,300,61,63,15,13,21,19,39,40,7,7,11,21,21,49,4,19,5,5,72,24,37,38,61,85,42,27,298,24,23,37,96,4,13,50,2,35,33,35,96,9,4,47
12,25,76,480,15,15,15,15,16,16,25,21,20,22,20,21,20,22,17,275,33,131,22,9,9,10,11,171,137,137,136,137,31,19,18,131,13,38,38,19,39,14,40,12,18,143,126,26,23,31,31,30,146,37,37,37,164,28,23,24,7,127,51,115,29,23,23,46,59,52,39,37,216,34,33,217,216,216,141,141,141,70,53,79,27,41,27,43,44,360,6,7,420,178,134,145,20,27,13,12,174,128,17,51,38,38,37,39,41,34,34,18,0,51,50,50,27,37,38,20,20,20,18,22,12,16,14,34,17,21,23,21,10,10,22,31,29,13,28,14,16,13,13,172,10,173,21,35,360,50,14,13,15,16,18,30,30,54,58,269,15,27,6,4,14,14,20,35,14,14,14,117,26,28,30,10,12,18,56,115,420,20,300,300,16,16,19,19,19,110,110,26,40,32,31,33,32,33,33,31,33,33,107,14,17,480,23,23,23,13,29,29,25,13,15,79,79,79,10,10,480,59,11,18,18,33,33,90,90,51,51,27,125,126,11,17,21,34,32,32,17,16,28,12,15,16,28,23,23,49,9,10,14,14,30,27,21,21,21,23,23,5,55,54,172,135,138,138,138,24,22,22,111,23,23,17,95,26,27,26,32,34,35,28,34,16,19,17,19,16,18,16,16,16,15,15,16,16,15,163,32,32,32,27,23,27,22,52,300,52,54,13,14,14,13,31,32,11,11,9,15,16,40,13,12,19,12,87,17,29,30,52,77,28,15,300,16,15,29,98,18,27,41,19,27,25,27,86,24,18,39
60,69,123,480,63,62,62,63,64,64,72,69,70,70,69,69,69,71,64,225,81,165,61,56,57,58,59,173,121,121,120,121,79,67,66,179,61,86,86,67,87,62,88,60,67,190,161,74,71,78,78,78,194,84,84,84,172,78,73,61,56,136,97,162,76,71,71,94,107,99,87,85,263,81,81,264,217,217,189,189,189,117,1,119,75,89,75,92,92,300,54,54,420,186,181,193,67,74,38,60,180,176,65,3,85,85,85,87,89,82,82,66,51,0,1,1,80,88,88,73,73,72,64,66,63,68,65,85,68,72,74,71,61,61,73,82,80,64,80,64,67,41,42,179,61,185,72,86,360,3,65,64,66,67,69,81,81,105,9,222,66,78,59,50,65,65,73,85,65,65,65,155,65,78,80,63,64,64,5,153,420,72,300,300,67,67,70,70,70,114,114,77,91,83,82,84,83,83,83,82,84,84,110,65,68,480,65,65,65,64,80,80,76,64,66,130,130,130,61,60,480,110,64,64,64,83,84,74,43,102,102,78,163,164,62,67,65,85,83,83,68,67,79,45,65,66,79,74,74,3,60,61,65,65,81,78,72,72,72,74,74,56,7,4,182,120,123,123,123,75,72,73,116,73,74,67,106,77,77,77,82,84,85,78,84,67,70,68,70,67,69,67,67,67,66,66,67,67,66,172,82,82,82,77,75,77,73,103,300,103,105,64,65,65,64,82,83,62,62,60,66,67,91,64,63,62,63,73,68,80,81,103,128,80,67,300,67,66,79,148,64,66,92,69,78,76,78,127,66,64,90
59,69,123,480,62,62,62,62,64,63,72,69,69,69,69,69,69,71,64,226,80,165,60,56,56,57,58,173,120,120,120,120,78,66,65,178,61,86,86,66,87,61,87,60,66,190,160,73,70,78,78,77,193,84,84,84,172,77,72,61,56,136,97,162,76,70,70,93,106,99,87,84,263,81,80,264,217,217,188,188,188,117,1,118,74,89,74,91,91,300,53,54,420,186,181,192,67,74,37,59,180,175,64,3,85,85,84,86,88,81,82,65,50,1,0,90,79,88,88,72,72,72,63,65,63,68,64,85,67,71,74,71,60,60,73,81,80,64,80,64,67,41,42,179,61,185,72,86,360,2,64,64,65,67,68,80,80,104,8,223,66,77,59,50,64,64,72,85,64,64,65,155,65,78,80,62,64,63,5,153,420,72,300,300,67,67,69,69,70,114,115,76,90,83,82,83,83,83,83,82,83,83,111,65,67,480,64,64,64,64,79,80,76,64,66,130,130,130,61,60,480,110,63,63,63,83,83,74,44,101,101,77,163,163,61,67,64,85,82,83,67,67,78,45,65,66,78,74,74,2,60,60,65,65,81,77,71,72,72,73,73,56,7,4,182,120,123,123,123,74,72,72,117,73,73,67,107,76,77,77,82,84,84,78,84,67,69,67,69,67,69,66,66,66,66,66,67,67,66,172,82,82,82,76,75,77,73,102,300,103,104,64,64,65,63,81,83,61,61,60,66,66,91,64,62,62,63,73,67,80,80,103,128,80,67,300,67,65,79,148,63,66,92,68,78,75,78,127,66,63,90
59,69,123,480,62,62,62,62,64,63,72,69,69,69,69,69,69,71,64,226,80,165,60,56,56,57,58,173,120,120,120,120,78,66,65,178,61,86,86,66,87,61,87,60,66,190,160,73,70,78,78,77,193,84,84,84,172,77,72,61,56,136,97,162,76,70,70,93,106,99,87,84,263,81,80,264,217,217,188,188,188,117,1,118,74,89,74,91,91,300,53,54,420,186,181,192,67,74,37,59,180,175,64,3,85,85,84,86,88,81,82,65,50,1,90,0,79,88,88,72,72,72,63,65,63,68,64,85,67,71,74,71,60,60,73,81,80,64,80,64,67,41,42,179,61,185,72,86,360,2,64,64,65,67,68,80,80,104,8,223,66,77,59,50,64,64,72,85,64,64,65,155,65,78,80,62,64,63,5,153,420,72,300,300,67,67,69,69,70,114,115,76,90,83,82,83,83,83,83,82,83,83,111,65,67,480,64,64,64,64,79,80,76,64,66,130,130,130,61,60,480,110,63,63,63,83,83,74,44,101,101,77,163,163,61,67,64,85,82,83,67,67,78,45,65,66,78,74,74,2,60,60,65,65,81,77,71,72,72,73,73,56,7,4,182,120,123,123,123,74,72,72,117,73,73,67,107,76,77,77,82,84,84,78,84,67,69,67,69,67,69,66,66,66,66,66,67,67,66,172,82,82,82,76,75,77,73,102,300,103,104,64,64,65,63,81,83,61,61,60,66,66,91,64,62,62,63,73,67,80,80,103,128,80,67,300,67,65,79,148,63,66,92,68,78,75,78,127,66,63,90
31,44,82,480,38,30,30,30,32,32,28,11,11,13,12,11,12,5,36,300,32,146,46,30,31,33,34,191,160,160,159,160,30,28,26,108,31,35,35,16,33,23,33,28,9,141,139,26,29,37,37,12,123,33,33,33,184,2,4,21,21,147,26,113,35,30,30,21,66,28,17,15,193,12,13,193,236,236,118,118,119,46,79,54,28,15,28,18,19,360,24,23,420,198,110,122,17,11,39,32,194,105,37,77,16,16,15,16,16,13,13,42,27,80,79,79,0,14,14,12,12,12,40,42,31,11,19,27,15,11,10,11,21,21,10,13,12,18,1,17,15,37,37,191,27,191,13,29,420,75,36,30,32,33,34,13,13,29,82,293,32,32,19,29,19,20,11,18,35,35,36,129,48,12,25,19,17,40,80,129,420,8,360,360,35,35,37,38,38,94,95,29,15,37,37,38,38,38,38,37,38,38,92,31,16,480,45,46,46,34,28,28,23,32,34,85,85,85,29,30,480,34,15,40,40,25,25,112,113,26,26,33,140,141,33,33,43,11,10,9,33,32,10,34,24,24,24,17,17,73,26,26,30,31,12,27,20,20,20,19,19,27,79,78,191,156,159,159,159,16,16,16,96,17,18,25,79,23,23,23,27,17,18,14,17,33,27,28,26,29,31,30,30,30,31,31,32,35,34,181,15,15,15,13,5,13,41,27,360,27,29,31,32,27,27,27,29,32,32,28,28,29,16,36,23,41,35,108,18,34,34,26,83,13,17,300,21,24,25,103,40,49,17,39,27,25,28,60,45,40,33
34,47,79,480,43,33,33,33,34,34,27,16,16,16,17,16,16,15,39,300,25,142,51,35,35,38,38,191,163,163,162,163,26,29,27,95,34,22,22,19,21,26,21,31,18,129,135,25,28,32,32,7,110,21,21,21,183,11,18,34,31,148,19,101,30,28,29,14,62,18,5,4,179,3,5,180,237,237,104,104,104,36,88,47,27,9,27,11,11,360,34,33,420,194,97,109,20,13,48,35,193,92,40,85,3,2,1,7,8,4,2,46,37,88,88,88,14,0,1,17,17,17,45,46,34,22,23,15,20,16,14,16,26,26,15,7,8,23,15,22,20,47,47,190,30,188,16,18,420,84,41,33,35,35,35,12,12,19,91,300,34,31,29,37,23,23,16,8,39,39,40,126,53,15,19,29,28,45,89,126,420,18,360,360,38,38,41,41,41,101,101,27,7,33,32,33,33,33,33,32,33,33,98,32,21,480,49,49,49,37,25,25,22,35,36,82,82,82,32,33,480,24,25,45,45,14,13,115,123,17,17,31,137,138,38,34,47,7,8,8,34,34,10,45,27,27,22,21,20,82,29,30,33,33,7,26,21,21,21,19,19,32,89,87,190,159,163,163,163,19,19,20,102,20,19,26,86,22,21,22,17,8,8,14,8,35,27,29,26,30,32,31,31,31,33,33,33,38,37,181,11,11,10,16,16,16,43,17,360,17,19,35,36,29,30,20,21,36,36,32,30,30,7,40,26,46,39,112,21,29,29,19,80,24,22,300,24,28,21,100,45,54,8,42,26,24,26,54,49,45,22
34,47,79,480,43,34,34,34,34,34,27,16,16,16,17,16,17,15,40,300,26,143,51,35,36,38,39,192,163,163,163,163,26,29,27,95,34,23,23,19,21,26,21,31,19,129,136,25,28,32,32,7,109,21,21,21,183,12,18,34,31,148,19,101,30,29,29,14,62,17,5,4,179,3,5,180,237,237,104,104,104,35,88,47,27,9,27,11,12,360,34,33,420,194,97,108,21,13,48,35,194,92,40,86,3,2,2,7,8,5,3,46,38,88,88,88,14,1,0,17,17,17,45,46,35,22,23,16,20,16,15,16,26,26,15,8,8,23,15,23,21,47,47,190,30,189,17,18,420,84,41,34,35,35,35,12,12,19,91,300,34,31,30,38,23,23,16,8,39,39,40,127,53,15,19,29,28,45,89,127,420,19,360,360,39,39,41,41,41,101,101,27,7,33,32,34,33,33,33,32,34,34,98,33,21,480,49,49,49,37,25,25,22,35,36,82,82,82,32,33,480,24,25,45,45,14,13,115,124,17,17,31,137,138,38,34,47,7,8,8,34,34,10,45,28,27,22,21,20,83,30,30,33,34,7,26,21,21,21,20,19,33,89,88,191,160,163,163,163,19,19,20,102,20,19,26,86,22,22,22,17,9,8,15,8,35,28,29,26,31,32,31,31,31,33,33,34,38,38,181,11,11,11,16,17,16,43,17,360,17,19,35,36,30,31,21,21,36,36,32,31,31,7,41,27,47,40,112,21,29,29,19,80,24,22,300,24,28,21,100,45,55,8,43,26,25,26,54,49,45,22
21,34,72,480,28,20,20,21,22,22,18,1,1,2,1,2,2,7,27,293,22,136,35,20,20,22,23,181,150,150,150,150,20,18,16,111,21,26,26,6,27,12,27,18,4,135,129,16,19,27,27,10,126,24,24,24,174,14,9,23,14,137,32,108,25,20,20,26,56,32,20,18,196,14,13,197,226,226,121,121,121,50,72,60,18,22,18,24,24,360,17,16,420,188,114,125,7,7,32,22,184,108,27,70,18,18,17,20,21,14,15,31,20,73,72,72,12,17,17,0,1,1,30,33,22,5,9,20,5,1,3,1,11,11,2,11,9,8,13,8,5,31,31,182,18,182,3,22,360,68,26,21,23,24,24,10,10,34,76,287,23,23,13,23,10,10,1,15,25,25,26,120,38,10,16,12,11,30,74,120,420,6,360,360,26,26,28,29,29,104,104,20,20,28,27,29,28,29,29,27,29,29,102,22,6,480,35,36,36,24,19,19,14,23,25,76,76,76,19,20,480,39,9,30,30,19,19,103,108,31,31,23,131,131,23,23,33,14,12,12,24,23,8,28,15,15,15,7,7,67,17,17,21,22,10,18,11,11,10,10,9,17,73,72,182,147,150,150,150,7,7,7,106,8,9,15,89,14,13,14,18,14,15,10,14,24,18,19,16,20,22,20,20,20,22,22,23,26,25,172,12,12,12,8,9,8,32,32,360,32,34,22,23,18,18,18,19,22,22,18,19,20,20,26,14,31,25,100,8,25,25,32,74,14,7,300,12,15,15,94,30,39,21,30,18,16,19,67,37,30,26
21,35,72,480,28,21,21,21,22,22,18,2,1,3,1,2,2,7,27,293,22,136,35,20,20,23,23,181,150,150,150,151,20,18,16,111,21,26,26,6,27,13,27,18,4,136,129,16,19,27,27,10,127,24,24,24,174,14,9,23,14,137,32,108,25,20,20,26,56,32,20,18,196,14,14,197,226,226,121,121,121,50,72,60,18,22,18,24,24,360,17,16,420,188,114,125,7,7,32,22,184,108,27,70,18,18,18,20,21,14,15,31,20,73,72,72,12,17,17,1,0,1,30,34,22,5,9,21,5,1,3,1,11,11,2,11,9,8,13,8,6,31,30,182,18,182,3,22,360,68,26,21,23,24,25,11,11,34,76,287,23,23,13,22,10,10,1,15,25,25,26,120,39,10,16,12,11,30,74,120,420,6,360,360,26,26,28,29,29,104,105,20,20,28,28,29,28,29,29,27,29,29,102,22,6,480,36,36,36,24,19,19,14,23,25,76,76,76,19,20,480,39,9,30,30,19,19,103,108,31,31,24,131,132,23,23,33,14,12,12,24,23,8,28,15,15,15,8,7,67,17,18,21,22,10,18,11,11,10,10,10,18,73,72,182,147,150,150,150,7,7,7,106,8,9,15,89,14,14,14,18,14,15,10,14,24,18,19,17,20,22,21,21,21,22,22,23,26,25,172,12,12,12,8,9,9,32,32,360,32,34,22,24,18,18,18,19,22,22,18,19,20,20,26,14,32,25,100,8,25,25,32,74,14,7,300,12,15,16,94,30,40,22,30,18,16,19,67,37,30,26
21,35,73,480,28,21,21,21,23,23,18,2,1,3,1,2,1,7,27,293,23,136,35,20,20,23,23,181,151,151,150,151,20,19,16,112,22,26,26,6,27,13,27,18,4,136,129,16,19,27,27,11,127,24,24,24,174,15,9,23,14,137,32,108,25,20,20,27,56,32,20,18,196,14,14,197,226,226,122,122,121,50,72,60,18,22,18,24,24,360,17,16,420,188,114,126,7,7,32,22,185,109,27,70,18,18,18,20,21,14,15,31,20,72,72,72,12,17,17,1,1,0,30,34,22,5,9,21,5,1,3,2,11,11,2,11,9,8,13,8,6,31,30,182,18,182,3,23,360,68,26,21,23,24,25,11,11,34,75,286,24,23,13,22,10,10,1,15,26,26,26,120,39,10,16,12,11,30,73,121,420,6,360,360,26,26,29,29,29,105,105,21,20,28,28,29,29,29,29,28,29,29,102,22,6,480,36,36,36,24,19,19,14,23,25,76,76,76,19,20,480,39,9,30,30,19,19,103,108,31,31,24,131,132,23,24,33,14,12,13,24,23,8,28,15,15,15,8,8,67,17,18,22,22,10,18,12,11,11,10,10,18,73,72,182,147,151,151,151,7,7,8,106,8,9,16,89,14,14,14,18,14,15,10,14,24,18,19,17,20,22,21,21,21,22,22,23,26,25,173,12,12,12,9,9,9,32,32,360,32,34,23,24,18,19,18,20,22,22,18,19,20,20,26,14,32,25,100,9,25,25,33,74,14,7,300,12,15,16,94,30,40,22,30,18,16,19,67,37,30,26
16,8,86,480,7,22,22,22,23,23,35,30,30,31,31,30,31,35,13,284,43,113,3,12,12,10,9,152,121,121,120,121,41,27,27,140,17,48,48,27,49,22,50,21,31,153,109,36,33,41,40,39,155,47,47,47,146,43,37,42,21,109,60,125,39,33,33,55,51,60,48,46,224,42,42,225,198,198,150,150,149,78,63,88,37,50,37,52,52,300,22,23,420,159,142,154,28,35,28,15,156,137,13,61,46,46,46,48,49,42,43,4,18,64,63,63,40,45,45,30,30,30,0,5,13,32,25,46,28,32,34,31,21,21,33,42,40,24,44,24,27,30,30,156,20,158,32,48,360,61,6,19,21,21,23,41,41,65,68,279,22,37,23,21,25,25,34,46,9,9,8,102,8,38,42,28,31,31,66,100,420,36,300,300,14,14,11,11,11,130,130,38,51,45,44,45,45,45,45,44,45,45,127,23,28,420,6,6,6,10,41,42,38,19,20,92,92,92,16,15,420,70,27,27,27,44,45,76,101,62,62,38,110,111,9,24,3,45,43,43,24,24,39,28,25,26,40,35,35,60,20,20,22,22,41,39,32,32,33,34,34,17,66,65,156,120,123,123,123,35,32,33,131,34,35,27,115,38,39,38,44,45,45,38,45,21,28,26,30,25,26,24,24,24,23,23,22,17,19,146,43,43,43,37,39,37,14,63,300,63,65,19,17,25,23,43,45,11,11,15,25,25,51,5,23,1,6,72,27,42,42,63,90,44,29,299,27,26,41,98,98,9,52,5,39,37,40,98,7,7,51
14,6,83,480,9,21,21,21,21,21,32,34,34,31,34,33,34,37,12,286,41,108,3,17,17,15,14,147,115,115,114,115,39,25,26,140,16,46,46,28,47,22,48,19,35,150,103,34,31,38,38,41,155,44,44,44,140,45,40,47,25,103,61,122,37,31,31,56,49,61,49,46,225,43,41,226,192,192,150,150,150,79,65,90,35,52,35,54,54,300,27,28,420,154,143,154,28,35,31,13,150,137,12,63,46,46,46,49,51,43,44,6,22,66,65,65,42,46,46,33,34,34,5,0,12,36,26,45,31,35,36,35,24,24,36,43,42,28,46,28,30,33,34,150,18,152,33,46,360,63,10,18,19,20,21,41,41,65,71,282,20,35,28,26,25,25,37,45,10,10,9,96,8,38,40,33,36,5,69,95,360,40,300,300,13,13,10,10,9,135,135,36,53,43,42,43,43,43,43,42,43,43,132,22,30,420,3,3,3,11,39,39,36,18,18,90,90,90,16,15,420,71,32,5,5,43,44,70,103,63,63,36,105,105,13,22,3,48,45,45,22,22,40,33,25,26,38,34,34,62,19,19,21,20,43,37,31,32,32,33,33,22,68,67,151,115,118,118,118,35,32,33,136,33,33,27,120,36,37,36,42,44,45,38,44,18,26,24,28,23,24,22,22,22,21,21,20,15,17,141,42,42,42,37,42,37,12,64,300,64,66,18,16,23,22,41,43,14,13,18,23,23,53,10,23,5,11,67,28,40,40,65,87,48,32,293,27,25,39,96,5,8,54,5,37,35,38,100,3,5,49
3,11,72,480,6,9,9,10,11,11,21,22,22,20,23,22,23,26,3,284,29,118,15,5,5,4,5,158,126,126,125,126,27,15,15,129,5,35,35,16,36,11,36,8,24,139,113,22,19,27,27,29,144,33,33,33,150,34,28,36,14,115,50,111,25,20,20,45,54,49,37,35,213,31,30,214,203,203,139,139,139,68,63,78,24,41,23,43,43,300,17,18,420,164,131,143,17,24,23,2,161,126,3,60,35,35,35,38,40,32,32,9,12,63,63,63,31,34,35,22,22,22,13,12,0,24,14,34,19,23,24,23,12,12,24,31,30,16,34,16,19,24,24,160,6,161,21,34,360,61,8,6,8,9,12,29,29,53,69,280,9,25,16,15,13,13,25,33,5,5,5,106,19,26,28,21,24,13,67,104,420,28,300,300,5,5,7,7,7,123,123,24,41,31,30,31,31,31,31,30,31,31,121,11,18,420,15,14,14,3,27,28,24,6,8,78,78,78,4,3,420,59,20,13,13,32,32,81,101,51,51,25,114,115,4,13,12,36,33,33,12,12,28,23,13,14,26,22,23,60,7,7,10,9,31,25,20,20,20,21,22,12,66,65,161,125,128,128,128,23,20,21,124,22,22,15,108,24,25,25,30,32,33,26,32,9,16,14,16,13,15,13,13,13,11,11,10,7,6,151,30,30,30,25,30,25,11,52,300,52,54,6,4,12,10,30,31,3,3,6,13,13,41,8,11,14,7,77,16,28,28,53,76,36,20,300,15,13,27,96,13,20,42,8,26,23,26,88,14,13,38
21,34,73,480,27,20,20,20,22,22,18,6,6,8,5,7,6,7,26,289,23,136,34,19,20,22,23,181,150,150,149,150,20,19,16,117,21,26,26,6,27,13,27,18,3,136,129,17,19,27,27,15,132,24,24,24,174,14,9,19,9,137,37,108,25,20,20,31,56,37,25,23,201,19,19,202,226,226,126,126,126,55,68,64,18,26,18,29,29,360,12,12,420,188,119,131,8,12,28,22,184,113,27,65,23,23,23,25,26,19,20,30,16,68,68,68,11,22,22,5,5,5,32,36,24,0,9,20,4,5,8,5,10,10,7,15,14,8,12,7,5,26,26,181,17,182,6,22,360,63,24,20,22,23,24,15,15,38,71,282,22,23,8,17,9,9,5,19,24,24,25,120,36,12,16,7,6,28,69,120,420,4,360,360,25,25,27,28,28,104,104,20,24,28,27,28,28,28,28,27,28,28,102,21,5,480,34,34,34,23,18,19,13,22,24,75,75,75,18,19,480,43,4,28,28,18,19,102,103,35,35,23,130,131,22,23,31,19,16,17,23,23,12,23,14,15,14,8,8,62,16,16,20,21,15,17,11,11,10,9,9,16,68,67,181,146,149,149,149,9,6,7,106,7,8,15,89,14,13,14,17,18,19,12,18,24,17,18,16,19,22,20,20,20,22,22,22,25,24,171,16,16,17,11,7,11,31,36,360,37,38,21,22,18,17,18,19,21,21,17,19,19,25,24,13,30,23,98,8,24,25,37,73,12,7,300,11,15,15,94,28,37,26,29,17,16,18,71,35,28,26
11,24,64,480,19,10,10,10,12,12,13,9,9,9,10,9,10,14,16,285,21,128,27,11,12,14,15,171,140,140,139,140,20,9,7,118,11,26,26,5,27,2,28,8,11,131,121,14,11,19,19,18,133,24,24,24,164,22,16,27,8,127,39,103,17,12,12,34,48,38,26,24,202,20,19,203,216,216,128,128,127,56,64,67,15,29,15,31,31,360,11,11,420,177,120,132,5,12,24,12,174,115,17,62,23,24,24,27,28,21,21,23,14,65,64,64,19,23,23,9,9,9,25,26,14,9,0,22,5,9,11,9,4,4,10,18,17,2,21,2,5,24,24,172,8,173,7,24,360,61,18,12,13,14,16,16,16,41,69,280,14,16,8,15,1,1,11,21,17,17,18,113,31,14,17,13,15,23,67,113,420,14,300,300,17,17,19,19,19,112,112,15,28,21,21,22,22,22,22,21,22,22,110,13,4,480,27,27,27,15,18,19,14,13,15,68,68,68,10,11,480,46,8,23,23,20,20,93,101,39,39,16,124,124,15,15,25,22,20,20,15,15,15,23,6,6,16,10,10,60,8,8,12,12,18,15,8,8,8,9,9,10,66,65,173,138,141,141,141,10,8,8,114,9,9,7,97,15,15,15,19,20,21,14,20,16,9,10,8,11,14,12,12,12,14,14,14,17,15,163,18,18,18,13,17,13,22,39,300,39,41,13,14,9,9,19,21,14,14,10,10,10,28,18,4,24,17,90,4,18,19,40,66,22,6,300,3,6,17,87,23,32,30,21,16,14,16,75,27,23,27
30,40,63,480,39,25,25,25,24,24,12,21,21,19,21,20,21,24,33,300,10,127,49,33,34,36,37,178,159,159,158,159,10,20,18,106,28,8,8,16,9,22,9,25,22,118,120,10,13,16,16,17,118,6,6,6,167,24,27,39,29,134,33,91,14,15,15,28,47,33,20,18,187,16,15,188,224,224,112,112,112,51,85,61,12,24,12,26,26,360,32,31,420,179,105,117,16,20,45,32,179,103,33,83,13,14,14,21,23,15,15,43,34,85,85,85,27,15,16,20,21,21,46,45,34,20,22,0,19,20,21,20,25,25,21,17,18,22,29,22,19,45,45,176,27,174,18,5,360,82,40,27,26,25,25,17,17,35,89,300,25,16,29,36,20,21,22,13,37,37,37,112,51,18,5,29,27,44,87,112,420,25,360,360,31,31,34,34,34,115,115,12,23,18,17,19,18,18,18,18,19,19,112,23,18,480,47,46,46,35,10,11,10,27,27,67,67,67,30,31,480,40,25,44,44,3,4,112,122,33,33,16,123,123,35,25,45,20,21,21,25,24,20,43,20,19,8,13,13,81,27,27,24,24,17,12,13,13,13,12,12,31,87,86,176,156,159,159,159,14,14,13,116,13,11,18,100,9,8,8,3,14,13,17,13,25,18,20,17,21,23,22,22,22,23,23,24,28,28,170,15,15,15,18,27,18,34,33,360,34,35,27,29,21,23,7,6,33,34,30,22,21,22,40,23,46,39,108,18,14,15,35,65,33,21,300,19,20,7,86,44,53,24,40,12,11,11,69,45,44,9
16,29,69,480,22,15,15,15,17,17,16,5,5,5,6,5,5,10,21,288,20,133,30,15,15,17,18,176,145,145,144,145,17,14,11,114,16,24,24,3,24,7,25,13,7,133,126,14,16,24,24,13,129,21,21,21,169,17,12,23,11,132,34,105,22,16,16,29,52,35,22,20,199,17,16,200,221,221,124,124,124,53,67,63,16,25,16,27,27,360,14,14,420,183,117,128,4,10,27,17,179,111,22,65,21,21,20,22,24,17,17,26,17,68,67,67,15,20,20,5,5,5,28,31,19,4,5,19,0,4,6,4,6,6,5,14,12,3,16,3,1,27,27,177,13,178,4,21,360,64,21,16,18,19,20,13,13,37,71,282,18,20,11,18,5,5,6,18,21,21,21,117,34,11,14,13,11,25,69,118,420,9,300,300,21,21,24,24,24,108,108,19,23,26,25,26,26,26,26,25,26,26,105,17,1,480,31,31,31,19,17,17,12,18,20,73,73,73,14,15,480,42,9,25,25,17,17,98,104,34,34,21,128,129,18,19,28,17,15,16,20,19,11,25,11,11,13,7,7,63,12,13,17,17,13,16,7,7,6,7,7,13,69,68,177,142,146,146,146,7,5,6,109,6,7,11,92,12,12,12,16,17,18,11,17,20,14,14,12,16,18,16,16,16,18,18,19,21,20,168,15,15,15,10,12,10,27,35,300,35,37,18,19,13,14,16,18,17,17,13,14,15,23,21,9,27,20,95,4,23,23,36,71,17,3,300,7,10,14,91,25,35,25,25,16,14,17,70,32,25,24
20,33,71,480,26,19,19,19,21,21,17,1,1,2,2,1,2,6,25,292,21,135,34,18,19,21,22,180,149,149,148,149,18,17,15,111,20,25,25,5,25,11,26,17,5,134,128,15,18,26,25,10,126,22,22,22,173,14,8,24,14,136,31,106,24,19,19,26,54,31,19,17,195,13,13,196,225,225,120,120,120,49,71,59,17,21,17,23,23,360,17,16,420,186,113,125,6,6,31,21,183,108,26,69,17,17,17,19,20,13,14,30,21,72,71,71,11,16,16,1,1,1,32,35,23,5,9,20,4,0,2,1,10,10,1,10,9,7,12,6,4,31,31,181,17,181,2,21,360,68,25,20,22,23,23,10,10,33,75,286,22,22,14,21,9,9,3,14,24,24,25,119,37,8,15,13,12,29,73,119,420,7,360,360,25,25,27,28,28,104,104,19,19,27,26,28,27,27,27,26,28,28,101,21,5,480,34,35,34,23,17,18,13,21,24,75,75,75,18,19,480,38,10,29,29,17,18,102,107,30,30,22,130,130,22,22,32,13,11,12,23,22,7,29,14,14,14,6,6,66,16,16,20,21,10,17,10,10,9,8,8,16,73,72,181,146,149,149,149,5,5,6,105,7,8,14,88,13,12,13,17,13,14,8,13,23,17,17,15,19,21,19,19,19,21,21,22,25,24,171,11,11,11,7,8,7,31,31,360,31,33,21,22,17,17,17,18,21,21,17,18,19,19,25,13,30,23,98,7,23,24,32,73,15,6,300,10,14,14,93,29,38,21,29,17,15,18,66,36,29,25
21,34,72,480,29,20,20,20,22,22,18,2,2,3,2,1,2,4,26,295,22,136,36,21,21,24,24,181,150,150,149,150,20,18,16,109,21,26,26,6,27,13,27,18,6,136,129,16,19,27,27,8,124,24,24,24,174,12,7,26,17,137,29,108,25,20,20,24,56,29,17,15,193,12,11,194,226,226,119,119,119,48,74,57,18,20,18,22,22,360,20,19,420,188,111,123,7,5,33,22,184,106,27,71,15,16,15,17,19,12,12,32,23,74,74,74,10,14,15,3,3,3,34,36,24,8,11,21,6,2,0,2,12,12,1,8,7,9,11,9,7,33,33,182,18,182,4,22,360,70,27,21,22,24,25,8,8,31,77,288,23,23,16,24,10,11,3,13,26,26,27,120,40,7,16,15,14,31,75,120,420,8,360,360,26,26,28,28,29,102,102,20,18,28,28,29,28,29,29,27,29,29,99,22,7,480,37,37,37,25,19,19,14,22,24,76,76,76,20,21,480,37,12,31,31,19,19,103,110,28,28,23,131,132,24,23,34,12,9,10,24,23,5,31,15,15,15,8,8,69,17,17,21,21,8,18,11,11,10,10,10,19,75,74,182,147,150,150,150,7,7,7,103,8,9,15,87,14,14,14,18,12,12,8,12,24,18,19,16,20,22,21,21,21,22,22,23,26,25,172,9,9,10,7,6,7,32,29,360,30,31,22,23,18,18,18,19,23,23,19,19,20,18,27,14,33,26,99,9,25,25,30,74,14,8,300,12,15,16,94,31,41,19,30,18,16,19,65,36,31,26
19,33,71,480,26,19,19,19,21,21,16,1,2,2,2,1,2,6,25,292,21,134,34,18,19,21,22,179,149,149,148,149,18,17,14,111,20,24,24,5,25,11,26,17,5,134,127,15,18,25,25,10,126,22,22,22,172,14,8,24,14,136,31,106,23,18,19,26,54,31,19,17,195,13,13,196,225,225,121,121,121,49,71,59,17,21,17,23,24,360,17,16,420,186,113,125,6,6,31,20,183,108,25,69,17,17,17,19,20,14,14,29,21,71,71,71,11,16,16,1,1,2,31,35,23,5,9,20,4,1,2,0,10,10,2,10,9,7,13,6,4,30,31,181,17,181,2,21,360,68,24,20,21,23,23,10,10,33,75,286,22,22,14,21,9,8,3,14,24,24,24,119,37,8,15,13,12,29,73,119,420,7,360,360,25,25,27,27,28,104,104,19,19,27,26,27,27,27,27,26,28,27,101,21,4,480,34,34,34,22,17,18,12,21,23,74,74,74,18,19,480,39,9,29,29,17,18,101,107,30,30,22,130,130,21,22,32,14,11,12,22,22,7,29,13,14,13,6,6,66,16,16,20,20,10,16,10,10,9,8,8,16,72,71,181,146,149,149,149,5,5,6,105,6,8,14,89,13,12,13,17,14,14,8,14,23,17,17,15,19,21,19,19,19,21,21,21,25,24,171,11,11,12,7,8,7,30,31,360,32,33,21,22,17,17,17,18,20,21,17,18,18,20,24,12,30,23,98,7,23,24,32,72,16,6,300,10,14,14,93,29,38,21,29,17,15,17,66,35,29,25
9,22,68,480,16,8,8,8,10,10,16,11,11,12,12,11,12,16,14,281,25,129,23,8,8,10,11,169,138,138,137,138,24,12,10,120,9,30,30,9,31,6,31,6,13,134,124,17,14,22,22,19,135,28,28,28,162,23,18,26,4,125,41,107,21,15,15,35,51,41,29,27,205,23,22,206,214,214,130,130,130,59,60,69,19,31,18,33,33,360,7,8,420,176,123,134,9,16,20,10,172,117,15,58,27,27,27,29,30,23,24,19,10,61,60,60,21,26,26,11,11,11,21,24,12,10,4,25,6,10,12,10,0,25,12,21,19,4,23,4,7,21,21,171,7,171,11,28,360,58,15,10,12,13,15,20,20,44,65,276,12,19,4,12,4,4,13,25,14,14,15,116,27,18,21,10,13,19,63,114,420,16,300,300,15,15,17,18,18,112,112,18,30,25,24,25,25,25,25,24,26,25,109,11,7,480,24,25,25,13,22,22,18,12,14,72,72,72,8,9,480,49,8,19,19,24,24,92,98,41,41,20,124,125,12,13,22,24,22,22,14,13,18,19,8,10,20,14,14,56,6,6,10,11,20,19,11,11,12,13,13,7,63,62,171,136,139,139,139,14,12,12,113,13,14,10,97,18,19,19,23,24,25,18,24,14,13,11,12,11,13,11,11,11,12,12,13,15,14,161,22,22,22,17,19,17,21,42,300,42,44,11,12,8,7,23,25,11,11,7,9,10,30,15,5,20,14,89,7,22,23,43,70,24,8,300,7,9,21,90,19,28,32,19,19,17,20,77,26,19,31
9,22,68,480,16,8,8,8,10,10,16,11,11,12,12,11,12,16,14,281,25,129,23,8,8,10,11,169,138,138,137,138,24,12,10,120,9,30,30,9,31,6,31,6,13,134,124,17,14,22,22,19,135,28,28,28,162,23,18,26,4,125,41,107,21,15,15,35,51,41,29,27,205,23,22,206,214,214,130,130,130,59,60,69,19,31,18,33,33,360,7,8,420,176,123,134,9,16,20,10,172,117,15,58,27,27,27,29,30,23,24,19,10,61,60,60,21,26,26,11,11,11,21,24,12,10,4,25,6,10,12,10,25,0,12,21,19,4,23,4,7,21,21,171,7,171,11,28,360,58,15,10,12,13,15,20,20,44,65,276,12,19,4,12,4,4,13,25,14,14,15,116,27,18,21,10,13,19,63,114,420,16,300,300,15,15,17,18,18,112,112,18,30,25,24,25,25,25,25,24,26,25,109,11,7,480,24,25,25,13,22,22,18,12,14,72,72,72,8,9,480,49,8,19,19,24,24,92,98,41,41,20,124,125,12,13,22,24,22,22,14,13,18,19,8,10,20,14,14,56,6,6,10,11,20,19,11,11,12,13,13,7,63,62,171,136,139,139,139,14,12,12,113,13,14,10,97,18,19,19,23,24,25,18,24,14,13,11,12,11,13,11,11,11,12,12,13,15,14,161,22,22,22,17,19,17,21,42,300,42,44,11,12,8,7,23,25,11,11,7,9,10,30,15,5,20,14,89,7,22,23,43,70,24,8,300,7,9,21,90,19,28,32,19,19,17,20,77,26,19,31
21,35,73,480,28,21,21,21,23,23,18,1,1,2,2,1,1,5,27,294,23,136,35,20,20,23,23,181,150,150,150,151,20,19,16,109,22,26,26,6,27,13,27,18,5,136,129,16,19,27,27,8,124,24,24,24,174,12,7,25,16,137,29,108,25,20,20,24,56,30,17,15,194,12,11,195,226,226,119,119,119,48,73,58,18,20,18,22,22,360,19,18,420,188,112,123,7,5,32,22,184,106,27,70,16,16,15,17,19,12,13,31,22,73,73,73,10,15,15,2,2,2,33,36,24,7,10,21,5,1,1,2,12,12,0,9,7,8,11,8,6,32,32,182,18,182,3,23,360,69,26,21,23,24,25,8,8,32,76,287,24,23,15,23,10,10,2,13,26,26,26,120,39,7,16,15,13,30,74,121,420,7,360,360,26,26,29,29,29,102,102,21,18,28,28,29,29,29,29,28,29,29,99,22,6,480,36,36,36,24,19,19,14,23,25,76,76,76,19,20,480,37,11,30,30,19,19,103,109,29,29,24,131,132,23,24,33,12,10,10,24,23,6,30,15,15,15,8,8,68,17,18,22,22,8,18,12,11,11,10,10,18,74,73,182,147,151,151,151,7,7,7,103,8,9,16,87,14,14,14,18,12,13,9,12,24,18,19,17,20,22,21,21,21,22,22,23,26,25,173,10,10,10,8,7,8,32,30,360,30,32,23,24,18,19,18,20,22,22,18,19,20,18,26,14,32,25,100,9,25,25,30,74,14,7,300,12,15,16,94,30,40,19,30,18,16,19,65,37,30,26
28,41,79,480,37,27,27,27,29,29,24,9,10,10,10,9,10,9,33,300,26,142,44,29,29,31,32,188,157,157,156,157,26,26,23,102,28,23,23,13,21,20,21,25,12,129,135,23,25,32,32,2,117,21,21,21,181,11,11,31,24,144,23,101,30,26,26,18,62,22,10,8,186,4,3,187,233,233,112,112,112,40,81,51,25,13,25,15,16,360,28,27,420,194,104,116,15,7,41,29,191,99,34,79,8,8,8,11,12,5,5,40,31,82,81,81,13,7,8,11,11,11,42,43,31,15,18,17,14,10,8,10,21,21,9,0,2,17,14,16,14,40,40,188,24,188,11,18,420,77,34,28,29,31,31,8,8,24,85,296,30,29,23,31,17,17,10,6,33,33,34,126,47,9,19,22,21,39,83,126,420,12,360,360,33,33,35,35,35,100,100,26,11,33,32,34,33,33,33,33,34,34,98,29,14,480,44,43,43,31,25,25,20,29,31,82,82,82,26,27,480,29,19,39,39,14,14,109,117,22,22,30,137,138,31,30,42,5,6,6,31,30,3,39,22,22,21,14,14,76,24,24,28,28,1,24,18,18,17,16,16,26,82,81,188,154,157,157,157,13,13,14,102,14,16,22,85,20,20,20,17,6,5,10,6,31,25,26,23,27,29,27,27,27,29,29,30,33,31,179,6,6,6,9,10,9,38,22,360,22,24,29,30,25,25,21,21,30,30,26,26,27,11,34,21,40,33,106,15,29,30,23,80,18,16,300,19,22,21,100,39,48,13,37,24,22,25,58,43,39,22
27,41,79,480,35,27,27,27,29,28,24,8,8,9,9,8,8,7,33,300,27,142,43,27,27,30,30,187,156,156,156,157,26,25,22,102,28,24,24,13,23,19,22,24,10,131,135,23,25,33,33,1,117,23,23,23,180,10,9,29,23,143,23,103,31,26,26,17,62,23,11,9,187,5,4,188,232,232,112,112,112,41,80,51,25,13,25,15,15,360,26,25,420,194,105,116,14,7,40,28,190,99,33,77,9,9,9,11,12,5,6,38,29,80,80,80,12,8,8,9,9,9,40,42,30,14,17,18,12,9,7,9,19,19,7,2,0,15,13,14,12,39,39,188,24,188,10,20,420,76,33,27,28,30,31,8,8,24,83,294,29,29,21,29,16,17,8,8,32,32,33,126,45,9,21,21,20,37,81,126,420,10,360,360,32,32,34,34,35,100,100,26,11,34,34,35,34,35,35,33,35,35,97,28,13,480,42,43,43,31,25,25,20,28,30,82,82,82,26,27,480,30,17,37,37,16,15,109,115,22,21,29,137,138,30,29,40,5,4,4,30,29,3,37,21,21,21,14,13,74,23,23,27,27,1,24,17,17,16,16,16,24,81,80,188,153,156,156,156,13,13,13,101,14,15,21,85,20,20,20,19,7,7,11,8,30,24,25,22,26,28,27,27,27,28,28,29,32,31,178,7,7,7,10,9,10,38,23,360,23,25,28,29,24,24,22,23,29,29,25,25,26,11,33,20,38,32,105,15,31,31,23,80,16,14,300,18,21,22,100,37,46,12,36,24,22,25,58,42,37,24
12,26,66,480,19,12,12,12,14,14,15,8,8,9,9,8,9,13,18,285,23,130,27,11,11,14,14,172,142,142,141,142,21,11,8,118,13,27,27,6,28,4,28,10,10,133,122,16,13,21,21,17,133,25,25,25,165,21,15,26,7,129,38,105,19,13,14,33,49,38,26,24,202,20,20,203,218,218,128,128,127,56,64,66,17,28,17,30,31,360,10,11,420,179,120,132,6,13,24,13,176,115,18,61,24,24,24,26,27,21,21,22,13,64,64,64,18,23,23,8,8,8,24,28,16,8,2,22,3,7,9,7,4,4,8,17,15,0,20,1,4,24,24,174,10,175,8,24,360,61,18,13,15,16,18,17,17,41,68,279,15,18,7,15,2,2,10,22,18,18,18,115,31,15,18,11,13,22,66,115,420,13,300,300,18,18,21,21,21,111,112,17,27,23,22,24,23,23,23,22,24,24,109,14,4,480,28,28,28,16,20,20,16,15,17,70,70,70,11,12,480,46,6,22,22,21,21,95,101,38,38,18,125,126,15,17,25,21,19,19,17,16,15,22,8,8,17,11,11,60,9,10,14,14,17,17,10,10,9,10,10,10,66,65,174,139,143,143,143,11,9,9,113,10,10,9,96,16,16,16,20,21,22,15,21,17,11,12,10,13,15,14,14,14,15,15,16,18,17,165,19,19,19,14,16,14,24,39,300,39,41,15,16,10,11,20,21,14,14,10,12,12,27,18,6,24,17,92,5,20,21,39,68,21,5,300,5,8,18,88,22,32,29,22,17,15,18,74,29,22,28
31,45,83,480,39,30,30,31,32,32,28,12,12,13,12,11,12,6,37,300,33,146,46,31,31,34,34,191,160,160,160,161,30,29,26,108,31,35,35,16,34,23,33,28,9,142,139,27,29,37,37,13,124,34,34,34,184,3,4,21,21,147,27,114,35,30,30,21,66,29,18,16,193,13,13,194,236,236,118,118,120,47,80,54,28,16,28,19,19,360,24,24,420,198,111,122,18,11,40,32,194,105,37,77,16,16,16,17,17,14,14,42,28,80,80,80,1,15,15,13,13,13,44,46,34,12,21,29,16,12,11,13,23,23,11,14,13,20,0,17,15,38,37,191,27,191,13,29,420,75,36,30,31,33,34,13,13,29,82,293,32,32,19,29,19,20,11,18,35,35,36,129,48,12,25,19,17,40,80,129,420,8,360,360,35,35,37,37,38,94,94,29,15,37,37,38,37,38,38,36,38,38,91,31,16,480,45,45,45,34,28,28,23,31,33,85,85,85,29,30,480,35,15,40,40,25,25,112,113,26,26,32,140,141,33,32,43,11,10,10,33,32,10,34,24,24,24,17,16,73,26,26,30,30,12,27,20,20,19,19,18,27,80,78,191,156,159,159,159,16,16,16,95,17,18,24,79,23,23,23,27,17,17,14,17,33,27,28,25,29,31,29,29,29,31,31,32,35,34,181,15,15,15,13,6,13,41,27,360,28,29,31,32,27,27,27,28,32,32,28,28,29,16,35,23,41,34,108,18,34,34,26,83,13,17,300,21,24,25,103,40,49,17,39,27,25,28,60,45,40,33
13,26,66,480,19,12,12,12,14,14,15,8,8,8,8,7,8,12,18,285,23,130,27,11,12,14,15,173,142,142,141,142,20,11,8,117,13,26,26,5,27,4,28,10,9,133,123,16,13,21,21,16,132,24,24,24,166,20,15,26,7,129,37,105,19,14,14,32,49,37,25,23,201,19,19,202,218,218,127,127,127,56,64,65,17,28,17,30,30,360,11,11,420,179,119,131,6,13,24,14,176,114,19,62,23,24,23,25,27,20,20,22,14,64,64,64,17,22,23,8,8,8,24,28,16,7,2,22,3,6,9,6,4,4,8,16,14,1,17,0,3,24,24,174,10,175,8,24,360,61,18,14,15,17,18,17,17,40,69,280,16,18,8,15,2,2,10,21,18,18,18,115,31,14,18,12,13,23,67,115,420,12,300,300,19,19,21,21,21,111,111,17,26,23,23,24,23,24,24,22,24,24,108,15,3,480,28,28,28,16,20,20,15,15,17,70,70,70,11,12,480,45,7,23,23,20,20,95,101,37,37,18,125,126,15,17,25,21,18,19,17,16,14,23,8,8,16,10,10,60,10,10,14,14,17,17,9,9,8,9,10,10,66,65,175,140,143,143,143,10,8,9,112,9,10,9,96,16,15,15,19,20,21,14,20,17,11,12,10,13,15,14,14,14,15,16,16,19,17,165,18,18,18,13,15,13,24,38,300,39,40,15,16,11,11,20,21,14,14,10,12,12,27,18,6,24,17,92,5,20,21,39,68,20,5,300,5,8,17,89,23,32,28,23,18,16,18,73,29,23,27
15,29,69,480,22,15,15,15,17,17,16,6,6,6,6,5,6,10,21,288,20,132,30,14,15,17,18,175,145,145,144,145,18,13,11,115,16,24,24,3,25,7,25,12,7,133,125,14,16,24,24,14,130,22,22,22,168,18,13,24,10,131,35,106,22,16,16,30,52,35,23,21,199,17,17,200,220,220,125,125,125,53,67,63,16,26,16,28,28,360,13,14,420,182,117,129,4,11,27,16,179,112,21,64,21,22,21,23,25,18,18,25,16,67,67,67,15,20,21,5,6,6,27,30,19,5,5,19,1,4,7,4,7,7,6,14,12,4,15,3,0,27,27,177,13,177,5,21,360,64,21,16,17,19,20,14,14,38,71,282,18,20,10,17,5,5,7,19,20,20,21,117,33,11,15,13,12,25,69,117,420,10,300,300,21,21,23,23,24,108,108,19,24,26,25,26,26,26,26,25,26,26,106,17,1,480,30,31,31,19,17,17,12,17,19,72,73,72,14,15,480,43,9,25,25,17,17,97,103,35,35,20,128,128,18,19,28,18,16,16,19,18,12,25,10,11,13,8,8,62,12,12,16,16,14,16,7,7,6,7,7,12,69,68,177,142,145,145,145,8,5,6,110,7,7,11,93,13,12,12,16,18,18,12,18,20,14,14,12,16,18,16,16,16,18,18,18,21,20,167,16,16,16,10,13,11,26,36,300,36,38,17,18,13,13,17,18,17,17,13,14,15,24,21,9,26,19,94,3,23,23,36,70,18,2,300,7,10,14,91,25,34,26,25,16,15,17,71,31,25,25
22,35,86,480,25,25,25,25,26,26,35,32,32,32,31,32,32,34,27,262,43,137,30,19,19,20,21,175,134,134,133,134,41,29,28,141,23,49,48,29,49,24,50,22,29,153,132,36,33,41,41,40,156,47,47,47,169,40,35,24,19,132,61,125,39,33,33,56,69,62,49,47,226,44,43,227,221,221,151,151,151,80,41,90,37,52,37,54,54,300,16,17,420,183,144,155,30,37,1,22,180,138,27,39,48,48,47,49,51,44,44,28,13,41,41,41,37,47,47,31,31,31,30,33,24,26,24,45,27,31,33,30,21,21,32,40,39,24,38,24,27,0,1,178,20,180,32,46,360,38,24,24,25,27,28,40,40,64,45,256,26,37,19,9,24,24,32,44,24,24,25,124,31,37,40,22,24,28,43,123,420,32,300,300,27,27,29,29,29,111,111,36,50,42,42,43,43,43,43,42,43,43,108,25,27,480,31,31,31,23,39,39,36,23,25,89,89,89,21,20,480,69,23,28,28,43,43,87,78,61,61,37,133,133,21,27,31,44,42,43,27,27,38,5,25,26,38,33,34,37,20,20,24,25,41,37,31,31,32,33,33,15,43,42,178,132,135,135,135,34,32,32,112,33,33,27,95,36,37,36,42,44,44,38,44,27,29,27,29,27,28,26,26,26,26,26,26,27,26,169,41,41,42,36,35,36,32,62,300,62,64,24,24,24,23,41,42,21,21,20,25,26,50,23,22,29,22,86,27,40,40,63,87,40,26,300,27,25,39,108,28,32,52,29,37,35,38,97,32,28,49
22,35,86,480,25,25,25,25,26,26,35,32,31,32,31,32,31,33,27,263,43,138,31,19,19,20,21,176,135,135,134,135,41,29,28,141,23,49,49,29,50,24,50,23,29,153,134,36,33,41,41,40,156,47,47,47,170,39,34,23,19,133,62,125,39,33,33,56,69,62,49,47,226,44,43,227,222,222,151,151,151,80,42,90,37,52,37,54,54,300,15,16,420,184,144,155,30,37,2,22,181,138,27,39,48,48,47,49,51,44,45,28,13,42,42,42,37,47,47,31,30,30,30,34,24,26,24,45,27,31,33,31,21,21,32,40,39,24,37,24,27,1,0,179,20,181,31,45,360,39,24,23,25,26,28,40,40,64,46,257,25,37,18,9,24,24,31,44,24,24,24,125,32,37,40,21,23,28,44,124,420,31,300,300,26,26,29,29,29,110,110,36,50,42,41,43,42,42,43,41,43,43,107,24,27,480,32,32,32,23,39,39,35,23,25,89,89,89,20,20,480,69,23,28,28,42,43,88,78,61,61,37,134,134,21,27,30,44,42,42,27,26,38,4,24,25,38,33,33,37,19,20,24,24,40,37,31,31,31,33,33,15,43,42,179,133,136,136,136,34,31,32,111,32,33,26,94,36,36,36,41,43,44,37,43,26,29,27,28,26,28,26,26,26,25,25,26,26,25,170,41,41,41,36,34,36,32,62,300,62,64,23,24,24,23,41,42,21,21,19,25,26,50,23,22,29,22,87,27,39,40,62,87,39,26,300,26,25,38,107,28,33,51,29,37,35,37,97,33,28,49
163,151,127,360,159,163,163,163,161,161,168,182,182,180,183,181,182,186,158,360,166,53,152,165,165,164,163,38,129,129,128,129,168,164,167,268,163,172,171,176,174,171,174,166,184,202,65,170,167,159,159,189,279,174,174,174,17,193,188,196,174,64,208,174,161,166,167,203,139,207,195,193,360,190,190,360,43,43,274,274,273,226,179,236,168,199,168,201,201,214,177,178,262,9,267,278,175,182,178,162,7,266,157,182,188,189,189,196,198,190,190,156,172,179,179,179,191,190,190,182,182,182,156,150,160,181,172,176,177,181,182,181,171,171,182,188,188,174,191,174,177,178,179,0,172,11,187,180,242,183,166,169,168,166,164,190,190,217,177,360,167,170,182,182,180,180,192,193,166,166,165,68,153,188,181,188,190,162,181,66,273,194,209,209,162,162,161,161,161,290,290,170,204,165,167,166,167,166,168,167,166,166,287,168,184,300,156,155,155,166,173,174,177,168,165,139,139,139,171,170,300,222,186,162,162,186,187,112,227,215,215,171,56,57,169,165,159,202,200,200,165,165,194,189,174,174,178,183,183,184,173,173,169,169,198,173,178,178,179,180,180,178,177,180,5,134,137,137,137,184,184,183,291,183,180,174,275,177,178,178,182,193,194,187,193,165,172,170,173,168,166,168,168,168,167,167,166,162,165,10,193,193,194,188,196,188,156,215,209,215,217,168,166,171,172,179,178,169,168,172,170,169,204,166,176,161,167,115,182,168,168,216,137,202,187,150,178,174,179,96,162,152,205,160,174,175,172,251,154,162,179
3,16,67,480,12,4,4,4,6,6,16,18,18,16,19,17,19,22,8,282,24,122,21,6,7,9,10,162,132,132,132,132,22,9,9,125,2,30,30,12,31,7,31,2,20,134,118,17,14,22,22,25,140,28,28,28,155,29,24,32,10,119,46,106,20,14,14,41,50,45,33,31,210,27,26,211,208,208,135,135,135,63,61,74,18,36,18,38,39,300,13,14,420,169,128,139,13,19,20,4,166,122,9,58,30,31,31,34,35,28,28,16,10,61,61,61,27,30,30,18,18,18,20,18,6,17,8,27,13,17,18,17,7,7,18,24,24,10,27,10,13,20,20,172,0,165,16,28,360,59,13,4,5,7,8,24,24,49,66,277,6,19,11,12,8,9,21,29,10,10,11,110,25,21,22,17,19,18,64,108,420,23,300,300,9,9,11,12,12,118,119,18,36,25,24,25,25,25,25,24,25,25,116,5,13,480,20,20,20,8,21,22,18,5,7,72,72,72,4,5,480,54,15,18,18,25,26,86,98,47,47,19,118,119,10,7,18,31,28,29,7,7,23,20,7,8,20,16,16,57,1,1,5,5,27,19,13,14,15,15,15,7,63,62,165,131,134,134,134,17,15,16,120,16,16,9,103,18,19,19,24,28,28,22,28,8,10,8,10,7,9,6,6,6,6,6,7,9,8,155,25,25,26,20,25,20,15,47,300,47,49,5,6,6,4,23,25,8,8,4,7,7,36,14,5,20,13,83,11,22,22,48,70,31,16,300,10,7,21,90,18,26,37,14,20,17,20,83,20,18,31
163,153,126,360,161,164,164,164,162,162,166,182,182,180,183,182,183,186,159,360,164,51,154,166,166,166,164,48,134,134,133,134,166,165,168,266,163,170,170,176,172,171,172,167,184,200,63,168,165,157,157,190,277,172,172,172,18,194,189,196,174,66,206,172,159,164,164,201,137,206,193,191,360,188,188,360,53,53,272,272,272,224,185,234,166,197,166,199,199,224,177,178,271,4,265,276,176,182,180,162,15,264,158,188,186,187,187,194,196,188,188,158,173,185,185,185,191,188,189,182,182,182,158,152,161,182,173,174,178,181,182,181,171,171,182,188,188,175,191,175,177,180,181,11,165,0,186,178,251,188,166,169,167,166,164,187,187,214,182,360,167,168,182,181,180,180,190,190,166,166,166,65,154,186,178,187,190,163,186,64,282,193,219,219,162,162,162,162,161,289,289,168,202,163,165,163,165,164,165,165,164,163,287,167,185,360,156,156,156,166,171,171,175,167,165,137,137,137,170,169,360,220,186,163,163,184,184,117,232,212,212,168,54,55,169,165,159,199,198,198,165,165,192,189,174,174,175,181,181,190,173,173,169,168,196,171,178,178,179,180,179,178,182,186,7,138,141,141,141,182,182,181,291,180,179,175,274,175,176,175,179,191,191,185,191,165,172,170,173,168,166,168,168,168,167,166,166,162,165,15,191,191,191,186,195,186,156,212,219,213,214,168,166,171,172,176,175,169,168,172,170,169,201,167,176,162,168,119,182,166,166,214,135,201,187,159,177,174,176,93,163,153,203,161,171,172,170,248,155,163,177
17,31,69,480,26,17,17,17,19,19,14,3,3,2,4,3,4,8,23,293,19,133,35,19,19,22,22,177,147,147,146,147,16,15,13,111,18,22,22,3,23,9,24,15,5,132,125,13,16,23,23,11,126,20,20,20,170,15,10,24,15,134,32,104,21,16,17,27,52,31,19,17,195,13,12,196,223,223,121,121,121,49,72,60,15,23,15,24,25,360,18,17,420,184,113,125,4,6,32,18,181,108,23,69,17,17,17,20,22,14,14,29,21,72,72,72,13,16,17,3,3,3,32,33,21,6,7,18,4,2,4,2,11,11,3,11,10,8,13,8,5,32,31,187,16,186,0,19,360,68,25,18,19,21,22,9,9,33,76,287,20,20,15,22,7,7,5,13,23,23,24,117,38,7,13,14,12,30,74,117,420,8,300,300,23,23,25,25,25,106,106,17,21,25,24,25,25,25,25,24,26,25,103,19,4,480,33,33,33,21,15,16,11,19,21,73,73,73,17,18,480,39,10,30,30,15,16,99,108,31,31,20,128,128,22,20,31,15,13,14,21,20,8,30,12,12,12,4,4,67,14,14,18,18,12,15,8,8,7,6,6,17,73,72,179,144,147,147,147,4,3,4,107,5,6,12,91,11,10,11,15,13,13,7,13,21,15,16,13,17,19,18,18,18,19,19,20,23,21,169,11,11,11,5,10,5,28,32,360,32,34,19,20,15,15,15,16,20,20,16,16,17,21,25,11,31,24,96,5,21,22,33,71,16,7,300,9,12,12,91,30,39,22,27,15,13,16,68,33,30,23
31,41,61,480,40,25,25,25,24,24,13,22,23,21,23,22,23,26,34,300,7,125,49,33,33,36,36,179,159,159,158,159,8,20,20,108,29,5,5,18,5,24,6,25,24,114,118,11,14,14,14,19,120,2,2,2,165,26,29,41,31,135,35,86,12,15,14,30,44,35,23,20,189,18,17,190,220,220,114,114,114,53,86,64,11,26,11,28,28,360,34,33,420,176,107,119,18,22,46,32,177,105,34,84,15,16,16,23,25,17,17,43,35,86,86,86,29,18,18,22,22,23,48,46,34,22,24,5,21,21,22,21,28,28,23,18,20,24,29,24,21,46,45,180,28,178,19,0,360,83,40,27,26,26,26,18,18,37,90,300,25,14,31,37,22,22,24,15,37,37,37,109,51,20,6,30,29,46,88,110,420,27,360,360,31,31,34,34,35,117,117,10,25,16,15,16,16,16,16,15,17,16,114,23,20,480,47,47,47,35,8,8,10,27,27,65,65,65,31,32,480,42,27,46,46,9,9,112,123,35,35,14,120,121,37,25,45,22,23,23,25,25,22,44,21,21,8,15,15,82,27,27,24,24,19,10,15,15,15,13,13,32,88,87,173,156,159,159,159,16,16,15,118,14,13,18,102,9,8,9,5,16,15,19,15,26,18,20,17,21,23,22,22,22,24,24,24,29,28,168,17,17,17,20,29,20,34,35,360,35,37,27,29,21,23,5,4,35,35,30,22,21,24,40,23,47,39,109,19,12,12,37,63,35,23,300,20,21,7,83,46,53,26,40,10,11,9,71,46,46,5
360,360,360,93,360,360,360,360,360,360,360,360,360,360,420,360,360,420,360,420,360,294,360,360,360,360,360,220,300,300,300,300,360,360,360,480,360,360,360,360,420,360,420,360,420,420,300,360,360,360,360,420,480,360,360,360,255,420,420,420,360,276,420,420,360,360,360,420,360,420,420,420,600,420,420,600,200,200,480,480,480,420,360,420,360,420,360,420,420,122,360,360,360,251,480,480,360,360,360,360,246,480,360,360,420,420,420,420,420,420,420,360,360,360,360,360,420,420,420,360,360,360,360,360,360,360,360,360,360,360,360,360,360,360,360,420,420,360,420,360,360,360,360,242,360,251,360,360,0,360,360,360,360,360,360,420,420,420,360,420,360,360,420,360,360,360,420,420,360,360,360,300,360,420,420,420,420,360,360,300,40,420,120,120,360,360,360,360,360,480,480,360,420,420,420,420,420,420,420,420,420,420,480,360,420,82,360,360,360,360,360,360,360,360,360,360,360,360,360,360,83,420,420,360,360,420,420,300,420,420,420,360,297,298,360,360,360,420,420,420,360,360,420,420,360,360,360,420,420,420,360,360,360,360,420,360,360,360,360,360,360,360,360,360,246,300,300,300,300,420,420,420,480,420,420,360,480,360,360,360,420,420,420,420,420,360,360,360,360,360,360,360,360,360,360,360,360,360,360,249,420,420,420,420,420,420,360,420,121,420,420,360,360,360,360,420,420,360,360,360,360,360,420,360,360,360,360,300,420,420,420,420,360,420,420,256,360,360,420,360,360,360,420,360,360,360,360,480,360,360,420
60,69,123,480,62,62,62,62,64,64,72,69,69,69,69,69,69,71,64,227,80,164,60,56,56,57,58,172,119,119,118,119,78,66,65,178,61,86,86,66,87,61,87,60,67,190,160,73,70,78,78,77,193,84,84,84,171,77,72,61,56,135,98,162,76,70,71,93,106,99,87,84,263,81,80,264,216,216,188,188,188,117,3,120,74,89,74,91,91,300,53,54,420,185,181,192,67,74,37,59,179,175,64,5,85,85,84,87,88,81,82,65,50,3,2,2,75,84,84,68,68,68,61,63,61,63,61,82,64,68,70,68,58,58,69,77,76,61,75,61,64,38,39,183,59,188,68,83,360,0,64,64,66,67,68,80,80,104,9,225,66,77,59,50,65,65,72,85,65,65,65,154,65,78,80,63,64,63,6,152,420,72,300,300,67,67,69,70,70,116,116,76,91,83,82,83,83,83,83,82,84,83,112,65,67,480,65,65,65,64,79,80,76,64,66,130,130,130,61,60,480,110,64,63,63,83,84,73,46,102,102,78,162,163,62,67,65,85,83,83,68,67,78,45,65,66,79,74,74,1,60,60,65,65,81,77,72,72,72,73,73,56,6,4,181,120,123,123,123,74,72,73,118,73,74,67,109,76,77,77,82,84,85,78,84,67,70,68,69,67,69,67,67,67,66,66,67,67,66,171,82,82,82,77,75,77,73,103,300,103,105,64,65,65,64,82,83,62,62,60,66,66,91,64,62,62,63,72,67,80,80,103,128,80,67,300,67,66,79,148,63,66,92,69,78,76,78,129,66,63,90
11,9,80,480,2,17,17,17,17,17,29,26,26,26,27,26,26,31,8,285,37,117,8,8,8,6,5,156,124,124,123,124,35,21,22,135,12,43,43,23,44,18,44,15,27,147,112,30,27,35,35,34,150,41,41,41,149,38,33,38,17,112,55,119,33,27,27,50,52,56,43,41,220,38,37,220,201,201,145,145,145,74,64,83,31,46,31,48,48,300,18,19,420,163,137,149,23,31,24,10,159,132,8,62,42,42,41,43,45,38,38,3,14,65,64,64,36,41,41,26,26,26,6,10,8,24,18,40,21,25,27,24,15,15,26,34,33,18,36,18,21,24,24,166,13,166,25,40,360,64,0,14,15,15,18,36,36,60,70,281,16,31,19,16,20,20,29,41,3,3,2,105,14,34,36,24,26,6,68,103,420,32,300,300,8,8,6,6,6,126,126,32,46,38,38,39,39,39,39,38,39,39,123,17,23,420,10,10,10,5,35,35,32,13,14,85,85,85,10,9,420,65,23,6,6,38,39,79,102,57,57,32,113,114,5,19,8,40,38,38,18,19,34,24,21,22,34,29,29,61,14,14,16,16,36,33,27,27,27,28,28,13,68,66,159,123,126,126,126,30,28,28,127,29,29,23,110,32,33,32,38,40,41,34,40,15,22,20,24,20,21,19,19,19,17,17,16,13,13,149,38,38,38,32,35,33,12,58,300,58,60,13,12,19,17,37,38,5,5,9,19,19,46,1,17,7,2,75,22,35,36,58,83,40,24,300,22,21,35,98,6,15,47,5,33,31,33,93,11,6,45
4,13,67,480,12,4,4,4,5,5,16,21,21,19,22,21,22,25,5,285,24,119,21,6,6,9,10,159,131,132,131,132,22,9,10,129,4,30,30,15,31,10,31,5,23,134,115,17,14,22,22,28,140,28,28,28,152,33,27,35,13,116,49,106,20,14,15,44,50,48,36,34,210,30,29,211,205,205,135,135,135,67,64,77,18,40,18,42,42,300,16,17,420,166,128,139,16,23,24,4,163,125,6,61,32,33,33,37,39,31,31,15,13,64,64,64,30,33,34,21,21,21,19,18,6,20,12,27,16,20,21,20,10,10,21,28,27,13,30,14,16,24,23,169,4,169,18,27,360,64,14,0,2,3,6,26,26,52,69,280,3,19,14,16,12,12,24,29,10,10,11,107,25,23,22,20,23,18,67,105,420,27,300,300,6,6,9,9,9,122,122,19,39,25,24,25,25,25,25,24,26,25,119,5,16,420,20,20,20,8,22,22,18,1,4,72,72,72,5,4,420,57,18,18,18,26,26,86,102,50,50,20,115,116,10,7,18,34,32,32,6,6,27,23,7,8,21,17,17,61,4,4,4,3,30,19,14,14,15,16,16,11,67,66,162,130,133,133,133,18,18,17,123,16,16,9,107,19,19,19,24,29,29,23,29,4,10,8,11,7,8,7,7,7,5,5,4,6,4,152,27,27,27,22,29,22,12,50,300,50,52,1,3,6,4,24,25,8,8,6,7,7,39,14,8,20,13,82,14,22,23,52,70,35,19,300,11,8,21,90,18,26,41,14,20,18,20,86,19,18,32
5,13,66,480,13,5,5,5,4,4,15,23,23,21,23,22,23,27,7,286,23,118,22,8,8,10,11,158,133,133,132,133,21,8,10,129,5,29,29,17,30,11,31,6,24,133,113,16,13,21,21,30,141,27,27,27,151,34,29,36,15,114,51,105,19,14,14,45,49,50,38,36,210,32,31,211,203,203,136,136,136,68,65,79,17,41,17,43,43,300,18,18,420,165,128,140,16,24,25,5,161,126,7,63,33,33,34,39,40,32,33,17,15,66,65,65,32,35,35,23,23,23,21,19,8,22,13,26,18,22,22,21,12,12,23,29,28,15,31,15,17,25,25,168,5,167,19,26,360,66,15,2,0,1,4,26,26,54,71,282,2,17,16,17,13,14,26,30,12,12,12,106,26,24,22,22,24,20,69,104,420,28,300,300,6,6,9,9,9,124,124,18,41,24,24,25,25,25,25,24,25,25,121,3,18,420,22,21,21,10,21,21,18,2,2,71,71,71,7,6,420,59,20,20,20,26,27,87,103,52,52,18,114,115,11,5,19,36,33,34,4,5,28,25,8,9,20,17,17,62,6,6,2,2,32,19,15,15,16,16,16,12,69,67,161,131,134,134,134,18,18,18,125,17,17,10,108,18,19,18,24,30,30,23,29,2,8,6,10,6,7,5,5,5,3,3,2,5,3,151,28,28,28,23,30,23,11,52,300,52,54,2,3,6,5,23,24,10,10,8,5,5,41,15,9,21,14,84,17,21,22,53,69,36,21,300,11,8,21,90,20,27,43,15,19,17,19,88,20,20,31
7,13,65,480,14,5,5,5,4,4,14,24,24,22,25,24,25,28,7,288,23,116,23,9,9,12,12,157,133,133,132,133,21,7,9,129,6,28,28,18,29,13,30,7,26,132,112,16,13,20,20,31,140,26,26,26,150,36,30,38,16,113,53,104,19,13,13,47,49,52,40,38,210,34,32,211,202,202,135,135,135,70,67,81,17,43,17,45,45,300,19,20,420,164,128,139,17,24,27,6,160,126,8,64,33,33,33,40,42,33,34,17,16,67,67,67,33,35,35,24,24,24,21,20,9,23,14,25,19,23,24,23,13,13,24,31,30,16,33,17,19,27,26,166,7,166,21,26,360,67,15,3,1,0,3,26,26,56,73,284,2,17,17,19,15,15,28,30,12,12,13,104,27,25,21,23,26,21,71,102,420,30,300,300,7,7,9,10,10,125,125,17,43,24,23,24,24,24,24,23,25,24,122,3,20,420,22,22,22,10,20,21,17,4,2,71,71,71,8,8,420,61,22,21,21,26,26,87,105,54,53,17,113,113,12,4,20,38,35,35,3,3,30,27,10,10,20,18,18,64,8,7,3,2,33,18,14,14,15,16,16,14,70,69,159,132,135,135,135,19,19,18,126,18,16,10,110,17,18,18,23,29,30,23,29,1,8,6,9,4,6,4,4,4,2,2,1,4,4,149,29,29,29,24,32,24,10,54,300,54,56,3,5,7,6,23,24,11,11,9,6,5,43,15,11,22,15,84,18,21,21,55,69,38,22,300,13,10,20,89,21,28,44,16,19,16,19,90,21,21,31
9,16,65,480,16,6,6,6,4,4,14,25,25,23,25,24,25,29,10,289,22,114,25,12,12,15,15,156,134,134,134,135,20,8,10,129,9,28,28,20,29,14,30,8,26,132,110,16,13,20,20,32,141,26,26,26,147,36,31,39,17,112,53,104,18,13,13,47,48,52,40,38,210,35,33,211,201,201,135,135,135,70,68,81,17,43,17,45,45,300,21,21,420,161,128,140,18,25,28,9,158,126,10,66,33,33,33,41,42,33,34,20,18,69,68,68,34,35,35,24,25,25,23,21,12,24,16,25,20,23,25,23,15,15,25,31,31,18,34,18,20,28,28,164,8,164,22,26,360,68,18,6,4,3,0,26,26,56,74,285,3,14,19,20,17,17,28,30,15,15,15,102,28,26,21,25,27,23,72,101,420,31,300,300,9,9,12,12,13,127,127,17,44,24,23,24,24,24,24,23,24,24,124,4,21,420,24,24,24,13,20,21,17,6,4,70,70,70,11,11,420,62,23,23,23,26,26,89,106,54,54,15,111,111,15,1,22,38,36,36,1,2,31,28,11,10,20,19,19,65,9,9,5,5,34,18,15,15,16,17,17,15,72,70,157,133,136,136,136,20,20,19,128,18,17,10,111,18,18,18,23,30,30,24,30,3,8,6,10,5,3,4,4,4,3,2,3,5,5,148,29,29,30,24,33,24,11,54,300,55,56,6,8,8,7,23,24,14,13,12,6,6,43,18,12,24,17,86,19,21,21,56,68,39,24,300,14,11,20,88,23,30,45,18,19,17,19,90,22,23,30
25,38,71,480,34,22,22,23,23,23,16,9,9,8,10,9,10,8,31,300,21,134,43,28,28,31,31,181,155,155,154,155,18,18,15,107,26,22,22,11,21,17,21,23,12,129,127,14,17,25,25,10,121,21,21,21,172,16,11,30,24,137,29,101,23,18,18,24,54,29,16,14,190,11,9,191,226,226,116,116,116,47,80,57,16,20,16,22,22,360,27,26,420,186,108,120,11,3,40,26,183,104,32,78,10,10,11,17,19,10,11,37,30,81,80,80,13,12,12,10,11,11,41,41,29,15,16,17,13,10,8,10,20,20,8,8,8,17,13,17,14,40,40,190,24,187,9,18,420,80,36,26,26,26,26,0,30,31,85,296,23,22,24,31,15,15,10,4,31,31,32,119,47,3,15,23,22,39,83,119,420,12,360,360,29,29,32,32,32,106,106,19,18,27,26,27,27,27,27,26,27,27,103,22,13,480,41,41,41,30,17,17,12,25,25,74,74,74,25,26,480,36,19,39,39,14,14,107,117,29,29,22,129,130,30,23,39,13,12,12,23,23,6,39,17,16,13,8,8,76,22,22,22,23,10,16,11,10,10,9,9,26,82,81,181,152,155,155,155,8,8,8,107,9,8,15,91,13,12,12,16,4,4,2,4,24,17,18,16,20,22,20,20,20,22,22,23,27,27,171,4,4,4,4,10,4,32,29,360,29,31,24,26,19,20,17,18,28,28,24,20,20,18,34,19,40,33,104,13,23,23,30,72,18,16,300,16,17,14,92,39,47,20,35,16,15,17,65,41,39,22
25,38,71,480,34,22,22,23,23,23,16,9,9,8,10,9,10,8,31,300,21,134,43,28,28,31,31,181,155,155,154,155,18,18,15,107,26,22,22,11,21,17,21,23,12,129,127,14,17,25,25,10,121,21,21,21,172,16,11,30,24,137,29,101,23,18,18,24,54,29,16,14,190,11,9,191,226,226,116,116,116,47,80,57,16,20,16,22,22,360,27,26,420,186,108,120,11,3,40,26,183,104,32,78,10,10,11,17,19,10,11,37,30,81,80,80,13,12,12,10,11,11,41,41,29,15,16,17,13,10,8,10,20,20,8,8,8,17,13,17,14,40,40,190,24,187,9,18,420,80,36,26,26,26,26,30,0,31,85,296,23,22,24,31,15,15,10,4,31,31,32,119,47,3,15,23,22,39,83,119,420,12,360,360,29,29,32,32,32,106,106,19,18,27,26,27,27,27,27,26,27,27,103,22,13,480,41,41,41,30,17,17,12,25,25,74,74,74,25,26,480,36,19,39,39,14,14,107,117,29,29,22,129,130,30,23,39,13,12,12,23,23,6,39,17,16,13,8,8,76,22,22,22,23,10,16,11,10,10,9,9,26,82,81,181,152,155,155,155,8,8,8,107,9,8,15,91,13,12,12,16,4,4,2,4,24,17,18,16,20,22,20,20,20,22,22,23,27,27,171,4,4,4,4,10,4,32,29,360,29,31,24,26,19,20,17,18,28,28,24,20,20,18,34,19,40,33,104,13,23,23,30,72,18,16,300,16,17,14,92,39,47,20,35,16,15,17,65,41,39,22
50,64,97,540,59,50,50,50,51,51,45,32,32,32,33,32,33,31,56,300,44,161,67,51,52,54,55,210,179,179,179,180,45,48,45,81,51,41,41,36,39,42,39,47,35,135,154,43,46,50,50,23,97,39,39,39,202,26,32,49,47,166,13,117,49,47,47,12,81,3,13,15,166,20,21,167,255,255,91,91,93,20,104,36,45,15,45,11,10,360,50,49,420,213,84,95,37,29,64,51,212,78,56,102,21,21,20,15,14,21,21,62,54,105,104,104,29,19,19,34,34,34,65,65,53,38,41,35,37,33,31,33,44,44,32,24,24,41,29,40,38,64,64,217,49,214,33,37,420,104,60,52,54,56,56,31,31,0,106,300,50,48,44,52,38,38,31,25,54,54,54,143,68,30,36,44,43,60,104,144,420,33,360,360,53,53,56,56,56,96,96,44,17,50,49,50,50,50,50,49,51,50,94,50,35,480,64,64,64,52,42,42,39,50,52,99,99,99,47,48,480,6,40,60,60,31,30,130,126,6,6,48,154,155,53,51,62,21,23,22,51,51,25,60,42,42,39,35,35,97,44,45,48,49,22,43,38,38,38,37,36,47,104,102,208,174,177,177,177,34,34,35,98,35,36,43,81,39,39,39,34,26,25,31,25,52,44,46,43,48,49,48,48,48,50,50,51,53,52,198,26,26,26,30,31,30,59,6,360,1,1,50,51,46,46,37,38,51,51,47,47,47,14,55,41,61,54,127,36,46,46,8,97,39,37,360,39,43,38,117,60,69,13,57,43,42,43,42,64,60,39
67,76,130,480,70,69,69,69,71,71,79,76,76,77,76,76,76,78,71,233,87,157,68,63,64,64,66,166,113,113,112,113,86,74,73,186,68,93,93,74,94,68,95,67,74,197,153,80,77,85,85,85,201,91,91,91,165,85,79,68,63,129,105,169,83,78,78,101,113,106,94,92,270,88,88,271,210,210,195,195,195,124,8,127,81,96,81,98,98,300,61,61,420,178,188,200,74,81,44,67,172,183,71,11,92,92,92,94,95,88,89,72,58,9,8,8,82,91,91,76,76,75,68,71,69,71,69,89,71,75,77,75,65,65,76,85,83,68,82,69,71,45,46,177,66,182,76,90,360,9,70,69,71,73,74,85,85,106,0,230,73,85,66,57,72,72,80,92,72,72,72,147,70,85,87,70,71,71,4,146,420,79,298,298,74,74,77,77,77,122,122,84,98,90,89,90,90,90,90,89,91,90,118,72,75,480,72,72,72,71,87,87,83,71,73,137,137,137,68,67,480,117,71,71,71,90,91,66,52,109,109,85,156,156,69,74,72,92,90,90,75,74,86,52,72,73,86,81,81,10,67,67,72,72,88,84,79,79,79,80,81,63,3,5,174,113,116,116,116,82,79,80,124,80,81,74,114,84,84,84,89,91,92,85,91,74,77,75,77,74,76,74,74,74,73,73,74,74,73,164,89,89,89,84,82,84,80,110,299,110,112,71,72,72,71,89,90,69,69,67,73,73,98,71,70,69,70,66,75,87,88,110,135,87,74,300,74,73,86,155,71,68,99,76,85,83,85,135,73,71,97
278,287,360,480,281,280,280,280,282,282,290,287,287,288,287,287,287,289,282,1,298,360,279,274,275,275,277,360,233,233,234,235,297,285,284,360,279,300,300,285,300,279,300,278,285,420,360,291,288,296,296,296,420,300,300,300,360,296,290,279,274,300,300,360,294,289,289,300,300,300,300,300,480,299,299,480,420,420,360,360,360,300,223,299,292,300,292,300,300,299,272,272,600,360,360,420,285,292,256,278,360,360,282,221,300,300,300,300,300,299,300,283,269,222,223,223,293,300,300,287,287,286,279,282,280,282,280,300,282,286,288,286,276,276,287,296,294,279,293,280,282,256,257,360,277,360,287,300,420,225,281,280,282,284,285,296,296,300,230,0,287,298,280,271,286,285,293,300,286,286,286,360,286,299,300,283,285,284,230,360,420,293,291,292,288,288,290,291,291,246,246,297,300,300,300,300,300,300,300,300,300,300,242,286,288,480,285,286,286,285,300,300,297,285,287,360,360,360,282,281,480,360,285,284,284,300,300,264,217,300,300,299,360,360,283,288,286,300,300,300,288,288,299,266,286,287,299,295,295,228,281,281,286,286,300,298,292,293,293,294,294,277,232,229,360,239,237,237,237,295,293,294,248,294,295,288,246,297,298,298,300,300,300,299,300,288,290,288,290,288,290,288,288,288,287,287,288,288,287,360,300,300,300,298,296,298,294,300,292,300,300,285,285,286,284,300,300,282,283,281,287,287,300,285,283,283,284,266,288,300,300,300,360,300,288,480,288,287,300,360,284,287,300,289,298,296,299,300,287,284,300
7,14,65,480,14,4,4,4,3,3,14,23,24,21,24,23,24,27,8,287,22,117,23,10,10,12,13,158,134,134,133,134,20,7,9,128,7,28,28,17,29,12,29,6,25,132,113,15,12,20,20,30,140,26,26,26,151,35,29,37,15,114,51,104,18,12,12,46,48,50,38,36,209,33,32,210,203,203,135,135,135,69,66,79,16,42,16,44,44,300,18,19,420,165,127,139,17,24,26,7,161,125,8,63,32,32,33,39,41,32,33,18,15,66,66,66,32,34,34,23,23,24,22,20,9,22,14,25,18,22,23,22,12,12,24,30,29,15,32,16,18,26,25,167,6,167,20,25,360,66,16,3,2,2,3,23,23,50,73,287,0,16,16,18,14,14,26,29,13,13,13,105,27,24,21,22,25,21,70,104,420,29,300,300,7,7,10,10,10,124,124,17,42,23,22,24,23,24,24,22,24,24,121,2,19,420,23,23,23,11,20,20,16,4,3,70,70,70,9,8,420,60,20,21,21,25,26,88,104,52,52,17,114,114,12,3,20,37,34,34,2,3,29,26,8,9,19,18,18,63,7,6,2,1,32,17,14,14,15,15,15,13,69,68,161,133,136,136,136,19,19,18,125,17,16,9,109,17,18,17,23,29,29,22,28,2,7,5,9,4,5,3,3,3,1,1,1,5,4,151,28,28,28,23,31,23,11,52,300,53,54,4,5,6,5,22,23,12,11,10,5,4,42,16,9,22,15,85,17,20,21,54,68,37,21,300,12,9,20,89,21,28,43,16,18,16,18,88,22,21,30
23,30,51,480,30,15,15,15,14,14,8,23,23,21,24,23,24,27,23,298,10,115,39,25,25,27,28,165,149,149,148,149,8,12,11,121,20,15,15,19,17,17,18,16,25,119,108,9,6,7,7,31,133,15,15,15,155,35,30,41,23,121,48,92,6,5,5,43,35,48,36,34,202,31,31,203,210,210,127,127,127,66,77,77,7,39,7,41,41,360,26,27,420,167,120,132,18,23,37,23,166,118,24,75,28,29,29,36,38,30,30,33,27,78,77,77,32,31,31,23,23,23,37,35,25,23,16,16,20,22,23,22,19,19,23,29,29,18,32,18,20,37,37,170,19,168,20,14,360,77,31,19,17,17,14,22,22,48,85,298,16,0,24,29,16,16,26,26,28,28,28,101,41,22,14,29,31,36,80,101,420,29,300,300,22,22,25,25,25,126,126,4,39,10,9,11,10,11,11,9,11,11,123,14,20,480,37,37,37,26,7,7,11,19,17,56,56,56,23,23,480,56,24,36,36,20,20,103,115,49,49,1,111,112,27,12,35,36,34,34,13,13,28,36,13,13,11,16,16,74,19,19,15,15,32,7,14,14,15,15,15,24,80,79,165,147,150,150,150,17,17,17,127,16,15,10,111,10,11,11,16,26,27,20,26,16,10,12,9,12,11,13,13,13,14,14,15,19,19,156,26,26,27,21,31,22,23,49,300,49,51,19,21,13,15,12,11,27,26,23,12,12,38,31,16,37,30,99,18,7,8,50,54,37,23,298,13,13,12,74,36,43,39,31,7,8,6,85,36,36,17
12,26,72,480,18,12,12,12,14,14,20,14,14,15,13,15,14,15,18,280,29,132,25,11,11,13,14,172,141,141,140,141,28,16,14,124,13,34,34,13,35,10,35,9,11,139,127,22,19,27,27,23,139,32,32,32,165,22,17,22,1,128,45,111,25,19,20,39,55,44,32,30,208,26,26,209,218,218,134,134,134,62,59,72,23,34,23,37,37,360,3,4,420,179,126,138,14,20,19,13,176,121,18,57,30,30,30,32,34,27,27,21,6,59,59,59,19,29,30,13,13,13,23,28,16,8,8,29,11,14,16,14,4,4,15,23,21,7,19,8,10,19,18,182,11,182,15,31,420,59,19,14,16,17,19,24,24,44,66,280,16,24,0,10,8,8,14,28,17,17,18,118,29,21,25,6,9,21,61,117,420,13,300,300,18,18,20,20,21,108,108,22,33,29,28,29,29,29,29,28,29,29,106,14,10,480,26,26,26,16,25,26,22,14,17,76,76,76,11,12,480,53,5,21,21,27,28,94,95,44,44,23,127,127,14,16,24,28,25,26,17,16,21,17,11,12,23,17,17,54,9,9,13,14,24,23,15,15,16,17,17,8,61,60,174,139,142,142,142,18,15,16,109,16,17,13,93,23,22,23,27,28,28,21,27,17,15,14,15,13,16,14,14,14,15,15,16,18,17,164,25,25,26,20,16,20,24,45,300,46,47,14,15,11,10,27,28,13,14,10,12,13,34,16,8,22,15,91,11,26,26,46,74,21,9,300,10,11,24,94,21,30,35,22,23,21,23,80,27,21,35
13,26,77,480,16,16,16,16,17,17,25,23,23,23,23,22,23,25,17,271,34,132,23,10,10,11,12,172,135,135,134,135,32,20,19,132,14,39,39,20,40,15,41,13,20,143,127,27,24,31,31,31,147,37,37,37,165,31,26,27,10,128,52,116,30,24,24,47,60,52,40,38,216,34,34,217,217,217,142,142,142,71,49,80,28,43,28,45,45,300,10,11,420,179,134,146,20,27,9,13,175,129,18,47,38,39,38,40,42,35,35,19,4,50,50,50,29,37,38,23,22,22,21,26,15,17,15,36,18,21,24,21,12,12,23,31,29,15,29,15,17,9,9,182,12,181,22,37,360,50,16,16,17,19,20,31,31,52,57,271,18,29,10,0,15,15,23,35,15,15,15,118,27,28,31,14,16,19,51,116,420,22,300,300,17,17,20,20,20,113,113,27,41,33,32,34,33,34,34,32,34,34,111,15,18,480,24,24,24,14,30,30,26,14,16,80,80,80,11,11,480,60,14,19,19,34,34,89,85,52,52,28,126,127,12,18,22,35,33,33,18,17,29,7,15,17,29,24,24,44,10,11,15,15,31,27,22,22,22,24,24,6,51,50,173,133,136,136,136,25,22,23,114,23,24,17,98,27,28,27,32,34,35,28,34,17,20,18,20,17,19,17,17,17,16,16,17,17,16,164,32,32,32,27,25,27,23,53,300,53,55,14,15,15,14,32,33,12,12,10,16,17,41,14,13,20,13,86,18,30,31,53,78,30,17,300,17,16,30,98,19,28,42,20,28,26,28,88,25,19,40
10,23,64,480,18,9,9,9,11,11,12,10,10,8,11,10,11,14,16,285,21,127,27,12,12,15,15,170,139,139,138,139,19,8,6,117,10,25,25,5,26,2,26,7,12,131,120,14,11,19,18,18,132,23,23,23,163,22,17,28,8,126,38,103,17,11,11,33,47,38,26,24,202,20,19,203,215,215,127,127,127,56,64,67,15,29,14,31,31,360,11,12,420,177,120,131,5,12,24,11,173,114,16,62,23,23,23,26,28,20,21,22,14,65,64,64,19,23,23,10,10,10,25,25,13,9,1,20,5,9,10,9,4,4,10,17,16,2,19,2,5,24,24,180,8,180,7,22,360,65,20,12,13,15,17,15,15,38,72,286,14,16,8,15,0,1,12,20,17,17,17,112,31,13,16,13,15,23,67,112,420,15,300,300,16,16,18,18,19,113,113,14,28,21,20,21,21,21,21,20,22,21,110,12,5,480,27,26,26,15,18,18,14,12,14,68,68,68,10,11,480,46,9,23,23,19,19,93,101,39,39,16,123,124,16,14,24,23,20,21,15,14,15,23,5,6,15,9,9,60,7,7,11,11,19,15,7,7,8,9,9,10,67,66,172,137,140,140,140,10,7,8,114,9,9,6,98,14,14,14,18,20,20,14,20,15,9,10,7,11,13,11,11,11,13,13,14,16,15,162,17,17,18,12,17,12,22,39,300,39,41,12,13,8,8,18,20,13,14,10,9,10,28,19,4,24,18,89,3,18,18,40,66,23,7,300,3,5,16,86,23,32,29,20,15,13,16,75,26,23,26
10,24,64,480,18,9,9,10,11,11,12,10,10,9,11,10,10,15,16,285,21,127,27,12,12,14,15,170,139,139,139,140,20,9,6,118,10,25,25,5,26,2,27,7,12,131,120,14,11,19,19,18,133,23,23,23,163,22,17,28,8,126,39,103,17,11,11,33,47,38,26,24,202,20,19,203,215,215,127,127,127,56,64,67,15,29,15,31,31,360,11,11,420,177,120,132,5,12,24,11,173,115,16,62,23,24,24,27,28,20,21,22,14,65,64,64,20,23,23,10,10,10,25,25,13,9,1,21,5,9,11,8,4,4,10,17,17,2,20,2,5,24,24,180,9,180,7,22,360,65,20,12,14,15,17,15,15,38,72,285,14,16,8,15,1,0,12,21,17,17,17,112,31,13,17,13,15,23,67,113,420,15,300,300,16,16,18,19,19,113,113,15,28,21,20,21,21,21,21,20,22,21,110,12,4,480,27,26,27,15,18,18,14,13,15,68,68,68,10,11,480,46,8,23,23,19,19,93,101,39,39,16,123,124,16,14,24,23,21,21,15,14,15,23,6,6,15,10,10,60,7,7,11,12,19,15,7,8,8,9,9,10,67,65,172,137,140,140,140,10,8,8,114,9,9,7,98,14,14,15,18,20,20,14,20,15,9,10,8,11,13,12,12,12,13,13,14,16,15,162,18,18,18,12,17,12,22,39,300,39,41,12,13,8,8,19,20,14,14,10,10,10,28,18,4,24,17,90,3,18,19,40,66,23,7,300,3,5,16,86,23,32,30,20,15,13,16,75,26,23,26
22,36,74,480,29,21,21,22,23,23,19,1,1,3,1,2,1,6,28,293,24,137,37,21,21,24,24,182,151,151,151,152,21,20,17,111,22,27,27,7,28,14,28,19,4,137,130,18,20,28,28,10,126,25,25,25,175,14,8,23,14,138,31,109,26,21,21,26,57,31,19,17,195,13,13,196,227,227,121,121,121,49,72,59,19,21,19,23,24,360,17,16,420,189,113,125,9,6,32,23,185,108,28,70,17,17,17,19,21,14,14,32,20,73,72,72,11,16,16,1,1,1,34,37,25,5,11,22,6,3,3,3,13,13,2,10,8,10,11,10,7,32,31,192,21,190,5,24,420,72,29,24,26,28,28,10,10,31,80,293,26,26,14,23,12,12,0,14,27,27,27,121,40,9,17,13,11,31,74,122,420,6,360,360,27,27,29,30,30,104,104,22,19,29,29,30,30,30,30,29,30,30,101,23,7,480,37,37,37,25,20,20,15,24,26,77,77,77,20,21,480,38,9,31,31,20,20,104,108,30,30,25,132,133,24,25,34,13,11,12,25,24,7,28,16,16,16,9,9,67,18,18,22,23,10,19,13,12,12,11,11,19,73,72,183,148,151,151,151,8,8,9,105,9,10,17,88,16,15,15,19,13,14,10,13,26,19,20,18,21,23,22,22,22,23,24,24,27,26,173,11,11,11,9,8,9,33,31,360,31,33,23,24,19,19,19,21,23,23,19,21,21,19,27,15,33,26,101,10,26,26,32,75,14,8,300,13,16,17,95,31,41,21,31,19,17,20,66,37,31,27
30,42,74,480,38,26,26,26,27,27,19,13,14,13,14,13,14,13,35,300,22,137,48,32,33,35,36,184,160,160,159,160,21,22,19,103,30,19,19,16,17,22,17,26,16,126,130,18,20,28,28,7,118,17,17,17,176,16,15,35,28,140,26,98,26,21,21,20,57,25,13,11,187,8,7,188,229,229,112,112,112,43,85,54,20,16,20,18,18,360,31,31,420,189,105,117,15,8,45,31,186,100,35,82,6,6,6,14,15,7,7,42,35,85,85,85,18,8,8,15,15,15,46,45,33,19,21,13,18,14,13,14,25,25,13,6,8,22,18,21,19,44,44,193,29,190,13,15,420,85,41,29,30,30,30,4,4,25,92,300,29,26,28,35,20,21,14,0,36,36,36,122,51,7,16,27,26,43,87,122,420,17,360,360,33,33,35,36,36,106,106,22,15,30,29,30,30,30,30,29,30,30,103,26,18,480,46,46,46,34,20,21,15,28,29,77,77,77,29,30,480,32,24,43,43,11,10,112,121,25,25,25,132,133,34,27,43,11,12,12,28,27,8,43,21,20,16,13,13,80,26,26,26,27,7,19,14,14,14,13,13,30,87,85,184,156,159,159,159,12,13,13,107,13,12,19,91,16,15,16,14,1,1,7,1,28,21,23,19,24,26,24,24,24,26,26,27,31,31,174,3,3,3,8,15,8,36,25,360,25,27,28,30,23,24,17,18,33,33,29,24,24,14,38,23,44,37,109,17,26,27,26,75,22,20,300,20,21,17,96,43,51,15,39,19,18,20,61,45,43,19
8,9,77,480,2,14,14,14,15,15,26,25,26,25,26,25,26,30,5,285,34,116,10,8,8,6,5,156,124,124,123,124,32,19,19,134,9,40,40,21,41,16,41,13,27,144,112,27,24,32,32,34,149,38,38,38,149,38,32,38,17,112,55,116,30,24,24,50,52,54,42,40,218,36,35,219,201,201,144,144,143,72,64,83,28,45,28,47,48,300,18,19,420,163,136,148,21,28,24,7,160,131,5,62,39,40,40,43,44,36,37,5,14,65,64,64,35,39,39,25,25,26,9,10,5,24,17,37,21,24,26,24,14,14,26,33,32,18,35,18,20,24,24,166,10,166,23,37,360,65,3,10,12,12,15,31,31,54,72,286,13,28,17,15,17,17,27,36,0,1,1,104,17,31,33,24,27,8,68,103,420,31,300,300,5,5,5,5,6,126,126,29,46,35,35,36,36,36,36,35,36,36,123,14,22,420,13,12,12,2,32,32,29,10,11,82,82,82,7,6,420,63,23,8,8,36,37,79,103,56,56,29,113,113,3,16,10,40,37,38,15,16,33,24,18,19,31,27,27,62,11,12,13,13,36,30,24,24,25,26,26,13,68,67,159,123,126,126,126,27,25,26,127,26,26,20,111,29,30,29,35,37,38,31,37,12,19,17,21,17,18,16,16,16,14,14,14,10,10,150,35,35,35,30,34,30,10,56,300,57,58,11,9,16,14,34,35,4,4,8,16,16,46,3,15,10,3,75,20,32,33,58,80,39,24,300,20,18,32,98,8,18,47,6,30,28,31,93,12,8,42
8,9,77,480,2,14,14,14,15,15,26,25,26,25,26,25,26,30,5,285,34,116,10,8,8,6,5,156,124,124,123,124,32,19,19,134,9,40,40,21,41,16,41,13,27,144,112,27,24,32,32,34,149,38,38,38,149,38,32,38,17,112,55,116,30,24,24,50,52,54,42,40,218,36,35,219,201,201,144,144,143,72,64,83,28,45,28,47,48,300,18,19,420,163,136,148,21,28,24,7,160,131,5,62,39,40,40,43,44,36,37,5,14,65,64,64,35,39,39,25,25,26,9,10,5,24,17,37,21,24,26,24,14,14,26,33,32,18,35,18,20,24,24,166,10,166,23,37,360,65,3,10,12,12,15,31,31,54,72,286,13,28,17,15,17,17,27,36,1,0,1,104,17,31,33,24,27,8,68,103,420,31,300,300,5,5,5,5,6,126,126,29,46,35,35,36,36,36,36,35,36,36,123,14,22,420,13,12,12,2,32,32,29,10,11,82,82,82,7,6,420,63,23,8,8,36,37,79,103,56,56,29,113,113,3,16,10,40,38,38,15,16,33,24,18,19,31,27,27,62,11,12,13,13,36,30,24,24,25,26,26,13,68,67,159,123,126,126,126,28,25,26,127,26,26,20,111,29,30,29,35,37,38,31,37,12,19,17,21,17,18,16,16,16,14,14,14,10,10,150,35,35,35,30,34,30,10,56,300,57,58,11,9,16,14,34,35,4,4,8,16,16,46,3,15,10,3,75,20,33,33,58,80,39,24,300,20,18,32,98,8,18,47,6,30,28,31,93,12,8,42
8,8,77,480,2,15,15,15,15,15,26,26,26,25,27,26,26,31,6,286,34,117,10,8,8,7,5,155,123,123,123,124,33,19,20,134,10,40,40,21,41,16,42,13,28,144,112,28,25,32,32,34,149,38,38,38,148,38,33,39,17,112,55,116,30,25,25,50,51,55,42,40,219,37,35,219,201,201,144,144,144,73,65,84,29,46,28,48,48,300,19,20,420,162,136,148,22,29,25,7,159,131,5,62,40,40,40,43,45,37,37,4,14,65,65,65,36,40,40,26,26,26,8,9,5,25,18,37,21,25,27,24,15,15,26,34,33,18,36,18,21,25,24,165,11,166,24,37,360,65,2,11,12,13,15,32,32,54,72,286,13,28,18,15,17,17,27,36,1,1,0,105,16,32,33,25,27,8,69,103,420,32,300,300,6,6,5,5,5,126,126,29,46,36,35,36,36,36,36,35,37,36,124,15,23,420,12,12,12,2,32,33,29,11,12,83,83,83,8,7,420,64,23,8,8,37,37,78,103,57,57,30,113,114,4,17,10,40,38,38,16,16,33,25,18,19,32,27,28,62,12,12,14,13,36,30,25,25,26,26,27,14,68,67,158,123,126,126,126,28,25,26,128,27,27,20,111,30,30,30,35,38,38,32,38,13,20,18,21,17,19,16,16,16,15,15,14,10,10,149,35,35,36,30,35,31,10,57,300,57,59,11,9,17,15,35,36,4,4,8,17,17,46,3,16,9,4,75,21,33,34,58,81,40,24,300,21,18,32,97,8,17,48,6,31,29,31,93,12,8,43
107,97,64,420,106,108,108,108,106,106,104,120,120,118,121,120,121,124,103,360,102,12,98,110,110,110,108,97,121,121,121,121,104,109,108,204,108,108,108,116,110,114,110,111,122,138,4,106,103,95,95,128,215,110,110,110,52,132,127,138,118,50,144,110,97,102,102,139,75,144,131,129,284,126,126,285,108,108,210,210,210,162,155,172,104,135,104,137,137,274,121,122,296,64,203,214,115,120,124,106,65,202,102,155,124,125,125,132,134,126,126,102,117,155,155,155,129,126,127,120,120,120,102,96,106,120,113,112,117,119,120,119,116,116,120,126,126,115,129,115,117,124,125,68,110,65,117,109,300,154,105,107,106,104,102,119,119,143,147,360,105,101,118,118,112,112,121,122,104,104,105,0,97,123,115,130,132,106,154,2,360,130,269,269,105,105,104,104,104,227,227,105,139,100,102,100,102,100,102,101,100,100,224,110,121,360,99,99,99,109,108,108,112,110,108,73,73,73,113,112,360,156,125,106,106,121,121,95,199,149,149,105,12,13,111,108,102,135,135,135,108,108,129,131,114,114,112,117,118,158,115,115,111,111,133,108,115,115,116,116,116,120,150,154,66,124,127,127,127,118,119,118,228,117,116,111,212,111,112,112,116,127,128,121,127,107,111,112,110,111,109,110,110,110,109,109,109,104,107,60,128,128,128,122,132,123,99,149,269,149,151,110,108,114,114,113,112,111,111,114,113,112,138,110,117,104,111,94,119,102,102,150,71,138,124,207,114,114,113,30,106,95,139,104,108,109,107,185,98,106,114
22,14,91,480,15,28,28,29,29,29,40,38,39,39,39,38,39,43,20,286,48,104,7,20,20,19,17,143,112,112,111,112,47,33,34,148,23,54,54,35,55,30,56,27,40,158,100,41,39,46,46,47,163,52,52,52,136,51,46,50,29,100,68,130,44,39,39,63,57,68,56,54,232,50,50,233,189,189,158,158,158,86,65,96,43,58,42,61,61,300,30,31,420,150,150,162,36,44,31,21,147,145,19,62,54,54,54,56,58,51,51,12,26,65,65,65,48,53,53,38,39,39,8,8,19,36,31,51,34,37,40,37,27,27,39,47,45,31,48,31,33,31,32,153,25,154,38,51,360,65,14,25,26,27,28,47,47,68,70,286,27,41,29,27,31,31,40,51,17,17,16,97,0,47,48,37,39,9,68,91,360,44,296,297,20,20,18,17,17,138,139,44,60,51,50,51,51,51,51,50,51,51,136,29,36,420,5,5,5,19,47,48,44,25,26,98,98,98,24,23,420,79,36,9,9,51,51,67,103,70,70,44,102,102,18,30,7,54,51,52,30,30,47,35,33,34,46,42,42,62,26,27,28,28,50,45,39,39,40,41,41,26,69,67,147,111,115,115,115,44,41,42,140,42,41,35,123,44,45,45,50,53,54,47,53,27,35,32,36,31,32,30,30,30,29,29,28,23,25,138,51,51,51,46,47,46,20,71,297,72,73,26,24,31,29,49,51,20,19,24,31,31,60,14,30,8,15,64,35,48,48,72,96,52,38,290,35,33,47,104,9,1,61,12,45,43,46,107,6,9,57
23,35,69,480,31,20,20,20,22,22,15,8,8,7,9,8,9,7,29,299,19,133,41,25,26,28,29,180,152,152,152,153,17,17,14,109,24,23,23,8,22,15,22,20,11,130,126,13,16,24,24,11,122,21,21,21,171,15,10,31,21,136,30,102,22,17,17,25,52,30,18,15,192,12,10,193,225,225,117,117,117,48,77,59,15,21,15,23,23,360,24,23,420,185,110,121,8,3,37,24,182,106,29,75,13,13,13,18,20,11,13,35,28,78,78,78,12,15,15,10,10,10,38,38,26,12,14,18,11,8,7,8,18,18,7,9,9,15,12,14,11,37,37,188,21,186,7,20,420,78,34,23,24,25,26,3,3,30,85,299,24,22,21,28,13,13,9,7,31,31,32,123,47,0,13,20,19,36,80,118,420,12,360,360,27,27,29,29,30,105,105,17,19,25,25,26,26,26,26,25,26,26,102,21,11,480,39,39,39,27,16,16,11,22,24,73,73,73,22,23,480,37,17,36,36,16,15,105,114,30,30,21,128,129,27,22,36,14,12,13,22,22,6,36,14,14,12,6,6,73,19,19,21,21,11,15,9,9,9,8,8,23,80,78,179,149,152,152,152,5,6,6,106,6,7,14,90,11,11,11,15,6,7,1,6,23,16,17,15,19,21,19,19,19,21,21,22,26,25,170,5,5,5,1,9,1,31,30,360,30,32,22,23,17,18,15,17,26,26,22,18,18,19,31,16,37,30,102,10,22,22,31,71,17,13,300,13,15,13,91,36,44,21,32,15,13,16,66,38,36,24
26,35,61,480,34,19,19,19,18,18,7,16,16,14,17,16,17,20,28,300,9,125,43,27,28,30,31,173,153,153,153,153,7,14,14,109,23,9,9,12,10,18,10,19,18,120,118,5,8,15,15,20,121,7,7,7,165,27,23,34,25,129,37,92,13,9,10,31,45,36,24,22,190,19,18,191,218,218,116,116,116,54,80,65,7,27,7,29,29,360,28,27,420,177,108,120,12,16,40,26,176,106,28,78,17,17,17,25,26,18,18,38,30,80,80,80,25,19,19,16,16,16,42,40,28,16,17,5,14,15,16,15,21,21,16,19,21,18,25,18,15,40,40,181,22,178,13,6,420,80,36,22,22,21,21,15,15,36,87,300,21,14,25,31,16,17,17,16,33,33,33,115,48,13,0,25,23,40,83,111,420,21,360,360,26,26,29,29,29,118,119,10,26,18,17,18,18,18,18,17,18,18,116,18,14,480,41,41,41,30,8,8,5,22,21,66,66,66,25,26,480,44,21,40,40,6,7,107,117,37,37,14,121,122,31,19,40,23,25,24,20,19,20,39,16,15,3,9,9,76,22,21,19,19,21,7,9,9,9,8,8,26,82,81,174,151,154,154,154,10,10,9,120,9,7,13,103,4,3,3,2,17,17,13,17,20,13,15,11,16,18,17,17,17,18,18,19,23,23,165,19,19,18,14,23,14,29,37,360,37,39,22,23,16,18,2,3,30,30,25,16,16,26,35,18,42,33,103,13,13,14,38,64,29,17,300,15,16,2,85,40,47,27,35,7,6,8,73,40,40,11
18,32,77,480,23,18,18,18,20,20,25,14,13,15,13,14,13,15,24,283,30,138,31,17,17,18,20,178,146,146,145,146,27,22,19,123,19,33,33,14,34,15,35,15,11,143,133,24,24,32,32,22,138,31,31,31,171,21,16,18,6,134,44,115,30,24,25,39,60,44,31,29,208,26,25,209,223,223,133,133,133,62,62,72,26,33,26,36,36,360,6,5,420,185,126,137,15,20,23,19,181,120,24,60,30,30,29,31,33,26,27,26,10,63,62,62,19,29,29,12,12,12,28,33,21,7,13,29,13,13,15,13,10,10,15,22,21,11,19,12,13,22,21,188,17,187,14,30,420,63,24,20,22,23,25,23,23,44,70,283,22,29,6,14,13,13,13,27,24,24,25,130,37,20,25,0,3,24,62,121,420,11,300,300,22,22,24,25,25,102,102,26,31,32,31,32,32,32,32,31,33,32,99,18,11,480,30,30,30,20,24,25,20,19,21,79,79,79,15,16,480,50,5,24,24,24,25,98,97,42,42,27,131,132,18,20,27,25,23,23,21,20,18,17,15,17,21,15,15,56,13,13,17,18,21,24,17,17,16,15,15,12,62,61,178,142,146,146,146,15,12,13,103,14,15,17,87,20,19,20,24,25,25,19,25,21,20,18,18,18,20,18,18,18,19,19,20,22,21,168,23,23,23,17,14,18,28,43,300,43,45,18,19,15,14,24,25,18,18,14,16,17,31,20,12,26,19,95,14,29,29,43,77,19,11,300,14,16,21,97,24,34,32,26,24,22,25,77,31,24,32
21,34,78,480,26,20,20,20,22,22,24,12,12,13,11,13,12,13,26,285,29,140,33,19,20,21,23,181,149,149,148,149,26,23,21,122,21,32,32,12,33,17,33,18,9,142,135,22,25,33,33,21,137,30,30,30,174,19,14,15,9,137,42,114,31,26,26,37,62,43,31,29,207,25,24,208,226,226,132,132,132,61,64,70,24,32,24,35,35,360,8,7,420,188,125,136,13,18,25,22,184,119,27,61,29,29,28,31,32,25,26,29,12,64,64,64,17,28,28,11,11,11,31,36,24,6,15,27,11,12,14,12,13,13,13,21,20,13,17,13,12,24,23,190,19,190,12,29,420,64,26,23,24,26,27,22,22,43,71,285,25,31,9,16,15,15,11,26,27,27,27,132,39,19,23,3,0,27,64,124,420,8,360,360,25,25,27,27,28,99,99,24,29,32,32,33,32,33,33,31,33,33,97,21,10,480,32,33,33,22,23,23,18,21,23,80,80,80,17,18,480,48,7,27,27,23,23,101,98,40,40,27,134,134,20,23,30,23,21,21,23,23,17,18,18,19,19,13,13,57,16,16,20,20,19,22,15,15,14,14,14,15,64,63,181,145,148,148,148,13,11,11,101,12,13,19,84,18,18,18,22,23,24,17,23,24,22,21,20,20,23,21,21,21,22,22,23,25,24,171,21,21,21,16,11,16,30,41,360,41,43,21,22,18,17,22,23,20,20,16,19,20,29,23,15,28,22,97,12,29,29,41,78,16,11,300,16,18,20,98,27,36,30,29,22,20,23,75,34,27,30
16,8,86,480,7,22,22,22,23,23,35,30,30,31,31,30,31,35,13,284,43,113,3,12,12,10,9,152,121,121,120,121,41,27,27,140,17,48,48,27,49,22,50,21,31,153,109,36,33,41,40,39,155,47,47,47,146,43,37,42,21,109,60,125,39,33,33,55,51,60,48,46,224,42,42,225,198,198,150,150,149,78,63,88,37,50,37,52,52,300,22,23,420,159,142,154,28,35,28,15,156,137,13,61,46,46,46,48,49,42,43,4,18,64,63,63,40,45,45,30,30,30,31,5,13,28,23,44,25,29,31,29,19,19,30,39,37,22,40,23,25,28,28,162,18,163,30,46,360,63,6,18,20,21,23,39,39,60,71,284,21,36,21,19,23,23,31,43,8,8,8,106,9,36,40,24,27,0,66,100,420,36,300,300,14,14,11,11,11,130,130,38,51,45,44,45,45,45,45,44,45,45,127,23,28,420,6,6,6,10,41,42,38,19,20,92,92,92,16,15,420,70,27,27,27,44,45,76,101,62,62,38,110,111,9,24,3,45,43,43,24,24,39,28,25,26,40,35,35,60,20,20,22,22,41,39,32,32,33,34,34,17,66,65,156,120,123,123,123,35,32,33,131,34,35,27,115,38,39,38,44,45,45,38,45,21,28,26,30,25,26,24,24,24,23,23,22,17,19,146,43,43,43,37,39,37,14,63,300,63,65,19,17,25,23,43,45,11,11,15,25,25,51,5,23,1,6,72,27,42,42,63,90,44,29,299,27,26,41,98,98,9,52,5,39,37,40,98,7,7,51
65,74,128,480,68,67,67,67,69,69,77,74,74,75,74,74,74,76,69,230,85,161,66,61,62,62,64,170,117,117,116,117,83,72,71,184,66,91,91,72,92,66,93,65,72,195,157,78,75,83,83,83,199,89,89,89,168,83,77,66,61,133,102,167,81,76,76,99,111,104,92,90,268,86,86,269,214,214,193,193,193,122,5,124,79,94,79,96,96,300,59,59,420,182,186,198,72,79,42,65,176,181,69,8,90,90,90,92,93,86,87,70,56,5,5,5,80,89,89,74,74,73,66,69,67,69,67,87,69,73,75,73,63,63,74,83,81,66,80,67,69,43,44,181,64,186,74,88,360,6,68,67,69,71,72,83,83,104,4,230,70,80,61,51,67,67,74,87,68,68,69,154,68,80,83,62,64,66,0,149,420,77,300,300,72,72,74,74,75,119,119,81,96,88,87,88,88,88,88,87,88,88,115,70,72,480,69,70,69,69,84,85,81,69,71,135,135,135,66,65,480,115,69,68,68,88,89,70,48,106,106,82,159,160,67,72,70,90,87,88,72,72,83,50,70,71,83,79,79,6,65,65,70,70,86,82,76,77,77,78,78,61,4,1,178,117,120,120,120,79,77,78,121,78,78,72,111,81,82,82,87,89,90,83,89,72,74,72,74,72,74,71,71,71,71,71,72,72,71,168,87,87,87,82,80,82,78,107,300,108,109,69,69,70,68,87,88,66,66,65,71,71,96,69,67,67,68,69,72,85,85,108,133,85,72,300,72,70,84,153,68,72,97,73,83,80,83,132,71,68,95
106,96,64,420,104,107,107,106,104,104,104,120,121,119,121,120,121,124,101,360,102,11,97,108,108,108,107,96,120,120,119,120,104,108,108,204,106,108,108,116,110,114,111,109,122,138,5,106,103,96,95,128,215,110,110,110,51,132,127,139,117,48,144,110,98,102,103,139,76,144,132,129,284,127,126,285,106,106,210,210,210,162,153,173,104,135,104,137,137,273,120,120,297,63,203,214,115,120,122,105,63,202,101,154,124,125,125,132,134,126,126,100,115,153,153,153,129,126,127,120,120,121,100,95,104,120,113,112,118,119,120,119,114,114,121,126,126,115,129,115,117,123,124,66,108,64,117,110,300,152,103,105,104,102,101,119,119,144,146,360,104,101,117,116,112,113,122,122,103,103,103,2,91,118,111,121,124,100,149,0,360,130,268,268,103,103,103,103,102,228,228,105,139,100,102,100,102,101,103,102,101,100,225,108,122,360,97,97,97,107,108,109,112,108,106,74,74,74,111,110,360,157,126,104,104,121,122,94,198,149,149,105,12,12,110,106,100,136,135,136,106,106,130,130,115,114,112,118,118,156,114,114,110,109,134,108,115,115,116,117,117,119,149,152,65,122,126,126,126,119,119,118,229,118,116,112,213,112,113,112,116,128,128,122,128,106,112,111,111,110,107,109,109,109,108,107,107,103,106,59,128,128,128,123,132,123,98,150,268,150,152,109,107,112,113,114,112,110,109,113,111,110,139,108,117,103,110,92,119,103,103,151,72,138,124,208,115,115,113,30,104,94,140,102,109,110,107,186,96,104,114
420,360,420,84,420,420,420,420,420,420,420,420,420,420,420,420,420,420,420,420,420,300,360,420,420,420,420,250,300,300,300,300,420,420,420,540,420,420,420,420,420,420,420,420,420,480,360,420,420,420,420,420,540,420,420,420,286,420,420,420,420,300,420,420,420,420,420,420,420,420,420,420,600,420,420,600,231,231,540,540,540,480,420,480,420,420,420,420,420,136,420,420,360,281,540,540,420,420,420,420,276,540,420,420,420,420,420,420,420,420,420,420,420,420,420,420,420,420,420,420,420,420,420,360,420,420,420,420,420,420,420,420,420,420,420,420,420,420,420,420,420,420,420,273,420,282,420,420,40,420,420,420,420,420,420,420,420,420,420,420,420,420,420,420,420,420,420,420,420,420,420,360,360,420,420,420,420,420,420,360,0,420,137,137,420,420,420,420,420,540,540,420,480,420,420,420,420,420,420,420,420,420,540,420,420,82,420,420,420,420,420,420,420,420,420,420,420,420,420,420,84,480,420,420,420,420,420,360,480,480,480,420,360,360,420,420,420,420,420,420,420,420,420,420,420,420,420,420,420,420,420,420,420,420,420,420,420,420,420,420,420,420,420,420,281,360,360,360,360,420,420,420,540,420,420,420,540,420,420,420,420,420,420,420,420,420,420,420,420,420,420,420,420,420,420,420,420,420,420,284,420,420,420,420,420,420,420,480,138,480,480,420,420,420,420,420,420,420,420,420,420,420,420,420,420,420,420,360,420,420,420,480,420,420,420,290,420,420,420,360,420,420,480,420,420,420,420,480,420,420,420
25,38,76,480,31,24,24,24,26,26,22,7,6,9,6,7,6,4,30,293,26,140,38,23,24,26,27,185,154,154,153,154,24,22,20,113,25,30,30,10,31,16,31,22,1,139,133,20,23,31,31,12,128,28,28,28,178,11,5,22,13,141,33,112,29,24,24,28,60,33,21,19,197,15,15,198,230,230,123,123,123,51,72,61,22,23,22,26,26,360,16,15,420,192,115,127,11,9,32,26,188,110,31,69,19,20,19,21,23,16,16,34,20,72,72,72,8,18,19,6,6,6,36,40,28,4,14,25,9,7,8,7,16,16,7,12,10,13,8,12,10,32,31,194,23,193,8,27,420,72,32,27,28,30,31,12,12,33,79,293,29,29,13,22,15,15,6,17,31,31,32,130,44,12,21,11,8,36,77,130,420,0,360,360,29,29,31,31,31,100,100,23,21,31,30,32,31,32,32,30,32,32,97,25,9,480,37,38,38,26,22,22,17,25,27,79,79,79,21,22,480,40,7,32,32,22,22,105,107,32,32,26,134,134,25,26,35,15,13,13,27,26,8,27,18,18,18,12,12,66,20,20,24,24,11,21,14,14,13,13,12,20,72,71,185,150,153,153,153,10,10,10,101,11,12,18,85,17,16,17,21,15,16,12,15,27,21,22,19,23,25,23,23,23,25,25,26,29,27,175,13,13,13,11,4,11,34,33,360,33,35,25,26,21,21,21,22,24,24,20,22,23,21,28,17,33,27,102,11,28,28,33,77,8,10,300,15,18,18,97,32,41,22,33,21,19,22,67,39,32,29
300,300,360,199,300,300,300,300,300,300,300,360,360,360,360,360,360,360,300,292,360,256,300,300,300,300,300,181,205,205,206,206,360,300,300,420,300,360,360,300,360,300,360,300,360,420,269,360,300,360,360,360,480,360,360,360,218,360,360,360,300,235,360,360,360,300,300,360,300,360,360,360,540,360,360,540,171,171,420,420,420,360,300,360,360,360,360,360,360,1,300,300,360,218,420,480,300,360,300,300,208,420,300,300,360,360,360,360,360,360,360,300,300,300,300,300,360,360,360,360,360,360,300,300,300,360,300,360,300,360,360,360,300,300,360,360,360,300,360,300,300,300,300,209,300,219,300,360,120,300,300,300,300,300,300,360,360,360,298,291,300,300,300,300,300,300,360,360,300,300,300,269,296,360,360,300,360,300,300,268,137,360,0,1,300,300,300,300,300,420,420,360,360,360,360,360,360,360,360,360,360,360,420,300,360,193,300,300,300,300,360,360,360,300,300,360,360,360,300,300,195,360,360,300,300,360,360,238,360,360,360,360,262,263,300,360,300,360,360,360,300,360,360,360,360,360,360,360,360,300,300,300,300,300,360,360,360,360,360,360,360,360,300,300,216,213,213,213,213,360,360,360,420,360,360,360,420,360,360,360,360,360,360,360,360,300,360,360,360,360,360,360,360,360,300,300,300,300,300,214,360,360,360,360,360,360,300,360,2,360,360,300,300,360,360,360,360,300,300,300,360,360,360,300,360,300,300,241,360,360,360,360,360,360,360,241,360,360,360,300,300,300,360,300,360,360,360,420,300,300,360
300,300,300,199,300,300,300,300,300,300,300,360,360,360,360,360,360,360,300,292,360,256,300,300,300,300,300,181,205,205,206,206,360,300,300,420,300,360,360,300,360,300,360,300,360,420,268,300,300,360,360,360,480,360,360,360,217,360,360,360,300,234,360,360,360,300,300,360,300,360,360,360,540,360,360,540,171,171,420,420,420,360,300,360,360,360,360,360,360,1,300,300,360,218,420,480,300,360,300,300,208,420,300,300,360,360,360,360,360,360,360,300,300,300,300,300,360,360,360,360,360,360,300,300,300,360,300,360,300,360,360,360,300,300,360,360,360,300,360,300,300,300,300,209,300,219,300,360,120,300,300,300,300,300,300,360,360,360,298,292,300,300,300,300,300,300,360,360,300,300,300,269,297,360,360,300,360,300,300,268,137,360,1,0,300,300,300,300,300,420,420,360,360,360,360,360,360,360,360,360,360,360,420,360,360,194,300,300,300,300,360,360,360,300,300,360,360,360,300,300,196,360,360,300,300,360,360,239,360,360,360,360,262,262,300,360,300,360,360,360,360,360,360,360,360,360,360,360,360,300,300,300,300,300,360,360,360,360,360,360,360,360,300,300,216,213,213,213,213,360,360,360,420,360,360,360,420,360,360,360,360,360,360,360,360,300,360,360,360,360,360,360,360,360,300,300,300,300,300,214,360,360,360,360,360,360,300,360,2,360,360,300,300,360,360,360,360,300,300,300,360,360,360,300,360,300,300,241,360,360,360,360,360,360,360,242,360,360,360,300,300,300,360,300,360,360,360,420,300,300,360
7,6,71,480,7,10,10,10,9,9,20,26,26,24,27,26,27,30,2,288,28,112,15,9,10,9,8,154,126,126,125,126,27,13,15,133,7,34,34,20,35,15,36,11,28,138,108,21,18,26,26,33,146,32,32,32,145,38,32,40,18,110,54,110,24,19,19,49,48,53,41,39,216,36,34,216,199,199,141,141,141,72,67,82,23,45,22,47,47,300,21,22,420,159,133,145,21,28,27,6,156,130,3,64,38,38,38,42,44,36,36,10,16,67,67,67,35,38,39,26,26,26,14,13,5,25,17,31,21,25,26,25,15,15,26,33,32,18,35,19,21,27,26,162,9,162,23,31,360,67,8,6,6,7,9,29,29,53,74,288,7,22,18,17,16,16,27,33,5,5,6,105,20,27,26,22,25,14,72,103,420,29,300,300,0,360,3,3,3,128,128,23,45,30,29,30,30,30,30,29,31,30,125,9,22,420,15,15,15,6,26,27,23,5,6,77,77,77,9,8,420,63,24,14,14,32,32,81,105,56,56,24,109,110,8,11,13,40,37,38,10,10,32,27,13,14,26,23,23,64,11,11,8,7,36,24,20,20,21,22,22,16,71,69,156,125,128,128,128,24,24,23,129,22,22,15,112,24,24,24,29,35,35,29,35,7,14,12,15,11,13,11,11,11,9,9,8,5,4,146,33,33,33,28,34,28,6,56,300,56,58,6,4,12,10,29,30,7,6,10,11,11,45,9,14,15,8,78,20,27,28,57,75,40,25,300,17,14,26,94,14,21,47,9,25,23,25,92,15,14,37
7,6,71,480,7,10,10,10,9,9,20,26,26,24,27,26,27,30,2,288,28,112,15,9,10,9,8,154,126,126,125,126,27,13,15,133,7,34,34,20,35,15,36,11,28,138,108,21,18,26,26,33,146,32,32,32,145,38,32,40,18,110,54,110,24,19,19,49,48,53,41,39,216,36,34,216,199,199,141,141,141,72,67,82,23,45,22,47,47,300,21,22,420,159,133,145,21,28,27,6,156,130,3,64,38,38,38,42,44,36,36,10,16,67,67,67,35,38,39,26,26,26,14,13,5,25,17,31,21,25,26,25,15,15,26,33,32,18,35,19,21,27,26,162,9,162,23,31,360,67,8,6,6,7,9,29,29,53,74,288,7,22,18,17,16,16,27,33,5,5,6,105,20,27,26,22,25,14,72,103,420,29,300,300,360,0,3,3,3,128,128,23,45,30,29,30,30,30,30,29,31,30,125,9,22,420,15,15,15,6,26,27,23,5,6,77,77,77,9,8,420,63,24,14,14,32,32,81,105,56,56,24,109,110,8,11,13,40,37,38,10,10,32,27,13,14,26,23,23,64,11,11,8,7,36,24,20,20,21,22,22,16,71,69,156,125,128,128,128,24,24,23,129,22,22,15,112,24,24,24,29,35,35,29,35,7,14,12,15,11,13,11,11,11,9,9,8,5,4,146,33,33,33,28,34,28,6,56,300,56,58,6,4,12,10,29,30,7,6,10,11,11,45,9,14,15,8,78,20,27,28,57,75,40,25,300,17,14,26,94,14,21,47,9,25,23,25,92,15,14,37
9,4,74,480,6,12,12,12,12,12,23,28,29,26,29,28,29,32,4,290,31,112,13,12,12,11,10,151,123,123,123,123,29,16,17,135,9,37,37,22,38,17,38,13,30,141,108,24,21,29,29,36,148,35,35,35,144,40,35,42,20,108,56,113,27,21,22,51,46,56,43,41,217,38,36,218,197,197,143,143,143,74,69,84,25,47,25,49,49,300,23,24,420,158,135,147,23,30,29,8,155,132,4,67,40,40,41,44,46,38,39,7,19,70,69,69,37,41,41,28,28,29,11,10,7,27,19,34,24,27,28,27,17,17,29,35,34,21,37,21,23,29,29,161,11,162,25,34,360,69,6,9,9,9,12,32,32,56,77,290,10,25,20,20,18,18,29,35,5,5,5,104,18,29,29,24,27,11,74,103,420,31,300,300,3,3,0,1,1,130,130,26,48,33,32,33,33,33,33,32,34,33,127,12,24,420,13,13,13,7,29,30,26,8,9,80,80,80,11,10,420,65,26,11,11,34,35,78,108,58,58,27,109,110,9,13,10,42,40,40,13,13,35,29,16,17,29,25,25,67,13,13,11,10,38,27,22,22,23,24,24,18,73,72,155,123,126,126,126,26,26,25,131,25,24,18,115,26,27,27,32,37,38,31,37,10,17,15,18,14,15,13,13,13,12,12,11,8,7,145,36,36,36,30,37,30,6,58,300,59,60,8,6,14,12,32,33,9,9,12,14,14,47,7,17,12,8,75,22,30,30,60,78,43,27,297,19,16,29,93,11,18,49,6,28,26,28,94,12,11,40
9,4,74,480,6,12,12,12,12,12,23,29,29,27,30,28,29,32,4,290,31,112,12,12,12,11,10,151,123,123,122,123,30,16,17,135,10,37,37,23,38,17,39,13,30,141,107,24,21,29,29,36,148,35,35,35,144,40,35,42,20,107,57,113,27,22,22,51,46,56,44,42,218,38,37,219,196,196,143,143,143,74,69,85,25,47,25,49,49,300,24,24,420,158,136,147,24,30,29,9,155,132,4,67,40,41,41,45,46,38,39,7,19,70,69,69,38,41,41,29,29,29,11,10,7,28,19,34,24,28,28,27,18,18,29,35,34,21,37,21,23,29,29,161,12,162,25,34,360,70,6,9,9,10,12,32,32,56,77,291,10,25,20,20,18,19,30,36,5,5,5,104,17,29,29,25,27,11,74,103,420,31,300,300,3,3,1,0,1,130,130,27,48,33,32,34,33,34,34,32,34,34,127,12,25,420,12,12,12,7,30,30,26,8,9,80,80,80,11,10,420,66,27,11,11,34,35,78,108,58,58,27,109,109,9,14,10,43,40,40,13,13,35,30,16,17,29,25,25,67,14,13,11,11,38,28,22,23,24,24,24,19,73,72,155,123,126,126,126,26,26,25,131,25,25,18,115,27,28,27,32,37,38,31,37,10,17,15,19,14,16,14,14,14,12,12,11,8,8,145,36,36,36,31,37,31,6,59,300,59,61,8,7,15,13,32,33,9,9,13,14,14,48,7,17,12,8,75,23,30,31,60,78,43,27,297,19,16,30,92,11,18,49,6,28,26,28,95,12,11,40
10,3,74,480,6,12,12,12,12,12,23,29,29,27,30,28,29,33,5,291,32,112,12,12,12,12,10,151,123,123,122,123,30,16,17,136,10,37,37,23,38,18,39,13,30,141,107,25,22,29,29,36,148,35,35,35,144,40,35,43,21,107,57,113,27,22,22,52,46,56,44,42,218,38,37,219,196,196,143,143,143,74,70,85,26,47,26,49,49,300,24,25,420,158,136,147,24,30,29,9,154,133,4,67,40,41,41,45,46,39,39,7,19,70,70,70,38,41,41,29,29,29,11,9,7,28,19,34,24,28,29,28,18,18,29,35,35,21,38,21,24,29,29,161,12,161,25,35,360,70,6,9,9,10,13,32,32,56,77,291,10,25,21,20,19,19,30,36,6,6,5,104,17,30,29,25,28,11,75,102,420,31,300,300,3,3,1,1,0,130,131,27,48,33,33,34,34,34,34,33,34,34,128,12,25,420,12,12,12,7,30,30,27,8,9,80,80,80,12,10,420,66,27,11,11,35,35,78,108,59,59,27,109,109,9,14,10,43,40,41,13,14,35,30,16,17,29,26,26,67,14,14,11,11,39,28,23,23,24,25,25,19,73,72,154,122,125,125,125,27,27,26,132,25,25,18,115,27,28,27,33,38,38,32,38,10,17,15,19,15,16,14,14,14,12,12,12,8,8,145,36,36,36,31,37,31,5,59,300,59,61,9,7,15,13,32,33,10,9,13,14,14,48,7,17,12,8,75,23,30,31,60,78,43,28,297,20,16,30,92,11,18,49,6,28,26,29,95,11,11,40
120,133,174,600,125,119,119,120,121,121,119,103,103,104,104,103,103,98,126,246,124,237,132,119,119,120,122,280,234,234,233,234,121,120,117,156,120,121,121,108,119,114,119,117,100,217,230,118,121,128,128,99,171,119,119,119,273,92,96,85,108,236,82,199,126,121,122,88,157,94,98,100,240,98,99,241,300,300,166,166,167,100,114,77,120,92,120,92,92,420,105,105,540,287,159,169,109,102,112,121,283,153,126,112,102,102,102,94,92,99,99,128,110,114,114,114,94,101,101,104,104,105,130,135,123,104,112,115,108,104,102,104,112,112,102,100,100,111,94,111,108,111,110,290,118,289,106,117,480,116,126,122,124,125,127,106,106,96,122,246,124,126,108,113,113,113,104,106,126,126,126,227,138,105,118,102,99,130,119,228,540,100,420,420,128,128,130,130,130,0,1,119,94,127,126,128,127,128,128,126,128,128,7,118,105,540,130,130,130,120,117,118,113,119,121,175,175,175,115,116,540,100,104,125,125,110,110,180,73,91,91,122,230,230,118,121,128,96,95,95,121,120,101,105,114,114,114,106,106,109,113,114,118,118,97,117,110,110,109,109,108,112,114,110,278,227,230,230,230,106,105,106,3,107,108,114,14,113,112,113,114,104,103,103,104,121,117,118,115,118,120,119,119,119,119,120,120,123,121,269,103,103,103,103,95,102,128,92,420,94,96,119,120,116,115,117,117,118,118,114,117,117,94,120,113,126,119,179,107,124,124,90,173,95,107,420,111,114,114,193,125,134,94,127,117,115,118,80,131,125,118
120,134,174,600,125,120,120,120,122,121,120,103,103,105,104,103,103,98,126,246,124,238,133,119,119,120,122,280,234,234,233,234,121,120,117,157,121,121,121,108,119,114,119,117,100,217,231,118,121,128,128,99,171,119,119,119,273,92,96,85,108,236,83,199,127,121,122,88,157,95,98,100,240,99,99,241,300,300,167,167,167,100,115,77,120,93,120,92,92,420,105,105,540,287,159,169,109,102,112,121,283,154,126,112,102,102,102,94,92,99,99,128,110,114,115,115,95,101,101,104,105,105,130,135,123,104,112,115,108,104,102,104,112,112,102,100,100,112,94,111,108,111,110,290,119,289,106,117,480,116,126,122,124,125,127,106,106,96,122,246,124,126,108,113,113,113,104,106,126,126,126,227,139,105,119,102,99,130,119,228,540,100,420,420,128,128,130,130,131,1,0,119,94,127,127,128,127,128,128,126,128,128,7,119,106,540,130,130,130,120,118,118,113,119,121,175,175,175,115,116,540,100,104,125,125,111,110,180,73,91,91,122,230,231,118,121,128,96,95,95,121,120,101,105,114,114,114,107,106,110,114,114,118,118,97,117,110,110,109,109,109,112,114,110,279,227,230,230,230,106,106,106,3,107,108,114,14,113,113,113,114,104,103,104,104,122,117,118,115,118,120,119,119,119,119,120,120,123,121,269,103,104,103,103,95,103,128,92,420,94,96,119,120,116,115,117,117,118,118,114,117,117,94,120,113,126,119,180,108,124,124,90,173,95,107,420,111,114,115,193,125,134,94,127,117,115,118,80,131,125,118
22,31,51,480,30,15,15,15,15,15,4,20,21,18,21,20,21,24,24,297,7,115,39,23,24,26,27,168,149,149,149,149,4,11,10,117,19,12,12,16,14,16,15,15,22,117,108,6,5,5,5,28,129,11,11,11,155,32,27,39,22,124,45,89,3,4,3,40,35,44,32,30,198,27,27,199,211,211,124,124,124,62,76,73,3,35,4,37,37,360,25,26,420,167,116,128,16,20,36,22,168,114,24,74,25,25,26,33,34,26,26,34,26,77,76,76,29,27,27,20,20,21,38,36,24,20,15,12,19,19,20,19,18,18,21,26,26,17,29,17,19,36,36,170,18,168,17,10,360,76,32,19,18,17,17,19,19,44,84,297,17,4,22,27,14,15,22,22,29,29,29,105,44,17,10,26,24,38,81,105,420,23,360,360,23,23,26,27,27,119,119,0,35,8,7,8,8,8,8,7,9,8,120,14,19,480,38,38,38,26,3,3,7,18,18,56,56,56,22,23,480,53,23,37,37,16,17,103,114,45,45,4,111,112,28,16,36,32,31,31,16,16,25,35,12,12,7,13,13,73,18,18,15,15,29,3,12,13,13,12,12,23,79,78,165,147,150,150,150,14,14,14,124,13,12,9,108,7,7,7,12,23,24,17,23,17,9,11,8,12,14,13,13,13,15,15,15,19,19,159,23,23,24,18,28,18,25,45,360,46,47,18,20,12,14,8,7,26,26,21,13,12,34,31,14,38,30,100,17,5,5,47,54,34,21,298,12,12,8,74,37,44,36,31,3,4,2,81,37,37,14
37,51,85,480,46,37,37,37,39,39,33,19,19,20,19,18,19,18,43,300,32,149,53,38,38,41,41,198,167,167,166,167,32,35,33,96,38,29,29,23,27,29,27,35,21,135,142,31,34,38,38,9,111,27,27,27,189,12,18,34,33,154,13,107,36,35,35,8,68,17,7,5,181,7,9,181,243,243,106,106,107,34,90,41,33,3,33,6,6,360,37,36,420,201,98,110,24,17,50,38,200,93,44,88,9,8,8,4,3,8,8,49,40,91,90,90,15,7,7,20,20,20,51,53,41,24,28,23,23,19,18,19,30,30,18,11,11,27,15,26,24,50,50,204,36,202,21,25,420,91,46,39,41,43,44,18,18,17,98,300,42,39,33,41,28,28,19,15,46,46,46,139,60,19,26,31,29,51,96,139,480,21,360,360,45,45,48,48,48,94,94,35,0,39,38,39,39,39,39,38,39,39,93,38,23,480,52,53,53,41,30,31,28,38,40,88,88,88,36,37,480,23,27,47,47,20,19,118,125,13,13,37,143,143,40,39,50,8,10,9,40,39,13,47,31,30,27,23,23,84,33,33,37,37,9,32,27,27,26,25,25,34,91,90,196,163,166,166,166,22,22,23,97,24,25,31,80,28,27,28,23,14,14,19,14,40,33,34,32,36,38,36,36,36,38,38,39,42,40,186,14,14,14,18,19,18,47,15,360,16,18,38,39,34,34,26,26,39,39,35,35,36,3,43,30,48,42,115,24,34,35,13,86,26,24,360,27,31,27,106,47,56,5,46,32,30,32,47,52,47,28
28,37,46,480,37,22,22,22,21,21,12,28,28,26,29,28,29,32,30,300,9,110,46,30,30,33,33,175,156,156,155,156,11,17,16,123,26,14,14,24,17,22,17,22,30,115,103,13,12,2,1,34,135,16,16,16,150,40,35,46,29,131,51,87,4,10,10,45,29,50,38,36,204,33,33,205,205,205,130,130,130,68,83,79,11,41,12,43,43,360,32,32,360,162,122,134,23,28,42,29,162,120,31,80,31,31,31,39,40,32,32,40,32,83,83,83,37,33,33,28,28,28,45,43,31,28,21,18,26,27,28,27,25,25,28,33,34,23,37,23,26,42,42,165,25,163,25,16,420,83,38,25,24,24,24,27,27,50,90,300,23,10,29,33,21,21,29,30,35,35,36,100,51,25,18,32,32,45,88,100,420,31,360,360,30,30,33,33,33,127,127,8,39,0,2,1,2,1,3,2,1,1,126,19,24,480,43,42,42,31,9,10,13,23,23,49,49,49,27,27,480,57,28,41,41,21,21,108,118,49,49,7,104,105,33,21,41,36,37,37,21,20,31,40,17,16,13,19,20,77,23,23,20,20,34,9,17,17,18,18,18,27,84,82,158,152,155,155,155,20,21,20,130,19,18,14,114,13,13,13,17,29,30,23,29,21,14,16,13,17,18,18,18,18,19,19,20,24,24,152,30,30,30,24,34,25,30,50,360,50,52,23,25,17,19,14,13,31,31,26,18,17,39,36,19,43,34,104,21,3,3,51,47,40,26,291,17,17,14,68,41,49,40,36,9,10,8,86,41,41,14
27,37,48,480,36,21,21,21,20,20,11,28,28,26,28,27,28,32,30,300,8,112,45,29,29,32,32,174,155,155,154,155,10,16,16,122,25,13,13,23,16,21,16,21,29,113,105,13,11,2,2,33,134,15,15,15,152,39,34,46,28,130,50,85,3,10,9,44,31,49,37,35,203,32,32,204,207,207,129,129,129,67,82,78,11,40,11,42,42,360,31,32,360,164,121,133,23,27,42,28,164,119,30,80,30,30,31,38,39,31,31,39,31,82,82,82,37,32,32,27,28,28,44,42,30,27,21,17,25,26,28,26,24,24,28,32,34,22,37,23,25,42,41,167,24,165,24,15,420,82,38,24,24,23,23,26,26,49,89,300,22,9,28,32,20,20,29,29,35,35,35,102,50,25,17,31,32,44,87,102,420,30,360,360,29,29,32,32,33,126,127,7,38,2,0,2,1,1,1,1,2,2,126,19,23,480,42,42,42,30,9,9,12,23,22,51,51,51,26,27,480,56,27,41,41,20,20,107,118,49,48,7,107,107,32,20,40,35,36,37,20,20,31,39,16,16,13,19,19,77,22,22,19,20,33,9,17,17,18,18,18,27,83,82,160,152,155,155,155,20,20,19,130,19,17,13,114,12,13,13,16,29,29,23,29,21,13,15,12,17,18,17,17,17,19,19,20,24,24,154,29,29,29,24,33,24,29,49,360,49,51,22,24,16,18,13,12,30,30,26,17,16,38,35,19,42,34,104,21,2,2,50,49,39,26,294,16,16,14,70,41,48,39,35,9,10,7,85,41,41,13
29,38,47,480,37,22,22,22,21,22,12,29,29,27,30,29,29,33,31,300,9,110,46,30,31,33,34,175,156,156,156,156,11,18,17,124,26,15,15,25,17,23,17,22,31,115,103,14,12,2,2,35,135,17,17,17,150,40,35,47,29,131,51,87,4,11,10,46,30,51,38,36,205,33,33,206,206,206,130,130,130,69,83,79,12,42,12,44,44,360,32,33,360,162,123,134,24,28,43,29,163,121,31,81,31,32,32,39,41,33,33,41,33,84,83,83,38,33,34,29,29,29,45,43,31,28,22,19,26,28,29,27,25,25,29,34,35,24,38,24,26,43,43,166,25,163,25,16,420,83,39,25,25,24,24,27,27,50,90,300,24,11,29,34,21,21,30,30,36,36,36,100,51,26,18,32,33,45,88,100,420,32,360,360,30,30,33,34,34,128,128,8,39,1,2,0,2,1,2,2,1,1,127,20,24,480,43,43,43,31,10,10,13,24,23,50,50,50,27,28,480,57,28,42,42,21,22,108,119,50,50,8,105,105,33,21,41,36,37,38,21,21,31,40,17,17,14,20,20,78,23,23,20,21,34,9,18,18,19,19,19,28,84,83,158,152,156,156,156,21,21,20,131,20,18,14,114,13,14,14,17,30,30,24,30,22,14,16,13,18,19,18,18,18,20,20,21,25,25,152,30,30,30,25,34,25,30,50,360,50,52,23,25,17,19,14,13,31,31,27,18,17,39,36,20,43,35,105,22,4,4,51,48,40,27,292,17,17,15,68,42,49,40,36,10,11,8,86,42,42,15
28,37,48,480,37,22,22,22,21,21,12,28,29,27,29,28,29,32,30,300,8,112,46,30,30,33,33,175,156,156,155,156,11,17,17,123,26,14,14,24,17,22,17,22,30,114,105,14,12,2,3,34,135,16,16,16,152,40,35,47,29,131,51,86,4,10,10,45,32,50,38,36,204,33,32,205,208,208,130,130,130,68,83,79,11,41,12,43,43,360,32,33,360,164,122,134,23,28,43,29,165,120,31,80,31,31,31,39,40,32,32,40,32,83,83,83,38,33,33,28,28,29,45,43,31,28,22,18,26,27,28,27,25,25,29,33,34,23,37,23,26,43,42,167,25,165,25,16,420,83,39,25,25,24,24,27,27,50,90,300,23,10,29,33,21,21,30,30,36,36,36,102,51,26,18,32,32,45,88,102,420,31,360,360,30,30,33,33,34,127,127,8,39,2,1,2,0,1,1,1,2,2,127,19,24,480,43,42,43,31,9,10,13,23,23,51,51,51,27,27,480,56,28,42,42,20,21,108,118,49,49,8,106,107,33,21,41,36,37,37,21,20,31,40,17,17,13,20,20,77,23,23,20,20,33,9,17,18,18,18,18,27,84,83,160,152,155,155,155,21,21,20,131,19,18,14,114,13,13,13,16,29,30,23,29,21,14,16,13,17,18,18,18,18,19,20,20,24,24,154,30,30,30,25,34,25,30,49,360,50,51,23,25,17,19,14,12,31,31,26,18,17,38,36,19,43,34,105,21,3,3,51,49,40,26,293,17,17,14,70,42,49,40,36,10,11,8,85,41,42,14
28,38,47,480,37,22,22,22,21,21,12,29,29,27,29,28,29,33,31,300,9,111,46,30,31,33,34,175,156,156,155,156,11,17,17,123,26,14,14,24,17,22,17,22,30,114,104,14,12,3,2,34,135,16,16,16,151,40,35,47,29,131,51,86,4,11,10,46,30,50,38,36,204,33,33,205,206,206,130,130,130,68,83,79,12,41,12,43,43,360,32,33,360,163,122,134,24,28,43,29,163,120,31,81,31,31,32,39,40,32,32,41,33,83,83,83,38,33,33,29,29,29,45,43,31,28,22,18,26,27,29,27,25,25,29,33,35,23,38,24,26,43,42,166,25,164,25,16,420,83,39,25,25,24,24,27,27,50,90,300,24,11,29,34,21,21,30,30,36,36,36,100,51,26,18,32,33,45,88,101,420,32,360,360,30,30,33,34,34,128,128,8,39,1,1,1,1,0,1,1,1,1,127,19,24,480,43,43,43,31,9,10,13,23,23,50,50,50,27,28,480,57,28,42,42,21,21,108,119,49,49,8,105,106,33,21,41,36,37,37,21,21,31,40,17,17,14,20,20,78,23,23,20,20,34,9,17,18,19,18,18,28,84,83,159,152,155,155,155,21,21,20,131,19,18,14,114,13,13,13,16,30,30,24,30,22,14,16,13,17,19,18,18,18,20,20,20,24,24,153,30,30,30,25,34,25,30,49,360,50,51,23,25,17,19,14,13,31,31,26,18,17,39,36,19,43,34,105,22,3,3,51,48,40,27,292,17,17,14,68,42,49,40,36,10,11,8,85,42,42,14
29,38,49,480,37,22,22,22,21,21,12,29,29,27,30,28,29,33,31,300,9,112,46,30,31,33,34,175,156,156,156,156,11,17,17,123,26,14,14,24,17,23,17,22,31,114,105,14,12,3,3,34,135,16,16,16,153,40,35,47,29,131,51,86,4,11,10,46,32,50,38,36,204,33,33,205,208,208,130,130,130,68,83,79,12,41,12,43,43,360,32,33,360,164,122,134,24,28,43,29,165,120,31,81,31,31,32,39,40,32,32,41,33,83,83,83,38,33,33,29,29,29,45,43,31,28,22,18,26,27,29,27,25,25,29,33,35,23,38,24,26,43,43,168,25,165,25,16,420,83,39,25,25,24,24,27,27,50,90,300,24,11,29,34,21,21,30,30,36,36,36,102,51,26,18,32,33,45,88,103,420,32,360,360,30,30,33,34,34,128,128,8,39,3,1,2,1,1,0,1,2,2,127,20,24,480,43,43,43,31,10,10,13,24,23,52,52,52,27,28,480,57,28,42,42,21,21,108,119,50,49,8,107,108,33,21,41,36,37,38,21,21,32,41,17,17,14,20,20,78,23,23,20,21,34,10,18,18,19,19,19,28,84,83,161,153,156,156,156,21,21,20,131,20,18,14,115,13,14,14,17,30,30,24,30,22,14,16,13,18,19,18,18,18,20,20,21,25,25,155,30,30,30,25,34,25,30,50,360,50,52,23,25,17,19,14,13,31,31,27,18,17,39,36,20,43,35,105,22,3,3,51,50,40,27,294,17,17,15,70,42,49,40,36,10,11,8,86,42,42,14
27,36,48,480,36,21,21,21,20,20,11,27,28,26,28,27,28,31,29,300,8,112,45,29,29,32,32,174,155,155,154,155,10,16,16,123,25,13,13,23,16,21,16,21,29,113,105,13,11,1,1,34,134,15,15,15,152,39,34,46,28,130,50,85,3,9,9,45,31,49,37,35,204,32,32,204,207,207,129,129,129,67,82,78,10,41,11,42,43,360,31,32,360,163,121,133,22,27,42,28,164,119,30,79,30,30,31,38,40,31,31,39,31,82,82,82,37,32,32,27,27,28,44,42,30,27,21,18,25,26,27,26,24,24,28,33,33,22,36,22,25,42,41,167,24,165,24,15,420,82,38,24,24,23,23,26,26,49,89,300,22,9,28,32,20,20,29,29,35,35,35,101,50,25,17,31,31,44,87,102,420,30,360,360,29,29,32,32,33,126,126,7,38,2,1,2,1,1,1,0,2,2,126,19,23,480,42,42,42,31,9,9,13,23,22,51,51,51,26,27,480,56,28,41,41,20,21,107,118,49,49,7,107,107,32,20,40,36,36,37,21,20,31,40,16,16,13,19,19,77,22,22,19,20,33,9,17,17,18,18,18,27,83,82,160,152,155,155,155,20,20,19,130,19,17,13,114,12,13,13,16,29,30,23,29,21,14,15,12,17,18,17,17,17,19,19,20,24,24,154,29,29,29,24,33,24,29,49,360,49,51,23,24,17,18,13,12,30,31,26,17,17,38,36,19,42,34,104,21,3,3,50,49,39,26,294,16,16,14,70,41,48,39,36,9,10,8,85,41,41,14
29,38,47,480,37,22,22,23,22,22,12,29,29,27,30,29,29,33,31,300,9,110,47,31,31,33,34,176,156,157,156,157,11,18,17,124,26,15,15,25,17,23,18,23,31,115,103,14,13,3,2,35,136,17,17,17,151,40,35,47,29,131,51,87,5,11,11,46,30,51,39,36,205,34,33,206,206,206,130,130,130,69,83,80,12,42,12,44,44,360,32,33,360,162,123,135,24,29,43,29,163,121,31,81,31,32,32,39,41,33,33,41,33,84,83,83,38,33,34,29,29,29,45,43,31,28,22,19,26,28,29,28,26,26,29,34,35,24,38,24,26,43,43,166,25,164,26,17,420,84,39,26,25,25,24,27,27,51,91,300,24,11,29,34,22,22,30,30,36,36,37,100,51,26,18,33,33,45,88,101,420,32,360,360,31,31,34,34,34,128,128,9,39,1,2,1,2,1,2,2,0,1,127,20,25,480,43,43,43,32,10,10,14,24,23,50,50,50,27,28,480,57,29,42,42,21,21,108,119,50,50,8,105,106,33,21,41,36,37,38,22,21,32,41,17,17,14,20,20,78,24,23,21,21,34,10,18,18,19,19,19,28,84,83,158,153,156,156,156,21,21,20,131,20,18,14,115,14,14,14,17,30,31,24,30,22,15,17,13,18,19,18,18,18,20,20,21,25,25,153,30,30,31,25,34,25,30,50,360,50,52,24,25,18,20,14,13,32,32,27,18,18,39,37,20,43,35,105,22,4,4,51,48,40,27,292,17,18,15,68,42,49,40,37,10,11,9,86,42,42,15
29,38,47,480,37,22,22,22,21,22,12,29,29,27,30,29,29,33,31,300,9,110,46,30,31,33,34,175,156,156,156,156,11,18,17,124,26,15,15,25,17,23,17,22,31,115,103,14,12,2,2,35,135,17,17,17,150,40,35,47,29,131,51,87,4,11,10,46,30,51,38,36,205,33,33,206,206,206,130,130,130,69,83,79,12,42,12,44,44,360,32,33,360,162,123,134,24,28,43,29,163,121,31,81,31,32,32,39,41,33,33,41,33,84,83,83,38,33,34,29,29,29,45,43,31,28,22,19,26,28,29,27,25,25,29,34,35,24,38,24,26,43,43,166,25,163,25,16,420,83,39,25,25,24,24,27,27,50,90,300,24,11,29,34,21,21,30,30,36,36,36,100,51,26,18,32,33,45,88,100,420,32,360,360,30,30,33,34,34,128,128,8,39,1,2,1,2,1,2,2,1,0,127,20,24,480,43,43,43,31,10,10,13,24,23,50,50,50,27,28,480,57,28,42,42,21,22,108,119,50,50,8,105,105,33,21,41,36,37,38,21,21,31,40,17,17,14,20,20,78,23,23,20,21,34,10,18,18,19,19,19,28,84,83,158,152,156,156,156,21,21,20,131,20,18,14,114,13,14,14,17,30,30,24,30,22,14,16,13,18,19,18,18,18,20,20,21,25,25,152,30,30,30,25,34,25,30,50,360,50,52,23,25,17,19,14,13,31,31,27,18,17,39,36,20,43,35,105,22,4,4,51,48,40,27,292,17,17,15,68,42,49,40,36,10,11,8,86,42,42,15
117,131,171,600,122,117,117,117,119,119,117,100,100,102,101,100,101,95,123,242,121,235,130,116,116,117,119,277,230,230,229,230,119,117,115,154,118,118,118,105,117,111,116,114,97,214,228,115,118,126,125,96,168,116,116,116,270,89,93,82,106,233,80,196,124,119,119,85,154,92,96,97,238,96,96,238,300,300,164,164,165,97,111,74,117,90,117,89,89,420,102,102,540,284,156,167,106,100,109,118,281,151,123,108,99,99,99,91,89,97,97,126,107,110,111,111,92,98,98,102,102,102,127,132,121,102,110,112,105,101,99,101,109,109,99,98,97,109,91,108,106,108,107,287,116,287,103,114,480,112,123,119,121,122,124,103,103,94,118,242,121,123,106,111,110,110,101,103,123,123,124,224,136,102,116,99,97,127,115,225,540,97,420,420,125,125,127,127,128,7,7,120,93,126,126,127,127,127,127,126,127,127,0,116,103,540,128,128,128,118,115,116,111,117,119,173,173,173,113,114,540,98,102,123,123,108,108,177,70,89,89,120,228,228,116,119,126,94,93,93,119,118,99,103,112,112,112,104,104,106,111,112,116,116,95,115,108,108,107,106,106,110,110,107,276,224,227,227,227,104,103,104,10,105,106,112,12,111,110,111,112,102,101,101,102,119,115,115,113,116,118,116,116,116,117,117,118,120,119,267,101,101,101,101,93,100,126,90,420,92,94,117,118,114,113,115,115,116,116,112,115,115,92,118,111,124,117,176,105,121,122,88,171,93,105,420,108,112,112,191,123,132,92,124,115,113,116,78,129,123,116
8,15,63,480,16,3,3,3,2,2,12,22,22,20,23,22,22,26,9,286,20,118,25,11,11,14,14,158,135,135,134,135,19,5,7,127,6,26,26,16,27,11,28,5,24,130,113,14,11,18,18,29,138,24,24,24,151,34,28,36,14,115,50,102,16,11,11,45,47,50,38,35,208,32,30,209,204,204,133,133,133,68,65,79,15,41,14,43,43,300,17,18,420,165,126,137,15,22,25,9,162,124,10,62,30,31,31,38,40,31,32,19,14,65,65,65,31,32,33,22,22,22,23,22,11,21,13,23,17,21,22,21,11,11,22,29,28,14,31,15,17,25,24,168,5,167,19,23,360,65,17,5,3,3,4,22,22,50,72,286,2,14,14,15,12,12,23,26,14,14,15,110,29,21,18,18,21,23,70,108,420,25,300,360,9,9,12,12,12,118,119,14,38,19,19,20,19,19,20,19,20,20,116,0,18,420,24,24,24,12,18,19,15,5,4,69,69,69,9,10,420,59,19,22,22,24,24,89,103,51,51,15,114,114,14,2,22,36,33,33,2,2,28,25,7,8,17,16,16,62,6,5,1,2,31,16,12,12,13,14,14,12,68,67,161,134,137,137,137,17,17,16,124,16,14,7,108,15,16,16,21,27,28,21,27,3,6,4,7,2,4,2,2,2,1,1,2,6,5,151,26,26,27,21,30,21,11,51,300,52,54,5,7,4,4,20,22,13,13,10,3,3,41,17,8,24,17,86,16,19,19,53,67,36,20,300,11,7,18,87,22,30,42,17,16,14,17,88,23,22,29
14,28,68,480,22,14,14,14,16,16,15,6,6,6,7,6,6,11,20,288,20,132,30,14,15,17,18,174,144,144,143,144,17,13,10,115,15,23,23,3,24,6,24,12,7,133,125,14,15,23,23,14,130,21,21,21,167,18,13,24,10,131,35,105,21,15,15,30,51,36,23,21,200,18,16,200,220,220,125,125,125,54,67,63,15,26,15,28,28,360,14,14,420,181,117,129,3,10,27,15,178,112,20,65,21,21,21,23,25,18,18,25,17,68,67,67,16,21,21,6,6,6,28,30,18,5,4,18,1,5,7,4,7,7,6,14,13,4,16,3,1,27,27,184,13,185,4,20,420,67,23,16,18,20,21,13,13,35,75,288,19,20,10,18,5,4,7,18,22,22,23,121,36,11,14,11,10,28,72,122,420,9,360,360,22,22,24,25,25,105,106,19,23,24,23,24,24,24,24,23,25,24,103,18,0,480,31,31,31,19,16,17,12,17,19,72,72,72,14,15,480,43,10,25,25,16,17,97,104,35,35,19,127,127,18,18,28,18,16,17,18,18,12,25,10,10,13,7,7,63,11,11,15,16,14,16,6,6,5,6,6,13,69,68,176,141,144,144,144,7,5,5,110,6,7,10,93,12,11,12,16,17,18,11,17,19,13,13,11,15,17,15,15,15,17,17,18,20,19,166,15,15,15,10,13,10,26,36,300,36,38,16,17,12,12,16,17,17,17,13,14,14,24,21,8,27,20,94,3,22,22,37,70,18,3,300,6,9,13,90,25,35,26,24,16,14,17,71,30,25,24
420,420,420,15,420,480,480,480,420,420,480,480,480,480,480,480,480,480,420,480,480,360,420,480,480,480,420,298,420,420,420,420,480,480,480,540,420,480,480,480,480,480,480,480,480,540,360,480,480,480,480,480,600,480,480,480,360,480,480,480,480,360,480,480,480,480,480,480,480,480,480,480,660,480,480,660,279,279,600,600,600,540,480,540,480,480,480,480,480,193,480,480,360,300,540,600,480,480,480,420,300,540,420,480,480,480,480,480,480,480,480,420,480,480,480,480,480,480,480,480,480,480,420,420,420,480,480,480,480,480,480,480,480,480,480,480,480,480,480,480,480,480,480,300,480,360,480,480,82,480,420,420,420,420,420,480,480,480,480,480,420,480,480,480,480,480,480,480,420,420,420,360,420,480,480,480,480,420,480,360,82,480,193,194,420,420,420,420,420,540,540,480,480,480,480,480,480,480,480,480,480,480,540,420,480,0,420,420,420,480,480,480,480,480,480,480,480,480,480,480,5,540,480,420,420,480,480,420,540,480,480,480,360,360,480,480,420,480,480,480,480,480,480,480,480,480,480,480,480,480,480,480,480,480,480,480,480,480,480,480,480,480,480,480,300,420,420,420,420,480,480,480,600,480,480,480,540,480,480,480,480,480,480,480,480,480,480,480,480,480,480,480,480,480,480,480,480,420,480,300,480,480,480,480,480,480,420,480,192,480,480,480,480,480,480,480,480,480,480,480,480,480,480,480,480,420,480,420,480,480,480,480,480,480,480,360,480,480,480,420,420,420,480,420,480,480,480,540,420,420,480
18,9,87,480,12,24,24,24,24,24,36,36,36,35,36,35,36,40,15,285,44,107,3,18,17,16,14,146,114,114,113,114,42,28,29,144,19,50,50,31,51,26,51,22,37,154,102,37,34,42,42,44,159,48,48,48,139,48,43,47,26,102,65,126,40,34,34,60,52,64,52,50,228,46,45,229,191,191,153,153,153,82,64,93,38,56,38,58,58,300,27,28,420,153,146,158,31,38,31,17,149,141,15,62,49,50,50,53,55,46,47,9,23,65,64,64,45,49,49,35,36,36,6,3,15,34,27,47,31,34,37,34,24,24,36,44,42,28,45,28,30,31,32,156,20,156,33,47,360,65,10,20,22,22,24,41,41,64,72,285,23,37,26,24,27,27,37,46,13,13,12,99,5,39,41,30,32,6,69,97,420,37,300,300,15,15,13,12,12,130,130,38,52,43,42,43,43,43,43,42,43,43,128,24,31,420,0,1,1,14,43,43,39,21,22,93,93,93,20,18,420,74,33,6,6,47,47,69,102,67,67,40,104,104,15,26,3,51,48,49,25,25,43,34,28,29,42,37,38,61,22,22,24,23,47,40,35,35,36,36,37,23,67,66,150,114,117,117,117,38,36,36,137,37,37,30,120,40,40,40,45,48,49,42,48,22,30,28,32,27,27,26,26,26,24,24,23,19,21,140,46,46,46,40,45,40,16,67,299,67,69,21,19,27,25,45,46,16,16,20,27,27,57,11,26,5,12,66,31,43,44,69,91,49,35,292,31,28,42,99,6,5,58,8,41,39,41,104,1,6,53
17,9,87,480,12,24,24,24,24,24,35,36,36,34,37,36,36,41,15,285,44,107,3,18,18,16,15,146,114,114,113,114,42,28,29,143,19,49,49,31,50,25,51,22,37,154,102,37,34,42,41,44,158,48,48,48,139,48,43,48,26,102,65,126,40,34,34,60,52,64,52,49,228,46,45,229,191,191,153,153,153,82,64,93,38,56,38,58,58,300,28,28,420,153,146,157,31,38,31,16,149,140,15,62,49,49,49,53,55,46,47,9,23,65,64,64,46,49,49,36,36,36,6,3,14,34,27,46,31,35,37,34,25,25,36,43,43,28,45,28,31,31,32,155,20,156,33,47,360,65,10,20,21,22,24,41,41,64,72,286,23,37,26,24,26,26,37,46,12,12,12,99,5,39,41,30,33,6,70,97,420,38,300,300,15,15,13,12,12,130,130,38,53,42,42,43,42,43,43,42,43,43,128,24,31,420,1,0,1,14,42,43,39,21,22,93,93,93,19,18,420,74,33,6,6,46,47,69,102,67,66,39,104,104,15,26,3,51,49,49,25,25,43,34,28,29,42,37,37,61,22,22,24,23,47,40,34,35,36,36,36,23,68,67,149,113,117,117,117,38,35,36,137,37,37,30,121,39,40,40,45,48,48,41,48,22,30,28,31,26,27,26,26,26,24,24,23,19,20,140,46,45,46,40,45,40,16,67,299,67,69,21,19,27,25,45,46,16,16,20,27,27,56,11,26,5,12,66,31,43,43,68,91,50,35,292,30,28,42,99,6,6,57,8,40,38,41,103,1,6,53
17,9,87,480,12,24,24,24,24,24,36,36,36,34,37,35,36,40,15,285,44,107,3,18,18,16,15,146,114,114,113,114,42,28,29,143,19,49,49,31,50,25,51,22,37,154,102,37,34,42,41,44,158,48,48,48,139,48,43,48,26,102,65,126,40,34,34,60,52,64,52,50,228,46,45,229,191,191,153,153,153,82,64,93,38,56,38,58,58,300,28,28,420,153,146,157,31,38,31,16,149,140,15,62,49,49,49,53,55,46,47,9,23,65,64,64,46,49,49,36,36,36,6,3,14,34,27,46,31,34,37,34,25,25,36,43,43,28,45,28,31,31,32,155,20,156,33,47,360,65,10,20,21,22,24,41,41,64,72,286,23,37,26,24,26,27,37,46,12,12,12,99,5,39,41,30,33,6,69,97,420,38,300,300,15,15,13,12,12,130,130,38,53,42,42,43,43,43,43,42,43,43,128,24,31,420,1,1,0,14,42,43,39,21,22,93,93,93,19,18,420,74,33,6,6,46,47,69,102,67,67,39,104,104,15,26,3,51,49,49,25,25,43,34,28,29,42,37,37,61,22,22,24,23,47,40,34,35,36,36,36,23,68,66,149,114,117,117,117,38,35,36,137,37,37,30,121,39,40,40,45,48,48,42,48,22,30,28,31,26,27,26,26,26,24,24,23,19,20,140,46,46,46,40,45,40,16,67,299,67,69,21,19,27,25,45,46,16,16,20,27,27,57,11,26,5,12,66,31,43,43,69,91,50,35,292,30,28,42,99,6,6,58,8,41,39,41,104,1,6,53
6,10,75,480,3,12,12,12,13,13,24,24,24,23,25,24,24,29,4,285,32,117,12,6,6,5,4,157,125,125,124,125,30,17,17,132,7,38,38,19,39,14,39,11,26,142,112,25,22,30,30,32,147,36,36,36,150,36,31,37,15,114,53,114,28,22,23,48,53,52,40,38,216,34,33,217,202,202,142,142,142,70,64,82,26,44,26,46,46,300,18,18,420,164,134,146,19,26,23,5,160,129,4,61,37,38,38,41,43,35,35,7,13,64,64,64,34,37,37,24,24,24,10,11,3,23,15,35,19,23,25,22,13,13,24,31,31,16,34,16,19,23,23,166,8,166,21,35,360,64,5,8,10,10,13,30,30,52,71,285,11,26,16,14,15,15,25,34,2,2,2,109,19,27,30,20,22,10,69,107,420,26,300,300,6,6,7,7,7,120,120,26,41,31,30,31,31,31,31,31,32,31,118,12,19,480,14,14,14,0,30,31,27,8,9,81,81,81,5,4,420,62,21,10,10,34,35,80,102,54,55,27,113,114,2,14,11,38,36,36,13,14,31,24,16,17,29,25,25,61,9,10,11,11,34,28,22,22,23,24,24,12,67,66,160,124,127,127,127,25,23,24,126,24,24,18,110,27,28,27,33,35,36,29,35,10,17,15,19,15,16,14,14,14,13,12,12,8,8,150,33,33,33,28,33,28,10,54,300,55,56,9,7,14,13,32,34,3,2,7,14,14,44,5,14,11,4,77,19,31,31,56,79,38,22,300,18,16,30,99,10,19,45,7,28,26,29,91,13,10,40
25,34,54,480,33,18,18,18,18,18,6,19,19,17,19,18,19,23,27,300,5,118,42,26,27,29,30,171,152,152,152,152,2,14,13,115,22,10,10,14,11,19,12,18,20,118,111,5,8,8,8,26,127,9,9,9,158,30,25,37,25,127,43,90,6,7,6,37,38,42,30,28,196,25,24,197,214,214,122,122,122,60,79,71,4,33,4,35,35,360,29,29,420,170,114,126,14,18,39,25,171,112,27,77,23,23,23,31,32,24,24,37,29,80,79,79,28,25,25,19,19,19,41,39,27,18,18,10,17,17,19,17,22,22,19,25,25,20,28,20,17,39,39,173,21,171,15,8,360,79,35,22,21,20,20,17,17,42,87,300,20,7,25,30,18,18,20,20,32,32,32,108,47,16,8,24,23,41,84,108,420,22,360,360,26,26,29,30,30,117,118,3,30,9,9,10,9,9,10,9,10,10,115,18,16,480,43,42,42,30,0,1,4,21,21,59,59,59,25,25,480,50,23,40,40,14,14,106,116,43,43,7,114,115,31,19,39,29,29,29,19,18,23,38,15,14,5,11,11,75,21,21,18,18,27,2,12,12,11,10,10,25,82,80,167,150,153,153,153,12,12,12,122,11,10,12,106,4,5,5,9,21,22,15,21,19,12,14,11,15,16,16,16,16,17,18,18,22,22,162,21,21,22,16,26,16,28,43,360,43,45,21,23,15,17,6,5,29,29,24,16,15,32,34,17,41,32,102,16,8,8,44,57,32,19,300,15,15,6,77,40,47,33,34,3,4,2,79,39,40,12
25,34,55,480,34,19,19,19,18,18,6,19,19,17,20,19,20,23,27,300,5,118,43,27,27,30,30,172,153,153,152,153,1,14,14,116,23,10,9,15,12,19,12,19,21,118,111,5,8,9,9,26,127,9,9,9,158,31,25,37,26,128,43,90,7,7,7,38,38,42,30,28,197,25,25,198,214,214,122,122,122,60,80,71,4,34,4,35,36,360,29,30,420,170,115,126,15,19,39,26,171,112,28,77,23,23,24,31,33,24,24,37,29,80,80,80,28,25,25,19,19,19,42,39,28,19,19,11,17,18,19,18,22,22,19,25,25,20,28,20,17,39,39,174,22,171,16,8,360,80,35,22,21,21,21,17,17,42,87,300,20,7,26,30,18,18,20,21,32,32,33,108,48,16,8,25,23,42,85,109,420,22,360,360,27,27,30,30,30,118,118,3,31,10,9,10,10,10,10,9,10,10,116,19,17,480,43,43,43,31,1,0,5,22,21,59,59,59,25,26,480,50,24,40,40,14,14,106,117,43,43,7,114,115,31,19,39,30,29,29,19,19,23,39,15,15,5,12,12,76,21,21,18,19,27,3,12,12,12,11,10,26,82,81,168,151,154,154,154,13,13,12,123,11,10,12,106,5,6,5,10,22,22,16,22,20,12,14,11,16,17,16,16,16,18,18,19,23,23,162,22,22,22,17,26,17,28,43,360,44,45,21,23,15,17,6,5,29,29,25,16,15,32,34,18,41,33,103,16,8,8,45,57,32,20,300,15,15,6,78,40,47,34,34,3,5,2,79,40,40,12
21,30,58,480,30,15,15,15,14,14,3,14,14,12,15,14,14,18,23,297,10,122,39,23,23,26,26,169,149,149,148,149,6,10,10,114,19,13,13,10,14,15,14,15,16,123,115,1,4,12,12,21,125,11,11,11,161,25,20,32,22,125,40,95,10,6,6,35,41,39,27,25,195,22,21,196,214,214,120,120,120,57,76,68,3,31,3,32,33,360,26,25,420,174,113,124,9,14,36,22,172,111,24,73,20,20,21,28,30,21,21,33,25,76,76,76,23,22,22,14,14,14,38,36,24,13,14,10,12,13,14,12,18,18,14,20,20,16,23,15,12,36,35,177,18,175,11,10,360,76,32,18,18,17,17,12,12,39,83,297,16,11,22,26,14,14,15,15,29,29,29,112,44,11,5,20,18,38,81,112,420,17,360,360,23,23,26,26,27,113,113,7,28,13,12,13,13,13,13,13,14,13,111,15,12,480,39,39,39,27,4,5,0,18,18,63,63,63,22,22,480,48,19,37,37,10,11,103,113,40,40,11,118,119,28,16,36,26,24,25,16,15,18,35,12,11,3,7,7,72,18,18,15,15,22,4,7,7,7,6,6,22,79,78,171,147,150,150,150,8,8,7,118,7,5,9,101,1,2,1,7,17,17,11,17,16,9,11,8,12,14,13,13,13,14,15,15,19,19,161,17,17,17,12,21,12,25,41,360,41,43,18,20,12,14,6,8,26,26,21,13,12,30,31,14,38,29,99,11,12,12,42,61,27,15,300,11,12,4,81,37,44,31,31,4,2,5,77,36,37,15
3,12,67,480,11,5,5,5,6,6,16,23,23,21,24,22,23,26,5,285,24,118,20,6,6,9,9,158,132,132,131,132,23,10,10,129,3,30,30,17,31,11,32,6,24,134,113,18,15,22,22,30,141,28,28,28,151,34,29,36,14,114,51,106,20,15,15,45,51,50,38,36,210,32,31,211,203,203,136,136,136,68,64,79,19,41,18,43,43,300,18,18,420,165,128,140,16,23,23,3,161,126,5,61,33,33,33,39,40,32,33,15,13,64,64,64,32,35,35,23,23,23,19,18,6,22,13,27,18,21,22,21,12,12,23,29,28,15,31,15,17,23,23,168,5,167,19,27,360,64,13,1,2,4,6,25,25,50,71,285,4,19,14,14,12,13,24,28,10,10,11,110,25,22,22,19,21,19,69,108,420,25,300,300,5,5,8,8,8,119,119,18,38,23,23,24,23,23,24,23,24,24,117,5,17,480,21,21,21,8,21,22,18,0,2,72,72,72,5,4,420,59,20,18,18,26,27,86,102,52,52,20,114,114,9,7,18,36,33,34,6,7,28,23,8,9,21,17,17,60,6,6,4,4,32,20,14,15,15,16,16,11,67,66,161,130,134,134,134,18,18,17,125,17,16,10,108,19,20,19,25,29,30,23,29,3,10,8,11,8,9,7,7,7,5,5,5,5,2,151,28,28,28,22,30,23,11,52,300,52,54,1,1,6,5,24,26,8,8,6,7,7,41,13,9,19,13,83,16,23,23,53,70,36,21,300,11,8,22,91,18,25,42,13,20,18,21,88,20,18,32
5,12,67,480,12,6,6,6,5,5,16,25,25,23,26,24,25,28,6,287,24,115,21,8,8,11,11,155,132,132,131,132,22,8,11,130,5,30,30,19,31,13,31,8,26,134,111,17,14,22,22,32,142,28,28,28,149,36,31,38,16,112,53,106,20,14,14,47,50,52,40,38,211,34,33,212,201,201,137,137,136,70,66,81,18,43,18,45,45,300,20,20,420,162,129,141,19,26,26,5,159,127,6,63,34,34,35,41,42,34,35,16,15,66,66,66,34,36,36,25,25,25,20,18,8,24,15,27,20,24,24,23,14,14,25,31,30,17,33,17,19,25,25,165,7,165,21,27,360,66,14,4,2,2,4,25,25,52,73,287,3,17,17,16,14,15,26,29,11,11,12,108,26,24,21,21,23,20,71,106,420,27,300,300,6,6,9,9,9,121,121,18,40,23,22,23,23,23,23,22,23,23,119,4,19,480,22,22,22,9,21,21,18,2,0,72,72,72,7,7,420,61,22,19,19,27,28,86,104,54,54,19,112,112,11,5,19,38,36,36,4,5,31,26,11,11,21,20,20,63,9,8,4,4,34,19,16,16,17,17,17,14,69,68,159,131,134,134,134,21,21,20,127,19,18,11,111,19,20,19,25,31,31,24,30,1,9,7,11,6,7,5,5,5,3,3,3,3,2,149,30,30,30,25,33,25,9,54,300,54,56,3,4,8,7,24,25,10,9,8,7,6,43,14,12,20,14,83,18,22,23,55,70,38,23,300,14,11,22,91,19,27,45,14,20,18,20,90,20,19,32
75,84,8,480,84,69,69,69,68,68,60,76,76,74,77,76,76,80,77,360,58,83,93,77,77,80,80,169,192,192,192,192,60,64,63,136,73,63,63,72,66,69,66,69,78,70,76,62,59,51,50,83,146,65,65,65,124,87,82,94,76,121,100,42,53,58,58,95,47,99,87,85,216,82,82,217,179,179,141,141,141,117,130,128,59,90,60,92,92,360,79,79,360,135,134,145,70,75,89,76,136,134,78,127,80,80,81,88,89,81,81,87,79,130,130,130,85,82,82,76,76,76,92,90,78,75,68,67,73,75,76,74,72,72,76,82,82,70,85,70,72,89,89,139,72,137,73,65,360,130,85,72,71,71,70,74,74,99,137,360,70,56,76,80,68,68,77,77,82,82,83,73,98,73,66,79,80,92,135,74,420,79,360,360,77,77,80,80,80,175,175,56,88,49,51,50,51,50,52,51,50,50,173,69,72,480,93,93,93,81,59,59,63,72,72,0,32,32,77,77,480,109,78,91,91,73,74,158,168,101,101,57,80,81,83,70,91,88,87,88,71,70,82,90,67,66,64,70,70,127,73,72,70,70,85,60,67,67,68,69,69,77,134,132,134,191,194,194,194,71,71,70,181,70,68,64,165,64,65,64,68,80,80,74,80,71,64,66,63,67,68,68,68,68,69,69,70,74,74,127,80,80,80,75,84,75,80,101,360,102,103,73,74,67,69,66,64,81,81,76,67,67,91,86,69,93,84,154,71,55,55,103,2,90,76,267,67,67,65,43,91,98,92,86,61,62,59,137,91,91,66
75,84,8,480,84,69,69,69,68,68,60,76,76,74,77,76,76,80,77,360,58,83,93,77,77,80,80,169,192,192,192,192,60,64,63,136,73,63,63,72,66,69,66,69,78,70,76,62,59,51,50,83,146,65,65,65,124,87,82,94,76,121,100,42,53,58,58,95,47,99,87,85,216,82,82,217,179,179,141,141,141,117,130,128,59,90,60,92,92,360,79,79,360,135,134,145,70,75,89,76,136,134,78,127,80,80,81,88,89,81,81,87,79,130,130,130,85,82,82,76,76,76,92,90,78,75,68,67,73,75,76,74,72,72,76,82,82,70,85,70,73,89,89,139,72,137,73,65,360,130,85,72,71,71,70,74,74,99,137,360,70,56,76,80,68,68,77,77,82,82,83,73,98,73,66,79,80,92,135,74,420,79,360,360,77,77,80,80,80,175,175,56,88,49,51,50,51,50,52,51,50,50,173,69,72,480,93,93,93,81,59,59,63,72,72,32,0,66,77,77,480,109,78,91,91,73,74,158,168,101,101,57,80,81,83,70,91,88,87,88,71,70,82,90,67,66,64,70,70,127,73,72,70,70,85,60,67,67,68,69,69,77,134,132,134,191,194,194,194,71,71,70,181,70,68,64,165,64,65,64,68,80,80,74,80,71,64,66,63,67,68,68,68,68,69,69,70,74,74,127,80,80,80,75,84,75,80,101,360,102,103,73,74,67,69,66,64,81,81,76,67,67,91,86,69,93,84,154,71,55,55,103,2,90,76,267,67,67,65,43,91,98,92,86,61,62,59,137,91,91,66
75,84,8,480,84,69,69,69,68,68,60,76,76,74,77,76,76,80,77,360,58,83,93,77,77,80,80,169,192,192,192,192,60,64,63,136,73,63,63,72,66,69,66,69,78,70,76,62,59,51,50,83,146,65,65,65,124,87,82,94,76,121,100,42,53,58,58,95,47,99,87,85,216,82,82,217,179,179,141,141,141,117,130,128,59,90,60,92,92,360,79,79,360,135,134,145,70,75,89,76,136,134,78,127,80,80,81,88,89,81,81,87,79,130,130,130,85,82,82,76,76,76,92,90,78,75,68,67,73,75,76,74,72,72,76,82,82,70,85,70,72,89,89,139,72,137,73,65,360,130,85,72,71,71,70,74,74,99,137,360,70,56,76,80,68,68,77,77,82,82,83,73,98,73,66,79,80,92,135,74,420,79,360,360,77,77,80,80,80,175,175,56,88,49,51,50,51,50,52,51,50,50,173,69,72,480,93,93,93,81,59,59,63,72,72,32,66,0,77,77,480,109,78,91,91,73,74,158,168,101,101,57,80,81,83,70,91,88,87,88,71,70,82,90,67,66,64,70,70,127,73,72,70,70,85,60,67,67,68,69,69,77,134,132,134,191,194,194,194,71,71,70,181,70,68,64,165,64,65,64,68,80,80,74,80,71,64,66,63,67,68,68,68,68,69,69,70,74,74,127,80,80,80,75,84,75,80,101,360,102,103,73,74,67,69,66,64,81,81,76,67,67,91,86,69,93,84,154,71,55,55,103,2,90,76,267,67,67,65,43,91,98,92,86,61,62,59,137,91,91,66
2,15,71,480,8,8,8,8,10,10,20,19,19,18,20,19,19,24,7,282,28,121,18,3,3,6,6,161,130,130,130,131,26,13,13,127,4,34,34,14,35,9,35,6,21,138,116,21,18,26,26,27,142,32,32,32,154,31,26,32,11,117,49,110,24,18,18,43,54,47,35,33,211,29,28,212,206,206,137,137,137,65,61,77,22,39,22,41,41,300,14,14,420,168,129,141,15,21,21,2,164,124,7,58,32,33,33,36,38,30,30,12,10,61,61,61,29,32,32,19,19,19,16,16,4,18,10,30,14,18,20,18,8,8,19,26,26,11,29,11,14,21,20,171,4,170,17,31,360,61,10,5,7,8,11,25,25,47,68,282,9,23,11,11,10,10,20,29,7,7,8,113,24,22,25,15,17,16,66,111,420,21,300,300,9,9,11,11,12,115,115,22,36,27,26,27,27,27,27,26,27,27,113,9,14,480,20,19,19,5,25,25,22,5,7,77,77,77,0,1,480,56,16,15,15,29,30,85,99,49,49,24,117,117,6,12,16,33,31,31,11,11,25,20,11,12,25,20,20,58,4,4,9,8,29,23,18,18,18,19,19,8,64,63,164,129,132,132,132,20,18,18,121,19,19,13,104,22,23,23,28,30,31,24,30,8,14,12,15,11,13,11,11,11,10,10,9,8,7,154,28,28,28,22,27,23,14,49,300,49,51,5,5,10,8,28,29,4,5,2,11,11,39,10,8,16,9,81,13,26,26,51,74,32,17,300,13,11,25,94,15,24,40,12,24,22,24,86,18,15,36
2,13,72,480,7,9,9,9,10,10,20,20,20,19,21,20,20,25,6,281,29,120,17,2,3,5,5,160,129,129,129,129,27,14,14,128,4,34,34,15,35,10,36,7,22,138,115,22,19,26,26,28,143,32,32,32,153,32,27,33,12,116,50,111,25,19,19,44,55,48,36,34,212,30,29,213,205,205,138,138,138,66,60,78,23,40,23,42,42,300,15,15,420,167,130,142,15,22,20,2,163,125,6,58,33,34,34,37,39,31,31,11,10,60,60,60,30,33,33,20,20,20,15,15,3,19,11,31,15,19,21,19,9,9,20,27,27,12,30,12,15,20,20,170,5,169,18,32,360,60,9,4,6,8,11,26,26,48,67,281,8,23,12,11,11,11,21,30,6,6,7,112,23,23,26,16,18,15,65,110,420,22,300,300,8,8,10,10,10,116,116,23,37,27,27,28,27,28,28,27,28,28,114,10,15,480,18,18,18,4,25,26,22,4,7,77,77,77,1,0,420,57,17,14,14,31,31,84,98,50,51,24,116,116,5,11,15,34,32,32,11,11,27,20,12,13,25,21,21,57,5,6,8,8,30,24,19,19,19,20,20,8,63,62,163,128,131,131,131,21,19,20,122,20,21,14,105,23,24,24,29,31,32,25,31,7,14,12,15,12,13,11,11,11,10,9,9,7,6,153,29,29,29,24,29,24,13,50,300,50,52,5,4,11,9,28,30,4,4,2,11,11,40,9,9,15,8,80,14,27,27,52,75,33,18,300,14,12,26,95,14,23,41,11,24,22,25,87,17,14,37
480,420,420,15,420,480,480,480,480,480,480,480,480,480,480,480,480,480,420,480,480,360,420,480,480,480,480,299,420,420,420,420,480,480,480,540,420,480,480,480,480,480,480,480,480,540,360,480,480,480,480,480,600,480,480,480,360,480,480,480,480,360,480,480,480,480,480,480,480,480,480,480,660,480,480,660,280,280,600,600,600,540,480,540,480,480,480,480,480,195,480,480,360,360,540,600,480,480,480,420,300,540,420,480,480,480,480,480,480,480,480,420,480,480,480,480,480,480,480,480,480,480,420,420,420,480,480,480,480,480,480,480,480,480,480,480,480,480,480,480,480,480,480,300,480,360,480,480,83,480,420,420,420,420,420,480,480,480,480,480,420,480,480,480,480,480,480,480,420,420,420,360,420,480,480,480,480,420,480,360,84,480,195,196,420,420,420,420,420,540,540,480,480,480,480,480,480,480,480,480,480,480,540,420,480,5,420,420,420,420,480,480,480,420,420,480,480,480,480,420,0,540,480,480,480,480,480,420,540,480,480,480,360,360,480,480,420,480,480,480,480,480,480,480,480,480,480,480,480,480,480,480,480,480,480,480,480,480,480,480,480,480,480,480,300,420,420,420,420,480,480,480,600,480,480,480,540,480,480,480,480,480,480,480,480,480,480,480,480,480,480,480,480,480,480,480,480,480,480,360,480,480,480,480,480,480,420,480,194,480,480,480,480,480,480,480,480,480,480,480,480,480,480,480,480,420,480,420,480,480,480,480,480,480,480,360,480,480,480,420,480,420,480,420,480,480,480,540,420,480,480
55,69,103,540,65,55,55,55,57,57,51,38,38,38,38,37,38,37,61,360,49,166,72,57,57,60,60,215,185,185,184,185,50,53,51,78,56,46,46,41,45,47,45,53,40,138,159,49,52,56,56,28,93,45,45,45,207,32,38,54,53,172,17,120,54,52,53,18,86,7,18,21,162,25,27,163,261,261,87,87,89,16,109,33,51,20,51,16,16,360,56,55,420,218,80,91,42,35,69,56,217,75,61,107,27,26,25,20,19,26,26,68,59,110,110,110,34,24,24,39,39,39,70,71,59,43,46,40,42,38,37,39,49,49,37,29,30,46,35,45,43,69,69,222,54,220,39,42,420,110,65,57,59,61,62,36,36,6,117,360,60,56,53,60,46,46,38,32,63,63,64,156,79,37,44,50,48,70,115,157,480,40,360,360,63,63,65,66,66,100,100,53,23,57,56,57,56,57,57,56,57,57,98,59,43,540,74,74,74,62,50,50,48,59,61,109,109,109,56,57,540,0,45,65,65,35,35,135,130,10,11,53,159,159,57,56,66,26,27,27,56,55,30,65,47,47,43,40,39,102,49,49,53,53,26,48,43,43,43,41,41,52,108,107,212,179,182,182,182,39,39,39,101,40,41,48,85,44,43,44,39,30,30,35,29,56,49,51,48,52,54,53,53,53,54,55,55,58,57,202,31,31,30,35,36,34,64,10,360,6,5,54,55,50,50,42,42,55,55,51,51,52,19,60,46,66,59,131,40,50,51,12,102,43,42,360,44,47,43,122,65,74,18,62,48,46,48,37,68,65,43
16,30,72,480,23,16,16,16,18,18,21,10,10,11,9,10,9,11,22,284,26,136,30,15,15,17,18,176,145,145,145,145,24,17,14,120,17,30,30,10,30,10,31,14,7,139,129,20,19,27,27,19,135,28,28,28,169,18,12,21,5,132,40,111,25,20,20,35,55,40,28,26,204,22,22,205,222,222,130,130,129,58,63,68,22,30,22,33,32,360,8,9,420,183,122,134,11,16,23,17,180,117,22,61,26,26,26,28,29,22,23,26,11,64,63,63,15,25,25,9,9,9,27,32,20,4,8,25,9,10,12,9,8,8,11,19,17,6,15,7,9,23,23,186,15,186,10,27,420,64,23,18,20,22,23,19,19,40,71,285,20,24,5,14,9,8,9,24,23,23,23,125,36,17,21,5,7,27,69,126,420,7,360,360,24,24,26,27,27,104,104,23,27,28,27,28,28,28,28,28,29,28,102,19,10,480,33,33,33,21,23,24,19,20,22,78,78,78,16,17,480,45,0,25,25,22,23,98,99,39,39,23,130,131,18,20,27,23,20,21,20,19,16,21,13,13,18,12,13,58,12,13,16,17,19,21,15,15,14,13,13,12,64,63,177,142,145,145,145,13,10,11,108,11,12,14,92,18,17,18,22,23,23,16,22,20,16,17,15,17,19,17,17,17,18,18,19,21,20,168,20,20,21,15,11,15,27,40,300,41,42,18,19,15,14,22,23,17,17,13,16,16,29,20,12,26,19,95,11,25,26,41,73,16,8,300,10,13,19,94,25,34,30,25,21,20,22,75,31,25,30
16,8,86,480,7,22,22,22,23,23,35,30,30,31,31,30,31,35,13,284,43,113,3,12,12,10,9,152,121,121,120,121,41,27,27,140,17,48,48,27,49,22,50,21,31,153,109,36,33,41,40,39,155,47,47,47,146,43,37,42,21,109,60,125,39,33,33,55,51,60,48,46,224,42,42,225,198,198,150,150,149,78,63,88,37,50,37,52,52,300,22,23,420,159,142,154,28,35,28,15,156,137,13,61,46,46,46,48,49,42,43,4,18,64,63,63,40,45,45,30,30,30,27,5,13,28,23,44,25,29,31,29,19,19,30,39,37,22,40,23,25,28,28,162,18,163,30,46,360,63,6,18,20,21,23,39,39,60,71,284,21,36,21,19,23,23,31,43,8,8,8,106,9,36,40,24,27,27,68,104,420,32,300,300,14,14,11,11,11,125,125,37,47,41,41,42,42,42,42,41,42,42,123,22,25,420,6,6,6,10,40,40,37,18,19,91,91,91,15,14,480,65,25,0,30,44,45,76,101,62,62,38,110,111,9,24,3,45,43,43,24,24,39,28,25,26,40,35,35,60,20,20,22,22,41,39,32,32,33,34,34,17,66,65,156,120,123,123,123,35,32,33,131,34,35,27,115,38,39,38,44,45,45,38,45,21,28,26,30,25,26,24,24,24,23,23,22,17,19,146,43,43,43,37,39,37,14,63,300,63,65,19,17,25,23,43,45,11,11,15,25,25,51,5,23,1,6,72,27,42,42,63,90,44,29,299,27,26,41,98,98,9,52,5,39,37,40,98,7,7,51
16,8,86,480,7,22,22,22,23,23,35,30,30,31,31,30,31,35,13,284,43,113,3,12,12,10,9,152,121,121,120,121,41,27,27,140,17,48,48,27,49,22,50,21,31,153,109,36,33,41,40,39,155,47,47,47,146,43,37,42,21,109,60,125,39,33,33,55,51,60,48,46,224,42,42,225,198,198,150,150,149,78,63,88,37,50,37,52,52,300,22,23,420,159,142,154,28,35,28,15,156,137,13,61,46,46,46,48,49,42,43,4,18,64,63,63,40,45,45,30,30,30,27,5,13,28,23,44,25,29,31,29,19,19,30,39,37,22,40,23,25,28,28,162,18,163,30,46,360,63,6,18,20,21,23,39,39,60,71,284,21,36,21,19,23,23,31,43,8,8,8,106,9,36,40,24,27,27,68,104,420,32,300,300,14,14,11,11,11,125,125,37,47,41,41,42,42,42,42,41,42,42,123,22,25,420,6,6,6,10,40,40,37,18,19,91,91,91,15,14,480,65,25,30,0,44,45,76,101,62,62,38,110,111,9,24,3,45,43,43,24,24,39,28,25,26,40,35,35,60,20,20,22,22,41,39,32,32,33,34,34,17,66,65,156,120,123,123,123,35,32,33,131,34,35,27,115,38,39,38,44,45,45,38,45,21,28,26,30,25,26,24,24,24,23,23,22,17,19,146,43,43,43,37,39,37,14,63,300,63,65,19,17,25,23,43,45,11,11,15,25,25,51,5,23,1,6,72,27,42,42,63,90,44,29,299,27,26,41,98,98,9,52,5,39,37,40,98,7,7,51
28,39,67,480,37,23,23,23,23,23,13,19,19,17,19,18,19,23,31,300,13,131,47,31,32,34,35,178,158,158,157,158,13,18,16,104,26,12,12,14,12,20,12,23,20,120,124,11,14,20,20,15,116,9,9,9,170,22,25,37,27,134,32,92,18,15,15,26,51,31,19,17,185,14,14,186,223,223,111,111,111,49,83,60,13,22,13,24,24,360,30,29,420,183,103,115,14,18,43,29,180,101,32,81,12,12,12,20,21,13,13,40,33,83,83,83,25,14,14,19,19,19,44,43,32,18,20,3,17,17,19,17,24,24,19,14,16,21,25,20,17,43,42,186,25,184,15,9,420,83,38,26,26,26,26,14,14,31,90,300,25,20,27,34,19,19,20,11,36,36,37,121,51,16,6,24,23,44,88,121,420,22,360,360,32,32,34,34,35,110,111,16,20,21,20,21,20,21,21,20,21,21,108,24,16,480,47,46,46,34,14,14,10,26,27,73,73,73,29,31,480,35,22,44,44,0,1,111,120,32,32,19,127,127,34,24,42,18,20,19,24,24,18,42,18,17,9,11,11,79,25,25,23,23,16,13,12,11,11,10,10,29,85,84,179,155,158,158,158,12,12,11,115,11,10,16,98,10,9,9,4,12,12,15,12,25,17,19,16,20,22,21,21,21,23,23,23,28,27,169,14,14,13,16,25,16,33,32,360,32,34,25,27,20,21,8,9,32,32,28,21,20,21,38,21,44,37,108,16,18,18,33,70,31,19,300,17,19,8,90,43,50,22,38,13,12,14,68,45,43,13
29,40,68,480,37,23,23,23,23,23,13,19,19,17,20,19,20,22,32,300,14,131,47,32,32,35,35,178,158,158,157,158,14,19,16,104,27,13,12,15,12,21,12,23,21,120,124,11,14,20,20,15,115,10,10,10,170,22,25,37,28,134,31,92,18,15,15,26,51,30,18,16,185,13,13,186,223,223,110,110,110,49,83,59,13,22,13,24,24,360,31,30,420,183,103,114,15,17,43,30,181,101,32,81,11,12,12,19,21,13,13,41,33,84,83,83,25,13,13,19,19,19,45,44,32,19,20,4,17,18,19,18,24,24,19,14,15,21,25,20,17,43,43,187,26,184,16,9,420,84,39,26,27,26,26,14,14,30,91,300,26,20,28,34,19,19,20,10,37,37,37,121,51,15,7,25,23,45,89,122,420,22,360,360,32,32,35,35,35,110,110,17,19,21,20,22,21,21,21,21,21,22,108,24,17,480,47,47,47,35,14,14,11,27,28,74,74,74,30,31,480,35,23,45,45,1,0,111,121,31,31,20,127,128,34,24,43,18,19,19,25,24,18,42,18,18,9,12,12,79,25,25,24,24,15,14,12,12,12,10,10,29,86,85,179,156,159,159,159,13,13,12,114,11,10,17,98,10,9,10,5,12,11,15,11,25,18,20,16,21,23,22,22,22,23,23,24,28,28,170,13,13,13,17,25,17,34,31,360,32,33,26,27,20,22,8,9,32,32,28,21,21,20,39,22,44,37,108,16,18,19,33,70,32,20,300,17,19,9,90,43,51,22,39,14,12,15,67,45,43,13
84,75,152,420,79,90,90,90,90,90,101,103,103,101,104,102,103,107,81,264,109,96,72,86,86,85,84,99,44,44,43,44,107,94,96,210,85,115,115,97,116,92,116,88,104,219,98,102,99,107,107,110,225,113,113,113,100,114,109,110,94,67,131,191,105,99,99,125,117,130,118,116,294,112,111,295,145,145,220,220,219,148,74,159,103,121,103,123,123,238,96,96,360,113,212,224,97,104,86,83,107,207,81,77,115,116,116,119,120,112,113,76,90,74,74,74,112,115,115,103,103,103,76,70,81,102,93,112,98,102,103,101,92,92,103,109,109,95,112,95,97,87,88,112,86,117,99,112,300,73,79,86,87,87,89,107,107,130,66,264,88,103,94,89,93,93,104,112,79,79,78,95,67,105,107,98,101,76,70,94,360,105,238,239,81,81,78,78,78,180,180,103,118,108,107,108,108,108,108,107,108,108,177,89,97,420,69,69,69,80,106,106,103,86,86,158,158,158,85,84,420,135,98,76,76,111,111,0,120,136,136,108,96,97,86,94,76,120,118,118,94,94,113,96,98,99,110,107,107,77,91,92,93,92,116,109,105,105,105,107,107,96,69,73,112,47,50,50,50,107,105,106,192,106,107,100,183,108,109,108,114,117,118,111,117,90,98,96,100,95,96,94,94,94,93,92,92,87,89,102,115,115,115,110,115,110,84,136,233,137,138,90,88,96,95,113,114,86,86,90,95,96,125,83,95,78,84,4,100,112,112,138,159,120,105,250,100,98,111,123,79,69,127,77,109,107,110,172,71,79,121
99,108,162,540,102,101,101,102,103,103,111,109,109,109,108,108,109,110,103,217,120,207,100,96,96,97,98,216,163,163,163,164,118,106,105,190,100,125,125,106,126,101,127,99,106,229,202,113,110,117,117,117,204,123,123,123,215,115,112,95,95,179,112,202,116,110,110,117,146,124,126,124,274,120,120,274,260,260,200,200,201,133,44,110,114,122,114,121,121,360,93,94,480,229,192,203,106,113,77,99,223,187,104,42,124,125,124,123,121,121,121,105,90,43,44,44,113,123,124,108,108,108,101,103,101,103,101,122,104,107,110,107,98,98,109,117,115,101,113,101,103,78,78,227,98,232,108,123,420,46,102,102,103,105,106,117,117,126,52,217,104,115,95,85,101,101,108,121,103,103,103,199,103,114,117,97,98,101,48,198,480,107,360,360,105,105,108,108,108,73,73,114,125,118,118,119,118,119,119,118,119,119,70,103,104,540,102,102,102,102,116,117,113,102,104,168,168,168,99,98,540,130,99,101,101,120,121,120,0,123,123,114,203,204,98,103,101,122,119,119,104,103,115,81,101,102,115,110,110,43,96,96,101,101,117,113,108,108,108,109,110,92,47,44,222,161,164,164,164,110,108,109,79,109,110,103,70,113,113,113,118,120,121,114,120,103,106,104,106,103,105,103,103,103,102,102,103,103,102,212,118,118,119,113,111,113,109,124,360,126,128,100,101,101,100,118,119,98,98,96,102,102,126,100,99,98,99,113,104,116,117,122,164,113,103,360,103,102,115,184,100,102,126,105,114,112,114,117,102,100,126
48,62,96,540,57,48,48,48,50,50,43,29,30,30,30,29,30,29,54,300,42,159,64,49,49,51,52,208,178,178,177,178,43,46,43,84,49,39,39,34,38,40,37,45,32,139,152,42,45,49,48,20,99,37,37,37,200,23,29,45,44,164,8,118,47,45,45,8,79,5,11,13,168,18,19,169,253,253,93,93,95,22,101,36,43,10,43,6,6,360,47,47,420,211,86,97,35,27,61,49,210,81,54,99,19,19,18,11,9,19,19,60,51,102,101,101,26,17,17,31,31,31,62,63,51,35,39,33,34,30,28,30,41,41,29,22,22,38,26,37,35,61,61,215,47,212,31,35,420,102,57,50,52,54,54,29,29,6,109,300,52,49,44,52,39,39,30,25,56,56,57,149,70,30,37,42,40,62,106,149,480,32,360,360,56,56,58,58,59,91,91,45,13,49,49,50,49,49,50,49,50,50,89,51,35,480,67,67,67,54,43,43,40,52,54,101,101,101,49,50,480,10,39,62,62,32,31,136,123,0,1,46,152,152,49,49,59,18,19,19,49,48,23,57,40,40,36,33,33,94,42,42,46,47,19,41,36,36,36,34,34,44,100,99,205,172,175,175,175,32,32,32,93,33,34,41,76,37,36,37,32,23,23,29,23,50,42,44,41,45,47,46,46,46,47,48,48,51,50,196,24,24,23,28,28,28,57,1,360,4,6,47,48,43,43,35,36,48,49,45,44,45,10,52,39,58,51,124,34,43,44,2,95,36,34,360,37,40,36,115,57,66,9,55,41,39,41,41,61,57,37
48,62,95,540,56,47,47,48,49,49,43,29,29,30,30,29,30,28,54,300,42,159,64,49,49,51,52,208,177,177,177,178,42,46,43,83,48,39,39,33,37,40,37,45,32,139,152,41,44,48,48,20,98,37,37,37,200,23,29,45,44,164,8,118,47,45,45,8,79,5,12,14,168,18,19,169,253,253,93,93,94,22,101,36,43,10,43,6,6,360,47,47,420,211,86,97,35,27,61,49,210,80,54,99,19,19,18,11,9,19,19,60,51,102,101,101,26,17,17,31,31,31,62,63,51,35,39,33,34,30,28,30,41,41,29,22,21,38,26,37,35,61,61,215,47,212,31,35,420,102,57,50,52,53,54,29,29,6,109,300,52,49,44,52,39,39,30,25,56,56,57,149,70,30,37,42,40,62,106,149,480,32,360,360,56,56,58,58,59,91,91,45,13,49,48,50,49,49,49,49,50,50,89,51,35,480,67,66,67,55,43,43,40,52,54,101,101,101,49,51,480,11,39,62,62,32,31,136,123,1,0,45,152,152,49,49,59,18,19,19,49,48,23,57,40,40,36,32,32,94,42,42,46,46,18,41,36,36,35,34,34,44,100,99,205,172,175,175,175,32,31,32,92,33,34,40,76,37,36,37,32,23,23,28,22,49,42,44,41,45,47,46,46,46,47,47,48,51,50,195,23,23,23,27,28,27,56,2,360,4,6,47,48,43,43,35,35,48,48,44,44,45,10,52,39,58,51,124,33,43,44,2,94,35,34,360,37,40,35,115,57,66,9,55,41,39,41,41,61,57,36
23,31,52,480,30,16,16,16,15,15,8,23,24,22,24,23,24,28,24,298,9,115,40,25,25,27,28,165,150,150,149,150,8,12,11,121,20,14,14,19,17,17,17,17,25,119,108,9,7,7,6,31,133,15,15,15,155,35,30,42,23,121,49,91,5,5,6,43,35,48,36,34,202,31,31,203,211,211,128,128,128,66,77,77,7,39,8,41,41,360,26,27,420,167,120,132,18,23,37,23,167,118,24,75,29,29,29,37,38,30,30,34,27,78,77,77,33,31,31,23,24,24,38,36,25,23,16,16,21,22,23,22,20,20,24,30,29,18,32,18,20,37,37,171,19,168,20,14,360,78,32,20,18,17,15,22,22,48,85,299,17,1,23,28,16,16,25,25,29,29,30,105,44,21,14,27,27,38,82,105,420,26,360,360,24,24,27,27,27,122,122,4,37,7,7,8,8,8,8,7,8,8,120,15,19,480,40,39,39,27,7,7,11,20,19,57,57,57,24,24,480,53,23,38,38,19,20,108,114,46,45,0,111,112,28,13,36,36,34,34,14,13,28,36,13,13,11,16,17,74,19,19,15,16,32,7,14,14,15,15,15,24,80,79,165,148,151,151,151,17,18,17,127,16,15,10,111,10,11,11,16,26,27,20,26,17,10,12,9,13,11,13,13,13,15,15,16,19,19,156,27,26,27,21,31,22,24,49,300,49,51,19,21,13,15,12,11,27,27,23,13,13,38,32,16,38,31,100,18,6,7,50,54,37,23,298,13,13,12,74,36,44,39,32,7,8,6,85,36,36,16
116,106,74,360,114,117,117,116,114,115,115,131,131,129,132,131,131,135,111,360,113,1,107,118,118,118,117,86,115,115,115,116,115,118,119,215,116,118,118,127,121,124,121,119,133,149,12,117,114,106,106,138,225,120,120,120,41,142,137,149,127,42,155,121,108,113,113,150,86,154,142,140,295,137,137,296,97,97,220,220,220,172,163,183,114,146,115,147,148,263,130,131,295,53,213,224,125,131,132,115,54,213,111,164,135,135,136,143,144,136,136,110,125,163,163,163,140,137,137,131,131,131,110,105,114,130,124,123,128,130,131,130,124,124,131,137,137,125,140,125,128,133,134,56,118,54,128,120,297,162,113,115,114,113,111,129,129,154,156,360,114,111,127,126,123,123,132,132,113,113,113,12,102,128,121,131,134,110,159,12,360,134,262,262,109,109,109,109,109,230,230,111,143,104,107,105,106,105,107,107,105,105,228,114,127,360,104,104,104,113,114,114,118,114,112,80,80,80,117,116,360,159,130,110,110,127,127,96,203,152,152,111,0,1,119,115,110,145,145,145,115,116,139,139,124,124,122,127,128,166,123,123,119,119,143,118,125,125,126,126,126,128,158,162,54,119,122,122,122,129,129,128,238,127,126,121,222,121,122,122,126,137,138,131,137,115,121,120,120,119,117,118,118,118,117,117,116,112,115,48,138,138,138,132,142,133,107,159,257,159,161,118,116,121,122,123,122,119,118,122,120,120,148,117,126,112,119,96,129,112,113,160,81,148,134,197,124,124,123,40,113,103,149,111,118,119,117,195,105,113,124
116,106,75,360,115,117,117,117,115,115,116,132,132,130,132,131,132,136,112,360,113,2,107,119,119,119,117,87,116,116,115,116,115,118,119,215,117,119,119,127,122,125,122,120,133,149,13,118,115,107,106,139,226,121,121,121,42,143,138,150,127,43,156,121,109,113,114,150,87,155,143,141,296,138,137,296,97,97,221,221,221,173,163,184,115,146,116,148,148,264,130,131,295,53,214,225,126,131,133,115,54,214,112,164,136,136,136,144,145,137,137,111,126,164,163,163,141,138,138,131,132,132,111,105,115,131,124,123,129,130,132,130,125,125,132,138,138,126,141,126,128,133,134,57,119,55,128,121,298,163,114,116,115,113,111,130,130,155,156,360,114,112,127,127,124,124,133,133,113,113,114,13,102,129,122,132,134,111,160,12,360,134,263,262,110,110,110,109,109,230,231,112,143,105,107,105,107,106,108,107,106,105,228,114,127,360,104,104,104,114,115,115,119,114,112,81,81,81,117,116,360,159,131,111,111,127,128,97,204,152,152,112,1,0,119,116,110,146,145,146,116,116,140,139,125,124,122,128,128,166,123,123,119,119,144,118,125,125,126,127,127,128,159,162,55,120,123,123,123,129,129,128,239,128,126,122,223,122,123,122,126,138,138,132,138,115,122,120,121,119,117,118,118,118,117,117,117,112,115,48,138,138,138,133,142,133,107,159,257,160,162,118,116,122,122,124,122,119,119,122,121,120,149,118,127,112,119,97,129,113,113,161,82,148,134,197,125,125,123,40,114,103,150,112,119,120,117,196,106,114,124
7,12,77,480,3,14,14,14,14,14,26,23,23,23,24,23,23,28,5,282,34,119,12,5,5,3,2,159,127,127,127,128,32,18,19,132,9,40,40,19,41,14,41,12,25,144,114,27,24,32,32,31,147,38,38,38,152,35,30,35,14,117,52,116,30,24,24,47,55,53,40,38,217,35,33,218,205,205,142,142,142,71,61,81,28,43,28,45,45,300,15,16,420,166,135,146,20,27,21,6,162,129,6,59,39,39,38,40,42,35,35,7,11,62,61,61,33,38,38,23,23,23,9,13,4,22,15,35,18,22,24,21,12,12,23,31,30,15,33,15,18,21,21,169,10,169,22,37,360,62,5,10,11,12,15,30,30,53,69,283,12,27,14,12,16,16,24,34,3,3,4,111,18,27,31,18,20,9,67,110,420,25,300,300,8,8,9,9,9,118,118,28,40,33,32,33,33,33,33,32,33,33,116,14,18,480,15,15,15,2,31,31,28,9,11,83,83,83,6,5,480,57,18,9,9,34,34,86,98,49,49,28,119,119,0,16,12,37,35,35,15,15,31,21,18,19,31,25,25,59,11,11,13,12,33,29,24,24,24,25,25,10,65,64,162,126,129,129,129,26,23,24,124,25,25,20,108,29,30,29,35,36,36,30,36,12,19,17,20,16,18,16,16,16,14,14,13,10,9,152,34,34,34,28,32,28,12,55,300,55,57,10,8,16,14,34,35,2,2,6,16,16,43,4,14,10,3,79,19,32,33,55,80,36,21,300,18,17,32,101,9,18,44,9,30,28,30,90,15,9,42
11,17,64,480,17,5,5,5,3,3,14,23,24,22,24,23,24,27,11,288,22,115,26,13,13,16,16,157,136,136,135,136,20,7,9,128,8,28,28,18,29,13,29,7,25,132,111,15,12,20,20,31,140,26,26,26,148,35,30,38,16,113,52,104,18,12,12,47,47,51,39,37,209,33,32,210,202,202,135,135,135,69,67,80,16,42,16,44,44,300,19,20,420,162,127,139,17,24,27,10,159,125,11,65,32,32,33,40,41,32,33,21,17,67,67,67,33,34,34,23,23,24,24,22,13,23,15,25,19,22,23,22,13,13,24,30,29,17,32,17,19,27,27,165,7,165,20,25,360,67,19,7,5,4,1,23,23,51,74,288,3,12,16,18,14,14,25,27,16,16,17,108,30,22,19,20,23,24,72,106,420,26,360,360,11,11,13,14,14,121,121,16,39,21,20,21,21,21,21,20,21,21,119,2,18,480,26,26,26,14,19,19,16,7,5,70,70,70,12,11,480,56,20,24,24,24,24,94,103,49,49,13,115,116,16,0,23,37,35,35,1,1,30,27,9,9,19,18,18,64,8,8,4,4,33,17,14,14,15,15,15,14,70,69,158,134,138,138,138,19,19,18,127,17,16,9,110,17,18,17,23,29,29,22,28,4,7,5,9,4,2,3,3,3,2,2,2,7,6,149,28,28,28,23,31,23,12,53,300,53,55,7,9,6,6,22,23,15,14,12,5,4,42,19,10,25,18,87,17,20,21,54,67,38,23,300,12,9,20,88,24,31,44,19,18,16,18,89,24,24,30
15,7,85,480,9,22,22,22,22,22,34,33,33,32,34,33,34,38,13,285,42,110,3,15,15,13,12,149,117,117,116,117,40,27,27,141,17,48,48,28,49,23,49,20,34,152,105,35,32,40,40,41,156,46,46,46,142,45,40,45,24,105,63,124,38,32,33,57,50,62,49,47,226,44,42,227,194,194,151,151,151,80,64,91,36,53,36,55,55,300,25,26,420,156,144,155,29,36,31,14,152,138,13,62,47,47,47,51,52,44,45,6,21,65,64,64,43,47,47,33,33,33,3,3,12,31,25,45,28,32,34,32,22,22,33,42,40,25,43,25,28,31,30,159,18,159,31,45,360,65,8,18,19,20,22,39,39,62,72,286,20,35,24,22,24,24,34,43,10,10,10,102,7,36,40,27,30,3,70,100,420,35,300,300,13,13,10,10,10,128,128,36,50,41,40,41,41,41,41,40,41,41,126,22,28,420,3,3,3,11,39,39,36,18,19,91,91,91,16,15,420,66,27,3,3,42,43,76,101,59,59,36,110,110,12,23,0,48,46,46,23,23,41,31,26,27,39,35,35,61,19,20,21,21,44,38,32,32,33,34,34,20,67,66,152,116,119,119,119,35,33,34,134,34,34,28,118,37,38,38,43,45,46,39,45,20,28,26,29,24,25,24,24,24,22,22,21,17,18,143,43,43,43,38,42,38,14,64,300,64,66,19,17,24,22,43,44,13,13,17,24,24,54,8,23,3,9,69,28,41,41,66,89,47,32,295,28,26,40,97,3,8,55,5,38,36,39,101,4,3,51
32,46,82,480,40,32,32,32,34,34,29,13,13,14,13,12,13,12,38,300,29,146,47,32,32,35,35,192,162,162,161,162,29,30,28,101,33,26,26,18,24,24,24,30,15,132,139,27,30,35,35,3,116,24,24,24,185,8,14,30,28,149,21,104,33,31,31,16,65,21,9,7,186,4,4,187,238,238,111,111,111,39,85,49,29,12,29,14,14,360,31,30,420,198,104,115,19,12,44,33,196,98,38,82,8,8,7,9,11,4,5,43,34,85,85,85,11,7,7,14,14,14,45,48,36,19,22,20,17,13,12,14,24,24,12,5,5,21,11,21,18,44,44,202,31,199,15,22,420,85,40,34,36,38,38,13,13,21,92,300,37,36,28,35,23,23,13,11,40,40,40,135,54,14,23,25,23,45,90,136,420,15,360,360,40,40,42,43,43,96,96,32,8,36,35,36,36,36,36,36,36,36,94,36,18,480,51,51,51,38,29,30,26,36,38,88,88,88,33,34,480,26,23,45,45,18,18,120,122,18,18,36,145,146,37,37,48,0,3,3,35,34,8,42,26,26,25,19,19,79,27,28,32,32,4,28,22,22,22,20,20,29,85,84,193,158,161,161,161,18,17,18,99,18,19,27,82,25,24,25,20,10,9,15,10,35,29,30,28,31,33,32,32,32,33,33,34,37,35,183,10,10,9,14,13,14,42,21,360,21,23,33,34,29,29,23,24,33,33,29,30,31,9,37,24,43,36,110,19,32,32,21,83,20,19,300,23,26,24,103,42,51,11,41,28,27,29,56,47,42,25
30,43,81,480,38,29,29,29,31,31,27,10,11,12,11,10,11,10,35,300,30,145,45,30,30,32,33,190,159,159,158,159,29,27,25,102,30,27,27,15,26,22,25,27,13,134,138,25,28,36,36,5,118,25,25,25,183,7,12,29,25,146,21,106,34,29,29,16,65,23,11,8,187,5,5,188,235,235,113,113,112,41,82,49,27,11,27,14,14,360,29,28,420,197,105,116,16,10,42,31,193,99,36,80,9,9,9,10,12,5,6,41,32,83,82,82,10,8,8,12,12,12,43,45,33,16,20,21,15,11,9,11,22,22,10,6,4,19,10,18,16,42,42,200,28,198,13,23,420,83,38,32,33,35,36,12,12,23,90,300,34,34,25,33,20,21,11,12,37,38,38,135,51,12,25,23,21,43,87,135,420,13,360,360,37,37,40,40,40,95,95,31,10,37,36,37,37,37,37,36,37,37,93,33,16,480,48,49,49,36,29,29,24,33,36,87,87,87,31,32,480,27,20,43,43,20,19,118,119,19,19,34,145,145,35,35,46,3,0,1,32,31,6,39,23,23,23,16,16,77,25,26,29,30,4,26,20,19,19,18,18,27,83,82,190,155,158,158,158,15,15,16,98,16,17,24,81,23,22,22,21,11,11,13,11,32,26,27,25,28,30,29,29,29,30,31,31,34,33,181,10,10,10,12,11,12,40,22,360,22,24,31,32,27,26,25,25,31,31,27,28,28,10,35,22,41,34,108,17,33,33,21,82,18,16,300,20,24,24,102,39,49,12,38,26,25,27,56,44,39,26
30,44,82,480,38,30,30,30,32,32,27,11,11,12,12,11,11,10,36,300,30,145,46,30,30,33,33,190,160,160,159,160,29,28,25,102,31,27,27,16,25,22,25,27,13,133,138,26,28,36,36,4,117,25,25,25,183,7,13,29,26,146,21,105,34,29,29,16,65,22,10,8,187,5,5,188,235,235,112,112,112,41,83,49,28,10,28,13,14,360,29,28,420,197,105,116,17,10,43,31,194,99,36,80,9,9,8,10,11,5,6,41,32,83,83,83,9,8,8,12,12,13,43,45,33,17,20,21,16,12,10,12,22,22,10,6,4,19,10,19,16,43,42,200,29,198,14,23,420,83,38,32,34,35,36,12,12,22,90,300,34,34,26,33,21,21,12,12,38,38,38,135,52,13,24,23,21,43,88,136,420,13,360,360,38,38,40,40,41,95,95,31,9,37,37,38,37,37,38,37,38,38,93,33,17,480,49,49,49,36,29,29,25,34,36,88,88,88,31,32,480,27,21,43,43,19,19,118,119,19,19,34,145,146,35,35,46,3,1,0,32,32,6,40,23,24,23,16,16,77,26,26,30,30,5,26,20,20,19,18,18,27,83,82,191,156,159,159,159,15,15,16,97,16,18,24,81,23,22,23,21,11,10,13,11,33,27,27,25,29,31,29,29,29,31,31,32,35,33,181,11,11,10,12,11,12,40,22,360,22,24,31,32,27,27,24,25,31,31,27,28,28,10,35,23,41,34,108,17,33,33,21,82,19,17,300,20,24,24,103,40,49,12,39,27,25,27,55,45,40,26
10,16,65,480,16,5,5,5,3,3,14,24,24,22,25,24,24,28,10,288,22,115,25,12,12,15,15,156,135,135,134,135,20,7,9,128,8,28,28,19,29,13,29,7,26,132,111,15,12,20,20,31,140,26,26,26,148,35,30,38,16,113,52,104,18,13,13,47,48,51,39,37,209,33,32,210,202,202,135,135,135,70,67,80,16,43,16,45,45,300,20,20,420,162,127,139,17,24,27,10,159,125,10,65,32,33,33,40,42,32,34,20,17,68,67,67,33,34,34,24,24,24,24,22,12,23,15,25,20,23,24,22,14,14,24,31,30,17,33,17,19,27,27,165,7,165,21,25,360,68,18,6,4,3,1,23,23,51,75,288,2,13,17,18,15,15,25,28,15,15,16,108,30,22,20,21,23,24,72,106,420,27,300,360,10,10,13,13,13,121,121,16,40,21,20,21,21,21,21,21,22,21,119,2,18,480,25,25,25,13,19,19,16,6,4,71,71,71,11,11,480,56,20,24,24,24,25,94,104,49,49,14,115,116,15,1,23,35,32,32,0,1,30,27,10,10,19,18,18,64,8,8,4,4,33,18,14,14,15,16,16,14,71,70,158,134,137,137,137,19,19,18,127,17,16,9,111,17,18,17,23,29,29,23,29,3,7,5,9,4,3,3,3,3,2,1,2,6,6,148,28,28,29,23,32,23,11,53,300,54,55,6,8,7,6,22,24,14,13,12,5,5,42,18,11,24,18,86,18,21,21,55,68,38,23,300,13,10,20,89,23,30,44,19,18,16,19,89,23,23,30
10,17,64,480,17,5,5,4,3,3,13,23,23,21,24,23,24,27,10,288,22,116,25,12,13,15,16,157,135,135,135,135,20,6,8,128,8,27,27,18,28,13,29,7,25,131,111,15,12,19,19,31,139,25,25,25,149,35,29,38,16,113,52,103,18,12,12,46,48,51,39,37,209,33,31,210,202,202,134,134,134,69,67,80,16,42,16,44,44,300,19,20,420,163,127,138,16,23,27,10,159,125,11,64,32,32,32,39,41,32,33,21,16,67,67,67,32,34,34,23,23,23,24,22,12,23,15,24,19,22,23,22,13,13,23,30,29,16,32,16,18,27,26,165,7,165,20,25,360,67,19,6,5,3,2,23,23,51,74,288,3,13,16,17,14,14,24,27,16,16,16,108,30,22,19,20,23,24,72,106,420,26,360,360,10,10,13,13,14,120,120,16,39,20,20,21,20,21,21,20,21,21,118,2,18,480,25,25,25,14,18,19,15,7,5,70,70,70,11,11,480,55,19,24,24,24,24,94,103,48,48,13,116,116,15,1,23,34,31,32,1,0,29,27,9,9,18,17,17,64,7,7,3,4,32,17,13,13,14,15,15,14,70,69,159,134,137,137,137,18,18,17,126,17,15,9,110,16,17,17,22,28,29,22,28,3,7,5,8,3,2,3,3,3,1,1,2,6,6,149,28,28,28,22,31,23,12,53,300,53,55,7,8,6,6,22,23,15,14,12,5,4,42,19,10,25,18,86,17,20,20,54,68,37,22,300,12,9,19,88,23,31,43,19,17,15,18,89,23,23,30
25,38,76,480,33,24,24,24,26,26,21,6,6,7,7,6,7,5,30,299,26,139,41,25,26,28,29,185,154,154,153,154,23,22,20,105,25,25,26,10,24,17,24,22,9,132,132,20,22,30,30,5,120,24,24,24,178,13,8,27,21,141,26,104,28,23,23,21,59,25,13,11,189,7,6,190,230,230,115,115,115,43,78,54,22,17,22,18,19,360,24,23,420,191,107,119,11,4,38,26,188,102,31,76,10,11,11,14,15,8,8,36,28,79,78,78,10,10,10,8,8,8,39,40,28,12,15,20,11,7,5,7,18,18,6,3,3,15,10,14,12,38,38,194,23,192,8,22,420,78,34,27,28,30,31,6,6,25,86,299,29,28,21,29,15,15,7,8,33,33,33,129,47,6,20,18,17,39,83,130,420,8,360,360,32,32,35,35,35,101,101,25,13,31,31,31,31,31,32,31,32,31,99,28,12,480,43,43,43,31,23,23,18,28,31,82,82,82,25,27,480,30,16,39,39,18,18,113,115,23,23,28,139,140,31,30,41,8,6,6,30,29,0,36,19,19,19,11,11,73,21,21,25,25,4,22,15,15,14,13,13,23,79,78,186,151,154,154,154,10,10,11,104,12,13,19,88,18,17,18,20,7,7,7,7,28,22,22,20,24,26,24,24,24,26,26,27,30,28,176,5,5,5,6,7,6,35,25,360,25,27,26,27,22,22,22,23,27,27,23,23,23,14,31,18,37,30,103,12,28,29,26,77,14,13,300,15,19,19,98,36,45,16,34,22,20,23,61,40,36,25
21,33,84,480,24,23,23,23,25,25,33,29,29,31,28,30,29,30,25,266,41,139,31,17,18,18,20,179,137,137,137,137,40,28,27,140,22,47,47,28,48,22,49,21,26,151,135,34,31,39,39,39,155,45,45,45,172,37,32,22,17,136,60,123,37,32,32,55,67,60,48,46,224,42,42,225,225,225,150,150,149,78,45,88,35,49,35,52,52,360,13,14,420,186,142,154,28,35,6,21,183,137,25,43,46,46,46,48,49,42,43,27,12,45,45,45,34,45,45,28,28,28,28,33,23,23,23,43,25,29,31,29,19,19,30,39,37,22,34,23,25,5,4,189,20,189,30,44,420,45,24,23,25,27,28,39,39,60,52,266,26,36,17,7,23,23,28,43,24,24,25,131,35,36,39,17,18,28,50,130,420,27,360,360,27,27,29,30,30,105,105,35,47,40,39,40,40,40,41,40,41,40,103,25,25,480,34,34,34,24,38,39,35,23,26,90,90,90,20,20,480,65,21,28,28,42,42,96,81,57,57,36,139,139,21,27,31,42,39,40,27,27,36,0,22,23,35,31,31,40,17,17,22,22,38,34,28,29,29,30,30,13,46,45,180,134,137,137,137,31,29,29,109,30,30,24,93,33,34,34,39,41,42,35,41,24,26,24,26,24,26,23,23,23,23,23,24,24,23,170,39,39,39,33,30,34,30,59,300,60,61,21,21,22,20,38,40,18,18,17,23,23,48,21,19,26,20,88,24,37,37,60,85,35,24,300,24,22,36,105,25,33,49,26,34,32,35,94,32,25,47
10,20,61,480,19,4,4,4,6,6,10,15,15,13,16,15,15,19,13,286,18,124,28,12,12,15,16,166,139,139,138,139,16,5,3,122,8,24,24,10,25,5,25,4,17,128,117,11,8,16,16,22,134,22,22,22,157,26,21,33,11,122,43,100,14,8,8,38,44,42,30,28,203,25,23,204,211,211,128,128,128,61,65,71,12,34,12,36,36,360,14,15,420,171,121,133,8,15,25,11,168,119,13,63,25,26,26,31,33,24,25,22,15,65,65,65,24,27,28,15,15,15,25,25,13,14,6,20,11,14,15,13,8,8,15,22,21,8,24,8,10,25,24,174,7,174,12,21,360,65,21,7,8,10,11,17,17,42,72,286,8,13,11,15,5,6,16,21,18,18,18,114,33,14,16,15,18,25,70,115,420,18,360,360,13,13,16,16,16,114,114,12,31,17,16,17,17,17,17,16,17,17,112,7,10,480,28,28,28,16,15,15,12,8,11,67,67,67,11,12,480,47,13,25,25,18,18,98,101,40,40,13,124,125,18,9,26,26,23,23,10,9,19,22,0,1,14,9,9,61,7,7,6,7,23,13,7,7,7,8,9,12,68,67,167,137,140,140,140,10,10,9,119,9,9,3,102,12,13,12,18,21,22,15,21,9,5,4,5,5,7,6,6,6,7,7,8,12,10,157,20,19,20,14,22,14,18,44,300,44,46,7,9,3,3,17,19,14,14,10,4,4,33,19,3,25,18,90,8,16,16,45,63,28,13,300,3,1,15,84,24,32,34,20,13,11,14,80,27,24,25
11,21,61,480,20,5,5,5,7,7,9,15,15,13,16,14,15,19,14,287,18,124,29,13,14,16,17,165,140,140,139,140,16,4,2,121,9,24,24,10,24,7,25,5,17,128,117,11,8,16,15,23,133,22,22,22,157,26,21,33,12,122,43,100,14,8,8,38,44,42,30,28,202,24,23,203,211,211,128,128,128,60,66,71,12,34,12,35,36,360,15,16,420,171,120,132,8,15,26,12,168,118,14,64,25,25,25,31,32,23,25,23,16,66,66,66,24,27,27,15,15,15,26,26,14,15,6,19,11,14,15,14,10,10,15,22,21,8,24,8,11,26,25,174,8,174,12,21,360,66,22,8,9,10,10,16,16,42,73,287,9,13,12,17,6,6,16,20,19,19,19,114,34,14,15,17,19,26,71,114,420,18,360,360,14,14,17,17,17,114,114,12,30,16,16,17,17,17,17,16,17,17,112,8,10,480,29,29,29,17,14,15,11,9,11,66,66,66,12,13,480,47,13,26,26,17,18,99,102,40,40,13,124,124,19,9,27,26,23,24,10,9,19,23,1,0,14,8,8,62,8,8,7,7,24,12,6,6,7,8,8,13,69,68,167,138,141,141,141,9,9,8,119,8,8,3,103,12,13,12,17,21,21,15,21,9,5,4,5,5,7,6,6,6,7,7,8,12,11,157,19,19,19,14,22,14,18,44,300,44,46,8,10,3,4,17,19,16,16,11,4,5,33,20,4,26,19,91,8,15,16,45,63,28,13,300,3,1,15,84,25,33,34,21,13,11,13,80,27,25,25
24,33,59,480,32,17,17,18,17,17,5,15,15,13,16,15,15,19,26,299,8,122,42,25,26,28,29,171,151,151,151,152,5,13,12,112,21,10,10,11,12,16,13,18,17,121,115,3,6,12,12,22,124,9,9,9,162,26,21,33,23,127,39,93,11,8,8,34,42,39,27,24,193,22,21,194,216,216,118,118,118,57,78,68,5,30,5,32,32,360,26,26,420,174,111,123,10,14,38,24,174,109,26,76,19,20,20,27,29,21,21,36,28,79,78,78,24,22,22,15,15,15,40,38,26,14,16,8,13,14,15,13,20,20,15,21,21,17,24,16,13,38,38,178,20,175,12,8,360,79,34,21,20,20,20,13,13,39,86,299,19,11,23,29,15,15,16,16,31,31,32,112,46,12,3,21,19,40,83,112,420,18,360,360,26,26,29,29,29,114,114,7,27,13,13,14,13,14,14,13,14,14,112,17,13,480,42,42,42,29,5,5,3,21,21,64,64,64,25,25,480,43,18,40,40,9,9,110,115,36,36,11,122,122,31,19,39,25,23,23,19,18,19,35,14,14,0,8,8,75,20,20,17,17,23,4,8,8,8,6,6,25,81,80,172,149,152,152,152,9,9,8,119,7,6,11,102,2,1,2,5,18,18,12,17,19,11,13,10,14,16,15,15,15,17,17,17,21,21,163,18,18,18,13,22,13,27,40,360,40,42,20,22,14,16,4,5,28,28,23,15,14,29,33,16,40,31,102,12,11,11,41,61,28,16,300,13,14,2,81,39,46,30,33,4,4,5,76,39,39,12
19,29,64,480,27,13,13,14,15,15,10,8,8,6,8,7,8,12,22,295,14,128,37,21,22,24,25,174,148,148,148,149,11,11,8,115,17,18,18,5,18,11,19,14,11,127,121,8,11,19,18,15,127,15,15,15,166,19,14,27,17,130,36,99,17,12,12,30,47,35,23,21,196,17,16,197,219,219,122,122,121,53,74,64,10,26,10,28,28,360,21,20,420,179,114,126,4,8,33,20,176,112,23,71,19,19,19,24,25,16,18,31,23,74,74,74,17,21,21,7,8,8,35,34,22,8,10,13,7,6,8,6,14,14,8,14,14,11,17,10,8,33,33,183,16,181,4,15,420,74,29,17,17,18,19,8,8,35,81,295,18,16,17,24,9,10,9,13,27,27,27,117,42,6,9,15,13,35,79,118,420,12,360,360,23,23,25,25,26,106,107,13,23,19,19,20,20,20,20,19,20,20,104,16,7,480,37,37,37,25,11,12,7,17,20,70,70,70,20,21,480,40,12,35,35,11,12,107,110,33,32,16,127,128,25,18,35,19,16,16,18,17,11,31,9,8,8,0,1,69,16,15,15,15,16,10,4,4,3,2,2,19,76,75,175,146,149,149,149,1,2,1,111,1,1,8,95,7,6,6,10,13,13,7,13,17,11,11,9,13,15,13,13,13,15,15,16,20,19,165,10,10,11,5,14,5,25,36,360,36,38,16,17,11,12,11,12,22,22,18,12,13,25,28,12,34,27,98,6,17,18,37,66,22,10,300,7,9,8,87,33,41,26,29,10,9,11,72,35,33,19
19,29,64,480,27,14,14,14,15,15,10,7,8,6,8,7,8,12,22,295,14,128,37,22,22,24,25,174,149,149,148,149,12,11,8,115,17,18,18,5,18,11,19,14,11,127,121,8,11,19,19,15,127,16,16,16,166,19,14,27,17,130,36,99,17,12,12,30,47,35,23,21,196,17,16,197,219,219,122,122,122,53,74,64,10,26,10,28,28,360,21,20,420,180,114,126,4,8,34,20,177,111,23,71,19,19,19,24,25,16,18,31,23,74,74,74,17,20,20,7,7,8,35,34,23,8,10,13,7,6,8,6,14,14,8,14,13,11,16,10,8,34,33,183,16,181,4,15,420,74,29,17,17,18,19,8,8,35,81,295,18,16,17,24,9,10,9,13,27,27,28,118,42,6,9,15,13,35,79,118,420,12,360,360,23,23,25,25,26,106,106,13,23,20,19,20,20,20,20,19,20,20,104,16,7,480,38,37,37,25,11,12,7,17,20,70,70,70,20,21,480,39,13,35,35,11,12,107,110,33,32,17,128,128,25,18,35,19,16,16,18,17,11,31,9,8,8,1,0,70,16,16,15,15,15,10,4,4,3,2,2,20,76,75,175,146,149,149,149,1,2,2,111,1,1,8,95,7,6,7,10,13,13,6,13,17,11,12,10,13,15,13,13,13,15,15,16,20,19,165,10,10,11,5,14,5,25,36,360,36,38,16,18,11,12,11,12,22,22,18,12,13,25,28,12,34,27,98,6,17,18,37,66,22,10,300,7,9,8,87,33,41,26,29,10,9,11,72,35,33,19
58,67,121,480,61,60,60,61,62,62,70,68,68,68,67,67,67,69,62,228,79,165,59,55,55,56,57,174,121,121,120,121,77,65,64,177,59,84,84,65,85,60,86,58,65,188,161,72,69,76,76,76,192,82,82,82,172,76,71,59,54,137,98,160,75,69,69,92,105,97,85,83,261,79,79,262,218,218,187,187,187,115,3,120,73,88,73,90,90,300,52,52,420,186,179,191,65,72,36,58,180,174,63,5,83,83,83,85,87,80,80,64,49,3,2,2,73,82,83,67,67,67,60,62,60,62,60,81,63,66,69,66,56,56,68,76,74,60,73,60,62,37,37,184,57,190,67,82,420,1,61,61,62,64,65,76,76,97,10,228,63,74,54,44,60,60,67,80,62,62,62,158,62,73,76,56,57,60,6,156,420,66,300,300,64,64,67,67,67,109,110,73,84,77,77,78,77,78,78,77,78,78,106,62,63,480,61,61,61,61,75,76,72,60,63,127,127,127,58,57,480,102,58,60,60,79,79,77,43,94,94,74,166,166,59,64,61,79,77,77,64,64,73,40,61,62,75,69,70,0,59,59,64,64,80,76,70,70,71,72,72,55,8,5,182,121,124,124,124,73,71,71,119,72,72,66,109,75,76,75,81,83,84,77,83,66,68,66,68,66,67,65,65,65,65,65,65,66,65,172,81,81,81,75,74,75,71,101,300,102,103,63,63,63,62,80,82,60,60,59,65,65,90,63,61,61,62,74,66,79,79,102,126,79,66,300,66,64,78,147,62,65,91,67,76,74,77,129,64,62,88
3,17,67,480,12,4,4,4,6,6,16,17,17,15,18,17,18,21,9,281,24,123,21,6,7,9,10,163,133,133,132,133,22,10,9,124,3,30,30,11,31,6,31,3,19,134,119,17,14,22,22,24,139,28,28,28,156,29,23,31,9,120,45,106,20,14,15,40,50,44,32,30,208,27,25,209,209,209,134,134,134,63,60,73,18,36,18,38,38,300,12,13,420,170,126,138,12,19,20,4,167,121,9,57,30,30,30,33,35,27,27,16,9,60,60,60,26,29,30,17,17,17,20,19,7,16,8,27,12,16,17,16,6,6,17,24,23,9,26,10,12,20,19,173,1,173,14,27,360,60,14,4,6,8,9,22,22,44,67,281,7,19,9,10,7,7,18,26,11,11,12,115,26,19,22,13,16,20,65,114,420,20,300,300,11,11,13,14,14,113,114,18,33,23,22,23,23,23,23,22,24,23,111,6,11,480,22,22,22,9,21,21,18,6,9,73,73,73,4,5,480,49,12,20,20,25,25,91,96,42,42,19,123,123,11,8,19,27,25,26,8,7,21,17,7,8,20,16,16,59,0,1,5,5,26,19,14,14,15,15,16,6,63,61,166,131,134,134,134,18,15,15,119,16,16,9,102,18,19,19,24,27,28,21,27,8,10,8,10,7,9,7,7,7,6,6,7,10,8,156,25,25,25,19,24,19,16,46,300,46,48,5,7,6,4,24,25,8,8,4,7,7,35,14,5,20,13,83,10,22,22,47,70,30,15,300,10,7,21,90,18,26,37,14,19,17,20,82,20,18,32
4,17,67,480,13,4,4,4,6,5,16,17,18,15,18,17,18,21,9,281,24,123,22,7,7,9,10,163,133,133,132,133,22,9,9,124,3,30,29,12,30,6,31,2,19,134,118,17,14,22,22,25,140,28,28,28,156,29,24,31,9,119,45,106,20,14,14,40,50,45,32,30,210,27,25,211,208,208,135,135,135,63,60,74,18,36,18,38,38,300,12,13,420,170,128,139,12,19,20,5,167,121,9,58,30,30,30,33,35,27,28,16,10,61,60,60,26,30,30,17,18,18,20,19,7,16,8,27,13,16,17,16,6,6,18,24,23,10,26,10,12,20,20,173,1,173,14,27,360,60,14,4,6,7,9,22,22,45,67,281,6,19,9,11,7,7,18,26,12,12,12,115,27,19,21,13,16,20,65,114,420,20,300,300,11,11,13,13,14,114,114,18,33,23,22,23,23,23,23,22,23,23,112,5,11,480,22,22,22,10,21,21,18,6,8,72,72,72,4,6,480,49,13,20,20,25,25,92,96,42,42,19,123,123,11,8,20,28,26,26,8,7,21,17,7,8,20,15,16,59,1,0,5,5,26,19,13,14,14,15,15,7,63,62,166,131,134,134,134,17,15,16,119,16,15,9,103,18,19,18,24,27,28,21,27,8,10,8,10,7,8,6,6,6,6,6,6,10,8,156,25,25,25,20,25,20,15,46,300,46,48,5,7,5,4,23,24,8,9,5,7,6,35,14,5,20,13,84,10,22,22,48,69,31,15,300,10,7,21,90,19,26,37,14,19,17,20,82,21,19,31
7,14,64,480,14,3,3,2,2,2,13,21,21,19,22,21,22,25,8,286,21,119,23,10,10,13,13,159,134,134,133,134,19,6,8,127,6,27,27,15,28,10,28,5,23,131,114,14,11,19,19,29,139,25,25,25,152,33,27,35,13,116,49,103,17,11,12,44,47,49,36,34,208,31,29,209,205,205,134,134,134,67,65,77,15,40,15,42,42,300,16,17,420,166,126,138,15,22,24,7,163,124,8,62,31,31,32,37,39,31,32,18,14,65,65,65,30,33,33,21,21,22,22,21,10,20,12,24,17,20,21,20,10,10,22,28,27,14,30,14,16,24,24,169,5,169,18,24,360,65,16,4,2,3,5,22,22,48,72,286,2,15,13,15,11,11,22,26,13,13,14,111,28,21,19,17,20,22,70,110,420,24,300,300,8,8,11,11,11,118,118,15,37,20,19,20,20,20,20,19,21,20,116,1,15,480,24,24,24,11,18,18,15,4,4,70,70,70,9,8,480,53,16,22,22,23,24,93,101,46,46,15,119,119,13,4,21,32,29,30,4,3,25,22,6,7,17,15,15,64,5,5,0,1,30,16,13,13,14,14,14,12,68,67,163,133,136,136,136,17,17,16,123,16,15,8,107,16,17,16,22,28,28,21,27,4,6,4,8,3,5,3,3,3,2,2,2,7,4,153,27,27,27,21,29,22,12,51,300,51,53,4,5,4,4,21,22,12,11,10,3,3,40,16,8,22,15,85,16,19,20,52,67,35,19,300,10,7,19,88,21,28,41,16,17,15,17,87,22,21,29
7,14,64,480,14,3,3,3,2,2,13,21,22,20,22,21,22,25,8,286,21,119,23,10,10,12,13,159,134,134,133,134,20,6,8,128,6,27,27,16,28,10,29,5,23,131,114,14,12,19,19,29,139,25,25,25,152,33,28,35,14,115,50,103,17,12,12,44,47,49,37,35,209,31,30,210,204,204,134,134,134,67,65,78,16,40,15,42,42,300,17,17,420,166,127,138,15,23,25,7,163,124,8,63,31,32,32,38,39,31,33,18,14,65,65,65,31,33,34,22,22,22,22,20,9,21,12,24,17,21,21,20,11,11,22,28,27,14,30,14,16,25,24,169,5,168,18,24,360,65,16,3,2,2,5,23,23,49,72,286,1,15,14,15,11,12,23,27,13,13,13,111,28,21,19,18,20,22,70,109,420,24,300,300,7,7,10,11,11,118,118,15,37,20,20,21,20,20,21,20,21,21,116,2,16,480,23,23,23,11,18,19,15,4,4,70,70,70,8,8,480,53,17,22,22,23,24,92,101,47,46,16,119,119,12,4,21,32,30,30,4,4,25,22,7,7,17,15,15,64,5,5,1,0,31,17,13,13,14,15,15,12,68,67,162,132,135,135,135,17,17,17,124,16,15,8,107,16,17,16,22,28,28,22,28,3,6,4,8,4,5,3,3,3,2,2,2,6,4,152,27,27,27,22,29,22,12,51,300,51,53,4,5,4,4,21,23,11,11,9,3,3,40,16,8,22,15,85,16,20,20,52,67,35,20,300,11,7,19,88,21,28,42,16,17,15,18,87,21,21,29
28,42,80,480,36,28,28,28,30,29,25,9,9,10,10,9,9,8,34,300,26,143,44,28,28,31,31,188,157,157,157,158,27,26,23,102,29,23,23,14,22,20,21,25,11,130,136,24,26,33,33,1,117,22,22,22,181,9,10,30,24,144,22,102,31,27,27,16,63,22,10,8,186,4,4,187,233,233,111,111,111,40,81,50,26,12,26,14,14,360,27,26,420,195,104,116,15,8,41,29,191,98,34,78,8,8,8,10,11,4,5,39,30,81,81,81,12,7,7,10,10,10,41,43,31,15,18,17,13,10,8,10,20,20,8,1,1,17,12,17,14,41,40,198,27,196,12,19,420,81,36,30,32,33,34,10,10,22,88,300,32,32,24,31,19,19,10,7,36,36,36,133,50,11,21,21,19,41,86,134,420,11,360,360,36,36,38,38,39,97,97,29,9,34,33,34,33,34,34,33,34,34,95,31,14,480,47,47,47,34,27,27,22,32,34,85,85,85,29,30,480,26,19,41,41,16,15,116,117,19,18,32,143,144,33,33,44,4,4,5,33,32,4,38,23,24,23,16,15,80,26,26,30,31,0,25,18,18,17,17,16,25,82,81,189,154,157,157,157,14,14,14,100,15,16,22,84,21,20,21,18,6,6,11,7,31,25,26,23,27,29,27,27,27,29,29,30,33,32,179,6,6,6,10,9,10,39,22,360,22,24,29,30,26,25,21,22,30,30,26,26,27,10,34,21,39,32,106,15,30,30,22,81,17,15,300,19,22,22,101,38,47,11,37,25,23,26,57,43,38,23
22,31,54,480,31,16,16,16,15,15,3,18,18,16,19,18,18,22,24,298,8,118,40,24,24,27,27,170,150,150,149,150,4,11,10,116,20,11,11,14,13,16,14,16,20,120,111,3,5,8,8,25,128,11,11,11,158,29,24,36,23,126,44,92,6,6,6,39,38,43,31,29,197,26,25,198,214,214,123,123,123,61,77,72,1,34,1,36,36,360,26,26,420,170,115,127,13,17,37,23,171,113,25,75,24,24,25,32,33,25,25,35,27,78,77,77,27,26,26,18,18,18,39,37,25,17,15,12,16,17,18,16,19,19,18,24,24,17,27,17,16,37,37,173,19,171,15,10,360,77,33,19,19,18,18,16,16,43,84,298,17,7,23,27,15,15,19,19,30,30,30,108,45,15,7,24,22,39,82,108,420,21,360,360,24,24,27,28,28,117,117,3,32,9,9,9,9,9,10,9,10,10,115,16,16,480,40,40,40,28,2,3,4,20,19,60,60,60,23,24,480,48,21,39,39,13,14,109,113,41,41,7,118,118,29,17,38,28,26,26,18,17,22,34,13,12,4,10,10,76,19,19,16,17,25,0,11,11,11,10,9,23,80,78,168,148,151,151,151,12,12,11,122,11,9,10,105,4,5,4,10,21,21,15,21,17,10,12,9,13,15,14,14,14,15,15,16,20,20,162,21,21,21,16,25,16,26,44,360,45,46,19,21,13,15,6,7,27,27,22,14,13,34,32,15,39,30,100,15,8,8,46,57,31,19,300,12,13,5,77,37,45,35,32,1,2,1,80,37,37,14
17,26,61,480,25,11,11,11,11,11,10,11,12,9,12,11,12,15,20,292,15,125,34,18,19,21,22,170,146,146,145,146,12,7,4,116,14,18,18,6,19,8,19,11,13,128,118,9,8,16,16,19,127,16,16,16,161,23,18,30,15,126,39,100,14,9,9,34,45,38,26,24,197,21,20,198,215,215,122,122,122,56,71,67,10,30,10,31,32,360,18,19,420,177,115,126,5,12,31,18,172,112,20,69,19,19,20,27,29,20,20,29,21,72,71,71,20,21,21,11,11,12,32,31,20,11,8,13,7,10,11,10,11,11,12,18,17,10,20,9,7,31,31,178,13,178,8,15,360,72,27,14,15,14,15,11,11,38,79,292,14,14,15,22,7,7,13,14,24,24,25,115,39,9,9,17,15,32,76,115,420,14,360,360,20,20,22,22,23,110,110,12,27,17,17,18,17,17,18,17,18,18,108,12,6,480,35,34,34,22,12,12,7,14,16,67,67,67,18,19,480,43,15,32,32,12,12,105,108,36,36,14,125,125,24,14,32,22,20,20,14,13,15,28,7,6,8,4,4,70,14,13,13,13,18,11,0,1,1,2,2,18,74,73,171,144,147,147,147,5,5,4,115,4,2,5,99,8,7,7,11,15,16,9,15,13,7,8,5,9,11,10,10,10,11,11,12,16,16,161,15,15,15,10,18,10,22,39,360,40,42,13,15,8,9,12,13,20,20,16,9,9,29,26,10,31,24,96,6,16,16,41,64,25,10,300,5,7,9,84,30,38,30,26,11,10,12,76,33,30,19
17,26,62,480,26,11,11,11,12,12,10,11,11,9,12,11,12,15,20,293,14,125,34,19,19,21,22,170,146,146,146,146,12,7,4,115,15,18,18,6,19,9,19,11,13,128,118,8,9,17,16,19,127,16,16,16,162,23,17,29,15,126,39,100,15,9,9,34,45,38,26,24,196,21,19,197,215,215,122,122,122,56,71,67,10,29,10,31,31,360,18,19,420,177,114,126,5,11,31,18,172,112,20,69,19,19,20,27,28,20,20,29,21,72,72,72,20,21,21,11,11,11,32,32,20,11,8,13,7,10,11,10,11,11,11,18,17,10,20,9,7,31,31,178,14,178,8,15,360,72,27,14,15,14,15,10,10,38,79,293,14,14,15,22,7,8,12,14,24,24,25,115,39,9,9,17,15,32,77,115,420,14,360,360,20,20,22,23,23,110,110,13,27,17,17,18,18,18,18,17,18,18,108,12,6,480,35,35,35,22,12,12,7,15,16,67,67,67,18,19,480,43,15,32,32,11,12,105,108,36,36,14,125,125,24,14,32,22,19,20,14,13,15,29,7,6,8,4,4,70,14,14,13,13,18,11,1,0,1,2,2,18,74,73,171,144,147,147,147,5,5,4,115,4,2,5,99,7,7,7,11,15,15,9,15,14,7,8,6,9,12,10,10,10,11,12,12,16,16,161,15,15,15,9,18,10,22,39,360,40,41,14,15,9,10,11,13,21,21,17,10,9,28,26,10,32,25,97,6,16,17,41,64,24,9,300,5,7,9,84,30,39,30,27,11,9,12,75,33,30,19
17,27,63,480,25,12,12,12,13,13,10,10,11,9,11,10,11,14,21,293,14,126,35,20,20,22,23,171,147,147,146,147,11,8,5,115,16,18,18,5,18,9,19,12,12,127,119,8,10,18,17,18,127,15,15,15,163,22,17,29,16,127,39,99,16,10,10,33,46,38,26,24,196,20,19,197,216,216,121,121,121,56,72,67,10,29,10,31,31,360,19,19,420,178,114,126,4,11,32,18,173,112,21,69,18,19,19,27,28,19,20,29,21,72,72,72,20,21,21,10,10,11,33,32,20,10,8,13,6,9,10,9,12,12,11,17,16,9,19,8,6,32,31,179,15,179,7,15,360,72,27,15,16,15,16,10,10,38,79,293,15,15,16,22,8,8,12,14,25,25,26,116,40,9,9,16,14,33,77,116,420,13,360,360,21,21,23,24,24,109,109,13,26,18,18,19,18,19,19,18,19,19,107,13,5,480,36,36,36,23,11,12,7,15,17,68,68,68,18,19,480,43,14,33,33,11,12,105,108,36,35,15,126,126,24,15,33,22,19,19,15,14,14,29,7,7,8,3,3,71,15,14,14,14,17,11,1,1,0,1,1,18,74,73,172,144,148,148,148,4,4,3,114,3,2,6,98,7,6,7,11,14,15,8,14,14,8,9,7,10,12,11,11,11,12,13,13,17,17,162,14,14,14,9,17,9,23,39,360,39,41,14,16,9,10,11,12,21,21,17,11,10,28,27,11,32,26,97,5,17,18,40,65,23,8,300,6,8,8,85,31,39,30,27,11,9,12,75,34,31,19
18,28,63,480,27,12,12,13,13,13,8,10,10,8,11,9,10,14,21,294,13,126,36,21,21,24,24,171,148,148,147,148,10,8,6,114,16,16,16,5,17,10,18,13,12,126,119,7,10,17,17,17,125,14,14,14,163,21,16,28,17,128,37,98,15,10,11,32,46,37,24,22,195,19,18,196,217,217,120,120,120,55,73,65,9,28,9,30,30,360,20,20,420,178,113,124,5,10,33,19,174,111,22,71,17,18,18,25,27,18,19,31,23,74,73,73,19,19,20,10,10,10,34,33,21,9,9,12,7,8,10,8,13,13,10,16,16,10,19,9,7,33,33,180,15,180,6,13,360,73,28,16,16,16,17,9,9,37,80,294,15,15,17,24,9,9,11,13,26,26,26,116,41,8,8,15,14,34,78,117,420,13,360,360,22,22,24,24,25,109,109,12,25,18,18,19,18,18,19,18,19,19,106,14,6,480,36,36,36,24,10,11,6,16,17,69,69,69,19,20,480,41,13,34,34,10,10,107,109,34,34,15,126,127,25,15,34,20,18,18,16,15,13,30,8,8,6,2,2,72,15,15,14,15,17,10,2,2,1,0,1,19,76,74,172,146,149,149,149,4,4,3,113,2,1,6,97,6,5,6,9,13,14,7,13,15,9,10,7,11,13,11,11,11,13,13,14,18,18,163,13,13,13,8,17,8,23,38,360,38,40,15,17,10,11,10,11,22,22,18,11,11,27,28,11,34,27,98,6,16,17,39,65,23,10,300,7,9,7,86,32,40,28,28,9,8,10,74,35,32,18
18,28,63,480,27,13,13,13,13,13,8,10,10,8,10,9,10,14,21,294,13,126,36,21,21,24,24,172,148,148,147,148,10,8,6,114,16,16,16,5,17,10,18,13,11,126,119,7,9,17,17,17,125,14,14,14,163,21,16,28,17,128,37,98,15,10,10,32,46,36,24,22,195,19,18,196,217,217,120,120,120,55,73,65,9,28,9,30,30,360,20,20,420,178,113,124,5,10,33,20,174,111,22,71,17,18,18,25,27,18,19,31,23,74,73,73,19,19,19,9,10,10,34,33,22,9,9,12,7,8,10,8,13,13,10,16,16,10,18,10,7,33,33,180,15,179,6,13,360,73,28,16,16,16,17,9,9,36,81,294,15,15,17,24,9,9,11,13,26,26,27,116,41,8,8,15,14,34,78,117,420,12,360,360,22,22,24,24,25,108,109,12,25,18,18,19,18,18,19,18,19,19,106,14,6,480,37,36,36,24,10,10,6,16,17,69,69,69,19,20,480,41,13,34,34,10,10,107,110,34,34,15,126,127,25,15,34,20,18,18,16,15,13,30,9,8,6,2,2,72,16,15,14,15,16,9,2,2,1,1,0,19,76,75,173,146,149,149,149,3,3,3,113,2,1,7,97,6,5,5,9,13,14,7,13,15,9,10,7,11,13,12,12,12,13,13,14,18,18,163,13,13,13,8,17,8,24,38,360,38,40,15,17,10,11,10,11,22,22,18,11,11,27,28,12,34,27,98,6,16,17,39,65,23,10,300,7,9,7,86,32,40,28,28,9,8,10,74,35,32,18
9,22,71,480,13,10,10,11,12,12,20,18,18,18,18,17,18,22,14,277,29,128,20,5,6,7,9,168,137,137,136,137,27,15,14,127,9,34,34,15,35,10,36,8,19,138,124,22,19,26,26,26,142,32,32,32,161,30,24,30,8,125,47,110,25,19,19,42,55,47,35,33,211,29,29,212,214,214,137,137,137,65,56,75,23,38,23,40,40,360,10,10,420,175,129,141,15,22,16,9,172,124,14,53,33,34,33,35,37,30,30,16,5,56,56,56,27,32,33,17,18,18,17,22,12,16,10,31,13,16,19,16,7,7,18,26,24,10,27,10,12,15,15,178,7,178,17,32,360,56,13,11,12,14,15,26,26,47,63,277,13,24,8,6,10,10,19,30,13,13,14,120,26,23,26,12,15,17,61,119,420,20,360,360,16,16,18,19,19,112,112,23,34,27,27,28,27,28,28,27,28,28,110,12,13,480,23,23,23,12,25,26,22,11,14,77,77,77,8,8,480,52,12,17,17,29,29,96,92,44,44,24,128,128,10,14,20,29,27,27,14,14,23,13,12,13,25,19,20,55,6,7,12,12,25,23,18,18,18,19,19,0,58,57,171,135,138,138,138,20,18,19,117,19,20,13,101,23,23,23,28,30,31,24,30,14,16,14,16,13,15,13,13,13,12,12,13,15,13,161,28,28,29,23,25,23,21,49,300,49,51,11,12,11,10,28,29,9,9,6,12,12,37,12,9,17,11,88,14,26,27,49,74,30,15,300,13,12,25,94,16,25,38,17,24,22,24,84,23,16,36
64,74,128,480,67,67,67,67,68,68,77,74,74,74,73,74,74,76,69,232,85,157,65,61,61,62,63,166,113,113,112,113,83,71,70,183,65,91,90,71,92,66,92,64,71,195,153,78,75,83,83,82,198,89,89,89,165,82,77,66,61,129,103,167,81,75,75,98,111,104,91,89,268,86,85,269,210,210,193,193,193,122,7,125,79,94,79,96,96,300,58,59,420,178,186,197,72,79,42,64,172,180,69,10,90,90,89,91,93,86,87,70,55,7,7,7,79,89,89,73,73,73,66,68,66,68,66,87,69,73,75,72,63,63,74,82,81,66,80,66,69,43,43,177,63,182,73,88,360,6,68,67,69,70,72,82,82,104,3,232,69,80,61,51,67,67,73,87,68,68,68,150,69,80,82,62,64,66,4,149,420,72,300,300,71,71,73,73,73,114,114,79,91,84,83,84,84,84,84,83,84,84,110,68,69,480,67,68,68,67,82,82,79,67,69,134,134,134,64,63,480,108,64,66,66,85,86,69,47,100,100,80,158,159,65,70,67,85,83,83,71,70,79,46,68,69,81,76,76,8,63,63,68,68,82,80,74,74,74,76,76,58,0,4,175,113,116,116,116,79,77,78,123,78,79,72,114,81,82,82,87,89,90,83,89,72,74,72,74,72,74,71,71,71,71,71,72,72,71,165,87,87,87,82,80,82,78,107,299,108,109,69,69,70,68,87,88,66,67,65,71,71,96,69,67,67,68,66,72,85,85,108,133,85,72,300,72,71,84,153,68,69,97,73,82,80,83,133,71,68,95
63,73,127,480,66,66,66,66,67,67,75,73,73,73,72,73,73,74,68,229,84,161,64,60,60,61,62,170,117,117,116,117,82,70,69,182,64,89,89,70,90,65,91,63,70,194,157,77,74,82,81,81,197,88,88,88,168,81,76,64,60,133,100,166,80,74,74,97,110,102,90,88,267,85,84,267,214,214,192,192,192,121,4,122,78,93,78,95,95,300,57,58,420,182,184,196,71,77,41,63,176,179,68,6,89,89,88,90,92,85,85,69,54,4,4,4,78,87,88,72,72,72,65,67,65,67,65,86,68,72,74,71,62,62,73,81,80,65,78,65,68,42,42,180,62,186,72,87,360,4,66,66,67,69,70,81,81,102,5,229,68,79,60,50,66,65,72,85,67,67,67,154,67,78,81,61,63,65,1,152,420,71,300,300,69,69,72,72,72,110,110,78,90,82,82,83,83,83,83,82,83,83,107,67,68,480,66,67,66,66,80,81,78,66,68,132,132,132,63,62,480,107,63,65,65,84,85,73,44,99,99,79,162,162,64,69,66,84,82,82,70,69,78,45,67,68,80,75,75,5,61,62,67,67,81,78,73,73,73,74,75,57,4,0,178,117,120,120,120,78,75,76,119,77,77,71,110,80,81,80,86,88,88,82,88,71,73,71,73,71,72,70,70,70,69,70,70,71,70,168,86,86,86,80,79,80,76,106,300,106,108,68,68,68,67,85,86,65,65,64,69,70,94,67,66,66,66,69,71,83,84,107,131,84,70,300,70,69,83,152,67,70,96,72,81,79,82,131,69,67,93
163,152,128,360,159,163,163,163,161,161,169,182,182,180,183,182,183,186,158,360,166,53,152,165,166,165,163,40,132,132,131,132,168,165,167,268,163,172,172,176,174,171,175,167,184,202,65,170,167,160,159,189,279,174,174,174,17,194,188,196,174,64,208,174,162,167,167,203,140,208,195,193,360,191,190,360,46,46,274,274,274,226,182,237,168,199,168,201,201,217,177,178,264,6,267,278,175,182,178,162,10,266,158,185,188,189,189,196,198,190,190,156,172,182,182,182,191,190,191,182,182,182,156,151,161,181,173,176,177,181,182,181,171,171,182,188,188,174,191,175,177,178,179,5,165,7,179,173,246,181,159,162,161,159,157,181,181,208,174,360,161,165,174,173,172,172,183,184,159,159,158,66,147,179,174,178,181,156,178,65,281,185,216,216,156,156,155,155,154,278,279,165,196,158,160,158,160,159,161,160,158,158,276,161,176,300,150,149,149,160,167,168,171,161,159,134,134,134,164,163,300,212,177,156,156,179,179,112,222,205,205,165,54,55,162,158,152,193,190,191,158,159,186,180,167,167,172,175,175,182,166,166,163,162,189,168,171,171,172,172,173,171,175,178,0,137,140,140,140,184,184,183,291,183,180,174,274,177,178,178,182,193,194,187,193,165,172,170,173,168,166,168,168,168,167,167,166,162,165,12,193,193,194,188,196,188,156,215,212,215,217,168,166,171,172,179,178,169,168,172,170,169,204,166,176,161,167,118,182,168,168,216,137,202,187,153,178,174,179,96,162,152,205,160,174,175,172,251,154,162,179
128,119,185,420,123,135,135,135,134,135,145,147,147,145,148,147,148,151,125,239,153,118,117,130,130,129,128,120,4,5,4,4,152,138,140,254,129,159,159,141,160,136,161,133,149,260,127,146,144,151,151,154,269,157,157,157,121,159,153,155,139,88,175,232,149,144,144,170,161,174,162,160,360,157,155,360,167,167,264,264,264,193,120,203,148,166,147,168,168,212,140,141,360,135,256,268,142,149,131,127,128,251,125,123,160,160,160,163,165,157,157,120,135,120,120,120,156,159,160,147,147,147,120,115,125,146,138,156,142,146,147,146,136,136,147,154,153,139,156,140,142,132,133,134,131,138,144,156,300,120,123,130,131,132,133,152,152,174,113,239,133,147,139,133,137,137,148,156,123,123,123,124,111,149,151,142,145,120,117,122,360,150,213,213,125,125,123,123,122,227,227,147,163,152,152,152,152,152,153,152,153,152,224,134,141,420,114,113,114,124,150,151,147,130,131,191,191,191,129,128,420,179,142,120,120,155,156,47,161,172,172,148,119,120,126,134,116,158,155,156,134,134,151,134,137,138,149,146,146,121,131,131,133,132,154,148,144,144,144,146,146,135,113,117,137,0,3,3,3,146,144,144,233,145,146,138,224,147,148,147,152,156,157,150,156,129,137,135,139,134,135,133,133,133,131,131,130,126,128,118,154,154,154,148,153,149,123,175,204,175,177,129,127,135,133,152,153,125,124,129,134,134,164,122,134,117,123,44,139,150,151,176,188,159,144,266,139,137,150,146,118,108,166,116,148,146,148,211,110,118,160
131,122,188,420,126,138,138,138,138,138,148,150,151,148,151,150,151,154,128,238,156,121,120,133,134,132,131,123,3,3,3,2,155,141,143,257,133,162,162,144,163,139,164,136,152,263,130,150,147,154,154,158,272,160,160,160,124,162,156,158,142,91,178,235,152,147,147,173,164,178,165,163,360,160,158,360,170,170,267,267,267,196,123,206,151,169,150,171,171,212,143,144,360,138,260,271,145,152,134,130,132,254,128,126,163,163,163,166,168,160,160,123,138,123,123,123,159,163,163,150,150,151,123,118,128,149,141,159,146,149,150,149,139,139,151,157,156,143,159,143,145,135,136,137,134,141,147,159,300,123,126,133,134,135,136,155,155,177,116,237,136,150,142,136,140,140,151,159,126,126,126,127,115,152,154,146,148,123,120,126,360,153,213,213,128,128,126,126,125,230,230,150,166,155,155,156,155,155,156,155,156,156,227,137,144,420,117,117,117,127,153,154,150,134,134,194,194,194,132,131,420,182,145,123,123,158,159,50,164,175,175,151,122,123,129,138,119,161,158,159,137,137,154,137,140,141,152,149,149,124,134,134,136,135,157,151,147,147,148,149,149,138,116,120,140,3,0,160,160,149,146,147,236,148,148,141,226,149,150,150,155,159,159,152,159,132,140,138,141,136,137,136,136,136,134,134,133,129,131,121,157,157,157,151,156,151,125,178,206,178,180,132,130,138,136,155,156,128,127,132,137,137,167,125,137,120,126,46,142,153,153,179,190,162,146,269,141,139,152,149,121,110,168,119,150,148,151,214,113,121,163
131,122,188,420,126,138,138,138,138,138,148,150,151,148,151,150,151,154,128,238,156,121,120,133,134,132,131,123,3,3,3,2,155,141,143,257,133,162,162,144,163,139,164,136,152,263,130,150,147,154,154,158,272,160,160,160,124,162,156,158,142,91,178,235,152,147,147,173,164,178,165,163,360,160,158,360,170,170,267,267,267,196,123,206,151,169,150,171,171,212,143,144,360,138,260,271,145,152,134,130,132,254,128,126,163,163,163,166,168,160,160,123,138,123,123,123,159,163,163,150,150,151,123,118,128,149,141,159,146,149,150,149,139,139,151,157,156,143,159,143,145,135,136,137,134,141,147,159,300,123,126,133,134,135,136,155,155,177,116,237,136,150,142,136,140,140,151,159,126,126,126,127,115,152,154,146,148,123,120,126,360,153,213,213,128,128,126,126,125,230,230,150,166,155,155,156,155,155,156,155,156,156,227,137,144,420,117,117,117,127,153,154,150,134,134,194,194,194,132,131,420,182,145,123,123,158,159,50,164,175,175,151,122,123,129,138,119,161,158,159,137,137,154,137,140,141,152,149,149,124,134,134,136,135,157,151,147,147,148,149,149,138,116,120,140,3,160,0,163,149,146,147,236,148,148,141,226,149,150,150,155,159,159,152,159,132,140,138,141,136,137,136,136,136,134,134,133,129,131,121,157,157,157,151,156,151,125,178,206,178,180,132,130,138,136,155,156,128,127,132,137,137,167,125,137,120,126,46,142,153,153,179,190,162,146,269,141,139,152,149,121,110,168,119,150,148,151,214,113,121,163
131,122,188,420,126,138,138,138,138,138,148,150,151,148,151,150,151,154,128,238,156,121,120,133,134,132,131,123,3,3,3,2,155,141,143,257,133,162,162,144,163,139,164,136,152,263,130,150,147,154,154,158,272,160,160,160,124,162,156,158,142,91,178,235,152,147,147,173,164,178,165,163,360,160,158,360,170,170,267,267,267,196,123,206,151,169,150,171,171,212,143,144,360,138,260,271,145,152,134,130,132,254,128,126,163,163,163,166,168,160,160,123,138,123,123,123,159,163,163,150,150,151,123,118,128,149,141,159,146,149,150,149,139,139,151,157,156,143,159,143,145,135,136,137,134,141,147,159,300,123,126,133,134,135,136,155,155,177,116,237,136,150,142,136,140,140,151,159,126,126,126,127,115,152,154,146,148,123,120,126,360,153,213,213,128,128,126,126,125,230,230,150,166,155,155,156,155,155,156,155,156,156,227,137,144,420,117,117,117,127,153,154,150,134,134,194,194,194,132,131,420,182,145,123,123,158,159,50,164,175,175,151,122,123,129,138,119,161,158,159,137,137,154,137,140,141,152,149,149,124,134,134,136,135,157,151,147,147,148,149,149,138,116,120,140,3,160,163,0,149,146,147,236,148,148,141,226,149,150,150,155,159,159,152,159,132,140,138,141,136,137,136,136,136,134,134,133,129,131,121,157,157,157,151,156,151,125,178,206,178,180,132,130,138,136,155,156,128,127,132,137,137,167,125,137,120,126,46,142,153,153,179,190,162,146,269,141,139,152,149,121,110,168,119,150,148,151,214,113,121,163
19,30,65,480,28,14,15,15,16,16,11,7,7,5,8,6,7,11,23,295,15,129,37,22,22,25,25,175,149,149,148,149,13,12,9,114,18,19,19,5,19,11,20,15,9,128,122,9,12,20,19,14,127,17,17,17,167,18,13,27,18,131,35,100,18,13,13,30,48,34,22,20,197,16,15,198,220,220,122,122,122,52,74,63,11,25,11,27,27,360,21,20,420,181,115,126,5,7,34,20,178,111,24,72,18,18,18,23,24,15,17,31,24,75,74,74,16,19,19,7,7,7,35,35,23,9,10,14,7,5,7,5,14,14,7,13,13,11,16,10,8,34,34,184,17,182,4,16,420,74,30,18,18,19,20,8,8,34,82,295,19,17,18,25,10,10,8,12,27,28,28,118,44,5,10,15,13,35,79,119,420,10,360,360,24,24,26,26,27,106,106,14,22,20,20,21,21,21,21,20,21,21,104,17,7,480,38,38,38,25,12,13,8,18,21,71,71,71,20,21,480,39,13,35,35,12,13,107,110,32,32,17,129,129,26,19,35,18,15,15,19,18,10,31,10,9,9,1,1,73,18,17,17,17,14,12,5,5,4,4,3,20,79,78,184,146,149,149,149,0,2,2,110,2,2,9,94,8,7,7,11,12,12,5,12,18,12,12,10,14,16,14,14,14,16,16,17,21,20,166,9,9,10,4,13,4,26,35,360,35,37,17,18,12,13,12,13,22,23,19,13,14,24,28,13,34,27,98,7,18,18,36,67,20,10,300,8,10,9,87,33,41,25,29,11,10,12,71,35,33,19
17,30,65,480,25,14,14,15,16,16,11,7,7,5,7,6,7,11,23,293,15,129,35,19,20,22,23,175,146,146,146,146,13,12,9,114,17,19,19,2,19,9,20,14,8,128,122,9,12,20,20,14,128,17,17,17,167,18,13,25,15,131,35,100,18,13,13,29,48,34,22,20,197,16,15,198,220,220,123,123,123,52,72,63,11,25,11,27,27,360,18,17,420,181,115,127,2,7,32,18,178,111,23,69,18,18,19,23,24,15,17,29,22,72,72,72,16,19,19,7,7,7,32,32,20,6,8,14,5,5,7,5,12,12,7,13,13,9,16,8,5,32,31,184,15,182,3,16,420,72,28,18,18,19,20,8,8,34,79,293,19,17,15,22,7,8,8,13,25,25,25,119,41,6,10,12,11,32,77,119,420,10,360,360,24,24,26,26,27,105,106,14,22,21,20,21,21,21,21,20,21,21,103,17,5,480,36,35,35,23,12,13,8,18,21,71,71,71,18,19,480,39,10,32,32,12,13,105,108,32,31,18,129,129,23,19,33,17,15,15,19,18,10,29,10,9,9,2,2,71,15,15,17,17,14,12,5,5,4,4,3,18,77,75,184,144,146,146,146,2,0,1,110,1,2,9,94,8,7,7,11,12,13,6,12,18,12,12,10,14,16,14,14,14,16,16,17,21,20,166,10,10,10,5,13,5,26,35,360,35,37,17,18,12,13,12,13,20,20,16,13,13,24,26,11,32,25,96,4,18,19,36,67,19,7,300,7,10,9,88,30,39,25,27,11,10,12,71,33,30,20
18,29,64,480,26,14,14,14,16,16,10,7,8,5,8,7,8,11,22,293,14,128,36,20,20,23,23,174,147,147,146,147,12,11,8,114,17,18,18,3,19,10,19,14,9,127,121,8,11,19,19,15,127,16,16,16,166,19,14,25,16,130,35,100,17,12,12,30,48,35,23,21,196,17,16,197,219,219,122,122,122,53,72,64,10,26,10,28,28,360,19,18,420,180,114,126,3,8,32,19,177,111,23,70,18,19,19,23,25,16,18,29,22,73,72,72,16,20,20,7,7,8,33,33,21,7,8,13,6,6,7,6,12,12,7,14,13,9,16,9,6,32,32,183,16,181,4,15,420,73,28,17,18,18,19,8,8,35,80,294,18,17,16,23,8,8,9,13,26,26,26,118,42,6,9,13,11,33,78,118,420,10,360,360,23,23,25,25,26,106,106,14,23,20,19,20,20,20,20,19,20,20,104,16,5,480,36,36,36,24,12,12,7,17,20,70,70,70,18,20,480,39,11,33,33,11,12,106,109,32,32,17,128,128,24,18,34,18,16,16,18,17,11,29,9,8,8,1,2,71,15,16,16,17,14,11,4,4,3,3,3,19,78,76,183,144,147,147,147,2,1,0,111,1,2,9,94,7,6,7,11,13,13,6,12,17,11,12,9,13,15,13,13,13,15,15,16,20,19,165,10,10,11,5,14,5,25,36,360,36,38,16,18,11,12,11,12,21,21,17,12,13,25,27,12,32,26,97,5,17,18,37,66,20,8,300,7,9,8,87,31,40,26,28,11,9,11,72,34,31,19
121,135,175,600,126,121,121,121,123,123,121,104,104,106,105,104,105,99,127,248,125,239,134,120,120,121,123,281,236,236,235,236,122,121,119,158,122,122,122,109,120,115,120,118,101,218,232,119,122,130,129,100,168,120,120,120,274,93,97,86,110,237,84,200,128,123,123,89,158,96,100,101,237,100,100,238,300,300,163,163,164,101,117,78,121,94,121,93,93,420,106,106,540,288,160,166,110,104,113,122,285,155,127,114,103,103,103,95,93,100,101,130,111,116,117,117,96,102,102,106,106,106,131,136,124,106,114,116,109,105,103,105,113,113,103,102,101,113,95,112,110,112,111,291,120,291,107,118,480,118,127,123,125,126,128,107,107,98,124,248,125,127,109,114,114,114,105,107,127,127,128,228,140,106,120,103,101,131,121,229,540,101,420,420,129,129,131,131,132,3,3,124,97,130,130,131,131,131,131,130,131,131,10,124,110,600,137,137,137,126,122,123,118,125,127,181,181,181,121,122,600,101,108,131,131,115,114,192,79,93,92,127,238,239,124,127,134,99,98,97,127,126,104,109,119,119,119,111,111,119,119,119,123,124,100,122,115,115,114,113,113,117,123,119,291,233,236,236,236,110,110,111,0,108,109,115,15,114,113,114,114,104,104,104,105,122,118,118,116,119,121,119,119,119,120,120,121,123,122,270,104,104,104,103,96,103,129,93,420,95,97,120,121,117,116,118,118,119,119,115,118,118,95,121,114,127,120,181,108,124,125,91,174,96,108,420,111,115,115,194,126,135,95,127,118,116,119,81,132,126,119
18,29,64,480,27,13,13,13,15,15,9,8,8,6,9,8,8,12,22,294,14,127,36,20,21,23,24,173,148,148,147,148,11,10,8,115,17,17,17,4,18,10,19,13,10,127,120,8,10,18,18,15,126,15,15,15,166,19,14,26,16,130,36,99,16,11,11,31,47,35,23,21,196,17,16,197,219,219,121,121,121,53,73,64,10,27,10,28,29,360,20,19,420,179,114,125,3,8,33,19,176,112,22,71,18,19,19,24,25,16,18,30,23,73,73,73,17,20,20,8,8,8,34,33,22,7,9,13,6,7,8,6,13,13,8,14,14,10,17,9,7,33,32,183,16,180,5,14,420,73,29,16,17,18,18,9,9,35,80,294,17,16,16,23,9,9,9,13,26,26,27,117,42,6,9,14,12,34,78,118,420,11,360,360,22,22,25,25,25,107,107,13,24,19,19,20,19,19,20,19,20,20,105,16,6,480,37,37,37,24,11,11,7,17,19,70,70,70,19,20,480,40,11,34,34,11,11,106,109,33,33,16,127,128,25,17,34,18,16,16,17,17,12,30,9,8,7,1,1,72,16,16,16,16,15,11,4,4,3,2,2,19,78,77,183,145,148,148,148,2,1,1,108,0,1,8,95,6,6,6,10,13,14,7,13,17,10,11,9,12,15,13,13,13,15,15,15,19,19,165,11,11,11,6,15,6,25,36,360,36,38,15,17,11,11,10,12,22,22,18,12,12,25,27,12,33,26,98,5,17,17,37,66,21,9,300,7,9,8,86,32,40,27,28,10,8,11,72,34,32,18
19,28,62,480,27,13,13,13,13,14,8,9,9,7,10,9,9,13,22,294,12,126,37,22,22,24,25,172,148,148,148,148,10,9,6,113,17,16,16,5,17,11,17,13,11,126,119,6,9,17,17,16,125,14,14,14,164,20,15,27,17,128,37,98,15,10,10,32,46,36,24,22,194,18,17,195,217,217,120,120,120,54,73,65,8,27,8,29,29,360,21,20,420,178,112,124,4,9,33,20,174,110,22,71,17,17,18,25,26,17,18,31,23,74,73,73,18,19,19,9,9,9,35,33,22,8,9,11,7,8,9,8,14,14,9,16,15,10,18,10,7,33,33,180,16,179,6,13,420,74,29,16,17,16,17,8,8,36,81,295,16,15,17,24,9,9,10,12,26,26,27,116,41,7,7,15,13,35,78,116,420,12,360,360,22,22,24,25,25,108,108,12,25,18,17,18,18,18,18,17,18,18,106,14,7,480,37,37,37,24,10,10,5,16,18,68,68,68,19,21,480,41,12,35,35,10,10,107,110,34,34,15,126,126,25,16,34,19,17,18,16,15,13,30,9,8,6,1,1,72,16,15,15,15,16,9,2,2,2,1,1,20,79,77,180,146,148,148,148,2,2,2,109,1,0,7,96,5,5,5,9,13,13,7,13,15,9,10,7,11,13,12,12,12,13,14,14,18,18,163,12,12,13,7,16,7,24,37,360,37,39,15,17,10,11,9,11,22,22,18,11,11,26,29,12,34,28,98,6,16,16,39,65,22,10,300,7,9,7,85,33,41,28,29,9,7,10,73,35,33,17
12,22,58,480,21,6,6,6,7,7,7,15,16,14,16,15,16,19,15,288,15,121,30,14,14,17,18,165,141,141,140,141,13,2,1,120,10,21,21,11,22,8,22,6,17,125,114,8,5,13,13,23,132,19,19,19,158,27,22,34,13,121,44,97,11,5,5,38,41,43,31,29,201,25,24,202,210,210,127,127,127,61,67,72,9,34,9,36,36,360,16,17,420,173,119,131,9,16,27,13,168,117,15,65,24,24,24,32,33,24,25,24,17,67,67,67,25,26,26,15,15,16,27,27,15,15,7,18,11,14,15,14,10,10,16,22,21,9,24,9,11,27,26,174,9,175,12,18,360,67,23,9,10,10,10,15,15,43,74,288,9,10,13,17,6,7,17,19,20,20,20,111,35,14,13,17,19,27,72,112,420,18,360,360,15,15,18,18,18,114,114,9,31,14,13,14,14,14,14,13,14,14,112,7,10,480,30,30,30,18,12,12,9,10,11,64,64,64,13,14,480,48,14,27,27,16,17,100,103,41,40,10,121,122,20,9,28,27,24,24,9,9,19,24,3,3,11,8,8,66,9,9,8,8,22,10,5,5,6,6,7,13,72,71,174,138,141,141,141,9,9,9,115,8,7,0,103,9,10,10,15,20,21,14,20,9,3,4,2,5,7,6,6,6,7,7,8,12,12,157,20,20,20,15,23,15,18,44,300,45,46,9,11,4,5,14,16,17,17,12,5,5,34,22,5,27,21,92,9,13,13,46,61,29,14,300,4,3,12,81,26,34,35,22,10,8,11,80,29,26,23
105,118,159,600,110,104,104,104,106,106,104,88,88,89,89,87,88,83,110,246,109,222,117,103,104,105,107,265,226,226,226,226,106,105,102,141,105,106,106,93,104,99,104,102,85,202,215,103,105,113,113,84,156,104,104,104,258,77,81,70,93,221,67,184,111,106,106,73,142,79,83,85,225,83,84,226,300,300,151,151,152,85,107,62,105,77,105,77,77,420,90,90,480,272,144,154,94,87,97,106,268,138,111,105,87,87,87,79,77,84,84,113,95,106,107,107,79,86,86,89,89,89,115,120,108,89,97,100,92,88,87,89,97,97,87,85,85,96,79,96,93,95,94,275,103,274,91,102,480,109,110,107,108,110,111,91,91,81,114,246,109,111,93,98,98,98,88,91,111,111,111,212,123,90,103,87,84,115,111,213,540,85,420,420,112,112,115,115,115,14,14,108,80,114,114,114,114,114,115,114,115,114,12,108,93,540,120,121,121,110,106,106,101,108,111,165,165,165,104,105,540,85,92,115,115,98,98,183,70,76,76,111,222,223,108,110,118,82,81,81,111,110,88,93,102,103,102,95,95,109,102,103,107,107,84,105,99,99,98,97,97,101,114,110,274,224,226,226,226,94,94,94,15,95,96,103,0,99,98,99,99,89,89,89,89,107,103,103,101,104,106,104,104,104,105,105,106,108,107,254,89,89,89,88,81,88,114,78,420,80,82,104,106,101,100,103,103,104,104,100,103,103,80,106,99,112,105,173,93,109,110,75,158,81,93,420,96,100,100,179,111,120,80,112,103,101,103,65,117,111,104
22,31,58,480,30,15,15,16,15,15,3,14,15,12,15,14,15,18,24,297,9,122,40,23,24,26,27,169,149,149,149,150,6,11,10,113,19,12,12,10,13,15,13,16,16,122,115,1,4,12,12,22,124,10,10,10,161,26,21,32,23,125,40,94,10,6,6,35,41,39,27,25,194,22,22,195,214,214,119,119,119,58,76,68,3,31,3,33,33,360,26,25,420,173,112,123,10,14,36,22,172,110,24,74,20,21,21,28,30,22,22,34,26,77,76,76,23,22,22,14,14,14,38,36,24,14,15,9,12,13,14,13,18,18,14,20,20,16,23,16,13,36,36,177,18,175,11,9,360,76,32,19,18,17,18,13,13,39,84,297,17,10,23,27,14,14,16,16,29,29,30,111,44,11,4,20,18,38,81,112,420,17,360,360,24,24,26,27,27,113,113,7,28,13,12,13,13,13,13,12,14,13,111,15,12,480,40,39,39,27,4,5,1,19,19,64,64,64,22,23,480,44,18,38,38,10,10,108,113,37,37,10,121,122,29,17,37,25,23,23,17,16,18,33,12,12,2,7,7,75,18,18,16,16,21,4,8,7,7,6,6,23,81,80,177,147,149,149,149,8,8,7,114,6,5,9,99,0,1,1,6,17,18,11,17,17,9,11,8,12,14,13,13,13,15,15,15,19,19,161,17,17,18,12,21,12,25,41,360,41,43,18,20,12,14,5,6,26,26,21,13,12,30,31,14,38,30,100,12,12,12,42,61,28,15,300,12,12,3,81,37,44,31,31,4,2,5,77,37,37,13
22,32,59,480,31,16,16,16,15,15,4,14,14,12,14,13,14,18,25,298,8,122,40,24,25,27,28,170,150,150,149,150,5,11,11,112,20,11,11,9,12,15,13,16,15,121,115,2,5,13,12,21,124,9,9,9,162,25,20,32,22,126,39,93,11,6,7,34,42,39,27,24,193,22,21,194,215,215,118,118,118,57,77,68,3,30,3,32,32,360,25,24,420,174,111,123,9,13,37,23,172,109,25,75,19,20,20,27,29,21,21,35,27,77,77,77,23,21,22,13,14,14,39,37,25,13,15,8,12,12,14,12,19,19,14,20,20,16,23,15,12,37,36,178,19,176,10,8,360,77,33,19,19,18,18,12,12,39,84,298,18,11,22,28,14,14,15,15,30,30,30,112,45,11,3,19,18,39,82,113,420,16,360,360,24,24,27,28,28,112,113,7,27,13,13,14,13,13,14,13,14,14,110,16,11,480,40,40,40,28,5,6,2,20,20,65,65,65,23,24,480,43,17,39,39,9,9,109,113,36,36,11,122,123,30,18,38,24,22,22,18,17,17,34,13,13,1,6,6,76,19,19,17,17,20,5,7,7,6,5,5,23,82,81,178,148,150,150,150,7,7,6,113,6,5,10,98,1,0,1,5,16,17,10,16,17,10,12,9,13,15,14,14,14,15,16,16,20,20,162,17,16,17,11,21,12,26,40,360,40,42,19,21,13,15,4,6,27,27,22,14,13,29,32,15,39,30,100,11,11,11,41,61,27,14,300,12,13,2,82,38,45,30,32,4,3,5,76,37,38,13
22,31,58,480,31,16,16,16,15,15,3,14,14,12,15,14,15,18,24,298,8,122,40,24,24,26,27,169,150,150,149,150,5,11,10,112,20,11,11,10,12,16,13,16,16,121,115,1,4,12,12,21,124,10,10,10,162,26,20,32,23,126,40,93,10,6,6,35,42,39,27,25,193,22,22,194,215,215,119,119,119,57,76,68,3,30,3,32,32,360,26,25,420,174,111,123,10,14,36,23,172,109,25,74,20,20,21,28,29,21,21,34,26,77,77,77,23,22,22,14,14,14,38,36,25,14,15,8,12,13,14,13,19,19,14,20,20,16,23,15,12,36,36,178,19,175,11,9,360,77,32,19,18,18,18,12,12,39,84,298,17,11,23,27,14,15,15,16,29,29,30,112,45,11,3,20,18,38,82,112,420,17,360,360,24,24,27,27,27,113,113,7,28,13,13,14,13,13,14,13,14,14,111,16,12,480,40,40,40,27,5,5,1,19,19,64,64,64,23,24,480,44,18,38,38,9,10,108,113,37,37,11,122,122,29,17,38,25,22,23,17,17,18,34,12,12,2,6,7,75,19,18,16,16,21,4,7,7,7,6,5,23,82,80,178,147,150,150,150,7,7,7,114,6,5,10,99,1,1,0,5,17,17,11,17,17,10,11,8,13,14,13,13,13,15,15,16,20,20,161,17,17,17,12,21,12,25,40,360,41,42,18,20,13,14,5,6,26,27,22,13,13,29,32,15,38,30,100,12,12,12,42,61,27,15,300,12,12,3,81,37,44,31,32,4,2,5,76,37,37,13
27,37,63,480,36,21,21,21,20,20,9,18,18,16,19,18,18,22,30,300,10,126,45,29,29,32,33,175,155,155,154,155,9,16,15,107,25,8,8,14,9,19,9,21,20,118,119,7,10,16,16,18,119,6,6,6,166,26,24,36,26,131,35,90,14,11,12,30,46,34,22,20,188,17,17,189,220,220,114,114,114,52,82,63,9,25,9,27,27,360,30,29,420,178,106,118,14,18,42,28,177,104,30,80,15,15,16,23,24,16,16,40,32,82,82,82,27,17,17,18,18,18,44,42,30,17,19,3,16,17,18,17,23,23,18,17,19,20,27,19,16,42,41,182,24,179,15,5,420,82,38,24,24,23,23,16,16,34,89,300,23,16,27,32,18,18,19,14,35,35,35,116,50,15,2,24,22,44,87,116,420,21,360,360,29,29,32,32,33,114,114,12,23,17,16,17,16,16,17,16,17,17,112,21,16,480,45,45,45,33,9,10,7,25,25,68,68,68,28,29,480,39,22,44,44,4,5,114,118,32,32,16,126,126,35,23,43,20,21,21,23,22,20,39,18,17,5,10,10,81,24,24,22,22,18,10,11,11,11,9,9,28,87,86,182,152,155,155,155,11,11,11,114,10,9,15,99,6,5,5,0,15,15,14,15,22,15,17,13,18,19,18,18,18,20,20,21,25,25,166,17,17,16,15,25,16,30,35,360,35,37,24,25,18,20,3,5,31,32,27,18,18,24,37,20,43,35,105,15,14,14,36,65,31,18,300,16,17,4,85,42,49,25,37,9,8,10,71,42,42,9
29,41,74,480,37,26,26,26,26,26,20,13,13,12,14,12,13,12,35,300,23,138,47,32,32,34,35,184,159,159,158,159,21,22,19,104,29,20,20,15,18,21,18,26,15,126,131,18,21,28,28,7,118,18,18,18,176,16,14,34,28,141,26,98,27,21,22,21,57,26,13,11,188,9,7,189,230,230,113,113,113,44,84,55,20,17,20,19,19,360,31,30,420,189,106,117,14,7,44,30,186,101,35,81,6,7,7,14,16,7,8,41,34,84,84,84,17,8,9,14,14,14,45,44,32,18,20,14,17,13,12,14,24,24,12,6,7,21,17,20,18,44,43,193,28,191,13,16,420,84,40,29,30,29,30,4,4,26,91,300,29,26,28,34,20,20,13,1,37,37,38,127,53,6,17,25,23,45,89,128,420,15,360,360,35,35,37,37,38,104,104,23,14,29,29,30,29,30,30,29,30,30,102,27,17,480,48,48,48,35,21,22,17,29,31,80,80,80,30,31,480,30,23,45,45,12,12,117,120,23,23,26,137,138,36,29,45,10,11,11,29,28,7,41,21,21,18,13,13,83,27,27,28,28,6,21,15,15,14,13,13,30,89,88,193,156,159,159,159,12,12,13,104,13,13,20,89,17,16,17,15,0,1,6,1,27,21,22,19,23,26,24,24,24,25,26,26,30,30,174,2,2,2,7,14,7,36,26,360,26,28,27,29,22,23,18,19,32,32,28,23,23,15,38,22,44,37,108,16,26,27,27,75,21,19,300,19,21,17,96,42,50,16,38,20,18,21,62,45,42,20
30,42,75,480,38,26,26,26,27,27,20,13,13,12,14,13,14,13,35,300,22,138,48,32,33,35,36,185,159,159,159,159,22,22,20,103,30,19,19,15,18,22,17,26,16,126,131,19,21,29,29,6,118,18,18,18,177,15,15,35,28,141,26,98,27,22,22,21,58,25,13,11,187,8,6,188,230,230,113,113,113,43,84,54,20,16,20,18,18,360,31,30,420,190,105,117,15,8,44,31,187,100,35,82,6,6,7,14,15,7,7,41,35,85,84,84,18,8,8,15,15,15,45,45,33,19,21,13,18,14,12,14,25,25,13,5,7,22,17,21,18,44,44,194,28,191,13,15,420,85,41,29,30,30,30,4,4,25,92,300,29,27,28,35,20,20,14,1,38,38,38,128,54,7,17,25,24,45,90,128,420,16,360,360,35,35,38,38,38,103,103,24,14,30,29,30,30,30,30,30,31,30,101,28,18,480,49,48,48,36,22,22,17,30,31,80,80,80,31,32,480,30,23,45,45,12,11,118,121,23,23,27,138,138,36,29,46,9,11,10,29,29,7,42,22,21,18,13,13,84,28,28,28,28,6,21,16,15,15,14,14,31,90,88,194,157,159,159,159,12,13,13,104,14,13,21,89,18,17,17,15,1,0,6,1,28,21,22,20,24,26,24,24,24,26,26,27,31,31,175,3,3,3,8,14,8,36,25,360,25,27,28,30,23,24,18,18,32,33,29,24,24,14,38,23,44,37,108,17,27,27,27,76,22,20,300,20,22,18,96,43,51,16,39,20,19,21,61,45,43,19
23,35,68,480,31,20,20,20,20,20,14,9,10,8,10,9,10,9,28,299,18,132,41,25,26,28,29,178,152,152,152,153,15,15,13,110,23,22,21,9,22,15,21,20,12,130,125,12,15,22,22,12,122,19,19,19,170,16,11,31,21,135,32,102,21,15,16,26,51,31,19,17,191,13,12,192,224,224,117,117,117,49,78,60,14,22,14,24,24,360,24,24,420,183,109,121,8,4,38,24,180,107,29,75,12,13,13,20,21,12,14,35,28,78,78,78,14,14,15,10,10,10,38,38,26,12,14,17,11,8,8,8,18,18,9,10,11,15,14,14,12,38,37,187,22,185,7,19,420,78,34,23,23,23,24,2,2,31,85,299,22,20,21,28,14,14,10,7,31,31,32,121,47,1,13,19,17,38,83,122,420,12,360,360,29,29,31,31,32,103,104,17,19,23,23,24,23,24,24,23,24,24,101,21,11,480,42,41,42,29,15,16,11,23,24,74,74,74,24,25,480,35,16,38,38,15,15,111,114,29,28,20,131,132,30,22,39,15,13,13,23,22,7,35,15,15,12,7,6,77,21,21,21,22,11,15,9,9,8,7,7,24,83,82,187,150,152,152,152,5,6,6,104,7,7,14,89,11,10,11,14,6,6,0,6,22,15,16,14,17,19,18,18,18,19,20,20,24,24,168,6,6,7,2,11,2,30,31,360,32,33,22,23,16,18,14,15,26,26,22,18,17,20,32,16,37,31,102,10,21,21,33,70,18,13,300,13,15,12,90,36,45,22,33,14,12,15,67,39,36,22
29,41,74,480,37,26,26,26,26,26,19,13,13,12,13,12,13,12,34,300,22,138,47,32,32,34,35,184,159,159,158,159,21,21,19,103,29,19,19,15,18,21,17,26,15,126,130,18,21,28,28,7,118,17,17,17,176,16,14,34,27,140,26,98,26,21,22,20,57,25,13,11,187,8,7,188,230,230,113,113,112,43,84,54,20,16,20,18,18,360,31,30,420,189,105,117,14,7,44,30,186,100,35,81,6,6,6,14,15,7,7,41,34,84,84,84,17,8,8,14,14,14,45,44,32,18,20,13,17,13,12,14,24,24,12,6,8,21,17,20,18,44,43,193,28,191,13,15,420,84,40,29,29,29,30,4,4,25,91,300,28,26,27,34,20,20,13,1,37,37,38,127,53,6,17,25,23,45,89,128,420,15,360,360,35,35,37,37,38,104,104,23,14,29,29,30,29,30,30,29,30,30,102,27,17,480,48,48,48,35,21,22,17,29,30,80,80,80,30,31,480,29,22,45,45,12,11,117,120,23,22,26,137,138,36,28,45,10,11,11,29,28,7,41,21,21,17,13,13,83,27,27,27,28,7,21,15,15,14,13,13,30,89,88,193,156,159,159,159,12,12,12,105,13,13,20,89,17,16,17,15,1,1,6,0,27,21,22,19,23,26,24,24,24,25,25,26,30,30,174,2,2,2,7,14,7,36,25,360,25,27,27,29,22,23,18,18,32,32,28,23,23,14,38,22,43,37,108,16,26,27,26,75,21,19,300,19,21,17,96,42,50,15,38,20,18,20,61,45,42,19
7,13,66,480,14,6,6,6,4,4,14,24,24,22,25,24,25,28,7,288,23,115,22,9,9,12,12,155,132,132,131,132,21,7,10,129,6,28,28,19,29,14,30,8,26,132,110,16,13,20,20,32,140,26,26,26,148,36,30,39,17,112,53,105,19,13,13,47,49,52,40,38,210,34,32,211,201,201,135,135,135,70,67,81,17,43,17,45,45,300,20,21,420,162,128,139,17,25,27,6,159,126,8,64,33,33,33,41,42,33,34,17,16,67,67,67,33,35,35,24,24,24,21,18,9,24,16,25,20,23,24,23,14,14,24,31,30,17,33,17,20,27,26,165,8,165,21,26,360,67,15,4,2,1,3,24,24,52,74,288,2,16,17,17,15,15,26,28,12,12,13,107,27,23,20,21,24,21,72,106,420,27,300,300,7,7,10,10,10,121,122,17,40,21,21,22,21,22,22,21,22,22,119,3,19,480,22,22,22,10,19,20,16,3,1,71,71,71,8,7,480,56,20,21,21,25,25,90,103,50,49,17,115,115,12,4,20,35,32,33,3,3,28,24,9,9,19,17,17,66,8,8,4,3,31,17,13,14,14,15,15,14,72,71,165,129,132,132,132,18,18,17,122,17,15,9,107,17,17,17,22,27,28,22,27,0,8,6,10,5,6,4,4,4,2,2,1,3,3,149,29,29,29,24,32,24,8,54,300,54,56,4,5,7,8,23,24,11,11,9,6,5,43,16,11,21,15,83,18,21,22,55,69,38,23,300,13,10,20,89,20,27,45,16,19,17,19,90,20,20,31
14,21,58,480,21,6,6,6,5,5,7,18,18,16,19,18,18,22,14,290,15,122,30,16,16,19,19,163,140,140,139,140,13,1,3,121,11,21,21,13,22,10,23,8,20,125,115,8,5,13,13,25,133,19,19,19,155,29,24,36,15,119,45,97,11,6,6,40,41,45,32,30,202,27,26,203,209,209,128,128,128,63,69,73,9,36,9,38,38,360,18,19,420,169,120,132,11,18,29,13,165,118,15,67,25,26,26,33,35,27,27,24,19,70,69,69,27,27,28,18,18,18,28,26,16,17,9,18,14,17,18,17,13,13,18,25,24,11,27,11,14,29,29,172,10,172,15,18,360,70,22,10,8,8,8,17,17,44,77,290,7,10,15,20,9,9,19,21,19,19,20,111,35,16,13,20,22,28,74,112,420,21,360,360,14,14,17,17,17,117,117,9,33,14,13,14,14,14,14,14,15,14,115,6,13,480,30,30,30,17,12,12,9,10,9,64,64,64,14,14,480,49,16,28,28,17,18,98,106,42,42,10,121,122,19,7,28,29,26,27,7,7,22,26,5,5,11,11,11,68,10,10,6,6,25,10,7,7,8,9,9,16,74,73,172,137,140,140,140,12,12,11,118,10,9,3,103,9,10,10,15,21,21,15,21,8,0,2,2,3,5,4,4,4,5,5,6,10,10,155,22,22,22,17,25,17,16,46,300,46,48,10,11,5,7,15,16,17,17,14,3,3,35,22,8,29,21,90,11,13,14,48,61,31,16,300,7,5,12,81,27,34,37,22,11,9,11,82,27,27,23
12,19,60,480,19,4,4,4,3,3,9,19,19,17,20,18,19,23,12,288,17,120,28,14,14,17,17,161,138,138,137,138,15,2,4,123,9,23,23,14,24,9,24,6,21,127,116,10,7,15,15,26,135,21,21,21,153,30,25,37,14,117,47,99,13,7,8,42,43,46,34,32,204,28,27,205,207,207,130,130,130,65,67,75,11,38,11,40,40,360,17,18,420,167,122,134,12,19,27,11,163,120,12,65,27,28,28,35,37,27,29,22,17,68,67,67,28,29,29,19,19,19,26,24,14,18,10,20,14,17,19,17,11,11,19,26,25,12,28,12,14,27,27,170,8,170,16,20,360,68,20,8,6,6,6,18,18,46,75,288,5,12,14,18,10,10,20,23,17,17,18,112,32,17,15,18,21,26,72,111,420,22,360,360,12,12,15,15,15,118,118,11,34,16,15,16,16,16,16,15,17,16,115,4,13,480,28,28,28,15,14,14,11,8,7,66,66,66,12,12,480,51,17,26,26,19,20,96,104,44,44,12,120,120,17,5,26,30,27,27,5,5,22,24,4,4,13,11,12,66,8,8,4,4,26,12,8,8,9,10,10,14,72,71,170,135,138,138,138,12,12,12,118,11,10,4,103,11,12,11,17,22,22,16,22,6,2,0,4,1,3,2,2,2,3,4,4,8,8,153,23,23,23,18,26,18,14,48,300,48,50,8,9,3,5,17,18,16,15,12,2,1,37,20,8,27,19,89,12,15,16,49,63,32,17,300,7,5,15,83,26,33,39,20,13,11,13,84,25,26,25
14,23,57,480,22,7,7,8,7,7,6,16,17,15,17,16,17,21,16,290,14,120,32,17,17,19,20,164,141,141,141,141,12,3,3,120,11,20,19,12,21,9,21,8,18,124,113,7,4,12,12,24,132,18,18,18,156,28,23,35,15,120,44,96,10,4,4,39,40,43,31,29,201,26,25,202,209,209,126,126,126,61,69,72,8,34,8,36,36,360,18,19,420,170,119,131,10,17,29,14,166,117,16,67,24,24,25,32,33,25,25,26,19,70,69,69,26,26,26,16,17,17,30,28,16,16,8,17,12,15,16,15,12,12,17,23,22,10,25,10,12,29,28,173,10,173,13,17,360,69,24,11,10,9,10,16,16,43,77,290,9,9,15,20,7,8,18,19,21,21,21,110,36,15,11,18,20,30,74,111,420,19,360,360,15,15,18,19,19,115,115,8,32,13,12,13,13,13,13,12,13,13,113,7,11,480,32,31,31,19,11,11,8,11,11,63,63,63,15,15,480,48,15,30,30,16,16,100,106,41,41,9,120,121,20,9,29,28,25,25,9,8,20,26,5,5,10,9,10,68,10,10,8,8,23,9,5,6,7,7,7,16,74,73,173,139,141,141,141,10,10,9,116,9,7,2,101,8,9,8,13,19,20,14,19,10,2,4,0,5,7,5,5,5,7,7,8,12,12,156,20,20,21,15,24,15,17,45,300,45,47,10,12,4,6,13,14,18,19,15,5,4,34,23,7,30,23,92,10,12,12,46,59,30,15,300,5,5,11,80,29,36,35,23,9,7,10,81,29,29,21
11,18,61,480,18,4,4,4,2,2,10,20,20,18,21,20,20,24,11,288,18,119,27,14,14,16,17,160,136,136,136,136,17,3,5,125,8,24,24,15,25,10,26,5,22,128,114,12,9,16,16,27,136,22,22,22,152,31,26,35,13,116,48,100,14,9,9,43,44,48,35,33,206,30,28,207,205,205,131,131,131,66,67,76,13,39,12,41,41,360,17,17,420,166,124,135,13,20,27,11,162,121,12,64,28,29,29,36,38,29,30,22,16,67,67,67,29,30,31,20,20,20,25,23,13,19,11,21,16,19,20,19,11,11,20,27,26,13,29,13,16,27,26,168,7,168,17,21,360,67,20,7,6,4,5,20,20,48,74,288,4,12,13,17,11,11,21,24,17,17,17,111,31,19,16,18,20,25,72,110,420,23,360,360,11,11,14,14,15,118,118,12,36,17,17,18,17,17,18,17,18,18,116,2,15,480,27,26,26,15,15,16,12,8,6,67,67,67,11,12,480,52,17,25,25,20,21,95,103,45,45,13,119,119,16,4,24,31,28,29,4,3,24,24,5,5,14,13,13,66,7,7,3,4,27,13,9,9,10,11,11,13,72,71,168,134,136,136,136,14,14,13,119,12,11,5,104,12,13,13,18,23,24,17,23,5,3,1,5,0,3,1,1,1,2,2,3,7,7,152,24,24,25,19,28,19,13,49,300,50,51,7,9,2,4,18,19,15,15,12,1,1,38,19,7,26,19,87,14,17,17,51,64,34,19,300,9,6,16,85,24,31,40,20,14,12,15,85,24,24,26
12,19,62,480,19,6,6,6,3,3,12,22,22,20,23,22,23,26,13,290,20,117,27,15,15,17,18,158,137,137,137,137,18,5,7,126,10,25,25,17,27,12,27,7,24,129,112,13,10,17,17,30,138,24,24,24,150,34,28,38,16,114,50,102,16,10,10,45,45,49,37,35,207,32,30,208,204,204,133,133,133,68,68,78,14,41,14,43,43,360,19,20,420,164,125,137,15,22,28,12,160,123,13,66,30,31,31,38,40,31,32,23,18,69,69,69,31,32,32,22,22,22,26,24,15,22,14,23,18,21,22,21,13,13,22,29,28,15,31,15,18,28,28,166,9,166,19,23,360,69,21,8,7,6,3,22,22,49,76,290,5,11,16,19,13,13,23,26,18,18,19,109,32,21,18,20,23,26,74,107,420,25,360,360,13,13,15,16,16,120,120,14,38,18,18,19,18,19,19,18,19,19,118,4,17,480,27,27,27,16,16,17,14,9,7,68,68,68,13,13,480,54,19,26,26,22,23,96,105,47,47,11,117,117,18,2,25,33,30,31,3,2,26,26,7,7,16,15,15,67,9,8,5,5,29,15,11,12,12,13,13,15,74,72,166,135,137,137,137,16,16,15,121,15,13,7,106,14,15,14,19,26,26,19,26,6,5,3,7,3,0,3,3,3,4,4,4,8,8,150,27,27,27,21,30,22,14,52,300,52,54,9,10,5,7,20,21,17,16,13,4,3,41,21,10,27,20,88,16,18,18,53,65,36,21,300,11,8,18,86,25,32,42,21,16,14,16,88,25,25,28
10,17,62,480,17,4,4,4,1,1,11,21,21,19,21,20,21,25,11,287,19,118,26,13,13,16,16,159,136,136,135,136,17,4,6,125,7,25,25,16,26,10,26,6,22,129,114,12,9,17,17,28,137,23,23,23,151,32,27,36,14,115,49,101,15,9,10,44,45,48,36,34,206,30,29,207,205,205,132,132,132,66,66,77,13,40,13,41,42,300,17,18,420,165,124,136,14,21,26,10,161,122,11,64,29,29,30,37,39,29,30,21,16,67,66,66,30,31,31,20,21,21,24,22,13,20,12,22,16,19,21,19,11,11,21,27,27,14,29,14,16,26,26,168,6,168,18,22,360,67,19,7,5,4,4,20,20,48,74,288,3,13,14,17,11,12,22,24,16,16,16,110,30,19,17,18,21,24,71,109,420,23,360,360,11,11,13,14,14,119,119,13,36,18,17,18,18,18,18,17,18,18,116,2,15,480,26,26,26,14,16,16,13,7,5,68,68,68,11,11,480,53,17,24,24,21,22,94,103,46,46,13,118,118,16,3,24,32,29,29,3,3,24,23,6,6,15,13,13,65,7,6,3,3,27,14,10,10,11,11,12,13,71,70,168,133,136,136,136,14,14,13,119,13,12,6,104,13,14,13,18,24,24,18,24,4,4,2,5,1,3,0,28,28,2,2,2,6,6,151,25,25,25,20,28,20,12,50,300,50,52,7,8,3,5,19,20,15,14,11,2,1,39,19,8,25,18,87,14,17,18,51,65,34,19,300,9,6,17,85,24,31,41,19,15,13,15,86,24,24,27
10,17,62,480,17,4,4,4,1,1,11,21,21,19,21,20,21,25,11,287,19,118,26,13,13,16,16,159,136,136,135,136,17,4,6,125,7,25,25,16,26,10,26,6,22,129,114,12,9,17,17,28,137,23,23,23,151,32,27,36,14,115,49,101,15,9,10,44,45,48,36,34,206,30,29,207,205,205,132,132,132,66,66,77,13,40,13,41,42,300,17,18,420,165,124,136,14,21,26,10,161,122,11,64,29,29,30,37,39,29,30,21,16,67,66,66,30,31,31,20,21,21,24,22,13,20,12,22,16,19,21,19,11,11,21,27,27,14,29,14,16,26,26,168,6,168,18,22,360,67,19,7,5,4,4,20,20,48,74,288,3,13,14,17,11,12,22,24,16,16,16,110,30,19,17,18,21,24,71,109,420,23,360,360,11,11,13,14,14,119,119,13,36,18,17,18,18,18,18,17,18,18,116,2,15,480,26,26,26,14,16,16,13,7,5,68,68,68,11,11,480,53,17,24,24,21,22,94,103,46,46,13,118,118,16,3,24,32,29,29,3,3,24,23,6,6,15,13,13,65,7,6,3,3,27,14,10,10,11,11,12,13,71,70,168,133,136,136,136,14,14,13,119,13,12,6,104,13,14,13,18,24,24,18,24,4,4,2,5,1,3,28,0,27,2,2,2,6,6,151,25,25,25,20,28,20,12,50,300,50,52,7,8,3,5,19,20,15,14,11,2,1,39,19,8,25,18,87,14,17,18,51,65,34,19,300,9,6,17,85,24,31,41,19,15,13,15,86,24,24,27
10,17,62,480,17,4,4,4,1,1,11,21,21,19,21,20,21,25,11,287,19,118,26,13,13,16,16,159,136,136,135,136,17,4,6,125,7,25,25,16,26,10,26,6,22,129,114,12,9,17,17,28,137,23,23,23,151,32,27,36,14,115,49,101,15,9,10,44,45,48,36,34,206,30,29,207,205,205,132,132,132,66,66,77,13,40,13,41,42,300,17,18,420,165,124,136,14,21,26,10,161,122,11,64,29,29,30,37,39,29,30,21,16,67,66,66,30,31,31,20,21,21,24,22,13,20,12,22,16,19,21,19,11,11,21,27,27,14,29,14,16,26,26,168,6,168,18,22,360,67,19,7,5,4,4,20,20,48,74,288,3,13,14,17,11,12,22,24,16,16,16,110,30,19,17,18,21,24,71,109,420,23,360,360,11,11,13,14,14,119,119,13,36,18,17,18,18,18,18,17,18,18,116,2,15,480,26,26,26,14,16,16,13,7,5,68,68,68,11,11,480,53,17,24,24,21,22,94,103,46,46,13,118,118,16,3,24,32,29,29,3,3,24,23,6,6,15,13,13,65,7,6,3,3,27,14,10,10,11,11,12,13,71,70,168,133,136,136,136,14,14,13,119,13,12,6,104,13,14,13,18,24,24,18,24,4,4,2,5,1,3,28,27,0,2,2,2,6,6,151,25,25,25,20,28,20,12,50,300,50,52,7,8,3,5,19,20,15,14,11,2,1,39,19,8,25,18,87,14,17,18,51,65,34,19,300,9,6,17,85,24,31,41,19,15,13,15,86,24,24,27
9,15,63,480,16,4,4,3,2,2,12,22,22,20,23,22,23,26,9,287,21,117,24,11,11,14,15,158,134,134,133,134,19,5,7,127,7,26,26,17,27,12,28,6,24,130,112,14,11,18,18,29,138,24,24,24,151,34,28,37,15,114,51,102,17,11,11,45,47,50,38,36,208,32,30,209,203,203,133,133,133,68,66,79,15,41,15,43,43,300,18,19,420,165,126,137,15,22,26,9,161,124,10,63,30,31,31,38,40,31,32,19,15,66,66,66,31,33,33,22,22,22,23,21,11,22,14,23,18,21,22,21,12,12,22,29,28,15,31,15,18,26,25,167,6,167,19,24,360,66,17,5,3,2,3,22,22,50,73,287,1,14,15,16,13,13,23,26,14,14,15,109,29,21,18,19,22,23,71,108,420,25,300,300,9,9,12,12,12,119,119,15,38,19,19,20,19,20,20,19,20,20,117,1,17,480,24,24,24,13,17,18,14,5,3,69,69,69,10,10,480,54,18,23,23,23,23,93,102,47,47,15,117,117,14,2,22,33,30,31,2,1,26,23,7,7,17,15,15,65,6,6,2,2,29,15,11,11,12,13,13,12,71,69,167,131,134,134,134,16,16,15,120,15,13,7,105,15,15,15,20,25,26,19,25,2,5,3,7,2,4,2,2,2,0,1,1,5,5,151,27,27,27,21,30,22,10,52,300,52,54,5,7,5,5,21,22,13,13,11,4,3,41,17,9,23,17,85,16,19,19,53,67,36,21,300,11,8,18,87,22,29,42,18,16,14,17,88,22,22,29
9,15,64,480,15,4,4,4,2,2,13,22,22,20,23,22,23,26,9,287,21,117,24,11,11,14,14,157,134,134,133,134,19,5,8,127,7,26,26,17,27,12,28,6,24,131,112,14,11,19,18,30,139,25,25,25,150,34,29,37,15,114,51,103,17,11,11,45,47,50,38,36,208,32,31,209,203,203,133,133,133,68,66,79,15,41,15,43,43,300,18,19,420,164,126,138,16,23,26,9,161,124,9,63,31,31,31,39,40,31,32,19,15,66,66,66,31,33,33,22,22,22,23,21,11,22,14,23,18,21,22,21,12,12,22,29,28,15,31,16,18,26,25,167,6,166,19,24,360,66,17,5,3,2,2,22,22,50,73,287,1,14,15,16,13,13,24,26,14,14,15,109,29,21,18,19,22,23,71,107,420,25,300,300,9,9,12,12,12,120,120,15,38,19,19,20,20,20,20,19,20,20,117,1,17,480,24,24,24,12,18,18,15,5,3,69,69,69,10,9,480,55,18,23,23,23,23,92,102,48,47,15,117,117,14,2,22,33,31,31,1,1,26,23,7,7,17,15,15,65,6,6,2,2,29,15,11,12,13,13,13,12,71,70,167,131,134,134,134,16,16,15,120,15,14,7,105,15,16,15,20,26,26,20,25,2,5,4,7,2,4,2,2,2,1,0,1,5,5,151,27,27,27,22,30,22,10,52,300,52,54,5,7,5,5,21,22,13,12,11,4,3,41,17,9,23,16,85,16,19,20,53,67,36,21,300,11,8,18,87,22,29,43,18,17,15,17,88,22,22,29
8,15,64,480,15,4,4,4,3,3,13,23,23,21,24,23,23,27,8,288,21,116,23,10,11,13,14,157,133,133,132,133,20,6,8,128,8,27,27,18,28,13,29,7,25,131,112,14,12,19,19,30,139,25,25,25,150,34,29,38,16,113,51,103,17,12,12,46,47,51,38,36,209,33,31,210,202,202,134,134,134,69,66,79,16,42,15,44,44,300,19,20,420,164,127,138,16,23,26,8,160,124,9,64,31,32,32,39,41,32,33,18,16,67,67,67,32,33,34,23,23,23,22,20,10,22,14,24,19,22,23,21,13,13,23,30,29,16,32,16,18,26,26,166,7,166,20,24,360,67,16,4,2,1,3,23,23,51,74,288,1,15,16,17,14,14,24,27,14,14,14,109,28,22,19,20,23,22,72,107,420,26,300,300,8,8,11,11,12,120,120,15,39,20,20,21,20,20,21,20,21,21,118,2,18,480,23,23,23,12,18,19,15,5,3,70,70,70,9,9,480,55,19,22,22,23,24,92,103,48,48,16,116,117,13,2,21,34,31,32,2,2,27,24,8,8,17,16,16,65,7,6,2,2,30,16,12,12,13,14,14,13,72,70,166,130,133,133,133,17,17,16,121,15,14,8,106,15,16,16,21,26,27,20,26,1,6,4,8,3,4,2,2,2,1,1,0,4,4,150,28,28,28,22,31,22,10,53,300,53,55,4,6,6,6,22,23,12,12,11,5,4,42,17,10,23,16,84,17,20,20,54,68,37,22,300,12,9,19,88,21,28,43,17,17,15,18,89,21,21,30
7,10,68,480,11,9,9,8,7,7,17,26,26,24,27,26,27,30,5,288,25,112,19,9,10,10,10,152,129,129,128,129,24,10,12,132,7,31,31,20,32,15,33,11,28,135,107,19,16,23,23,33,143,29,29,29,145,38,32,40,18,108,54,107,21,16,16,49,48,53,41,39,213,36,34,214,198,198,138,138,138,72,67,82,20,45,20,47,47,300,21,22,420,159,131,142,20,27,27,6,156,129,5,65,35,36,36,42,44,36,37,14,16,67,67,67,35,38,38,26,26,26,17,15,7,25,17,28,21,25,26,25,15,15,26,33,32,18,35,19,21,27,26,162,9,162,23,29,360,67,13,6,5,4,5,27,27,53,74,288,5,19,18,17,16,16,27,31,10,10,10,104,23,26,23,22,25,17,72,103,420,29,300,300,5,5,8,8,8,123,123,19,42,24,24,25,24,24,25,24,25,25,120,6,20,420,19,19,19,8,22,23,19,5,3,74,74,74,8,7,480,58,21,17,17,28,28,87,103,51,51,19,112,112,10,7,17,37,34,35,6,6,30,24,12,12,21,20,20,66,10,10,7,6,33,20,16,16,17,18,18,15,72,71,162,126,129,129,129,21,21,20,123,19,18,12,108,19,20,20,25,30,31,24,30,3,10,8,12,7,8,6,6,6,5,5,4,0,3,146,32,32,32,27,34,27,5,56,300,56,58,6,4,10,10,26,27,9,9,10,9,8,45,13,14,18,13,80,20,24,25,57,72,40,25,298,16,14,23,92,17,24,47,13,22,20,22,92,17,17,34
6,11,68,480,11,7,7,7,6,6,17,25,25,23,26,24,25,29,5,287,25,115,20,8,8,10,10,155,131,131,130,131,24,10,12,132,6,31,31,19,32,14,33,9,26,135,110,18,16,23,23,32,143,29,29,29,148,36,31,39,17,111,53,107,21,16,16,48,51,52,40,38,213,34,33,214,200,200,138,138,138,70,66,81,20,43,19,45,45,300,20,21,420,162,131,142,19,26,26,6,159,128,5,63,35,36,36,41,42,35,35,15,15,66,66,66,34,37,38,25,25,25,19,17,6,24,15,28,20,24,25,24,14,14,25,31,31,17,34,17,20,26,25,165,8,165,21,28,360,66,13,4,3,4,5,27,27,52,73,287,4,19,17,16,15,15,26,31,10,10,10,107,25,25,23,21,24,19,71,106,420,27,300,300,4,4,7,8,8,121,121,19,40,24,24,25,24,24,25,24,25,25,119,5,19,480,21,20,20,8,22,23,19,2,2,74,74,74,7,6,480,57,20,19,19,27,28,89,102,50,50,19,115,115,9,6,18,35,33,33,6,6,28,23,10,11,21,19,19,65,8,8,4,4,32,20,16,16,17,18,18,13,71,70,165,128,131,131,131,20,20,19,122,19,18,12,107,19,20,20,25,30,31,24,30,3,10,8,12,7,8,6,6,6,5,5,4,3,0,149,31,31,31,26,33,26,8,54,300,55,56,3,2,9,8,26,27,9,8,8,7,7,43,13,12,19,12,82,18,24,24,56,72,39,23,300,14,11,23,92,18,25,45,13,22,19,22,90,19,18,34
153,142,121,360,149,154,154,153,151,151,159,172,173,170,173,172,173,176,148,360,160,47,143,156,156,155,154,38,121,121,120,121,162,155,157,262,153,166,166,166,169,161,169,157,174,196,59,160,157,154,153,180,273,168,168,168,9,184,179,186,164,54,199,168,156,157,157,193,134,198,186,184,360,181,180,360,50,50,267,267,267,216,172,227,161,189,161,191,191,215,167,168,268,12,260,272,165,172,168,152,5,260,148,174,179,179,179,187,188,180,180,146,163,172,172,172,181,181,181,172,172,173,146,141,151,171,163,170,168,171,172,171,161,161,173,179,178,165,181,165,167,169,170,10,155,15,169,168,249,171,149,152,151,149,148,171,171,198,164,360,151,156,164,164,162,162,173,174,150,150,149,60,138,170,165,168,171,146,168,59,284,175,214,214,146,146,145,145,145,269,269,159,186,152,154,152,154,153,155,154,153,152,267,151,166,300,140,140,140,150,162,162,161,151,149,127,127,127,154,153,360,202,168,146,146,169,170,102,212,196,195,156,48,48,152,149,143,183,181,181,148,149,176,170,157,157,163,165,165,172,156,156,153,152,179,162,161,161,162,163,163,161,165,168,12,118,121,121,121,166,166,165,270,165,163,157,254,161,162,161,166,174,175,168,174,149,155,153,156,152,150,151,151,151,151,151,150,146,149,0,183,183,184,178,187,178,147,207,210,207,209,158,156,162,163,173,172,159,159,162,160,160,196,157,167,152,158,107,173,162,162,208,131,193,177,157,168,165,171,90,153,142,197,151,168,168,166,243,145,153,173
27,39,74,480,35,24,24,24,26,26,20,10,11,9,11,10,11,10,33,300,24,138,45,29,30,32,33,185,156,157,156,157,22,21,19,106,28,21,21,13,20,19,19,24,13,128,131,18,21,29,29,7,120,19,19,19,176,15,12,32,25,141,27,100,27,22,22,21,57,26,14,12,189,8,6,190,230,230,115,115,114,44,82,55,20,17,20,19,19,360,28,28,420,190,107,119,12,5,41,28,187,103,33,79,9,9,9,15,16,7,9,39,32,82,82,82,15,11,11,12,12,12,43,42,30,16,18,15,15,11,9,11,22,22,10,6,7,19,15,18,16,41,41,193,25,191,11,17,420,82,38,27,28,29,29,4,4,26,89,300,28,26,25,32,17,18,11,3,35,35,35,128,51,5,19,23,21,43,87,128,420,13,360,360,33,33,36,36,36,103,103,23,14,30,29,30,30,30,30,29,30,30,101,26,15,480,46,46,46,33,21,22,17,28,30,80,80,80,28,29,480,31,20,43,43,14,13,115,118,24,23,27,138,138,34,28,43,10,10,11,28,28,5,39,20,19,18,10,10,81,25,25,27,27,6,21,15,15,14,13,13,28,87,86,193,154,157,157,157,9,10,10,104,11,12,20,89,17,17,17,17,2,3,6,2,29,22,23,20,24,27,25,25,25,27,27,28,32,31,183,0,1,1,5,12,5,35,26,360,26,28,26,27,21,22,20,20,29,30,26,22,22,15,35,20,41,34,105,14,26,27,27,76,19,17,300,16,19,17,96,40,48,17,36,20,18,21,62,42,40,21
27,39,74,480,35,24,24,24,26,26,20,10,11,9,11,10,11,10,33,300,24,138,45,29,30,32,33,184,156,156,156,157,22,21,19,106,28,21,21,13,20,19,19,24,13,128,131,18,21,29,28,7,120,20,20,20,176,15,12,32,25,141,27,100,27,22,22,21,57,26,14,12,189,8,6,190,230,230,115,115,115,44,82,55,20,17,20,19,19,360,28,28,420,190,107,119,12,5,41,28,187,103,33,79,9,9,9,15,16,7,9,39,32,82,82,82,15,11,11,12,12,12,43,42,30,16,18,15,15,11,9,11,22,22,10,6,7,19,15,18,16,41,41,193,25,191,11,17,420,82,38,27,28,29,29,4,4,26,89,300,28,26,25,32,17,18,11,3,35,35,35,128,51,5,19,23,21,43,87,128,420,13,360,360,33,33,36,36,36,103,104,23,14,30,29,30,30,30,30,29,30,30,101,26,15,480,46,45,46,33,21,22,17,28,30,80,80,80,28,29,480,31,20,43,43,14,13,115,118,24,23,26,138,138,34,28,43,10,10,11,28,28,5,39,19,19,18,10,10,81,25,25,27,27,6,21,15,15,14,13,13,28,87,86,193,154,157,157,157,9,10,10,104,11,12,20,89,17,16,17,17,2,3,6,2,29,22,23,20,24,27,25,25,25,27,27,28,32,31,183,1,0,1,5,12,5,35,26,360,26,28,26,27,21,22,20,20,29,30,26,22,22,15,35,20,41,34,106,13,26,27,27,76,19,17,300,16,19,17,96,40,48,17,36,20,18,21,62,42,40,21
27,40,75,480,35,24,24,24,26,26,20,11,11,10,12,11,11,10,33,300,25,138,45,30,30,32,33,185,157,157,156,157,22,22,19,105,28,21,21,13,19,19,19,24,13,127,131,18,21,29,29,7,119,19,19,19,176,15,12,32,26,141,26,99,27,22,22,21,58,26,14,11,189,8,6,190,230,230,114,114,114,44,82,55,20,17,20,19,19,360,29,28,420,190,107,118,13,5,42,28,187,102,33,79,8,9,9,14,16,6,9,39,32,82,82,82,15,10,11,12,12,12,43,42,30,17,18,15,15,11,10,12,22,22,10,6,7,19,15,18,16,42,41,194,26,191,11,17,420,82,38,27,28,29,30,4,4,26,89,300,28,27,26,32,18,18,11,3,35,35,36,128,51,5,18,23,21,43,87,128,420,13,360,360,33,33,36,36,36,103,103,24,14,30,29,30,30,30,30,29,31,30,101,27,15,480,46,46,46,33,22,22,17,28,30,80,80,80,28,29,480,30,21,43,43,13,13,115,119,23,23,27,138,138,34,28,43,9,10,10,29,28,5,39,20,19,18,11,11,81,25,25,27,27,6,21,15,15,14,13,13,29,87,86,194,154,157,157,157,10,10,11,104,11,13,20,89,18,17,17,16,2,3,7,2,29,22,23,21,25,27,25,25,25,27,27,28,32,31,184,1,1,0,5,12,5,35,26,360,26,28,26,27,21,22,19,20,30,30,26,22,23,15,36,20,41,35,106,14,27,27,27,76,19,17,300,17,19,18,96,40,49,16,36,20,18,21,62,43,40,21
22,34,69,480,30,19,19,19,21,21,15,8,9,7,9,8,9,8,28,297,19,133,40,24,25,27,28,179,151,151,151,151,16,16,14,110,23,23,23,7,23,14,23,19,11,131,126,13,16,24,23,11,123,20,20,20,171,15,10,30,20,136,31,103,22,17,17,25,52,30,18,16,193,12,11,194,225,225,118,118,118,48,76,59,15,21,15,23,23,360,23,22,420,184,111,122,7,3,36,23,181,107,28,74,14,14,14,19,20,11,13,33,27,77,76,76,13,16,16,8,8,9,37,37,25,11,13,18,10,7,7,7,17,17,8,9,10,14,13,13,10,36,36,188,20,186,5,20,420,77,32,22,23,24,24,4,4,30,84,298,23,21,20,27,12,12,9,8,30,30,30,122,46,1,14,17,16,37,82,123,420,11,360,360,28,28,30,31,31,103,103,18,18,24,24,25,25,25,25,24,25,25,101,21,10,480,40,40,40,28,16,17,12,22,25,75,75,75,22,24,480,35,15,37,37,16,17,110,113,28,27,21,132,133,28,23,38,14,12,12,23,22,6,33,14,14,13,5,5,75,19,20,21,22,10,16,10,9,9,8,8,23,82,80,188,148,151,151,151,4,5,5,103,6,7,15,88,12,11,12,15,7,8,2,7,24,17,18,15,19,21,20,20,20,21,22,22,27,26,178,5,5,5,0,10,1,30,30,360,31,32,21,22,16,17,15,16,25,25,21,17,17,20,30,15,36,29,101,9,22,22,32,71,17,12,300,11,14,13,91,35,43,21,31,15,13,16,66,38,35,23
27,40,78,480,34,26,26,26,28,28,24,7,7,9,8,7,8,2,32,296,28,142,42,27,27,29,30,187,156,156,155,156,26,24,22,111,27,32,32,12,31,19,31,24,4,139,135,22,25,33,33,10,126,30,30,30,180,8,3,22,16,143,31,111,31,26,26,26,62,31,19,17,195,14,13,196,232,232,121,121,121,50,75,59,24,21,24,23,24,360,20,19,420,194,113,125,13,7,35,28,190,108,33,72,17,18,17,19,21,14,14,38,23,75,75,75,5,16,17,9,9,9,39,42,30,7,17,27,12,8,6,8,19,19,7,10,9,16,6,15,13,35,34,196,25,195,10,29,420,75,35,29,30,32,33,10,10,31,82,296,31,31,16,25,17,17,8,15,34,34,35,132,47,9,23,14,11,39,80,132,420,4,360,360,34,34,37,37,37,95,95,28,19,34,33,34,34,34,34,33,34,34,93,30,13,480,45,45,45,33,26,26,21,30,33,84,84,84,27,29,480,36,11,39,39,25,25,115,111,28,28,31,142,142,32,31,42,13,11,11,32,31,7,30,22,22,22,14,14,74,24,25,29,29,9,25,18,18,17,17,17,25,80,79,196,153,156,156,156,13,13,14,96,15,16,23,81,21,21,21,25,14,14,11,14,32,25,26,24,28,30,28,28,28,30,30,31,34,33,187,12,12,12,10,0,9,37,31,360,31,33,27,28,24,23,24,25,27,27,23,25,25,19,31,19,36,30,104,14,30,31,31,79,8,13,300,17,20,21,100,35,44,20,35,23,22,24,65,41,35,32
22,34,69,480,30,19,19,19,21,21,15,8,8,7,9,8,9,8,28,298,19,133,40,24,25,27,28,180,151,151,151,152,17,16,14,110,23,23,23,8,23,14,23,19,11,131,126,13,16,24,24,11,123,21,21,21,171,15,10,30,20,136,31,103,22,17,17,25,52,30,18,16,193,12,11,193,225,225,118,118,118,48,77,59,15,21,15,23,23,360,23,23,420,185,110,122,7,3,36,23,182,106,28,74,14,14,14,19,20,11,13,34,27,77,77,77,13,16,16,8,9,9,37,37,25,11,13,18,10,7,7,7,17,17,8,9,10,14,13,13,11,36,36,188,20,186,5,20,420,77,33,22,23,24,24,4,4,30,84,298,23,22,20,27,12,12,9,8,30,30,31,123,46,1,14,18,16,37,82,123,420,11,360,360,28,28,30,31,31,102,103,18,18,25,24,25,25,25,25,24,25,25,100,21,10,480,40,40,40,28,16,17,12,23,25,75,75,75,23,24,480,34,15,37,37,16,17,110,113,28,27,22,133,133,28,23,38,14,12,12,23,23,6,34,14,14,13,5,5,75,19,20,22,22,10,16,10,10,9,8,8,23,82,80,188,149,151,151,151,4,5,5,103,6,7,15,88,12,12,12,16,7,8,2,7,24,17,18,15,19,22,20,20,20,22,22,22,27,26,178,5,5,5,1,9,0,30,30,360,30,32,21,22,16,17,15,17,25,25,21,17,18,19,31,15,36,29,101,9,22,22,32,71,17,12,300,11,14,13,91,35,44,21,31,15,13,16,66,37,35,23
13,7,74,480,11,14,14,14,12,12,23,32,32,30,33,31,32,36,8,294,31,107,16,15,15,15,14,148,125,125,125,126,29,16,18,137,13,37,37,26,38,21,38,16,33,141,102,24,21,29,29,39,149,35,35,35,140,43,38,45,24,104,60,113,27,21,22,54,43,59,47,45,218,41,40,219,194,194,144,144,144,77,72,88,25,50,25,52,52,300,27,27,420,154,136,148,26,33,32,12,150,134,8,70,41,41,42,48,49,41,42,11,22,73,73,73,41,43,43,32,32,32,14,12,11,31,22,34,27,31,32,30,21,21,32,38,38,24,41,24,26,32,32,156,15,156,28,34,360,73,12,12,11,10,11,32,32,59,80,294,11,23,24,23,22,22,33,36,10,10,10,99,20,31,29,28,30,14,78,98,420,34,300,300,6,6,6,6,5,128,128,25,47,30,29,30,30,30,30,29,30,30,126,11,26,420,16,16,16,10,28,28,25,11,9,80,80,80,14,13,420,64,27,14,14,33,34,84,109,57,56,24,107,107,12,12,14,42,40,40,11,12,35,30,18,18,27,25,25,71,16,15,12,12,39,26,22,22,23,23,24,21,78,76,156,123,125,125,125,26,26,25,129,25,24,18,114,25,26,25,30,36,36,30,36,8,16,14,17,13,14,12,12,12,10,10,10,5,8,147,35,35,35,30,37,30,0,62,300,62,64,12,10,16,16,32,33,13,12,16,15,14,51,13,20,16,13,77,26,30,31,63,78,46,31,295,22,19,29,90,15,22,53,10,28,26,28,98,14,15,40
48,62,96,540,58,48,48,48,50,50,43,30,31,31,31,30,31,30,54,300,42,159,65,50,50,52,53,208,178,178,177,178,43,46,43,83,49,39,39,34,38,40,37,45,33,138,152,42,45,49,49,21,98,38,38,38,200,24,31,46,45,164,10,118,47,45,45,9,79,3,11,13,168,18,19,168,253,253,93,93,94,21,102,36,43,11,44,8,7,360,48,48,420,211,85,97,35,27,62,49,210,80,54,100,19,19,18,12,11,19,19,61,52,103,102,102,27,17,17,32,32,32,63,64,52,36,39,33,35,31,29,31,42,42,30,22,23,39,27,38,36,62,62,215,47,212,32,35,420,103,58,50,52,54,54,29,29,6,110,300,52,49,45,53,39,39,31,25,56,56,57,149,71,30,37,43,41,63,107,150,480,33,360,360,56,56,58,59,59,92,92,45,15,50,49,50,49,49,50,49,50,50,90,51,36,480,67,67,67,54,43,43,41,52,54,101,101,101,49,50,480,10,40,63,63,32,31,136,124,1,2,49,159,159,55,53,64,21,22,22,53,53,25,59,44,44,40,36,36,101,46,46,51,51,22,44,39,39,39,38,38,49,107,106,215,175,178,178,178,35,35,36,93,36,37,44,78,41,40,40,35,26,25,31,25,54,46,48,45,49,52,50,50,50,52,52,53,56,54,207,26,26,26,30,31,30,62,0,360,4,6,47,48,43,43,35,36,49,49,45,44,45,11,53,39,59,52,125,34,44,44,3,95,37,35,360,37,40,36,115,58,67,11,55,41,39,41,41,61,58,37
300,300,300,200,300,300,300,300,300,300,300,360,360,360,360,360,360,360,300,293,360,256,300,300,300,300,300,181,205,205,206,207,360,300,300,420,300,360,360,300,360,300,360,300,360,420,268,300,300,360,360,360,480,360,360,360,217,360,360,360,300,235,360,360,360,300,300,360,300,360,360,360,540,360,360,540,170,170,420,420,420,360,300,360,360,360,360,360,360,2,300,300,360,218,420,480,300,360,300,300,208,420,300,300,360,360,360,360,360,360,360,300,300,300,300,300,360,360,360,360,360,360,300,300,300,360,300,360,300,360,360,360,300,300,360,360,360,300,360,300,300,300,300,209,300,219,360,360,121,300,300,300,300,300,300,360,360,360,299,292,300,300,300,300,300,300,360,360,300,300,300,269,297,360,360,300,360,300,300,268,138,360,2,2,300,300,300,300,300,420,420,360,360,360,360,360,360,360,360,360,360,360,420,300,300,192,299,299,299,300,360,360,360,300,300,360,360,360,300,300,194,360,300,300,300,360,360,233,360,360,360,300,257,257,300,300,300,360,360,360,300,300,360,300,300,300,360,360,360,300,300,300,300,300,360,360,360,360,360,360,360,300,299,300,212,204,206,206,206,360,360,360,420,360,360,300,420,360,360,360,360,360,360,360,360,300,300,300,300,300,300,300,300,300,300,300,300,300,300,210,360,360,360,360,360,360,300,360,0,360,360,300,300,360,360,360,360,300,300,300,360,360,360,300,360,300,300,241,360,360,360,360,360,360,360,240,360,360,360,300,300,300,360,300,360,360,360,420,300,300,360
48,62,96,540,58,48,48,48,50,50,44,31,31,31,32,30,31,30,54,300,43,159,65,50,50,53,53,208,178,178,177,178,43,46,44,82,49,39,39,34,38,40,38,46,33,136,152,42,45,49,49,21,97,38,38,38,200,25,31,47,46,165,11,118,47,46,46,11,79,4,11,14,167,18,20,168,254,254,92,92,93,21,103,38,44,13,44,9,9,360,49,48,420,211,85,96,35,28,62,49,210,79,55,100,20,19,19,13,12,19,19,61,52,103,103,103,27,17,17,32,32,32,63,64,52,37,39,34,35,31,30,32,42,42,30,22,23,39,28,39,36,62,62,215,47,213,32,35,420,103,58,50,52,54,55,29,29,1,110,300,53,49,46,53,39,39,31,25,57,57,57,149,72,30,37,43,41,63,108,150,480,33,360,360,56,56,59,59,59,94,94,46,16,50,49,50,50,50,50,49,50,50,92,52,36,480,67,67,67,55,43,44,41,52,54,102,102,102,49,50,480,6,41,63,63,32,32,137,126,4,4,49,159,160,55,53,64,21,22,22,54,53,25,60,44,44,40,36,36,102,46,46,51,51,22,45,40,40,39,38,38,49,108,106,215,175,178,178,178,35,35,36,95,36,37,45,80,41,40,41,35,26,25,32,25,54,46,48,45,50,52,50,50,50,52,52,53,56,55,207,26,26,26,31,31,30,62,4,360,0,2,48,49,44,44,36,36,49,49,45,45,46,13,54,40,60,53,125,34,44,45,6,95,37,35,360,37,41,36,116,58,68,12,56,41,40,41,43,62,58,37
50,64,98,540,60,50,50,50,52,52,45,32,33,33,33,32,33,32,56,300,44,161,67,52,52,54,55,210,180,180,179,180,45,48,45,81,51,41,41,36,40,42,39,47,35,135,154,44,47,51,51,23,96,40,40,40,202,26,33,49,47,166,13,117,49,47,48,13,81,3,13,15,166,20,21,167,255,255,91,91,92,20,104,37,46,15,46,11,11,360,51,50,420,213,84,95,37,29,64,51,212,78,56,102,21,21,20,15,14,21,21,63,54,105,104,104,29,19,19,34,34,34,65,66,54,38,41,35,37,33,31,33,44,44,32,24,25,41,29,40,38,64,64,217,49,214,34,37,420,105,60,52,54,56,56,31,31,1,112,300,54,51,47,55,41,41,33,27,58,58,59,151,73,32,39,45,43,65,109,152,480,35,360,360,58,58,60,61,61,96,96,47,18,52,51,52,51,51,52,51,52,52,94,54,38,480,69,69,69,56,45,45,43,54,56,103,103,103,51,52,480,5,42,65,65,34,33,138,128,6,6,51,161,162,57,55,66,23,24,24,55,55,27,61,46,46,42,38,38,103,48,48,53,53,24,46,42,41,41,40,40,51,109,108,217,177,180,180,180,37,37,38,97,38,39,46,82,43,42,42,37,28,27,33,27,56,48,50,47,51,54,52,52,52,54,54,55,58,56,209,28,28,28,32,33,32,64,6,360,2,0,50,51,46,46,37,38,51,51,47,47,47,14,55,41,61,54,127,36,46,46,8,97,39,37,360,39,43,38,117,60,69,13,57,43,42,43,41,64,60,39
4,12,67,480,12,4,4,5,6,5,16,22,23,20,23,22,23,26,5,285,24,118,21,6,6,9,9,158,132,132,131,132,22,10,10,129,4,30,30,16,31,11,31,6,24,134,113,17,14,22,22,30,141,28,28,28,151,34,29,36,14,114,50,106,20,14,15,45,50,50,37,35,210,32,30,211,203,203,135,135,135,68,64,78,18,41,18,43,43,300,17,18,420,165,128,140,16,23,24,4,162,126,6,61,32,33,33,38,40,31,33,15,13,64,64,64,31,35,35,22,22,23,19,18,6,21,13,27,18,21,22,21,11,11,23,29,28,15,31,15,17,24,23,168,5,168,19,27,360,64,13,1,2,3,6,24,24,50,71,285,4,19,14,14,12,12,23,28,11,11,11,110,26,22,22,18,21,19,69,109,420,25,300,300,6,6,8,8,9,119,119,18,38,23,22,23,23,23,23,23,24,23,117,5,16,480,21,21,21,9,21,21,18,1,3,73,73,73,5,5,480,54,18,19,19,25,26,90,100,47,47,19,118,118,10,7,19,33,31,31,6,7,26,21,7,8,20,16,16,63,5,5,4,4,29,19,13,14,14,15,15,11,69,68,168,129,132,132,132,17,17,16,120,15,15,9,104,18,19,18,24,27,28,22,27,4,10,8,10,7,9,7,7,7,5,5,4,6,3,158,26,26,26,21,27,21,12,47,300,48,50,0,2,6,4,24,25,8,8,6,7,7,41,14,8,20,13,83,16,22,23,53,70,36,20,300,11,8,22,91,18,26,42,14,20,18,20,88,19,18,32
4,10,69,480,10,6,6,6,7,7,18,24,24,21,24,23,24,27,4,285,26,116,19,7,7,7,8,156,130,130,129,130,24,11,11,131,4,32,31,18,32,12,33,7,25,136,111,19,16,24,24,31,142,30,30,30,149,35,30,37,15,112,51,108,22,16,16,46,52,51,39,36,212,33,31,213,202,202,137,137,137,69,64,80,20,42,20,44,44,300,18,19,420,163,130,141,18,25,24,3,160,127,4,62,34,35,35,39,41,33,34,13,14,65,64,64,32,36,36,23,24,24,17,16,4,22,14,29,19,22,23,22,12,12,24,30,29,16,32,16,18,24,24,166,6,166,20,29,360,65,12,3,3,5,8,26,26,51,72,285,5,21,15,15,13,13,24,30,9,9,9,108,24,23,23,19,22,17,69,107,420,26,300,300,4,4,6,7,7,120,120,20,39,25,24,25,25,25,25,24,25,25,118,7,17,480,19,19,19,7,23,23,20,1,4,74,74,74,5,4,480,55,19,17,17,27,27,88,101,48,48,21,116,116,8,9,17,34,32,32,8,8,27,21,9,10,22,17,18,63,7,7,5,5,30,21,15,15,16,17,17,12,69,68,166,127,130,130,130,18,18,18,121,17,17,11,106,20,21,20,25,29,30,23,29,5,11,9,12,9,10,8,8,8,7,7,6,4,2,156,27,27,27,22,28,22,10,48,300,49,51,2,0,8,6,26,27,6,6,7,9,9,42,12,10,18,11,81,17,24,25,54,72,37,22,300,13,10,24,92,17,24,44,12,22,20,22,89,18,17,34
9,18,61,480,18,3,3,3,3,3,10,18,18,16,19,18,19,22,12,286,18,122,26,12,12,15,15,162,138,138,137,138,17,4,5,124,7,24,24,13,25,8,26,3,20,128,117,11,8,16,16,26,135,22,22,22,154,30,24,33,11,119,46,100,14,9,9,41,44,46,33,31,205,28,26,206,208,208,130,130,130,64,64,74,12,37,12,39,39,360,14,15,420,168,123,134,11,18,24,10,165,121,12,62,27,28,28,34,36,27,29,21,14,65,65,65,27,29,30,18,18,18,25,23,12,18,9,21,13,17,18,17,8,8,18,25,24,10,27,11,13,24,24,171,6,171,15,21,360,65,19,6,6,7,8,19,19,46,72,286,6,13,11,15,8,8,19,23,16,16,17,114,31,17,16,15,18,25,70,112,420,21,360,360,12,12,14,15,15,116,116,12,34,17,16,17,17,17,17,17,18,17,114,4,12,480,27,27,27,14,15,15,12,6,8,67,67,67,10,11,480,50,15,25,25,20,20,96,101,43,43,13,121,122,16,6,24,29,27,27,7,6,22,22,3,3,14,11,11,63,6,5,4,4,26,13,8,9,9,10,10,11,70,68,171,135,138,138,138,12,12,11,117,11,10,4,101,12,13,13,18,22,23,16,22,7,5,3,4,2,5,3,3,3,5,5,6,10,9,162,21,21,21,16,24,16,16,43,360,44,46,6,8,0,2,18,19,14,14,10,1,2,37,19,5,25,18,88,12,16,17,49,64,32,16,300,7,3,15,84,24,31,38,19,14,12,14,83,25,24,26
7,16,63,480,16,1,1,1,3,3,12,18,19,16,19,18,19,22,10,284,20,122,24,10,11,13,14,162,136,136,135,136,18,6,6,125,5,26,26,12,27,7,27,2,20,130,118,13,10,18,18,26,137,24,24,24,155,30,25,32,10,119,46,102,16,10,11,41,46,46,33,31,206,28,26,207,208,208,131,131,131,64,63,74,14,37,14,39,39,360,13,14,420,169,124,136,12,19,23,8,166,122,10,61,28,29,29,34,36,27,29,19,13,64,63,63,27,30,31,18,18,19,23,22,10,17,9,23,14,17,18,17,7,7,19,25,24,11,27,11,13,23,23,172,4,172,15,23,360,64,17,4,5,6,7,20,20,46,71,284,5,15,10,14,8,8,19,24,14,14,15,114,29,18,18,14,17,23,68,113,420,21,360,360,10,10,12,13,13,115,115,14,34,19,18,19,19,19,19,18,20,19,113,4,12,480,25,25,25,13,17,17,14,5,7,69,69,69,8,9,480,50,14,23,23,21,22,95,100,43,43,15,122,122,14,6,22,29,26,27,6,6,22,20,3,4,16,12,12,62,4,4,4,4,25,15,9,10,10,11,11,10,68,67,172,133,136,136,136,13,13,12,116,11,11,5,100,14,15,14,20,23,24,18,23,8,7,5,6,4,7,5,5,5,5,5,6,10,8,163,22,22,22,17,23,17,16,43,360,44,46,4,6,2,0,20,21,12,12,8,3,3,36,17,5,23,16,87,12,18,18,49,66,32,16,300,7,3,17,86,22,29,38,17,16,14,16,83,23,22,28
27,36,60,480,35,21,21,21,20,20,8,18,18,16,19,18,19,22,29,300,7,123,45,29,29,31,32,174,155,155,154,155,6,16,16,111,24,7,7,14,9,20,10,21,20,118,116,6,9,13,13,22,122,6,6,6,163,29,25,36,27,130,38,90,11,11,11,33,43,38,25,23,192,20,20,193,220,220,117,117,117,56,81,66,6,29,6,31,31,360,30,29,420,175,110,121,14,18,41,28,176,108,29,79,18,19,19,26,28,20,20,39,31,82,81,81,27,20,21,18,18,18,43,41,30,18,19,7,16,17,18,17,23,23,18,21,22,20,27,20,17,41,41,179,23,176,15,5,420,82,37,24,23,23,23,17,17,37,89,300,22,12,27,32,18,19,19,17,34,34,35,113,49,15,2,24,22,43,87,114,420,21,360,360,29,29,32,32,32,117,117,8,26,14,13,14,14,14,14,13,14,14,115,20,16,480,45,45,45,32,6,6,6,24,24,66,66,66,28,28,480,42,22,43,43,8,8,113,118,35,35,12,123,124,34,22,43,23,25,24,22,22,22,38,17,17,4,11,11,80,24,23,21,21,21,6,12,11,11,10,10,28,87,85,179,152,155,155,155,12,12,11,118,10,9,14,103,5,4,5,3,18,18,14,18,23,15,17,13,18,20,19,19,19,21,21,22,26,26,173,20,20,19,15,24,15,32,35,360,36,37,24,26,18,20,0,1,31,31,26,18,17,28,36,19,43,34,105,15,11,12,40,62,31,19,300,16,17,3,82,42,49,29,36,5,7,6,74,41,42,9
28,37,59,480,37,22,22,22,21,21,9,19,20,18,20,19,20,23,30,300,6,122,46,30,30,33,33,175,156,156,155,156,5,17,17,111,26,6,6,15,8,21,8,22,21,117,115,7,10,12,12,22,123,5,5,5,162,29,26,38,28,132,39,89,10,11,11,33,42,38,26,24,192,21,20,193,218,218,118,118,118,56,83,67,7,29,7,31,31,360,31,30,420,174,110,122,15,19,43,29,175,108,31,80,19,19,19,27,28,20,20,40,32,83,83,83,29,21,21,19,19,20,45,43,31,19,21,6,18,18,19,18,25,25,20,21,23,21,28,21,18,42,42,178,25,175,16,4,420,83,38,25,24,24,24,18,18,38,90,300,23,11,28,33,20,20,21,18,35,35,36,112,51,17,3,25,23,45,88,112,420,22,360,360,30,30,33,33,33,117,117,7,26,13,12,13,12,13,13,12,13,13,115,22,17,480,46,46,46,34,5,5,8,26,25,64,64,64,29,30,480,42,23,45,45,9,9,114,119,36,35,11,122,122,35,23,44,24,25,25,24,23,23,40,19,19,5,12,12,82,25,24,22,23,22,7,13,13,12,11,11,29,88,86,178,153,156,156,156,13,13,12,118,12,11,16,103,6,6,6,5,19,18,15,18,24,16,18,14,19,21,20,20,20,22,22,23,27,27,172,20,20,20,16,25,17,33,36,360,36,38,25,27,19,21,1,0,32,32,27,19,18,28,37,20,44,36,106,17,10,10,40,61,32,20,300,18,18,4,81,43,50,29,37,7,8,6,75,43,43,7
5,12,75,480,4,12,12,12,13,13,24,22,22,22,23,22,22,27,5,282,32,119,13,4,4,3,2,159,128,128,127,128,30,17,18,130,7,38,38,18,39,12,39,10,24,142,114,25,22,30,30,30,145,36,36,36,152,34,29,35,13,117,51,114,28,22,23,46,55,51,39,37,215,33,32,216,205,205,140,140,140,69,61,80,26,42,26,44,44,300,15,16,420,166,133,144,18,25,21,4,162,127,5,59,36,36,37,39,41,33,34,7,11,62,61,61,32,36,36,22,22,22,11,14,3,21,14,33,17,21,23,20,11,11,22,30,29,14,32,14,17,21,21,169,8,169,20,35,360,62,5,8,10,11,14,28,28,51,69,282,12,27,13,12,13,14,23,33,4,4,4,111,20,26,30,18,20,11,66,110,420,24,300,300,7,7,9,9,10,118,118,26,39,31,30,31,31,31,31,30,32,31,116,13,17,480,16,16,16,3,29,29,26,8,10,81,81,81,4,4,480,55,17,11,11,32,32,86,98,48,48,27,119,119,2,15,13,33,31,31,14,15,27,18,14,16,28,22,22,60,8,8,12,11,30,27,20,21,21,22,22,9,66,65,169,125,128,128,128,22,20,21,119,22,22,17,104,26,27,26,31,32,32,26,32,11,17,16,18,15,17,15,15,15,13,13,12,9,9,159,29,29,30,25,27,25,13,49,300,49,51,8,6,14,12,31,32,0,1,4,15,15,42,5,12,12,5,79,17,30,31,54,78,35,20,300,17,15,30,99,10,20,43,9,28,26,28,89,16,10,40
5,12,75,480,3,12,12,13,13,13,24,22,22,22,23,22,22,27,4,282,32,119,13,4,4,3,2,159,127,127,126,127,30,17,18,131,7,38,38,18,39,13,39,11,24,142,114,25,22,30,30,30,146,36,36,36,151,34,29,35,14,116,52,114,28,23,23,46,54,51,39,37,215,33,32,216,204,204,140,140,140,69,61,80,26,42,26,44,44,300,15,16,420,165,133,145,18,25,21,4,162,128,4,59,36,37,37,39,41,33,34,7,11,62,61,61,32,36,36,22,22,22,11,13,3,21,14,34,17,21,23,21,11,11,22,30,29,14,32,14,17,21,21,168,8,168,20,35,360,62,5,8,10,11,13,28,28,51,69,283,11,26,14,12,14,14,23,33,4,4,4,111,19,26,30,18,20,11,66,109,420,24,300,300,6,6,9,9,9,118,118,26,39,31,30,31,31,31,31,31,32,31,116,13,17,480,16,16,16,2,29,29,26,8,9,81,81,81,5,4,480,55,17,11,11,32,32,86,98,49,48,27,118,119,2,14,13,33,31,31,13,14,27,18,14,16,28,22,22,60,8,9,11,11,30,27,20,21,21,22,22,9,67,65,168,124,127,127,127,23,20,21,119,22,22,17,104,26,27,27,32,32,33,26,32,11,17,15,19,15,16,14,14,14,13,12,12,9,8,159,30,30,30,25,27,25,12,49,300,49,51,8,6,14,12,31,32,1,0,4,14,14,42,5,12,11,5,78,17,31,31,54,78,35,20,300,17,15,30,99,10,20,43,9,28,26,29,89,15,10,40
3,16,70,480,8,9,9,9,10,10,19,18,18,18,19,18,18,23,8,281,27,122,17,2,2,5,5,162,132,132,131,132,26,14,13,127,5,33,33,14,34,9,35,7,20,137,117,21,18,25,25,26,142,31,31,31,155,30,25,31,10,118,48,109,23,18,18,42,54,47,35,33,211,29,28,212,208,208,136,136,136,65,60,76,22,38,21,40,40,300,13,13,420,169,129,141,14,21,20,3,166,124,8,57,32,33,33,35,37,29,30,11,9,60,60,60,28,32,32,18,18,18,15,18,6,17,10,30,13,17,19,17,7,7,18,26,25,10,28,10,13,20,19,172,4,172,16,30,360,60,9,6,8,9,12,24,24,47,67,281,10,23,10,10,10,10,19,29,8,8,8,114,24,22,25,14,16,15,65,113,420,20,300,300,10,10,12,13,13,114,114,21,35,26,26,27,26,26,27,26,27,27,112,10,13,480,20,20,20,7,24,25,21,6,8,76,76,76,2,2,480,51,13,15,15,28,28,90,96,45,44,23,122,122,6,12,17,29,27,27,12,12,23,17,10,11,23,18,18,59,4,5,10,9,26,22,16,17,17,18,18,6,65,64,172,129,132,132,132,19,16,17,115,18,18,12,100,21,22,22,27,28,29,22,28,9,14,12,15,12,13,11,11,11,11,11,11,10,8,162,26,26,26,21,23,21,16,45,300,45,47,6,7,10,8,26,27,4,4,0,11,11,38,9,8,15,9,83,13,25,26,50,73,31,16,300,13,11,25,94,14,24,39,13,23,21,24,85,19,14,35
10,17,62,480,17,3,3,3,2,2,11,19,19,17,20,19,20,23,11,287,19,120,26,13,13,15,16,161,137,137,136,137,17,3,6,125,8,25,24,14,25,9,26,4,22,129,116,12,9,17,17,27,137,23,23,23,153,31,26,34,12,117,47,101,15,9,9,42,45,47,35,32,206,29,27,207,206,206,131,131,131,65,66,76,13,38,13,40,40,360,15,16,420,167,124,136,12,20,25,10,164,122,11,63,28,29,29,35,37,28,30,21,15,66,66,66,28,30,31,19,19,19,25,23,13,19,10,22,14,18,19,18,9,9,19,26,25,12,28,12,14,25,25,170,7,170,16,22,360,66,19,7,5,6,6,20,20,47,73,287,5,12,12,16,9,10,21,24,16,16,17,113,31,18,16,16,19,25,71,111,420,22,360,360,11,11,14,14,14,117,117,13,35,18,17,18,18,18,18,17,18,18,115,3,14,480,27,27,27,14,16,16,13,7,7,67,67,67,11,11,480,51,16,25,25,21,21,95,102,44,44,13,120,121,16,5,24,30,28,28,5,5,23,23,4,4,15,12,12,65,7,7,3,3,26,14,9,10,11,11,11,12,71,69,170,134,137,137,137,13,13,12,118,12,11,5,103,13,14,13,18,23,24,18,23,6,3,2,5,1,4,2,2,2,4,4,5,9,7,160,22,22,22,17,25,17,15,44,360,45,47,7,9,1,3,18,19,15,14,11,0,1,38,19,6,25,18,88,13,17,17,50,65,33,17,300,8,4,16,85,24,31,39,19,15,12,15,85,25,24,27
10,17,61,480,17,3,3,3,2,2,10,20,20,18,21,20,20,24,11,287,18,120,26,13,13,15,16,161,137,137,136,137,17,3,5,124,8,24,24,14,25,9,26,5,22,128,115,11,8,16,16,27,136,22,22,22,153,31,26,35,13,117,48,100,14,9,9,43,44,48,35,33,206,29,28,206,206,206,131,131,131,66,66,76,12,39,12,41,41,360,16,17,420,167,123,135,13,20,26,10,163,121,11,64,28,29,29,36,38,28,30,21,16,67,66,66,29,30,31,20,20,20,25,23,13,19,10,21,15,19,20,18,10,10,20,27,26,12,29,12,15,26,26,169,7,169,17,21,360,66,19,7,5,5,6,20,20,47,73,287,4,12,13,17,10,10,21,24,16,16,17,112,31,18,16,17,20,25,71,110,420,23,360,360,11,11,14,14,14,117,117,12,36,17,16,17,17,17,17,17,18,17,115,3,14,480,27,27,27,14,15,15,12,7,6,67,67,67,11,11,480,52,16,25,25,20,21,96,102,45,45,13,120,120,16,4,24,31,28,28,5,4,23,23,4,5,14,13,13,65,7,6,3,3,27,13,9,9,10,11,11,12,71,70,169,134,137,137,137,14,13,13,118,12,11,5,103,12,13,13,18,23,24,17,23,5,3,1,4,1,3,1,1,1,3,3,4,8,7,160,22,22,23,17,25,18,14,45,360,46,47,7,9,2,3,17,18,15,14,11,1,0,38,19,7,25,18,88,13,16,17,50,64,34,18,300,8,5,16,85,24,31,40,19,14,12,14,85,25,24,26
37,51,85,480,46,37,37,37,39,39,32,19,19,20,20,19,19,18,43,300,31,148,53,38,38,41,41,197,167,167,166,167,32,35,33,93,38,28,28,23,27,29,27,35,21,135,141,31,34,38,38,9,108,27,27,27,189,13,19,36,34,154,13,107,36,34,35,8,68,14,5,5,177,7,8,178,243,243,103,103,104,31,91,41,33,4,33,5,5,360,37,36,420,200,95,107,24,17,51,38,199,90,43,88,9,8,7,1,3,8,8,49,40,91,91,91,16,7,7,20,20,20,51,53,41,25,28,22,23,19,18,20,30,30,18,11,11,27,16,27,24,50,50,204,36,201,21,24,420,91,46,39,41,43,43,18,18,14,98,300,42,38,34,41,28,28,19,14,46,46,46,138,60,19,26,31,29,51,96,139,420,21,360,360,45,45,47,48,48,94,94,34,3,39,38,39,38,39,39,38,39,39,92,41,24,480,57,56,57,44,32,32,30,41,43,91,91,91,39,40,480,19,29,51,51,21,20,125,126,10,10,38,148,149,43,42,54,9,10,10,42,42,14,48,33,33,29,25,25,90,35,35,40,40,10,34,29,28,28,27,27,37,96,94,204,164,167,167,167,24,24,25,95,25,26,34,80,30,29,29,24,15,14,20,14,43,35,37,34,38,41,39,39,39,41,41,42,45,43,196,15,15,15,20,19,19,51,11,360,13,14,41,42,37,36,28,28,42,42,38,38,38,0,42,29,48,41,115,24,34,34,12,85,26,24,300,27,31,26,105,47,56,1,45,31,29,31,47,51,47,27
11,10,80,480,2,17,17,18,18,18,29,26,26,26,27,26,26,31,9,285,37,118,8,8,8,6,5,157,125,125,124,125,35,22,22,135,12,43,43,23,44,18,45,16,27,147,113,30,27,35,35,34,150,41,41,41,150,38,33,38,16,113,55,119,33,28,28,50,53,55,43,41,220,38,37,220,202,202,145,145,145,74,64,83,31,46,31,48,48,300,18,18,420,164,137,149,24,31,24,10,160,132,8,61,42,42,41,43,45,38,38,4,13,64,64,64,36,40,41,26,26,26,5,10,8,24,18,40,21,25,27,24,15,15,26,34,33,18,35,18,21,23,23,166,14,167,25,40,360,64,1,14,15,15,18,34,34,55,71,285,16,31,16,14,19,18,27,38,3,3,3,110,14,31,35,20,23,5,69,108,420,28,300,300,9,9,7,7,7,120,120,31,43,36,35,36,36,36,36,36,37,36,118,17,21,480,11,11,11,5,34,34,31,13,14,86,86,86,10,9,480,60,20,5,5,38,39,83,100,52,52,32,117,118,4,19,8,37,35,35,18,19,31,21,19,20,33,28,28,63,14,14,16,16,34,32,26,26,27,28,28,12,69,67,166,122,125,125,125,28,26,27,121,27,29,22,106,31,32,32,37,38,38,32,38,16,22,20,23,19,21,19,19,19,17,17,17,13,13,157,35,35,36,30,31,31,13,53,300,54,55,14,12,19,17,36,37,5,5,9,19,19,42,0,18,6,1,76,23,36,36,58,84,39,24,300,22,21,35,99,5,15,47,6,34,31,34,93,12,5,46
7,20,63,480,16,5,5,5,7,7,12,14,14,12,15,13,14,18,12,283,20,126,25,9,10,12,13,167,137,137,136,137,19,7,6,121,6,26,26,8,27,3,28,3,16,130,120,14,11,18,18,21,136,24,24,24,160,25,20,30,8,123,42,102,16,11,11,37,47,41,29,27,205,23,22,206,212,212,131,131,131,59,62,70,15,33,14,34,35,360,11,12,420,174,123,135,9,16,22,8,170,118,13,60,26,27,27,30,32,24,24,19,12,63,62,62,23,26,27,14,14,14,23,23,11,13,4,23,9,13,14,12,5,5,14,21,20,6,23,6,9,22,22,176,5,176,11,23,360,62,17,8,9,11,12,19,19,41,70,283,9,16,8,13,4,4,15,23,15,15,16,117,30,16,18,12,15,23,67,117,420,17,360,360,14,14,17,17,17,113,113,14,30,19,19,20,19,19,20,19,20,20,111,8,8,480,26,26,26,14,17,18,14,9,12,69,69,69,8,9,480,46,12,23,23,21,22,95,99,39,39,16,126,127,14,10,23,24,22,23,11,10,18,19,3,4,16,12,12,61,5,5,8,8,21,15,10,10,11,11,12,9,67,66,176,134,137,137,137,13,11,12,114,12,12,5,99,14,15,15,20,22,23,16,22,11,8,8,7,7,10,8,8,8,9,9,10,14,12,167,20,20,20,15,19,15,20,39,360,40,41,8,10,5,5,19,20,12,12,8,6,7,29,18,0,22,16,87,7,18,18,44,66,27,11,300,6,3,17,86,21,30,33,18,16,14,16,79,24,21,28
17,9,87,480,8,23,24,24,24,24,36,32,32,32,32,31,32,36,15,283,44,112,2,14,13,12,10,151,119,119,119,120,42,29,28,141,19,50,50,29,51,23,51,22,33,154,108,37,34,42,42,40,156,48,48,48,144,44,39,43,22,108,61,126,40,34,35,56,52,61,49,47,225,43,43,226,197,197,151,151,151,79,62,89,38,52,38,54,54,300,23,24,420,158,143,155,30,37,28,16,155,138,14,60,47,47,47,49,51,44,44,5,19,62,62,62,41,46,47,31,32,32,1,5,14,30,24,46,27,30,33,30,20,20,32,40,38,24,41,24,26,29,29,161,20,162,31,47,360,62,7,20,21,22,24,40,40,61,69,283,22,37,22,20,24,24,33,44,10,10,9,104,8,37,42,26,28,1,67,103,420,33,300,300,15,15,12,12,12,126,126,38,48,43,42,43,43,43,43,42,43,43,124,24,27,420,5,5,5,11,41,41,38,19,20,93,93,93,16,15,420,66,26,1,1,44,44,78,98,58,58,38,112,112,10,25,3,43,41,41,24,25,37,26,25,26,40,34,34,61,20,20,22,22,39,39,31,32,32,34,34,17,67,66,161,117,120,120,120,34,32,32,127,33,34,27,112,38,39,38,43,44,44,37,43,21,29,27,30,26,27,25,25,25,23,23,23,18,19,152,41,41,41,36,36,36,16,59,300,60,61,20,18,25,23,43,44,12,11,15,25,25,48,6,22,0,7,71,29,43,43,64,91,45,30,297,28,27,42,99,1,8,54,6,41,38,41,99,6,1,53
10,11,78,480,3,17,17,17,17,17,27,25,25,25,26,24,25,29,8,284,35,119,8,7,6,5,4,157,126,126,125,126,34,21,21,134,12,41,41,22,42,17,43,15,26,145,114,29,26,33,33,33,149,39,39,39,150,37,32,37,15,114,54,117,31,26,26,49,54,54,42,40,218,37,36,219,203,203,144,144,144,73,63,82,30,45,30,47,47,300,17,17,420,164,136,148,23,30,23,9,161,131,7,60,41,41,40,42,44,37,37,5,12,63,63,63,35,39,40,25,25,25,6,11,7,23,17,39,20,23,26,23,14,14,25,33,32,17,34,17,19,22,22,167,13,168,24,39,360,63,2,13,14,15,17,33,33,54,70,284,15,30,15,13,18,17,26,37,3,3,4,111,15,30,33,19,22,6,68,110,420,27,300,300,8,8,8,8,8,119,119,30,42,34,34,35,34,34,35,34,35,35,117,17,20,480,12,12,12,4,32,33,29,13,14,84,84,84,9,8,480,59,19,6,6,37,37,84,99,51,51,31,119,119,3,18,9,36,34,34,18,18,30,20,18,19,31,27,27,62,13,13,15,15,32,30,24,25,26,27,27,11,68,66,167,123,126,126,126,27,25,26,120,26,28,21,105,30,30,30,35,37,37,31,37,15,21,19,23,19,20,18,18,18,17,16,16,13,12,158,34,34,35,29,30,29,13,52,300,53,54,13,11,18,16,34,36,5,5,9,18,18,41,1,16,7,0,77,21,34,34,57,82,38,23,300,21,20,33,100,6,15,46,7,32,30,32,92,12,6,44
80,72,149,420,76,87,87,87,87,87,97,100,100,97,100,99,100,103,78,266,106,96,69,83,83,81,80,101,46,46,46,46,104,90,93,206,82,111,111,94,112,88,113,85,101,216,97,99,96,104,103,107,221,110,110,110,103,111,106,109,91,67,128,188,102,96,96,122,113,127,115,113,291,109,108,292,148,148,216,216,216,145,73,156,100,118,100,120,120,240,92,93,360,116,209,220,94,101,85,79,110,203,77,76,112,112,112,115,117,109,110,72,87,73,73,73,108,112,112,100,100,100,72,67,77,98,90,108,95,98,99,98,89,89,100,106,105,92,108,92,94,86,87,115,83,119,96,109,300,72,75,82,84,84,86,104,104,127,66,266,85,99,91,86,89,90,101,109,75,75,75,94,64,102,103,95,97,72,69,92,360,102,241,241,78,78,75,75,75,179,180,100,115,104,104,105,105,105,105,104,105,105,176,86,94,420,66,66,66,77,102,103,99,83,83,154,154,154,81,80,420,131,95,72,72,108,108,4,113,124,124,100,96,97,79,87,69,110,108,108,86,86,103,88,90,91,102,98,98,74,83,84,85,85,106,100,96,97,97,98,98,88,66,69,118,44,46,46,46,98,96,97,181,98,98,92,173,100,100,100,105,108,108,102,108,83,90,89,92,87,88,87,87,87,85,85,84,80,82,107,105,106,106,101,104,101,77,125,241,125,127,83,81,88,87,105,106,79,78,83,88,88,115,76,87,71,77,0,98,109,109,135,156,117,102,253,97,95,108,122,76,66,124,75,106,104,107,169,68,76,118
12,26,65,480,21,12,12,12,14,14,14,9,9,7,9,8,9,13,18,288,19,129,30,14,15,17,18,172,142,142,141,142,16,10,8,116,13,22,22,3,23,4,24,10,10,132,122,13,12,20,20,16,131,20,20,20,166,20,15,27,11,129,37,105,19,13,13,31,49,36,24,22,200,18,17,201,218,218,125,125,125,54,67,65,15,27,15,29,29,360,14,15,420,181,118,130,2,9,27,13,176,113,18,65,20,21,21,25,26,18,19,24,17,68,67,67,18,21,21,8,8,9,27,28,16,8,4,18,4,7,9,7,7,7,9,15,15,5,18,5,3,27,27,182,11,182,5,19,420,67,22,14,17,18,19,13,13,36,75,288,17,18,11,18,3,3,10,17,20,20,21,119,35,10,13,14,12,27,72,119,420,11,360,360,20,20,22,23,23,107,108,17,24,21,21,22,21,22,22,21,22,22,105,16,3,480,31,31,31,19,16,16,11,16,18,71,71,71,13,14,480,40,11,27,27,16,16,100,104,34,33,18,129,129,19,17,28,19,17,17,18,17,12,24,8,8,12,6,6,66,10,10,16,16,15,15,6,6,5,6,6,14,72,71,182,139,142,142,142,7,4,5,108,5,6,9,93,12,11,12,15,16,17,10,16,18,11,12,10,14,16,14,14,14,16,16,17,20,18,173,14,13,14,9,14,9,26,34,360,34,36,16,17,12,12,15,17,17,17,13,13,13,24,23,7,29,21,98,0,20,20,38,67,21,6,300,4,8,13,88,26,34,27,22,15,13,16,73,29,26,23
25,34,49,480,34,19,19,19,18,18,9,25,25,23,25,24,25,29,27,300,4,113,43,27,27,30,30,172,153,153,152,153,6,14,14,119,23,10,10,20,12,19,13,19,26,114,106,11,9,2,2,30,131,12,12,12,153,36,31,43,26,128,47,86,2,7,7,41,32,46,34,32,200,29,28,201,208,208,126,126,125,64,80,75,8,37,9,39,39,360,29,30,360,165,118,130,20,24,40,26,165,116,28,77,27,27,27,34,36,28,28,37,29,80,80,80,34,29,29,25,25,25,42,40,28,24,18,14,23,23,25,23,22,22,25,29,31,20,34,20,23,40,39,168,22,166,21,12,420,80,35,22,21,21,21,23,23,46,87,300,20,7,26,30,18,18,26,26,32,33,33,102,48,22,13,29,29,42,85,103,420,28,360,360,27,27,30,30,30,124,124,5,34,3,2,4,3,3,3,3,4,4,121,19,22,480,43,43,43,31,8,8,12,23,22,55,55,55,26,27,480,50,25,42,42,18,18,112,116,43,43,6,112,113,32,20,41,32,33,33,21,20,28,37,16,15,11,17,17,79,22,22,19,20,30,8,16,16,17,16,16,26,85,83,168,150,153,153,153,18,18,17,124,17,16,13,109,12,11,12,14,26,27,21,26,21,13,15,12,17,18,17,17,17,19,19,20,24,24,162,26,26,27,22,30,22,30,44,360,44,46,22,24,16,18,11,10,30,31,25,17,16,34,36,18,43,34,109,20,0,1,48,51,37,24,295,15,15,11,72,40,47,37,34,8,9,6,82,39,40,11
26,35,49,480,34,19,19,19,19,19,9,25,25,23,26,25,26,29,28,300,5,113,44,27,28,30,31,173,153,153,153,153,7,15,14,120,23,10,10,21,13,20,13,20,27,114,106,11,9,2,2,31,131,12,12,12,153,37,31,43,26,128,47,86,2,8,8,42,32,46,34,32,201,29,29,202,208,208,126,126,126,64,80,75,9,38,9,39,40,360,29,30,360,165,119,130,21,25,40,26,165,116,28,78,27,27,28,35,37,28,28,38,30,81,80,80,34,29,29,25,25,25,42,40,28,25,19,15,23,24,25,24,23,23,25,30,31,21,34,21,23,40,40,168,22,166,22,12,420,80,36,23,22,21,21,23,23,46,88,300,21,8,26,31,18,19,26,27,33,33,34,102,48,22,14,29,29,42,85,103,420,28,360,360,28,28,30,31,31,124,124,5,35,3,2,4,3,3,3,3,4,4,122,19,22,480,44,43,43,31,8,8,12,23,23,55,55,55,26,27,480,51,26,42,42,18,19,112,117,44,44,7,113,113,33,21,41,32,33,33,21,20,29,37,16,16,11,18,18,79,22,22,20,20,30,8,16,17,18,17,17,27,85,84,168,151,153,153,153,18,19,18,125,17,16,13,110,12,11,12,14,27,27,21,27,22,14,16,12,17,18,18,18,18,19,20,20,25,24,162,27,27,27,22,31,22,31,44,360,45,46,23,25,17,18,12,10,31,31,26,17,17,34,36,18,43,34,109,20,1,0,48,51,38,25,295,15,15,11,71,40,47,37,34,8,9,6,83,40,40,11
50,63,97,540,58,49,49,49,51,51,45,31,31,32,32,31,31,29,55,300,44,161,66,50,50,53,53,209,179,179,178,179,44,47,45,85,50,40,41,35,39,41,39,47,33,140,154,43,46,50,50,22,100,39,39,39,201,23,29,45,46,166,7,119,48,47,47,7,80,6,13,16,169,20,21,170,255,255,94,94,96,23,103,35,45,10,45,6,6,360,49,48,420,212,87,98,36,29,63,51,212,82,56,100,21,20,20,11,9,20,20,61,52,103,103,103,26,19,19,32,32,33,63,65,53,37,40,35,36,32,30,32,43,43,30,23,23,39,26,39,36,63,62,216,48,214,33,37,420,103,58,52,53,55,56,30,30,8,110,300,54,50,46,53,40,40,32,26,58,58,58,150,72,31,38,43,41,63,108,151,480,33,360,360,57,57,60,60,60,90,90,47,13,51,50,51,51,51,51,50,51,51,88,53,37,480,69,68,69,56,44,45,42,53,55,103,103,103,51,52,480,12,41,63,63,33,33,138,122,2,2,50,160,161,55,54,66,21,21,21,55,54,26,60,45,45,41,37,37,102,47,48,52,52,22,46,41,41,40,39,39,49,108,107,216,176,179,179,179,36,36,37,91,37,39,46,75,42,41,42,36,27,27,33,26,55,48,49,46,51,53,51,51,51,53,53,54,57,56,208,27,27,27,32,31,32,63,3,360,6,8,53,54,49,49,40,40,54,54,50,50,50,12,58,44,64,57,135,38,48,48,0,96,36,35,360,38,41,37,116,58,67,10,56,42,40,42,40,62,58,37
73,82,6,480,82,67,67,67,66,66,58,74,74,72,75,74,74,78,75,360,56,81,91,75,75,78,78,167,190,190,190,190,58,62,61,138,71,61,61,70,64,67,64,67,76,72,74,60,57,49,48,81,149,63,63,63,122,85,80,92,74,119,98,44,51,56,56,92,45,97,85,83,218,80,80,219,177,177,144,144,144,115,128,126,57,88,58,90,90,360,77,77,360,133,137,148,68,73,87,74,134,136,76,125,78,78,79,86,87,79,79,85,77,128,128,128,83,80,80,74,74,74,90,87,76,73,66,65,71,73,74,72,70,70,74,80,80,68,83,68,70,87,87,137,70,135,71,63,360,128,83,70,69,69,68,72,72,97,135,360,68,54,74,78,66,66,75,75,80,80,81,71,96,71,64,77,78,90,133,72,420,77,360,360,75,75,78,78,78,173,173,54,86,47,49,48,49,48,50,49,48,48,171,67,70,480,91,91,91,79,57,57,61,70,70,2,2,2,74,75,480,102,73,90,90,70,70,159,164,95,94,54,81,82,80,67,89,83,82,82,68,68,77,85,63,63,61,66,66,126,70,69,67,67,81,57,64,64,65,65,65,74,133,131,137,188,190,190,190,67,67,66,174,66,65,61,158,61,61,61,65,75,76,70,75,69,61,63,59,64,65,65,65,65,67,67,68,72,72,131,76,76,76,71,79,71,78,95,360,95,97,70,72,64,66,62,61,78,78,73,65,64,85,84,66,91,82,156,67,51,51,96,0,88,74,265,65,65,63,41,90,97,90,84,59,60,57,136,89,90,64
33,46,84,480,39,32,32,32,34,34,30,15,14,16,14,14,14,10,38,300,34,148,46,31,32,34,35,193,162,162,161,162,32,30,28,118,33,38,38,18,39,25,38,30,10,148,141,28,31,39,39,17,133,36,36,36,186,15,10,20,21,149,38,120,37,32,32,33,68,39,27,25,203,21,20,204,238,238,128,128,128,57,80,66,30,28,30,31,31,360,24,23,420,200,121,132,19,14,40,34,196,115,39,77,25,25,24,27,28,21,22,42,28,80,80,80,13,24,24,14,14,14,44,48,36,12,22,33,17,15,14,16,24,24,14,18,16,21,13,20,18,40,39,202,31,201,16,35,420,80,40,35,36,38,39,18,18,39,87,300,37,37,21,30,23,23,14,22,39,39,40,138,52,17,29,19,16,44,85,138,420,8,360,360,40,40,43,43,43,95,95,34,26,40,39,40,40,40,40,39,40,40,93,36,18,480,49,50,50,38,32,32,27,36,38,90,90,90,32,33,480,43,16,44,44,31,32,120,113,36,35,37,148,148,36,38,47,20,18,19,38,37,14,35,28,28,28,22,22,79,30,31,35,35,17,31,25,24,23,23,23,30,85,84,202,159,162,162,162,20,19,20,96,21,22,29,81,28,27,27,31,21,22,18,21,38,31,32,30,34,36,34,34,34,36,36,37,40,39,193,19,19,19,17,8,17,46,37,360,37,39,36,37,32,32,31,32,35,35,31,33,34,26,39,27,45,38,117,21,37,38,36,88,0,16,300,20,24,24,103,38,47,25,38,27,25,27,70,44,38,35
17,31,71,480,24,16,16,17,18,18,18,7,7,8,8,7,8,12,23,288,22,134,32,16,16,19,19,177,146,146,146,147,20,15,13,117,17,26,26,5,26,9,27,14,9,135,127,16,18,26,26,16,132,24,24,24,170,20,14,25,9,133,37,107,24,18,18,32,54,37,25,23,201,19,19,202,222,222,127,127,126,55,67,65,18,27,18,29,29,360,12,13,420,184,119,131,6,12,27,18,180,114,23,64,23,23,23,25,26,19,20,27,15,67,67,67,17,22,22,7,7,7,29,32,20,7,6,21,3,6,8,6,8,8,7,16,14,5,17,5,2,26,26,187,16,187,7,23,420,67,24,19,21,22,24,16,16,37,74,288,21,23,9,17,7,7,8,20,24,24,24,124,38,13,17,11,11,29,72,124,420,10,360,360,25,25,27,27,28,107,107,21,24,26,26,27,26,27,27,26,27,27,105,20,3,480,35,35,35,22,19,20,15,21,23,76,76,76,17,18,480,42,8,29,29,19,20,105,103,34,34,23,134,134,21,23,32,19,16,17,23,22,13,24,13,13,16,10,10,66,15,15,19,20,15,19,10,9,8,10,10,15,72,70,187,144,146,146,146,10,7,8,108,9,10,14,93,15,14,15,18,19,20,13,19,23,16,17,15,19,21,19,19,19,21,21,22,25,23,177,17,17,17,12,13,12,31,35,360,35,37,20,22,16,16,19,20,20,20,16,17,18,24,24,11,30,23,102,6,24,25,35,74,16,0,300,9,12,16,93,27,36,27,27,18,16,19,73,33,27,26
300,294,261,360,300,300,300,300,300,300,300,300,300,300,300,300,300,300,300,480,300,198,295,300,300,300,300,173,269,269,268,269,300,300,300,420,300,300,300,300,300,300,300,300,300,297,203,300,300,293,293,300,420,300,300,300,164,300,300,360,300,204,360,300,295,300,300,360,273,360,300,300,480,300,300,480,117,117,420,420,420,360,300,360,300,360,300,360,360,241,300,300,124,159,420,420,300,300,300,300,154,420,300,300,300,300,300,360,360,300,300,298,300,300,300,300,300,300,300,300,300,300,299,293,300,300,300,300,300,300,300,300,300,300,300,300,300,300,300,300,300,300,300,150,300,159,300,300,256,300,300,300,300,300,300,300,300,360,300,480,300,298,300,300,300,300,300,300,300,300,300,207,290,300,300,300,300,299,300,208,290,300,241,242,300,300,297,297,297,420,420,298,360,291,294,292,293,292,294,294,292,292,420,300,300,360,292,292,292,300,300,300,300,300,300,267,267,267,300,300,360,360,300,299,299,300,300,250,360,360,360,298,197,197,300,300,295,300,300,300,300,300,300,300,300,300,300,300,300,300,300,300,300,300,300,300,300,300,300,300,300,300,300,300,153,266,269,269,269,300,300,300,420,300,300,300,420,300,300,300,300,300,300,300,300,300,300,300,300,300,300,300,300,300,300,300,300,298,300,157,300,300,300,300,300,300,295,360,240,360,360,300,300,300,300,300,300,300,300,300,300,300,300,300,300,297,300,253,300,295,295,360,265,300,300,0,300,300,300,222,296,286,360,294,300,300,299,360,288,296,300
12,23,61,480,20,8,8,8,10,9,9,12,12,10,13,11,12,16,16,288,18,124,29,14,14,17,17,169,141,141,141,141,17,5,3,119,11,23,23,7,24,4,25,8,14,128,117,11,8,16,16,19,132,21,21,21,161,23,18,30,10,125,40,100,14,8,8,35,44,39,27,25,202,21,20,203,214,214,127,127,127,57,67,68,12,31,12,32,33,360,13,14,420,176,120,131,5,12,27,13,171,116,17,64,23,23,24,28,29,20,22,24,16,67,67,67,21,24,24,12,12,12,27,27,15,11,3,19,7,10,12,10,7,7,12,19,18,5,21,5,7,27,26,178,10,177,9,20,360,67,22,11,11,13,14,16,16,39,74,288,12,13,10,17,3,3,13,20,20,20,21,114,35,13,15,14,16,27,72,115,420,15,360,360,17,17,19,19,20,111,111,12,27,17,16,17,17,17,17,16,17,17,108,11,6,480,31,30,30,18,15,15,11,11,14,67,67,67,13,14,480,44,10,27,27,17,17,100,103,37,37,13,124,125,18,12,28,23,20,20,13,12,15,24,3,3,13,7,7,66,10,10,10,11,19,12,5,5,6,7,7,13,72,70,178,139,141,141,141,8,7,7,111,7,7,4,96,12,12,12,16,19,20,13,19,13,7,7,5,9,11,9,9,9,11,11,12,16,14,168,16,16,17,11,17,11,22,37,360,37,39,11,13,7,7,16,18,17,17,13,8,8,27,22,6,28,21,97,4,15,15,38,65,20,9,300,0,3,14,84,26,34,31,22,13,11,13,76,29,26,25
11,20,61,480,19,4,4,5,6,6,10,15,16,13,16,15,16,19,13,286,18,125,28,13,13,15,16,166,139,139,139,139,16,5,3,122,8,24,24,10,25,5,25,5,17,128,118,11,8,16,16,23,134,22,22,22,158,27,22,33,11,122,43,100,14,8,9,38,44,43,31,28,203,25,24,204,211,211,129,129,129,61,65,72,12,34,12,36,36,360,15,15,420,172,121,133,9,16,25,11,168,119,14,63,26,26,27,31,33,25,26,23,15,66,65,65,24,28,28,15,15,15,26,25,13,15,6,20,10,14,15,14,9,9,15,22,21,8,24,8,10,25,25,174,7,174,12,21,360,66,21,8,8,10,11,17,17,43,73,287,9,13,11,16,5,5,16,21,18,18,18,114,33,15,16,16,18,26,70,115,420,18,360,360,14,14,16,16,16,114,114,12,31,17,16,17,17,17,17,16,18,17,112,7,9,480,28,28,28,16,15,15,12,8,11,67,67,67,11,12,480,47,13,26,26,19,19,98,102,40,40,13,124,125,17,9,26,26,24,24,10,9,19,22,1,1,14,9,9,64,7,7,7,7,22,13,7,7,8,9,9,12,71,69,174,137,139,139,139,10,10,9,115,9,9,3,100,12,13,12,17,21,22,15,21,10,5,5,5,6,8,6,6,6,8,8,9,14,11,165,19,19,19,14,20,14,19,40,360,41,43,8,10,3,3,17,18,15,15,11,4,5,31,21,3,27,20,95,8,15,15,41,65,24,12,300,3,0,15,84,24,32,35,20,14,11,14,80,27,24,26
24,34,59,480,33,18,18,18,17,17,6,16,16,14,16,15,16,20,27,300,8,123,42,26,27,29,30,172,152,152,151,152,5,13,13,111,22,10,10,11,11,17,11,18,17,121,116,4,7,13,13,22,123,8,8,8,163,27,22,34,24,128,39,93,11,8,9,33,43,38,26,24,192,21,21,193,217,217,118,118,118,56,79,67,5,29,5,31,31,360,27,26,420,175,110,122,11,15,39,25,174,108,27,77,19,19,19,27,28,20,20,37,29,79,79,79,25,21,21,15,16,16,41,39,27,15,17,7,14,14,16,14,21,21,16,21,22,18,25,17,14,39,38,179,21,176,12,7,420,79,35,21,21,20,20,14,14,38,86,300,20,12,24,30,16,16,17,17,32,32,32,113,47,13,2,21,20,41,84,113,420,18,360,360,26,26,29,30,30,114,115,8,27,14,14,15,14,14,15,14,15,15,112,18,13,480,42,42,42,30,6,6,4,22,22,65,65,65,25,26,480,43,19,41,41,8,9,111,115,36,35,12,123,123,32,20,40,24,24,24,20,19,19,36,15,15,2,8,8,78,21,21,19,19,22,5,9,9,8,7,7,25,84,83,179,150,152,152,152,9,9,8,115,8,7,12,100,3,2,3,4,17,18,12,17,20,12,15,11,16,18,17,17,17,18,18,19,23,23,171,17,17,18,13,21,13,29,36,360,36,38,22,24,15,17,3,4,30,30,25,16,16,26,35,17,42,33,108,13,11,11,37,63,24,16,300,14,15,0,82,39,46,29,34,5,5,6,75,39,39,11
93,90,37,420,98,87,87,87,86,86,78,94,94,92,95,94,95,98,96,360,76,40,99,95,95,98,99,126,149,149,148,149,78,82,82,178,91,82,82,90,84,87,84,87,96,112,33,80,77,69,69,102,189,84,84,84,80,106,100,112,94,78,118,84,71,76,76,113,49,117,105,103,258,100,100,259,136,136,184,184,184,136,148,146,78,109,78,111,111,300,97,98,300,92,177,188,89,94,108,94,93,176,96,146,98,99,99,106,108,100,100,96,98,148,148,148,103,100,100,94,94,94,98,96,96,94,87,86,91,93,94,93,90,90,94,100,100,88,103,89,91,108,107,96,90,93,91,83,360,148,98,90,90,89,88,92,92,117,155,360,89,74,94,98,86,86,95,96,98,98,97,30,104,91,85,97,98,98,153,30,360,97,300,300,94,94,93,92,92,193,193,74,106,68,70,68,70,68,70,70,68,68,191,87,90,420,99,99,99,99,77,78,81,91,91,43,43,43,94,95,420,122,94,98,98,90,90,123,184,115,115,74,40,40,101,88,97,103,102,103,89,88,98,105,84,84,81,87,87,147,90,90,88,88,101,77,84,84,85,86,86,94,153,152,96,146,149,149,149,87,88,87,194,86,85,81,179,81,82,81,85,96,96,90,96,89,81,83,80,85,86,85,85,85,87,87,88,92,92,90,96,96,96,91,100,91,90,115,300,116,117,91,92,84,86,82,81,99,99,94,85,85,105,99,86,99,100,122,88,72,71,116,41,103,93,222,84,84,82,0,99,106,111,95,79,80,78,156,99,99,85
16,8,86,480,7,22,22,22,23,23,35,30,30,31,31,30,31,35,13,284,43,113,3,12,12,10,9,152,121,121,120,121,41,27,27,140,17,48,48,27,49,22,50,21,31,153,109,36,33,41,40,39,155,47,47,47,146,43,37,42,21,109,60,125,39,33,33,55,51,60,48,46,224,42,42,225,198,198,150,150,149,78,63,88,37,50,37,52,52,300,22,23,420,159,142,154,28,35,28,15,156,137,13,61,46,46,46,48,49,42,43,4,18,64,63,63,40,45,45,30,30,30,98,5,13,28,23,44,25,29,31,29,19,19,30,39,37,22,40,23,25,28,28,162,18,163,30,46,360,63,6,18,20,21,23,39,39,60,71,284,21,36,21,19,23,23,31,43,8,8,8,106,9,36,40,24,27,98,68,104,420,32,300,300,14,14,11,11,11,125,125,37,47,41,41,42,42,42,42,41,42,42,123,22,25,420,6,6,6,10,40,40,37,18,19,91,91,91,15,14,480,65,25,98,98,43,43,79,100,57,57,36,113,114,9,24,3,42,39,40,23,23,36,25,24,25,39,33,33,62,18,19,21,21,38,37,30,30,31,32,32,16,68,67,162,118,121,121,121,33,30,31,126,32,33,26,111,37,38,37,42,42,43,36,42,20,27,26,29,24,25,24,24,24,22,22,21,17,18,153,40,40,40,35,35,35,15,58,300,58,60,18,17,24,22,42,43,10,10,14,24,24,47,5,21,1,6,76,26,40,40,58,90,38,27,296,26,24,39,99,0,9,52,5,39,37,40,98,7,7,51
23,15,93,480,16,29,29,30,30,30,42,39,40,40,40,39,40,44,21,287,50,103,8,22,21,20,18,142,110,110,110,111,48,34,35,149,24,56,55,36,56,31,57,28,41,160,99,43,40,48,48,48,164,54,54,54,135,52,47,51,30,98,69,132,46,40,40,64,58,69,57,55,233,51,50,234,188,188,159,159,159,87,66,97,44,60,44,62,62,300,31,32,420,149,151,163,37,44,32,22,146,146,20,63,55,55,55,57,59,52,52,13,27,66,66,66,49,54,55,39,40,40,9,8,20,37,32,53,35,38,41,38,28,28,40,48,46,32,49,32,34,32,33,152,26,153,39,53,360,66,15,26,27,28,30,47,47,69,68,287,28,43,30,28,32,32,41,51,18,18,17,95,1,44,47,34,36,9,72,94,420,41,300,300,21,21,18,18,18,134,134,44,56,49,48,49,49,49,49,48,49,49,132,30,35,420,5,6,6,19,47,47,44,25,27,98,98,98,24,23,420,74,34,9,9,50,51,69,102,66,66,44,103,103,18,31,8,51,49,49,30,31,45,33,32,33,46,41,41,65,26,26,28,28,47,45,38,39,39,40,40,25,69,70,152,108,110,110,110,41,39,40,135,40,41,34,120,44,45,44,49,50,51,45,50,27,34,33,36,31,32,31,31,31,29,29,28,24,25,142,48,48,49,43,44,44,22,67,300,68,69,26,24,31,29,49,50,20,20,24,31,31,56,15,30,8,15,66,34,47,47,67,97,47,36,286,34,32,46,106,9,0,62,14,47,45,47,108,7,10,59
39,52,86,480,47,38,38,39,40,40,34,20,20,21,21,20,20,19,45,300,33,150,55,39,40,42,43,198,168,168,168,168,33,37,34,92,39,29,29,24,28,31,28,36,23,136,142,32,35,39,39,11,108,28,28,28,190,14,21,37,35,155,12,108,37,36,36,7,69,13,4,6,177,9,10,178,244,244,102,102,103,31,92,41,34,4,34,5,5,360,38,37,420,201,95,106,26,18,52,40,200,89,45,90,10,9,9,1,3,10,10,50,41,92,92,92,17,8,8,21,22,22,52,54,42,26,30,24,25,21,19,21,32,32,19,13,12,29,17,28,26,52,51,205,37,203,22,26,420,92,47,41,43,44,45,20,20,13,99,300,43,39,35,42,29,30,21,15,47,47,48,139,61,21,27,32,30,52,97,140,480,22,360,360,47,47,49,49,49,94,94,36,5,40,39,40,40,40,40,39,40,40,92,42,26,480,58,57,58,45,33,34,31,42,45,92,92,92,40,41,480,18,30,52,52,22,22,127,126,9,9,39,149,150,44,44,55,11,12,12,44,43,16,49,34,34,30,26,26,91,37,37,41,42,11,35,30,30,30,28,28,38,97,96,205,166,168,168,168,25,25,26,95,27,28,35,80,31,30,31,25,16,16,22,15,45,37,39,35,40,42,41,41,41,42,43,43,47,45,197,17,17,16,21,20,21,53,11,360,12,13,42,44,38,38,29,29,43,43,39,39,40,1,47,33,54,46,124,27,37,37,10,90,25,27,360,31,35,29,111,52,62,0,47,32,30,32,46,53,48,28
11,4,80,480,5,17,18,18,18,18,29,30,30,28,31,30,31,34,9,289,37,112,7,13,13,11,10,151,119,119,118,119,35,22,23,137,13,43,43,24,44,19,44,16,32,147,107,30,27,35,35,37,152,41,41,41,144,42,36,44,22,107,58,119,33,28,28,53,47,57,45,43,222,40,38,222,196,196,147,147,147,76,68,86,31,49,31,51,51,300,23,24,420,158,139,151,25,32,29,10,154,134,8,66,43,43,43,46,48,40,40,2,19,69,68,68,39,42,43,30,30,30,5,5,8,29,21,40,25,29,30,29,19,19,30,37,36,22,39,23,25,29,29,160,14,161,27,40,360,69,5,14,15,16,18,35,35,57,76,289,16,31,22,20,20,20,31,39,6,6,6,104,12,32,35,26,29,5,73,102,420,33,300,300,9,9,6,6,6,127,127,31,46,36,35,36,36,36,36,36,37,36,124,17,24,420,8,8,8,7,34,34,31,13,14,86,86,86,12,11,420,62,25,5,5,38,39,77,105,55,55,32,111,112,9,19,5,41,38,39,19,19,34,26,20,21,33,29,29,67,14,14,16,16,37,32,26,27,27,28,28,17,73,72,160,116,119,119,119,29,27,28,127,28,29,22,112,31,32,32,37,38,39,33,38,16,22,20,23,20,21,19,19,19,18,18,17,13,13,151,36,36,36,31,35,31,10,55,300,56,57,14,12,19,17,36,37,9,9,13,19,19,45,6,18,6,7,75,22,34,34,56,84,38,27,294,22,20,34,95,5,14,47,0,34,32,34,96,7,5,46
23,32,55,480,31,16,16,17,16,16,3,18,18,16,19,18,18,22,25,298,8,118,41,24,25,27,28,170,150,150,150,151,4,12,11,116,20,12,11,14,13,16,14,17,20,121,111,4,5,9,8,25,128,11,11,11,158,29,24,36,23,126,44,93,7,7,7,39,38,43,31,29,197,26,25,198,214,214,123,123,123,61,77,72,1,34,2,36,37,360,26,27,420,170,115,127,13,18,37,23,171,113,26,75,24,24,25,32,33,25,25,35,27,78,78,78,27,26,26,18,18,18,39,37,26,17,16,12,16,17,18,17,19,19,18,24,24,17,27,18,16,37,37,174,20,171,15,10,360,78,33,20,19,19,19,16,16,43,85,298,18,7,23,28,15,15,19,19,30,30,31,108,45,15,7,24,22,39,83,109,420,21,360,360,25,25,28,28,28,117,117,3,32,9,9,10,10,10,10,9,10,10,115,16,16,480,41,40,41,28,3,3,4,20,20,61,61,61,24,24,480,48,21,39,39,13,14,109,114,41,41,7,118,119,30,18,38,28,26,27,18,17,22,34,13,13,4,10,10,76,19,19,17,17,25,1,11,11,11,9,9,24,82,81,174,148,150,150,150,11,11,11,118,10,9,10,103,4,4,4,9,20,20,14,20,19,11,13,9,14,16,15,15,15,16,17,17,22,22,168,20,20,20,15,23,15,28,41,360,41,43,20,22,14,16,5,7,28,28,23,15,14,31,34,16,41,32,106,15,8,8,42,59,27,18,300,13,14,5,79,39,47,32,34,0,2,2,80,38,38,14
21,30,56,480,29,14,14,15,14,14,2,16,16,14,17,16,17,20,23,296,9,119,39,22,23,25,26,168,148,148,148,149,6,10,9,115,18,13,13,12,15,14,16,15,18,122,112,1,3,10,9,24,126,12,12,12,159,28,23,34,21,124,42,94,8,5,5,37,39,42,29,27,196,24,24,197,213,213,121,121,121,60,75,70,1,33,1,35,35,360,24,25,420,171,114,125,12,16,35,21,171,112,23,73,22,23,23,30,32,24,24,33,25,76,75,75,25,24,25,16,16,16,37,35,23,16,14,11,14,15,16,15,17,17,16,22,22,15,25,16,15,35,35,175,17,172,13,11,360,76,31,18,17,16,17,15,15,42,83,296,16,8,21,26,13,13,17,18,28,28,29,109,43,13,6,22,20,37,80,110,420,19,360,360,23,23,26,26,26,115,115,4,30,10,10,11,11,11,11,10,11,11,113,14,14,480,39,38,39,26,4,5,2,18,18,62,62,62,22,22,480,46,20,37,37,12,12,107,112,39,39,8,119,120,28,16,36,27,25,25,16,15,20,32,11,11,4,9,9,74,17,17,15,15,23,2,10,9,9,8,8,22,80,79,175,146,148,148,148,10,10,9,116,8,7,8,101,2,3,2,8,18,19,12,18,17,9,11,7,12,14,13,13,13,14,15,15,20,19,168,18,18,18,13,22,13,26,39,360,40,42,18,20,12,14,7,8,26,26,21,12,12,29,31,14,38,30,104,13,9,9,40,60,25,16,300,11,11,5,80,37,45,30,32,2,0,3,79,36,36,16
23,32,53,480,32,17,17,17,16,16,4,19,19,17,20,19,19,23,25,299,7,117,41,25,25,28,28,171,151,151,150,151,3,12,11,117,21,11,11,15,13,17,14,17,21,119,110,4,6,7,7,26,128,10,10,10,157,30,25,37,23,126,44,91,5,6,5,39,36,43,31,29,198,26,26,198,212,212,123,123,123,61,78,72,1,34,2,36,37,360,27,27,420,169,115,127,14,18,38,24,169,113,26,75,24,24,25,32,33,25,25,35,27,78,78,78,28,26,26,19,19,19,40,38,26,18,16,11,17,18,19,17,20,20,19,25,25,18,28,18,17,38,37,172,20,170,16,9,360,78,33,20,19,19,19,17,17,43,85,299,18,6,23,28,16,16,20,20,31,31,31,107,46,16,8,25,23,40,83,107,420,22,360,360,25,25,28,28,29,118,118,2,32,8,7,8,8,8,8,8,9,8,116,17,17,480,41,41,41,29,2,2,5,21,20,59,59,59,24,25,480,48,22,40,40,14,15,110,114,41,41,6,117,117,30,18,39,29,27,27,19,18,23,35,14,13,5,11,11,77,20,20,17,18,26,1,12,12,12,10,10,24,83,82,172,148,151,151,151,12,12,11,119,11,10,11,103,5,5,5,10,21,21,15,20,19,11,13,10,15,16,15,15,15,17,17,18,22,22,166,21,21,21,16,24,16,28,41,360,41,43,20,22,14,16,6,6,28,29,24,15,14,31,34,16,41,32,107,16,6,6,42,57,27,19,299,13,14,6,78,40,47,32,34,2,3,0,80,38,38,13
84,98,132,540,93,84,84,84,86,86,79,66,66,67,66,65,66,63,90,300,78,195,100,85,85,88,88,244,214,214,213,214,79,82,79,80,85,75,75,70,74,76,73,81,68,140,188,78,81,85,85,56,94,74,74,74,236,57,63,79,80,200,32,122,83,81,81,38,115,39,48,50,163,54,55,164,289,289,89,89,90,23,127,72,80,44,80,42,41,420,83,82,480,247,82,92,71,63,97,85,246,76,90,124,55,55,54,46,44,55,55,96,86,127,127,127,60,54,54,67,67,67,98,100,88,71,75,69,70,66,65,66,77,77,65,58,58,74,60,73,71,97,97,251,83,248,68,71,480,129,93,86,88,90,90,65,65,42,135,300,88,85,80,88,75,75,66,61,93,93,93,185,107,66,73,77,75,98,132,186,480,67,420,420,92,92,94,95,95,80,80,81,47,86,85,86,85,85,86,85,86,86,78,88,71,540,104,103,104,91,79,79,77,88,90,137,137,137,86,87,540,37,75,98,98,68,67,172,117,41,41,85,195,196,90,89,101,56,56,55,89,89,61,94,80,80,76,72,72,129,82,82,87,87,57,80,76,75,75,74,74,84,133,131,251,211,214,214,214,71,71,72,81,72,73,80,65,77,76,76,71,62,61,67,61,90,82,84,81,85,88,86,86,86,88,88,89,92,90,243,62,62,62,66,65,66,98,41,420,43,41,88,89,83,83,74,75,89,89,85,85,85,47,93,79,99,92,169,73,82,83,40,136,70,73,360,76,80,75,156,98,108,46,96,80,79,80,0,92,88,68
17,8,85,480,12,24,24,24,23,23,34,37,37,34,38,36,37,40,14,287,43,105,4,19,19,17,16,145,113,113,112,113,41,27,29,143,19,48,48,30,49,25,50,22,38,152,101,36,33,40,40,44,158,46,46,46,138,48,42,49,27,101,64,124,39,33,33,59,51,64,51,49,228,46,44,229,190,190,153,153,153,82,65,92,37,55,37,57,57,300,29,29,420,151,146,157,31,38,32,16,148,140,14,63,49,49,49,52,54,46,46,9,24,66,66,66,45,49,49,37,37,37,7,3,14,35,27,45,32,36,36,35,26,26,37,43,42,29,45,29,31,32,33,154,20,155,33,46,360,66,11,19,20,21,22,41,41,64,73,287,22,36,27,25,26,26,37,45,12,12,12,98,6,38,40,31,34,7,71,96,420,39,300,300,15,15,12,12,11,131,131,37,52,41,41,42,41,42,42,41,42,42,129,23,30,420,1,1,1,13,39,40,36,20,20,91,91,91,18,17,420,68,31,7,7,45,45,71,102,61,61,36,105,106,15,24,4,47,44,45,23,23,40,32,27,27,39,35,35,64,20,21,22,21,43,37,33,33,34,35,35,23,71,69,154,110,113,113,113,35,33,34,132,34,35,29,117,37,37,37,42,45,45,39,45,20,27,25,29,24,25,24,24,24,22,22,21,17,19,145,42,42,43,38,41,37,14,61,300,62,64,19,18,25,23,41,43,16,15,19,25,25,51,12,24,6,12,68,29,39,40,62,89,44,33,288,29,27,39,99,7,7,53,7,38,36,38,92,0,7,52
16,8,86,480,7,22,22,22,23,23,35,30,30,31,31,30,31,35,13,284,43,113,3,12,12,10,9,152,121,121,120,121,41,27,27,140,17,48,48,27,49,22,50,21,31,153,109,36,33,41,40,39,155,47,47,47,146,43,37,42,21,109,60,125,39,33,33,55,51,60,48,46,224,42,42,225,198,198,150,150,149,78,63,88,37,50,37,52,52,300,22,23,420,159,142,154,28,35,28,15,156,137,13,61,46,46,46,48,49,42,43,4,18,64,63,63,40,45,45,30,30,30,7,5,13,28,23,44,25,29,31,29,19,19,30,39,37,22,40,23,25,28,28,162,18,163,30,46,360,63,6,18,20,21,23,39,39,60,71,284,21,36,21,19,23,23,31,43,8,8,8,106,9,36,40,24,27,7,68,104,420,32,300,300,14,14,11,11,11,125,125,37,47,41,41,42,42,42,42,41,42,42,123,22,25,420,6,6,6,10,40,40,37,18,19,91,91,91,15,14,480,65,25,7,7,43,43,79,100,57,57,36,113,114,9,24,3,42,39,40,23,23,36,25,24,25,39,33,33,62,18,19,21,21,38,37,30,30,31,32,32,16,68,67,162,118,121,121,121,33,30,31,126,32,33,26,111,37,38,37,42,42,43,36,42,20,27,26,29,24,25,24,24,24,22,22,21,17,18,153,40,40,40,35,35,35,15,58,300,58,60,18,17,24,22,42,43,10,10,14,24,24,47,5,21,1,6,76,26,40,40,58,90,38,27,296,26,24,39,99,7,10,48,5,38,36,38,88,7,0,51
35,44,60,480,44,29,29,29,28,28,16,26,26,24,27,26,27,31,37,300,6,124,53,37,37,39,40,182,163,163,162,163,10,24,23,112,32,1,1,22,2,28,3,29,28,112,117,14,17,13,13,23,124,3,3,3,164,30,33,44,35,138,40,84,11,17,17,34,44,39,27,25,193,22,21,194,219,219,119,119,119,57,89,68,14,30,14,32,32,360,38,37,420,176,111,123,22,26,49,36,177,109,37,87,20,20,20,28,29,21,21,47,39,90,90,90,33,22,22,26,26,26,51,49,38,26,27,9,24,25,26,25,31,31,26,22,24,28,33,27,25,49,49,179,31,177,23,5,420,90,45,32,31,31,30,22,22,39,97,300,30,17,35,40,26,26,27,19,42,42,43,114,57,24,11,32,30,51,95,114,420,29,360,360,37,37,40,40,40,118,118,14,28,14,13,15,14,14,14,14,15,15,116,29,24,480,53,53,53,40,12,12,15,32,32,66,66,66,36,37,480,43,30,51,51,13,13,121,126,37,36,16,124,124,42,30,51,25,26,26,30,30,25,47,25,25,12,19,19,88,32,31,29,29,23,14,19,19,19,18,18,36,95,93,179,160,163,163,163,19,20,19,119,18,17,23,104,13,13,13,9,20,19,22,19,31,23,25,21,26,28,27,27,27,29,29,30,34,34,173,21,21,21,23,32,23,40,37,360,37,39,32,34,26,28,9,7,40,40,35,27,26,27,46,28,53,44,118,23,11,11,37,64,35,26,300,25,26,11,85,51,59,28,46,14,16,13,68,52,51,0
