0,5,14,47,5,3,3,3,4,4,9,10,10,10,10,9,10,13,3,20,12,12,6,3,3,4,3,18,37,37,37,18,12,6,7,16,2,12,12,8,12,7,12,3,8,21,13,8,7,13,12,10,19,13,13,13,13,11,12,8,7,17,13,17,12,7,7,13,9,14,11,10,18,10,10,18,16,16,17,17,17,16,11,17,9,12,9,12,13,32,7,7,32,18,16,19,10,11,7,3,15,16,4,10,11,11,11,11,12,12,10,5,5,11,11,11,11,10,10,9,9,9,5,7,4,7,8,10,7,8,10,8,5,5,9,11,11,6,12,6,7,7,7,17,2,18,9,11,42,11,6,3,5,4,6,12,12,14,13,20,5,7,7,5,7,7,10,11,5,5,5,12,9,11,10,7,8,5,12,11,46,8,33,33,5,5,6,6,6,19,19,8,12,11,12,11,12,11,12,12,11,11,17,4,7,45,8,8,8,4,9,9,9,3,3,14,14,14,3,3,43,15,6,5,5,9,9,13,14,14,14,9,12,13,4,6,7,12,11,11,6,6,10,7,4,5,9,7,7,11,2,2,4,4,11,9,7,7,6,9,9,5,14,13,17,17,18,18,18,7,9,9,19,9,9,7,19,8,8,8,9,12,12,11,12,4,6,5,6,5,5,5,5,5,4,4,4,4,4,14,12,12,12,11,9,11,6,14,32,14,14,3,3,6,3,10,10,4,4,2,5,5,11,5,6,6,4,13,7,12,13,15,14,10,8,23,5,4,11,10,5,8,12,6,9,8,9,17,7,5,12
5,0,8,43,4,6,6,6,6,6,6,10,10,10,10,9,10,11,4,19,9,8,4,6,6,7,6,14,32,32,33,14,8,6,6,12,6,8,8,9,7,7,7,6,10,16,9,6,5,8,8,9,15,8,8,8,9,9,10,7,9,13,12,13,8,5,5,11,5,12,9,9,14,8,9,14,12,12,13,13,13,12,10,14,6,10,7,11,11,26,10,9,25,13,11,14,8,9,6,5,10,12,5,8,9,9,9,10,10,9,8,3,7,9,9,9,10,9,9,9,9,9,4,3,4,9,9,8,9,9,11,9,8,8,9,10,9,8,11,8,9,6,6,13,6,13,9,9,37,9,4,5,5,4,6,10,10,13,11,18,7,4,9,7,7,7,10,10,4,4,4,8,4,9,8,9,9,4,10,7,42,10,26,26,3,3,2,2,2,17,17,5,11,8,8,8,8,8,8,8,8,8,16,6,9,41,3,3,3,5,6,6,6,4,5,9,9,9,7,8,39,13,9,4,4,7,7,9,13,12,13,5,8,9,6,6,4,12,11,11,6,6,11,8,6,6,7,7,7,10,6,6,6,6,9,7,7,7,7,6,6,8,12,12,13,13,13,13,13,8,7,7,17,7,6,5,18,6,6,6,7,11,11,10,11,4,6,5,5,5,6,5,5,5,4,4,4,3,4,10,10,10,10,9,11,9,2,12,25,12,12,4,4,6,6,7,8,5,5,7,5,5,10,4,8,4,5,9,7,8,8,13,9,9,9,19,6,7,8,6,4,4,10,4,7,6,7,14,3,4,8
14,8,0,47,12,12,12,12,10,10,9,13,12,12,12,12,12,13,11,26,9,12,11,13,12,13,13,17,41,41,41,22,12,8,8,12,13,8,8,11,8,9,7,11,13,11,9,8,7,8,11,10,15,8,8,8,12,12,12,11,14,15,13,7,8,7,7,12,6,13,11,10,14,10,10,14,15,15,13,13,13,12,17,14,8,11,9,12,12,27,14,13,27,16,12,15,10,11,13,12,13,12,11,16,9,9,9,11,11,9,10,11,14,17,17,17,12,9,9,11,11,11,11,10,12,11,11,10,11,11,13,11,11,11,11,11,10,10,14,10,11,13,14,16,13,16,11,9,40,16,11,12,10,10,10,10,10,13,19,25,10,6,13,14,9,9,13,9,11,11,12,10,12,11,10,12,12,11,18,10,39,12,27,27,10,10,9,9,9,20,20,8,12,8,8,8,8,8,8,8,8,8,19,10,11,43,10,10,10,12,9,9,8,11,11,1,1,1,14,14,41,14,12,11,11,9,9,18,20,13,14,9,12,12,14,10,11,12,11,11,10,10,11,15,8,8,9,9,9,16,13,13,9,10,10,8,9,9,9,8,8,14,19,18,15,21,22,22,22,10,9,9,21,8,8,7,21,8,8,8,9,10,10,11,10,9,8,8,7,8,9,9,9,8,9,9,9,10,10,12,9,9,9,10,13,10,9,13,27,13,13,11,11,9,11,9,10,12,12,14,9,8,10,11,11,11,12,17,9,8,8,13,1,11,11,21,8,10,11,5,11,12,11,11,9,8,9,14,10,11,8
47,43,47,0,41,41,41,41,42,42,41,45,45,45,45,45,45,46,40,41,41,36,40,42,41,42,43,37,62,62,62,44,43,41,41,44,41,40,40,44,40,42,40,41,46,49,38,41,40,40,43,42,47,41,41,41,35,44,44,43,44,38,46,45,40,39,40,45,38,45,43,42,46,42,42,46,33,33,45,45,46,45,43,46,41,44,42,44,45,28,45,45,35,37,44,46,42,44,41,40,35,44,40,42,41,41,41,43,43,41,42,39,43,43,43,43,44,41,41,44,44,44,40,39,40,44,43,42,43,43,44,43,43,43,44,43,42,42,45,42,43,41,42,36,41,37,44,40,27,43,40,40,40,40,42,42,42,45,43,40,42,38,44,42,41,42,44,41,40,40,40,37,38,42,42,44,44,40,43,36,27,45,28,27,39,39,38,38,38,47,47,40,44,40,40,40,40,40,40,40,40,40,46,42,44,8,40,39,39,41,40,40,41,39,40,41,41,41,42,42,9,46,44,40,40,41,41,37,41,45,45,40,36,36,42,42,40,44,43,43,42,41,43,43,41,41,42,42,42,43,41,41,42,42,42,41,42,42,42,41,41,43,44,44,36,42,43,43,43,43,42,42,48,41,41,40,47,41,41,41,42,42,42,44,42,40,40,41,40,41,41,41,41,41,40,40,40,38,40,35,42,42,42,43,45,42,38,45,28,45,45,40,39,42,41,42,43,41,41,42,42,42,43,40,44,40,41,37,42,41,41,46,41,44,44,39,41,42,43,38,40,38,43,40,42,41,42,46,39,40,40
5,4,12,41,0,7,7,7,8,8,9,10,10,10,10,10,10,9,5,17,10,11,3,3,3,4,2,17,34,34,34,15,11,8,9,15,6,9,9,9,9,7,9,6,8,19,11,9,8,11,11,7,18,10,10,10,12,8,9,6,6,15,10,15,10,8,8,10,8,10,8,7,17,7,7,17,15,15,16,16,16,13,8,14,9,9,10,9,10,27,7,6,26,16,15,18,10,11,4,5,13,15,5,7,7,8,8,8,8,9,7,1,5,8,8,8,8,7,7,9,9,9,2,3,4,7,9,11,8,9,11,9,5,5,9,9,8,7,10,7,7,5,5,16,6,16,9,9,38,8,2,6,6,6,8,9,9,11,10,17,8,7,6,5,7,7,10,8,3,3,3,11,5,10,10,7,7,2,9,10,37,8,28,28,4,4,3,3,3,15,15,8,9,11,10,11,10,11,11,11,11,11,14,8,7,43,4,4,4,4,8,9,9,6,6,12,12,12,4,4,41,12,6,2,2,9,10,10,11,10,11,8,11,11,4,7,3,10,9,9,7,7,9,6,7,8,10,10,10,8,6,6,8,8,7,9,10,10,10,9,9,5,11,10,16,14,14,14,14,10,10,9,16,9,9,8,17,9,9,9,10,9,9,11,9,6,7,7,8,7,7,7,7,7,6,6,6,5,6,13,8,8,8,10,9,10,4,10,27,10,11,6,5,7,6,10,11,3,3,5,7,7,8,1,6,2,2,10,10,11,11,12,12,8,8,22,9,7,11,9,2,5,8,2,9,9,9,14,4,2,11
3,6,12,41,7,0,1,1,1,1,8,11,11,11,10,10,11,13,3,21,10,11,7,5,5,6,5,17,36,36,37,18,10,5,6,15,5,10,10,9,11,7,11,3,10,19,11,7,6,11,10,13,18,11,11,11,12,12,13,10,8,16,15,16,11,6,6,14,8,14,13,12,17,11,12,17,15,15,16,16,16,15,13,17,7,14,8,14,15,26,9,8,26,16,15,18,9,10,8,4,13,16,3,12,11,11,11,13,13,11,11,6,6,13,13,13,13,11,11,10,10,10,7,7,4,9,9,9,9,10,12,10,7,7,10,12,12,9,13,9,9,8,9,16,5,17,10,10,39,13,7,4,2,3,5,11,11,13,15,21,2,6,8,6,7,7,11,11,5,5,5,11,8,10,8,8,9,7,14,10,37,9,27,27,5,5,5,5,5,20,20,7,14,10,11,10,11,10,11,11,10,10,19,1,9,42,7,7,7,4,8,8,7,3,2,13,13,13,6,6,41,14,8,7,7,8,8,13,15,15,14,8,11,11,6,4,7,14,13,13,5,4,11,8,4,5,8,7,7,13,5,5,1,1,13,7,8,8,7,7,7,7,16,15,16,17,18,18,18,8,8,8,21,8,7,5,21,7,7,7,8,11,11,10,11,3,5,4,5,4,4,4,4,4,3,3,3,3,3,13,12,12,11,10,10,10,5,14,27,14,13,3,3,5,3,8,9,5,5,6,4,4,13,6,7,7,5,13,7,11,11,14,13,12,10,22,6,4,9,9,7,8,13,7,7,7,7,17,7,7,11
3,6,12,41,7,1,0,1,1,1,8,11,11,11,11,10,11,13,3,21,10,11,7,5,5,5,5,17,36,36,37,18,10,5,6,15,5,10,10,9,11,7,11,3,10,19,12,7,6,11,10,13,18,11,11,11,12,12,13,10,8,16,15,16,11,6,6,14,8,14,13,12,17,11,12,17,15,15,16,16,16,15,13,17,7,14,8,14,15,26,9,8,26,16,15,17,9,10,8,4,13,15,3,11,11,11,11,13,13,11,11,6,6,13,13,13,13,11,11,10,10,10,7,7,4,9,9,9,9,10,12,10,7,7,10,12,13,8,13,8,9,8,9,16,5,16,10,10,38,12,7,4,2,3,5,11,11,13,15,21,2,6,8,6,7,7,11,11,5,5,5,11,8,10,8,8,9,7,13,10,41,9,27,27,4,4,5,5,5,20,20,7,14,10,11,10,11,10,11,11,10,10,19,1,9,41,7,7,7,4,8,8,7,3,2,13,13,13,6,6,39,14,8,7,7,8,8,13,15,15,14,7,11,11,5,4,7,13,13,13,4,4,11,8,4,5,8,7,7,13,4,4,1,1,12,7,8,8,7,7,7,7,15,15,16,17,17,17,17,7,8,8,21,8,8,5,21,7,7,7,8,11,11,10,11,3,5,4,5,4,4,4,4,4,3,3,3,3,3,13,12,12,12,10,10,10,5,14,28,14,13,3,3,5,3,8,9,4,4,5,4,4,13,6,7,7,5,13,7,11,11,14,12,11,10,22,6,4,9,9,6,8,13,7,7,7,7,16,7,6,11
3,6,12,41,7,1,1,0,1,1,8,11,11,10,10,10,11,13,3,21,10,11,7,5,5,5,5,17,37,37,37,18,10,5,6,15,5,10,10,8,10,7,10,3,9,19,11,6,6,11,10,12,18,11,11,11,12,12,13,10,8,16,15,15,10,6,6,14,8,14,12,12,17,11,11,17,15,15,16,16,16,14,12,16,7,13,7,13,14,27,8,8,26,16,15,17,8,9,8,3,13,15,3,11,11,11,11,12,13,10,11,6,6,12,12,12,13,11,11,10,10,10,6,7,3,8,8,8,9,9,12,9,7,7,10,11,12,8,13,8,9,8,8,16,4,16,10,10,37,12,6,4,2,3,4,10,10,13,15,21,2,6,8,6,7,7,11,11,5,5,5,11,8,10,8,8,8,6,13,10,37,9,28,28,4,4,5,5,5,20,20,7,13,9,10,10,10,10,11,10,10,10,19,1,9,41,7,7,7,4,7,7,7,3,2,12,12,12,5,5,40,14,8,6,6,7,7,13,15,15,14,7,11,11,5,4,7,13,12,13,4,4,10,8,4,4,7,7,7,13,5,5,1,1,12,7,7,7,7,7,7,6,16,15,16,17,17,17,17,7,7,7,20,7,7,5,21,7,7,7,7,10,11,10,10,3,4,4,5,4,4,3,3,3,3,3,3,3,3,13,11,11,11,10,10,10,5,14,28,13,13,3,3,4,3,8,8,4,4,5,4,4,12,6,7,7,5,13,7,10,10,14,12,11,9,22,6,4,9,9,6,8,13,7,7,6,7,16,7,6,10
4,6,10,42,8,1,1,1,0,2,5,8,8,8,7,7,7,10,4,21,7,11,7,5,5,6,5,16,35,35,35,17,7,2,3,13,5,7,7,5,7,4,8,3,8,17,11,4,3,8,7,9,16,8,8,8,11,10,10,9,8,16,12,14,7,3,3,11,8,11,10,9,15,9,9,15,14,14,14,14,14,11,13,13,4,11,4,11,12,28,8,8,25,15,13,15,6,7,8,4,12,13,4,11,8,8,8,10,10,8,9,6,6,13,13,13,11,8,8,8,8,8,7,6,4,7,5,5,6,7,9,7,5,5,8,8,9,5,10,5,6,8,9,15,5,16,7,7,37,12,6,4,2,1,2,8,8,10,15,21,2,4,8,6,4,4,9,8,5,5,5,10,7,7,5,8,8,7,13,9,36,8,28,28,4,4,5,4,4,19,19,4,11,7,8,7,8,7,8,8,7,7,18,2,6,41,6,6,6,4,5,5,4,3,2,9,9,9,6,6,39,11,8,7,7,5,5,12,15,12,11,4,11,11,5,2,7,11,10,10,2,2,8,8,2,3,5,4,4,13,5,5,2,2,10,4,5,5,4,4,4,7,16,15,15,15,16,16,16,4,5,5,20,4,4,2,20,4,4,4,5,8,8,7,8,1,2,1,2,1,2,1,1,1,1,1,1,2,2,12,8,8,8,7,9,7,4,11,28,11,10,3,3,2,3,5,5,5,5,5,1,1,10,5,6,7,5,12,4,7,8,11,9,10,6,21,3,2,6,8,7,6,10,6,4,4,4,13,6,7,7
4,6,10,42,8,1,1,1,2,0,5,8,8,8,8,8,8,10,3,20,7,11,7,5,5,5,5,16,35,35,35,16,7,2,3,13,5,7,7,5,7,4,7,3,8,18,11,4,3,8,7,10,16,8,8,8,11,10,11,9,8,15,12,14,7,3,3,12,8,11,10,10,15,9,9,15,14,14,14,14,14,12,12,13,4,11,5,11,12,29,8,8,25,15,13,16,6,7,8,3,12,13,3,11,8,8,8,10,10,7,9,6,6,12,12,12,11,8,8,8,8,8,6,6,4,7,5,6,6,7,9,7,6,6,8,8,10,5,11,5,6,8,9,15,5,15,7,7,38,12,6,4,2,1,2,8,8,10,15,20,2,4,8,6,4,4,9,8,5,5,5,10,7,7,5,8,8,7,13,9,37,8,32,32,4,4,4,4,4,19,19,4,11,7,8,7,8,7,8,8,7,7,18,2,6,41,6,6,6,4,5,5,4,3,2,10,10,10,6,5,40,11,8,6,6,5,5,12,15,12,11,5,10,11,5,2,6,11,10,10,2,2,8,8,2,3,5,4,4,12,5,5,2,2,10,4,5,5,4,4,4,7,15,15,15,15,16,16,16,4,5,5,20,5,4,2,21,4,4,4,5,8,8,7,8,1,2,1,2,1,2,1,1,1,1,1,1,2,2,12,8,8,8,7,9,7,3,11,30,11,10,3,3,2,3,5,5,5,4,5,1,1,10,5,6,7,5,12,4,8,8,11,9,10,6,21,3,2,6,8,6,6,10,6,4,4,5,13,6,6,8
9,6,9,41,9,8,8,8,5,5,0,7,7,7,7,7,7,9,6,21,5,11,8,7,7,8,8,16,35,35,35,16,5,2,2,12,8,5,5,5,6,3,6,5,7,17,11,1,1,6,5,7,14,6,6,6,11,9,10,8,8,15,11,13,6,1,1,10,6,9,9,8,13,8,7,13,14,14,12,12,12,10,13,12,1,9,2,10,10,33,7,7,25,15,11,14,4,5,9,6,12,12,6,12,6,6,6,9,9,6,8,7,7,13,13,13,10,6,6,6,6,7,7,7,6,6,5,4,6,6,8,6,5,5,7,9,8,4,9,4,5,9,10,15,7,15,6,4,39,13,8,7,4,4,4,6,6,8,15,21,4,2,8,7,3,3,7,7,7,7,8,10,7,6,2,7,7,7,14,9,36,7,33,31,7,7,6,6,6,18,18,2,9,5,6,5,6,5,6,6,5,5,17,4,5,41,7,7,7,7,2,3,3,6,5,7,7,7,8,8,39,9,6,7,7,3,3,11,15,10,10,3,11,11,8,4,7,9,8,8,4,4,7,9,2,3,2,3,3,13,7,7,3,3,8,2,3,3,3,3,3,7,16,15,15,15,16,16,16,4,3,3,18,3,3,2,19,1,1,1,3,7,7,6,7,4,2,2,1,3,4,3,3,3,3,3,3,5,4,12,7,7,7,6,8,6,6,9,33,9,9,6,6,3,5,3,4,7,7,8,3,3,8,8,6,8,8,12,3,6,6,9,7,9,6,21,2,4,5,8,7,7,9,7,2,1,2,12,7,7,6
10,10,13,45,10,11,11,11,8,8,7,0,2,1,2,1,2,3,8,19,7,15,8,6,6,8,6,20,37,37,37,18,10,8,8,13,8,6,6,6,6,4,5,8,2,17,15,8,7,9,11,3,17,7,7,7,16,4,3,5,5,20,7,14,8,7,7,6,11,7,4,4,15,3,4,16,19,19,15,15,15,9,11,10,8,5,7,5,6,31,5,5,29,20,13,16,7,6,7,7,17,14,8,10,4,4,4,5,5,6,3,9,5,11,11,11,3,4,4,1,1,2,7,8,7,2,5,7,2,1,2,1,4,4,1,3,3,6,3,3,2,7,7,20,7,20,1,6,38,11,8,7,9,8,10,5,5,8,13,19,9,7,4,5,4,3,2,4,8,8,8,15,10,6,8,3,3,7,12,14,35,3,31,31,8,8,9,9,9,14,14,8,5,9,9,9,9,9,9,9,9,9,13,9,2,42,9,9,9,7,7,7,6,7,8,12,12,12,6,6,40,8,3,7,7,6,6,14,13,7,7,8,15,16,7,10,8,3,3,3,10,10,2,7,8,8,7,5,5,11,7,7,9,9,3,8,6,6,6,5,5,5,14,13,19,17,18,18,18,5,5,5,14,5,5,8,15,7,7,7,7,5,6,6,5,8,8,8,7,9,10,9,9,9,9,9,8,8,9,17,5,5,5,6,3,6,9,7,31,7,7,7,7,10,8,7,8,8,8,7,10,9,4,8,4,7,7,14,6,8,8,8,12,4,3,26,7,9,9,14,7,9,5,9,9,8,9,10,9,7,8
10,10,12,45,10,11,11,11,8,8,7,2,0,1,2,1,2,3,8,19,8,16,7,6,6,7,6,21,37,37,37,19,11,8,8,14,8,7,7,5,6,4,6,8,2,18,16,8,7,9,11,3,17,7,7,7,16,4,3,4,4,20,7,14,8,7,7,6,11,8,5,4,16,4,4,16,19,19,15,15,15,10,11,10,8,5,7,6,6,30,5,4,29,20,14,17,7,6,7,7,18,14,8,10,4,4,4,5,5,6,4,8,5,11,11,11,3,4,4,1,1,2,7,8,7,2,5,8,2,1,2,1,4,4,1,3,3,6,3,3,2,7,7,20,8,20,1,7,37,11,8,7,9,9,10,5,5,8,13,19,10,8,4,5,4,4,2,4,8,8,8,15,10,6,8,3,3,7,11,14,35,3,30,30,9,9,9,9,9,14,14,8,5,9,9,9,9,9,9,9,9,9,13,9,2,41,9,9,9,8,8,8,6,7,8,12,12,12,7,7,40,8,3,7,7,6,6,14,13,7,8,8,15,15,7,10,8,3,3,3,10,10,2,7,8,8,7,5,5,11,8,8,9,9,3,8,6,6,6,6,5,5,14,13,19,17,18,18,18,6,5,5,14,5,5,8,15,7,7,7,7,5,5,6,5,8,8,8,7,9,10,9,9,9,9,9,9,8,9,16,5,5,5,6,3,6,9,7,30,7,7,7,7,10,8,7,8,8,8,8,10,9,4,8,4,7,7,13,7,8,8,8,12,4,3,25,7,9,9,13,7,9,5,9,8,8,9,9,9,7,7
10,10,12,45,10,11,11,10,8,8,7,1,1,0,3,3,3,5,8,18,6,14,8,6,6,7,6,18,36,36,36,18,7,5,5,13,8,6,6,5,5,4,5,9,4,16,14,5,4,8,7,3,16,6,6,6,14,5,6,4,5,17,6,13,7,4,4,5,9,6,4,3,15,3,2,15,17,17,14,14,14,9,10,9,5,5,4,5,6,27,5,5,27,18,13,15,5,3,7,6,15,13,8,9,3,4,4,4,4,6,3,8,5,10,10,10,6,3,3,3,3,3,7,8,7,2,5,5,2,2,4,2,4,4,3,2,3,6,5,3,2,7,8,18,7,17,3,6,34,10,8,7,7,6,7,4,4,7,12,18,7,5,5,5,4,4,4,3,7,7,8,13,10,3,5,3,3,7,11,12,32,3,28,28,8,8,9,9,9,14,14,5,5,7,7,7,7,8,8,7,7,7,13,6,2,38,9,9,9,7,5,5,3,7,8,10,10,10,6,6,37,7,3,7,7,4,4,14,12,6,7,5,13,13,7,6,8,5,5,5,7,6,2,7,5,5,4,2,2,10,7,7,6,6,3,5,3,3,6,2,2,5,13,12,17,17,18,18,18,2,1,2,15,2,2,5,15,3,4,4,4,4,4,3,4,6,5,5,4,5,6,5,5,5,6,6,6,7,7,14,3,3,3,3,4,3,9,6,28,6,6,7,7,6,8,4,4,7,7,7,5,5,4,8,4,7,7,14,6,6,7,7,10,5,3,23,5,6,6,11,7,9,4,8,5,4,5,9,9,7,6
10,10,12,45,10,10,11,10,7,8,7,2,2,3,0,1,1,3,8,18,7,15,8,6,6,7,6,20,37,37,37,18,10,8,8,13,8,6,6,5,6,4,6,8,3,17,15,8,7,9,11,3,16,7,7,7,16,4,4,5,5,19,7,13,8,7,7,6,11,7,4,4,15,3,4,15,19,19,14,14,14,9,11,10,8,5,7,5,6,29,5,5,29,19,13,16,7,6,7,7,17,13,8,9,4,4,4,4,5,6,3,8,5,11,11,11,3,4,4,2,2,2,7,8,7,2,5,7,2,1,2,1,4,4,1,3,2,6,3,3,2,7,8,19,7,19,2,6,36,10,8,7,9,8,10,5,5,7,12,18,10,8,5,5,4,4,2,4,8,8,8,15,10,6,8,4,3,7,11,14,34,3,29,29,9,9,9,9,9,14,14,8,5,9,8,9,8,9,9,8,9,9,13,9,2,40,9,9,9,8,7,8,6,7,8,12,12,12,6,6,39,8,3,7,7,6,6,14,13,7,7,8,15,15,7,9,8,4,3,3,10,10,2,7,8,8,7,5,5,11,7,7,9,9,3,8,6,6,6,5,5,5,14,13,19,18,18,18,18,6,5,5,15,5,5,7,15,7,7,7,7,6,6,6,6,8,8,8,7,9,9,9,9,9,8,8,8,8,8,17,5,5,5,6,3,6,9,7,30,7,7,7,7,10,8,7,7,8,8,7,9,9,5,8,4,7,7,14,7,8,8,8,12,4,3,25,7,9,9,14,7,9,5,9,8,8,8,10,9,7,8
9,9,12,45,10,10,10,10,7,8,7,1,1,3,1,0,3,5,8,18,6,14,8,6,6,7,7,18,37,37,38,19,7,5,5,13,8,6,6,5,6,4,6,8,4,16,14,5,4,8,8,3,15,7,7,7,14,6,5,5,5,18,6,13,7,4,4,6,9,7,4,4,15,3,3,15,17,17,14,14,14,9,11,9,5,5,4,5,6,27,5,5,27,18,13,15,5,3,7,7,15,13,8,9,4,4,4,4,5,6,3,8,5,10,10,10,6,4,4,3,3,3,7,8,7,3,5,5,2,2,4,2,4,4,3,3,3,6,5,3,3,7,8,18,8,18,3,6,34,10,8,8,7,6,7,4,4,7,12,18,7,5,5,5,4,4,4,3,8,8,8,13,10,3,5,4,3,7,11,12,32,3,28,28,9,9,9,9,9,14,14,5,5,8,7,8,7,8,7,7,8,8,13,6,3,39,9,9,9,7,5,5,3,7,8,10,10,10,7,7,37,7,3,7,7,4,4,13,13,7,7,5,13,13,7,6,8,6,4,4,7,6,2,7,5,6,5,3,3,10,8,8,6,6,3,5,3,3,6,3,3,5,13,12,17,18,18,18,18,3,2,2,15,2,2,5,15,4,4,4,4,4,4,4,4,6,5,5,5,5,6,6,6,6,6,6,6,8,7,15,3,3,3,3,4,3,9,6,28,6,7,8,8,6,9,4,5,8,8,8,6,6,4,8,5,7,8,13,6,7,7,8,10,6,3,23,5,7,6,12,7,10,5,9,6,5,6,9,9,7,7
10,10,12,45,10,11,11,11,7,8,7,2,2,3,1,3,0,3,8,18,7,15,7,6,6,7,6,20,37,37,37,18,10,8,8,13,8,6,6,5,6,4,6,8,2,16,15,7,7,9,10,3,16,7,7,7,16,4,3,5,5,19,6,13,8,7,7,6,11,7,4,4,15,3,3,15,19,19,14,14,14,9,10,10,8,5,7,5,6,29,5,4,29,19,13,16,7,6,7,7,17,13,8,9,4,4,4,4,5,6,3,8,5,10,10,10,4,4,4,2,2,2,7,8,7,2,5,7,2,1,2,1,4,4,1,3,2,6,3,3,2,7,7,19,8,19,2,6,36,10,9,8,9,9,10,5,5,7,12,18,10,8,5,5,4,4,2,4,8,8,8,15,10,6,8,3,3,7,11,14,34,3,29,29,9,9,10,9,9,14,14,8,5,9,8,9,8,9,9,8,9,9,13,9,2,40,9,9,9,8,8,8,6,7,8,12,12,12,7,7,39,7,3,7,7,6,6,13,13,6,7,8,15,15,7,10,8,3,3,3,10,10,2,7,8,8,8,6,6,11,8,8,10,10,2,8,7,7,6,6,6,5,14,13,19,17,18,18,18,6,5,5,14,5,5,8,15,7,7,7,7,5,5,6,5,9,8,8,8,8,10,9,9,9,9,9,9,9,9,16,5,5,5,6,3,6,10,7,29,7,7,8,8,9,9,7,8,8,8,8,9,8,4,9,5,7,8,13,7,8,8,8,12,4,3,25,8,10,9,13,7,9,5,10,8,8,8,9,9,7,7
13,11,13,46,9,13,13,13,10,10,9,3,3,5,3,5,3,0,8,18,7,14,7,6,6,7,6,20,36,36,36,18,10,7,7,13,8,6,6,7,5,5,5,8,1,16,15,7,6,8,10,2,15,6,6,6,15,3,2,4,4,19,6,12,7,6,6,5,11,6,4,3,15,3,3,15,18,18,13,13,13,8,10,9,7,4,7,5,6,28,4,4,28,19,12,15,7,5,6,7,16,13,8,9,3,3,3,4,4,5,3,8,4,10,10,10,2,3,3,2,2,2,6,7,7,1,6,7,3,2,2,2,4,4,1,3,2,5,2,4,3,6,6,19,8,19,3,6,35,10,8,7,9,8,9,4,4,7,12,18,9,7,4,4,5,5,2,4,7,7,8,14,9,5,7,3,2,6,11,13,33,3,29,29,8,8,9,9,9,14,14,7,5,8,8,8,8,8,8,8,8,8,12,9,3,40,8,8,8,7,7,7,6,7,8,11,11,11,7,6,39,7,2,6,6,5,5,13,12,6,7,8,14,14,7,9,7,3,2,3,9,9,2,6,8,8,7,5,5,10,8,8,8,8,2,8,5,5,7,5,5,4,13,12,18,16,17,17,17,5,4,4,14,4,5,7,14,6,6,6,6,5,5,6,5,8,7,7,7,8,8,8,8,8,8,8,8,8,8,16,4,4,4,5,1,5,9,6,29,6,6,7,7,8,8,6,7,7,7,7,8,8,4,8,5,6,7,13,8,7,7,8,11,2,4,24,7,9,9,13,6,8,4,8,8,7,8,9,8,6,7
3,4,11,40,5,3,3,3,4,3,6,8,8,8,8,8,8,8,0,17,9,10,4,4,4,4,3,15,34,34,34,14,9,4,5,13,4,9,9,8,9,6,8,4,8,17,10,6,5,9,9,8,15,10,10,10,10,9,10,7,6,14,11,13,9,5,6,10,7,11,9,8,15,8,8,15,13,13,14,14,13,14,9,14,7,10,7,10,11,23,7,6,23,14,12,16,8,9,5,2,11,13,1,8,8,8,9,9,9,10,8,3,5,9,9,9,9,8,8,10,10,10,3,4,2,7,8,8,9,10,12,10,6,6,10,10,9,7,10,7,8,6,6,14,3,14,10,10,30,9,3,3,3,3,5,10,10,12,11,17,5,5,6,5,6,6,11,9,2,2,2,9,5,9,8,6,7,3,10,8,30,7,24,24,1,1,2,2,2,16,16,6,10,9,9,9,9,9,9,9,9,9,15,5,8,35,4,4,4,2,7,7,7,3,3,10,10,10,5,5,33,12,6,3,3,7,7,10,11,11,12,7,10,10,3,4,4,10,10,10,4,4,10,6,5,5,7,7,7,9,3,3,5,5,8,7,7,7,6,7,7,5,12,11,13,13,14,14,14,7,7,7,16,7,7,5,17,7,7,7,7,10,10,10,10,3,4,4,5,4,4,4,4,4,3,3,3,2,3,11,9,9,9,9,8,9,2,11,24,11,11,3,3,4,4,7,8,2,2,4,4,4,9,3,6,3,2,10,7,9,10,13,10,9,9,19,6,5,9,8,3,5,9,3,7,6,7,14,4,3,9
20,19,26,41,17,21,21,21,21,20,21,19,19,18,18,18,18,18,17,0,17,21,13,15,15,16,14,26,41,41,41,22,20,18,19,23,17,16,16,18,15,17,15,17,16,26,21,19,18,18,21,14,25,16,16,16,19,15,15,12,15,24,17,22,18,18,18,16,19,17,15,14,24,13,14,25,23,23,23,23,23,19,12,20,19,15,18,16,16,18,15,15,31,23,22,25,19,19,11,15,22,23,16,11,14,14,14,15,15,16,14,14,13,13,13,13,15,14,14,17,17,17,12,14,15,15,18,17,17,17,17,17,15,15,16,15,14,16,16,16,17,12,12,22,17,23,18,16,29,12,15,17,17,17,18,15,15,18,15,1,19,17,15,13,17,17,17,15,14,14,14,20,16,16,18,15,14,12,13,19,27,16,18,18,15,15,15,15,15,18,18,18,16,19,18,19,18,19,19,18,19,19,17,18,17,36,14,14,14,15,20,20,17,16,17,21,21,21,16,16,34,18,14,12,12,16,16,17,11,17,18,19,21,21,16,18,14,16,15,15,18,18,16,13,18,18,19,18,18,13,17,17,18,18,14,19,19,19,19,18,18,14,15,14,22,21,22,22,22,19,18,18,19,18,18,19,18,18,18,18,18,16,16,18,16,16,18,17,18,17,18,17,17,17,17,17,17,16,16,20,15,15,15,16,17,16,15,17,18,17,17,16,16,18,17,18,18,15,15,16,18,17,15,15,15,13,13,17,20,18,18,19,21,15,18,28,19,18,19,20,12,15,15,15,19,19,19,20,14,12,17
12,9,9,41,10,10,10,10,7,7,5,7,8,6,7,6,7,7,9,17,0,11,9,10,10,11,9,16,37,37,37,18,5,6,6,9,11,1,1,8,2,7,2,9,7,12,11,5,5,2,7,4,11,3,3,3,11,6,7,5,8,15,7,9,1,5,5,6,7,7,5,4,11,4,4,11,15,15,10,10,10,9,11,10,5,6,5,6,6,24,8,8,25,16,9,12,6,7,7,10,13,9,10,10,3,4,4,5,6,3,4,10,9,11,11,11,7,4,4,7,7,7,8,9,10,7,8,4,7,6,6,6,8,8,6,5,4,8,7,7,7,7,8,15,11,16,7,3,32,11,11,10,8,7,8,4,4,7,13,18,8,5,8,8,7,7,7,4,10,10,10,11,11,5,3,7,6,8,12,10,30,8,26,26,10,10,9,9,9,14,14,4,6,2,2,2,2,2,2,2,2,2,13,7,7,36,10,10,10,11,4,4,4,10,8,8,8,8,11,11,35,8,7,8,8,4,4,13,13,8,8,6,11,11,11,8,9,6,5,5,8,8,6,9,6,6,5,7,7,11,11,11,7,8,4,6,5,5,7,5,5,10,14,13,15,17,18,18,18,8,5,5,15,5,5,6,15,5,4,5,3,5,5,7,5,8,6,6,5,7,8,7,7,7,7,7,7,8,8,12,4,4,4,5,7,5,9,7,26,7,8,9,9,7,9,3,3,10,10,11,7,7,5,10,9,8,9,14,7,1,1,8,8,6,7,21,6,8,3,9,8,11,6,11,6,5,6,11,10,8,1
12,8,12,36,11,11,11,11,11,11,11,15,16,14,15,14,15,14,10,21,11,0,10,11,11,12,11,10,33,33,33,15,13,11,11,15,12,11,11,13,10,12,10,11,14,19,2,11,10,11,13,12,17,11,11,11,5,14,15,13,15,8,15,15,10,10,10,14,8,15,13,12,16,12,12,17,9,9,15,15,15,15,15,17,11,14,12,14,14,20,15,14,19,10,14,17,12,13,12,10,7,15,10,14,11,11,11,13,14,11,12,10,13,15,15,15,15,12,12,14,14,14,10,10,11,13,13,13,13,13,14,13,13,13,14,14,12,13,15,13,13,12,12,9,11,9,14,12,26,15,11,11,11,10,12,12,12,15,16,21,12,9,15,13,12,12,15,11,11,11,11,3,10,13,13,15,14,10,17,2,25,14,21,20,10,10,9,9,9,19,19,10,14,11,10,11,10,11,11,10,11,11,18,12,13,31,10,10,10,11,11,11,11,10,11,11,11,11,12,12,30,16,14,10,10,11,11,10,14,15,16,11,1,1,12,12,10,14,13,13,12,12,14,14,11,11,12,12,12,15,11,11,12,12,12,12,12,11,12,11,11,13,17,17,9,14,15,15,15,12,12,11,20,11,11,10,19,11,11,11,12,12,13,15,12,10,10,11,10,11,12,11,11,11,10,10,10,9,10,6,12,12,12,13,15,13,9,15,20,15,15,10,10,12,11,12,13,12,12,12,11,11,13,11,13,10,11,10,12,11,11,16,11,14,14,15,11,12,13,6,10,10,13,11,12,11,12,17,10,10,11
6,4,11,40,3,7,7,7,7,7,8,8,7,8,8,8,7,7,4,13,9,10,0,3,3,4,3,15,31,31,32,13,10,6,7,13,5,8,8,8,7,7,7,6,8,17,10,7,6,10,9,6,16,8,8,8,11,7,7,4,7,14,9,14,9,6,6,8,7,9,7,6,15,5,6,15,14,14,14,14,14,11,7,12,8,7,9,8,8,23,7,6,23,15,13,16,9,10,3,4,12,14,5,6,6,6,6,7,7,7,5,3,5,7,7,7,7,6,6,9,9,9,1,2,4,7,8,9,8,8,8,8,5,5,8,7,6,6,8,6,7,3,4,14,5,15,9,8,30,6,4,5,5,5,7,7,7,10,9,14,7,6,7,4,7,7,9,7,3,3,3,10,4,8,9,6,6,1,8,9,28,7,23,23,4,4,4,4,4,13,13,6,8,9,9,9,9,9,10,9,9,9,12,7,7,34,3,2,2,4,7,7,8,5,5,10,10,10,4,4,33,10,6,1,1,8,8,8,9,9,9,7,10,10,4,6,1,8,7,7,6,6,7,5,6,7,9,9,9,7,5,5,7,7,6,8,8,8,9,8,8,5,10,9,14,11,12,12,12,9,8,8,14,8,8,7,14,8,8,8,8,8,8,10,8,5,6,6,7,6,6,5,5,5,5,5,5,4,5,11,7,7,7,8,8,8,4,9,23,9,9,5,5,6,6,8,9,3,3,5,6,6,7,3,5,1,2,8,8,10,10,10,10,7,8,19,7,6,9,8,1,3,7,4,8,7,8,12,2,1,9
3,6,13,42,3,5,5,5,5,5,7,6,6,6,6,6,6,6,4,15,10,11,3,0,1,2,1,16,33,33,33,14,9,4,5,14,2,9,9,5,9,3,8,2,5,18,11,6,5,10,9,7,16,10,10,10,11,8,9,5,4,16,10,14,9,5,5,9,8,10,8,7,16,7,7,16,14,14,14,14,14,12,8,13,6,9,7,9,9,25,4,4,24,16,13,16,7,7,4,1,12,14,2,7,7,7,8,8,8,9,7,2,2,8,8,8,9,7,7,6,6,6,2,3,2,4,5,8,4,5,7,5,2,2,6,8,8,3,8,3,4,4,4,15,2,15,6,9,31,7,3,2,3,3,4,9,9,11,10,16,4,5,4,2,3,3,7,8,2,2,2,10,5,8,7,4,4,2,9,9,30,5,25,25,3,3,5,5,4,14,14,6,9,9,9,9,9,9,10,10,9,9,13,4,4,35,4,4,4,2,7,7,6,1,2,11,11,11,1,1,34,11,3,2,2,7,7,10,10,11,11,6,10,10,2,4,3,8,8,8,4,4,7,4,3,3,7,6,6,8,2,2,3,4,8,6,6,6,5,6,6,2,11,10,14,13,14,14,14,6,7,7,15,6,6,5,15,6,6,6,7,9,9,8,9,2,4,4,4,3,4,3,3,3,3,3,3,2,3,12,8,8,8,8,6,8,4,10,25,10,10,1,2,4,2,7,8,2,2,2,4,4,8,2,2,2,1,10,6,10,10,11,11,7,5,20,5,3,9,8,2,5,8,3,7,6,7,13,4,2,9
3,6,12,41,3,5,5,5,5,5,7,6,6,6,6,6,6,6,4,15,10,11,3,1,0,2,1,17,33,33,33,14,9,4,5,15,2,9,9,5,9,4,8,3,6,19,12,6,5,10,9,7,17,9,9,9,12,8,9,6,4,16,10,15,10,5,5,9,9,10,8,7,17,6,7,17,15,15,15,15,15,12,8,13,6,8,7,9,9,24,4,4,25,17,14,18,8,8,4,1,14,15,2,6,7,7,7,8,8,9,6,2,3,8,8,8,8,7,7,5,5,5,2,3,1,4,5,8,4,5,7,5,2,2,5,8,7,3,8,3,4,4,4,16,2,16,5,9,31,7,3,2,3,3,4,8,8,11,9,16,4,6,4,2,4,3,6,8,2,2,2,11,5,8,8,4,5,2,8,10,29,5,25,25,3,3,4,4,4,14,14,6,9,9,10,9,10,9,10,10,9,9,13,4,4,35,4,4,4,2,7,7,7,2,2,11,11,11,1,1,34,11,4,2,2,7,7,9,10,10,10,7,11,11,1,4,3,8,7,7,4,4,7,4,3,4,7,6,6,8,2,2,4,4,7,7,6,6,6,7,7,3,10,9,16,13,14,14,14,6,7,7,15,7,6,5,15,6,7,6,7,9,9,8,9,3,4,4,5,4,4,3,3,3,3,3,3,3,3,13,8,8,8,8,6,8,4,10,25,10,10,2,2,4,3,7,8,2,2,2,4,4,8,2,2,2,1,10,7,10,10,11,11,7,4,21,5,3,9,10,2,5,8,3,7,6,7,13,4,2,9
4,7,13,42,4,6,5,5,6,5,8,8,7,7,7,7,7,7,4,16,11,12,4,2,2,0,3,16,34,34,34,15,9,5,6,14,3,10,10,5,9,4,9,3,5,18,11,7,6,11,9,7,17,10,10,10,12,8,8,5,4,16,11,15,10,6,6,11,8,11,9,9,16,7,8,16,15,15,15,15,15,14,8,14,7,10,7,10,11,25,4,4,25,16,14,17,7,8,4,2,13,15,3,7,9,9,9,9,9,9,7,4,2,8,8,8,8,9,9,6,6,6,4,5,2,4,5,8,4,5,7,5,3,3,6,8,7,4,8,4,4,4,4,15,3,16,6,9,31,8,5,3,4,3,5,9,9,12,10,16,5,6,4,2,4,4,6,9,4,4,4,11,7,8,8,4,4,4,9,10,30,5,25,25,4,4,5,5,5,14,14,7,10,9,10,9,10,10,11,10,9,9,13,4,4,36,6,6,6,3,7,8,7,2,3,12,12,12,2,2,35,12,3,4,4,7,8,11,11,11,11,7,11,11,3,5,5,8,8,8,5,5,7,4,4,4,8,6,6,8,3,3,4,4,7,7,6,6,6,7,7,2,11,10,15,14,15,15,15,7,7,7,15,7,7,6,16,7,7,7,8,9,9,8,9,3,5,4,5,4,5,4,4,4,4,4,4,3,4,13,9,9,9,8,6,8,5,11,25,11,11,2,2,5,3,8,8,3,3,2,5,4,9,4,3,4,3,11,7,10,10,12,12,7,4,21,6,4,9,9,4,6,9,5,7,7,7,14,6,4,10
3,6,13,43,2,5,5,5,5,5,8,6,6,6,6,7,6,6,3,14,9,11,3,1,1,3,0,15,32,32,33,14,10,5,6,14,3,8,8,5,8,4,8,3,5,18,11,7,6,10,9,7,16,9,9,9,11,7,8,5,4,15,9,15,10,6,6,9,8,9,7,7,16,6,6,16,14,14,15,15,15,12,7,12,7,8,7,8,9,24,4,4,24,15,13,16,7,8,4,2,12,14,3,6,7,7,7,7,8,8,6,2,2,7,7,7,8,7,7,5,5,5,2,3,2,4,5,8,4,5,7,5,2,2,5,7,7,3,8,3,4,4,4,15,3,15,5,8,30,7,2,3,4,4,5,8,8,10,9,15,5,6,4,2,4,3,6,7,2,2,2,10,5,8,8,4,4,2,8,9,29,5,24,24,2,2,3,3,3,14,14,7,8,9,10,9,10,10,10,10,9,9,12,4,4,35,4,4,4,3,7,7,7,2,3,11,11,11,2,2,34,10,3,2,2,7,7,9,9,10,10,7,10,11,1,5,3,8,7,7,5,5,7,4,4,4,7,6,6,7,3,3,4,4,7,7,6,6,6,7,7,2,10,9,14,13,13,13,13,6,7,7,14,7,7,5,15,7,7,7,7,8,8,8,8,3,5,4,5,4,5,4,4,4,4,4,3,3,4,12,8,8,8,8,6,8,3,9,24,9,9,2,2,5,3,8,8,2,2,2,5,4,7,2,3,2,1,9,7,10,10,11,11,7,4,20,6,4,9,8,2,4,7,3,7,6,7,12,4,2,9
18,14,17,37,17,17,17,17,16,16,16,20,21,18,20,18,20,20,15,26,16,10,15,16,17,16,15,0,36,36,36,18,19,17,17,21,17,16,16,19,16,18,16,16,20,24,13,17,16,16,19,18,23,17,17,17,9,19,20,18,20,11,21,20,16,16,16,20,14,21,18,18,22,18,17,23,9,9,21,21,21,20,21,23,17,19,18,19,20,20,20,19,21,12,20,23,18,19,17,16,8,20,16,19,17,17,17,19,19,17,18,15,18,21,21,21,20,17,17,20,20,20,15,15,17,19,19,18,19,19,20,19,19,19,20,19,18,18,21,18,19,18,18,10,17,12,20,17,26,21,16,16,16,16,18,18,18,21,20,26,18,15,20,18,18,18,20,17,17,17,17,13,16,19,19,20,20,15,21,12,25,20,20,20,15,15,15,14,14,25,25,16,20,17,16,17,16,16,16,16,17,17,24,18,19,31,16,16,15,17,16,17,17,15,16,17,17,17,17,17,30,22,20,15,15,17,17,13,20,21,22,16,11,11,18,17,15,20,19,19,17,17,19,19,17,17,18,18,18,21,17,17,17,17,18,18,18,18,18,17,17,18,20,20,10,17,18,18,18,18,18,17,26,17,17,16,24,17,17,17,18,18,18,20,18,16,16,17,16,16,17,16,16,16,16,16,16,14,16,8,18,18,18,19,21,19,15,21,20,21,21,16,15,17,16,18,19,18,18,18,17,17,19,17,18,15,16,14,18,16,17,22,17,20,20,18,17,17,19,15,15,16,19,16,18,17,18,22,15,15,17
37,32,41,62,34,36,36,37,35,35,35,37,37,36,37,37,37,36,34,41,37,33,31,33,33,34,32,36,0,1,1,1,20,17,17,23,16,18,18,19,17,18,17,16,18,26,16,17,16,19,19,16,25,18,18,18,14,17,17,15,16,15,19,23,18,16,16,18,17,19,17,16,25,16,16,25,18,18,23,23,23,21,14,23,17,17,18,18,18,20,17,17,27,18,22,25,18,19,13,15,18,23,16,14,16,16,16,17,17,18,16,13,15,14,14,14,17,16,16,19,19,19,13,12,14,17,19,18,18,19,19,19,17,17,18,17,17,18,19,17,18,14,14,18,16,18,19,18,31,14,14,16,15,15,17,18,18,20,12,23,17,16,16,14,18,18,19,17,14,14,14,16,12,19,18,17,17,13,13,15,30,18,21,21,14,14,14,14,14,22,22,17,17,20,19,20,19,20,19,19,20,20,21,17,18,37,12,12,12,15,18,18,17,15,16,20,20,20,15,15,37,20,16,13,13,17,18,6,17,19,19,18,16,16,15,16,13,18,17,17,17,16,17,15,17,17,18,18,18,14,16,16,17,17,16,18,18,18,18,17,17,15,12,13,17,2,1,1,1,18,18,17,23,17,17,16,21,17,17,17,18,17,18,20,17,15,16,16,16,16,16,16,16,16,15,15,15,14,15,16,17,17,17,18,19,18,14,18,21,18,19,15,15,16,16,18,18,15,15,16,16,16,17,14,16,13,14,6,18,19,19,20,19,17,18,23,17,17,20,18,13,11,17,14,17,17,18,22,12,13,19
37,32,41,62,34,36,36,37,35,35,35,37,37,36,37,37,37,36,34,41,37,33,31,33,33,34,32,36,1,0,1,1,20,17,17,23,15,18,18,19,17,18,17,16,18,26,16,17,16,19,20,16,25,18,18,18,14,16,17,14,16,16,19,23,19,16,16,18,17,19,16,16,24,15,16,25,19,19,23,23,23,21,13,22,17,17,18,17,18,20,17,16,27,18,22,25,18,19,13,14,18,23,15,15,16,16,16,17,17,17,15,13,14,13,13,13,17,16,16,19,19,19,13,12,14,17,19,19,17,19,18,19,16,16,18,17,16,17,18,17,17,13,13,18,15,18,19,17,32,13,14,15,15,15,17,17,17,19,12,23,17,16,16,14,18,18,18,16,14,14,14,16,12,18,18,16,16,13,13,15,30,18,21,21,14,14,14,14,13,22,22,17,17,20,19,20,19,20,19,19,20,20,21,17,17,37,12,12,12,14,17,17,17,15,15,20,20,20,15,15,37,19,16,13,13,17,17,5,17,19,19,17,16,16,15,16,13,18,17,17,16,16,17,14,17,17,18,18,18,14,15,15,16,16,16,17,17,17,17,17,17,15,13,13,17,2,1,1,1,18,18,17,22,17,17,16,21,17,17,17,17,17,17,20,17,14,16,16,16,15,16,15,15,15,15,15,15,14,15,16,17,17,17,18,18,18,13,18,21,18,19,15,14,16,16,18,18,14,14,16,16,15,16,14,16,13,14,6,17,19,19,20,19,16,18,23,17,16,20,18,13,11,17,14,17,17,18,22,12,13,19
37,33,41,62,34,37,37,37,35,35,35,37,37,36,37,38,37,36,34,41,37,33,32,33,33,34,33,36,1,1,0,1,20,16,16,23,15,17,17,18,17,17,17,15,18,26,16,16,16,19,19,15,25,18,18,18,14,16,17,14,15,15,18,23,18,15,16,17,16,18,16,16,24,15,15,24,18,18,23,23,23,21,13,22,17,17,18,17,18,20,16,16,26,17,22,25,18,19,13,14,17,22,15,15,16,16,16,16,17,17,15,13,14,13,13,13,17,16,16,18,18,18,12,12,13,16,18,18,17,18,18,18,16,16,18,17,16,17,18,17,17,13,13,18,15,18,18,17,31,13,13,15,15,15,16,17,17,19,12,23,17,16,15,14,17,17,18,16,14,14,14,15,12,18,18,16,16,12,13,14,30,17,21,21,14,14,13,13,13,22,22,17,17,19,18,19,18,20,18,18,19,19,21,16,17,37,12,12,12,14,17,17,17,15,15,19,19,19,15,15,36,19,16,12,12,17,17,5,17,18,19,17,16,16,15,16,13,18,17,17,16,16,17,14,17,17,17,18,18,14,15,15,16,16,16,17,17,17,17,17,17,15,12,13,17,2,1,1,1,18,17,17,22,17,17,16,21,17,17,17,17,17,17,20,17,14,16,15,16,15,16,15,15,15,15,15,15,14,15,15,17,17,17,18,18,18,13,18,21,18,19,15,14,16,15,17,18,14,14,15,16,15,16,14,16,13,14,6,17,19,19,20,19,16,18,23,16,16,19,17,12,11,17,13,17,16,17,22,12,12,19
18,14,22,44,15,18,18,18,17,16,16,18,19,18,18,19,18,18,14,22,18,15,13,14,14,15,14,18,1,1,1,0,20,16,16,22,15,17,17,18,17,17,17,15,17,26,16,16,15,18,19,15,24,18,18,18,14,16,17,14,15,15,18,23,18,15,15,17,16,18,16,15,24,15,15,24,18,18,23,23,23,20,13,22,17,17,17,17,18,20,16,16,26,17,22,25,18,19,12,14,17,22,15,14,15,16,16,16,16,17,15,13,14,13,13,13,17,16,16,18,18,18,12,12,13,16,18,18,17,18,18,18,15,15,18,17,16,16,18,16,17,13,13,17,15,18,18,17,30,13,13,15,15,15,16,17,17,19,12,23,17,16,15,14,17,17,18,16,13,13,14,15,12,18,18,16,16,12,13,14,29,17,21,21,14,14,13,13,13,22,22,17,17,19,18,19,18,19,18,18,19,19,21,16,17,38,12,12,12,14,17,17,16,14,15,19,19,19,15,15,37,19,15,12,12,17,17,5,17,18,19,17,16,16,15,16,12,18,17,17,16,16,17,14,17,17,17,17,17,13,15,15,16,16,16,17,17,17,17,17,17,15,12,12,17,1,1,1,1,18,17,17,22,17,16,16,21,17,17,17,17,17,17,20,17,14,16,15,16,15,16,15,15,15,15,15,14,14,14,15,16,16,16,18,18,18,13,18,23,18,18,14,14,16,15,17,18,14,14,15,15,15,16,14,16,12,13,6,17,19,19,20,19,16,17,22,16,16,19,17,12,11,16,14,17,16,17,22,12,12,18
12,8,12,43,11,10,10,10,7,7,5,10,11,7,10,7,10,10,9,20,5,13,10,9,9,9,10,19,20,20,20,20,0,4,4,10,8,2,2,6,3,5,3,7,8,14,12,3,3,4,6,5,13,4,4,4,12,7,8,6,9,16,8,10,3,3,3,7,7,8,6,5,12,5,5,12,15,15,11,11,11,10,12,11,3,7,4,7,8,25,9,8,25,16,10,13,5,6,8,7,13,11,7,10,4,4,4,6,6,4,5,7,8,12,12,12,7,5,5,6,6,6,7,8,7,6,6,4,6,6,8,6,7,7,6,6,5,6,9,6,6,8,9,16,8,16,6,2,32,11,8,8,6,5,6,5,5,8,13,20,6,3,8,8,5,5,7,5,8,8,8,11,9,6,3,7,7,7,12,10,30,7,26,26,7,7,7,7,7,15,15,2,7,4,3,4,3,4,3,3,4,4,14,6,6,36,8,8,8,8,2,2,4,7,6,8,8,8,9,9,35,9,6,7,7,5,4,13,14,8,9,5,11,12,9,6,7,7,6,6,6,6,6,10,4,5,3,5,5,11,8,8,5,6,5,4,5,4,5,4,4,8,15,13,15,17,17,17,17,6,4,4,15,4,4,4,16,3,3,4,4,5,6,7,5,5,4,4,4,5,6,5,5,5,5,5,5,6,6,13,5,5,5,6,8,6,7,8,26,8,8,7,7,5,7,3,3,8,8,9,5,5,6,8,7,7,9,13,5,3,3,9,8,7,7,21,4,6,2,9,7,8,6,8,4,3,4,11,8,7,2
6,6,8,41,8,5,5,5,2,2,2,8,8,5,8,5,8,7,4,18,6,11,6,4,4,5,5,17,17,17,16,16,4,0,2,13,6,7,7,4,7,3,7,4,6,17,12,4,3,8,7,7,15,8,8,8,12,8,8,7,6,16,10,13,7,3,3,10,8,11,8,8,15,7,7,15,16,16,13,13,13,12,12,14,4,9,5,9,10,25,6,6,25,16,12,15,5,6,8,5,14,13,5,11,7,8,8,8,9,7,7,6,6,12,12,12,8,8,8,5,5,5,6,7,5,5,4,6,4,5,7,5,4,4,5,7,7,3,8,3,4,8,8,16,6,16,5,6,31,12,7,6,3,3,4,7,7,10,14,20,4,4,6,6,3,3,6,8,6,6,6,11,8,6,5,7,6,6,13,10,30,6,26,26,5,5,5,5,5,16,16,4,9,7,8,7,8,7,8,8,7,7,15,3,4,36,7,7,7,6,4,4,4,4,4,9,9,9,7,7,35,11,7,6,6,5,5,12,14,10,11,5,12,12,6,3,6,8,7,7,3,3,6,7,1,2,5,3,3,12,6,6,3,3,7,4,3,3,3,4,4,6,15,14,16,16,17,17,17,4,5,4,17,4,4,3,18,4,4,4,5,8,8,7,8,3,2,2,2,2,3,2,2,2,2,2,3,3,3,13,8,8,8,7,7,6,5,10,26,10,11,4,4,3,4,5,5,6,6,6,2,2,8,7,5,7,7,12,3,7,7,11,9,8,4,21,2,3,7,10,6,8,8,7,4,4,5,14,7,6,7
7,6,8,41,9,6,6,6,3,3,2,8,8,5,8,5,8,7,5,19,6,11,7,5,5,6,6,17,17,17,16,16,4,2,0,13,6,7,6,4,7,3,7,4,6,16,12,3,3,8,7,7,15,8,8,8,12,8,7,7,6,16,10,13,7,3,3,9,8,10,8,7,15,7,7,15,16,16,13,13,13,12,12,13,4,9,4,9,10,26,6,6,25,16,12,15,4,5,7,5,14,13,5,11,7,7,7,8,8,7,7,6,6,12,12,12,7,8,8,5,5,5,7,8,5,5,4,5,4,5,6,5,4,4,5,6,7,3,7,3,4,8,8,16,6,17,5,6,31,12,7,6,3,3,4,6,6,10,14,20,3,4,6,6,3,3,6,6,6,6,7,12,8,5,5,6,6,7,13,11,31,6,26,26,5,5,6,6,6,16,16,4,9,6,7,6,7,7,7,7,6,6,15,3,4,36,8,8,8,6,4,4,4,4,4,9,9,9,6,6,35,11,5,7,7,5,5,13,15,10,10,4,12,12,6,3,7,8,7,7,3,3,6,8,1,1,5,3,3,12,6,6,3,3,7,4,3,3,3,4,4,6,15,14,16,17,17,17,17,3,3,3,17,3,4,3,16,4,4,4,5,6,6,6,6,3,2,2,2,2,3,2,2,2,3,3,3,4,4,13,7,7,7,5,7,5,5,10,26,10,10,4,4,3,4,5,5,6,6,7,2,2,8,7,4,7,7,12,3,7,7,11,8,8,4,22,2,3,6,10,7,8,8,7,4,4,4,13,8,7,7
16,12,12,44,15,15,15,15,13,13,12,13,14,13,13,13,13,13,13,23,9,15,13,14,15,14,14,21,23,23,23,22,10,13,13,0,16,10,10,14,9,13,9,15,15,16,15,12,11,10,15,12,5,10,10,10,16,13,14,12,15,19,11,15,10,11,11,11,11,10,10,11,8,11,12,8,19,19,4,4,4,6,17,8,12,11,13,11,10,29,15,15,28,20,3,6,14,15,14,15,17,1,15,16,10,11,11,12,11,10,12,14,16,17,17,17,15,11,11,15,15,15,14,14,14,15,14,12,15,15,15,15,14,14,14,13,12,14,16,14,14,14,15,20,16,20,16,11,35,17,15,16,14,14,14,11,11,9,19,25,14,11,15,15,13,13,15,11,15,15,15,15,15,12,12,14,13,14,18,14,34,15,29,29,14,14,13,13,13,19,19,12,11,10,10,10,10,10,10,10,10,10,18,14,14,39,14,14,14,15,12,13,12,14,15,12,12,12,17,17,38,8,15,14,14,11,11,19,20,10,10,13,15,15,16,14,14,14,13,13,14,14,13,16,12,13,13,13,13,17,16,16,14,14,12,13,13,13,13,13,13,17,20,19,20,23,24,24,24,14,13,13,19,13,12,12,20,12,13,12,12,12,12,14,11,13,12,12,12,13,14,13,13,13,13,13,13,13,14,17,11,11,11,12,15,12,13,10,29,9,9,14,14,13,15,12,12,15,15,16,13,13,12,15,15,14,15,20,13,10,10,9,12,13,15,25,12,14,12,13,14,15,11,15,13,12,13,8,14,14,10
2,6,13,41,6,5,5,5,5,5,8,8,8,8,8,8,8,8,4,17,11,12,5,2,2,3,3,17,16,15,15,15,8,6,6,16,0,8,8,6,9,5,9,2,7,17,10,5,4,9,8,9,16,9,9,9,11,10,10,7,6,14,12,14,9,4,4,11,7,13,10,10,16,9,9,16,14,14,14,14,14,14,10,15,5,11,6,11,12,24,6,6,24,15,13,16,7,8,6,2,12,14,2,9,9,9,9,10,11,9,9,4,4,10,10,10,10,9,10,7,7,7,4,5,2,6,6,7,6,7,9,7,5,5,7,9,9,5,10,5,6,6,6,15,3,15,7,8,30,9,5,1,3,2,4,9,9,12,11,18,3,5,6,4,5,5,8,9,3,3,3,10,6,8,7,6,6,4,11,9,29,7,25,25,3,3,4,4,4,16,16,5,11,8,9,8,9,8,9,9,8,8,15,3,6,34,5,5,5,3,6,6,5,1,2,10,10,10,4,4,33,13,5,4,4,6,6,11,12,12,13,6,10,10,3,3,5,10,9,9,3,3,8,6,2,3,6,6,6,10,3,3,3,3,9,6,6,6,5,6,6,5,12,12,15,14,15,15,15,6,6,6,17,6,5,4,17,5,6,5,6,9,9,8,9,2,3,3,4,3,3,3,3,3,2,2,2,2,2,12,9,9,9,8,8,8,4,12,24,12,12,1,2,4,2,6,7,3,3,3,3,3,10,4,5,5,4,11,5,9,9,13,10,9,6,20,4,2,8,8,4,6,10,5,6,5,6,15,5,4,9
12,8,8,40,9,10,10,10,7,7,5,6,7,6,6,6,6,6,9,16,1,11,8,9,9,10,8,16,18,18,17,17,2,7,7,10,8,0,1,7,1,6,1,8,6,12,11,4,4,3,7,3,11,2,2,2,11,5,6,4,7,15,6,9,2,4,4,5,7,7,4,4,11,3,3,11,15,15,9,9,9,8,10,9,5,5,5,5,6,24,7,7,24,15,8,11,5,6,7,9,13,9,9,8,2,3,3,4,5,2,3,9,8,10,10,10,6,3,3,6,6,7,7,8,9,6,7,4,6,6,6,6,8,8,6,4,3,7,7,7,7,7,7,15,10,16,7,2,30,9,9,9,7,7,7,3,3,6,11,17,7,4,7,8,6,6,6,3,9,9,9,10,10,4,3,6,6,7,11,9,29,7,25,25,9,9,8,8,8,13,13,3,5,3,2,3,2,3,3,2,3,3,12,7,7,35,9,9,9,10,3,3,4,8,8,7,7,7,10,10,34,7,7,7,7,3,3,13,12,6,7,6,11,11,10,7,8,5,5,5,7,7,5,8,6,6,4,7,7,10,10,10,7,7,3,5,5,5,6,4,4,9,12,11,15,16,17,17,17,7,5,4,13,4,4,5,14,4,4,4,3,4,4,6,4,7,5,6,5,6,7,6,6,6,6,6,6,7,8,12,3,3,3,4,6,4,8,6,25,6,7,8,8,7,8,2,3,9,9,11,6,6,4,9,9,7,8,13,6,2,2,7,7,5,7,20,5,7,3,9,7,10,5,10,5,4,5,9,9,7,1
12,8,8,40,9,10,10,10,7,7,5,6,7,6,6,6,6,6,9,16,1,11,8,9,9,10,8,16,18,18,17,17,2,7,6,10,8,1,0,7,1,6,1,8,6,12,11,4,4,3,7,3,11,2,2,2,11,5,6,4,7,15,6,8,2,4,4,5,7,7,4,4,11,3,3,11,15,15,9,9,9,8,10,9,5,5,5,5,6,24,7,7,24,15,8,11,5,6,6,9,13,9,9,8,2,3,3,4,5,2,3,9,8,10,10,10,6,3,3,6,6,6,7,8,9,6,7,4,6,6,6,6,7,7,6,4,3,7,7,7,7,7,7,15,10,16,7,2,30,9,9,10,7,7,7,3,3,6,11,17,7,4,7,7,6,6,6,3,8,8,9,10,10,4,3,6,6,7,10,9,29,7,25,25,9,9,8,8,8,13,13,3,5,3,2,3,2,3,3,2,3,3,11,7,7,35,9,9,9,10,3,3,4,8,8,7,7,7,10,10,34,7,7,7,7,3,3,12,12,6,7,6,11,11,10,7,8,5,4,4,7,7,5,8,6,6,4,7,7,10,10,10,7,7,3,5,5,5,6,4,4,9,12,11,14,16,17,17,17,7,5,4,13,4,4,5,13,4,4,4,3,4,4,6,4,7,5,6,5,6,7,6,6,6,6,6,6,7,7,12,3,3,3,4,6,4,8,6,25,6,7,8,8,7,8,2,3,9,9,11,6,6,4,9,9,7,8,12,6,2,2,7,7,5,7,20,5,7,3,9,7,10,5,10,5,4,5,9,9,7,1
8,9,11,44,9,9,9,8,5,5,5,6,5,5,5,5,5,7,8,18,8,13,8,5,5,5,5,19,19,19,18,18,6,4,4,14,6,7,7,0,5,3,5,7,3,15,14,7,6,8,9,3,14,6,6,6,15,5,4,3,4,19,6,12,7,6,6,5,10,6,4,3,14,3,3,14,18,18,13,13,13,9,9,9,7,4,6,5,6,28,4,4,28,18,12,15,6,5,6,6,16,13,7,8,3,3,4,4,4,5,3,7,4,9,9,9,4,3,3,2,2,2,6,7,6,2,4,7,2,2,3,2,4,4,2,3,4,4,4,2,2,6,6,19,7,19,2,5,33,9,7,7,8,8,9,4,4,7,11,17,9,7,4,4,3,3,3,3,6,7,7,13,9,4,7,3,2,6,10,13,33,3,29,29,8,8,8,8,8,12,12,7,5,9,8,8,8,8,8,8,8,8,11,8,2,38,8,8,8,7,7,7,5,6,7,11,11,11,6,6,38,7,2,6,6,6,6,13,11,6,6,7,14,14,6,9,7,5,4,4,9,9,2,6,7,7,6,5,5,9,7,7,8,8,4,7,5,5,5,5,5,4,12,11,18,16,17,17,17,5,4,4,13,4,4,7,13,6,6,6,6,4,4,6,4,7,7,7,6,7,8,8,8,8,8,7,7,7,8,15,3,3,3,4,3,4,8,6,29,6,6,6,6,8,7,6,7,6,6,6,8,8,4,7,4,6,6,13,5,7,7,7,11,5,2,23,6,7,8,12,6,8,4,7,7,7,7,9,8,6,7
12,7,8,40,9,11,11,10,7,7,6,6,6,5,6,6,6,5,9,15,2,10,7,9,9,9,8,16,17,17,17,17,3,7,7,9,9,1,1,5,0,6,1,8,5,11,10,5,5,3,7,3,10,1,1,1,11,5,6,4,7,14,6,8,2,5,5,5,6,6,4,3,10,3,3,10,14,14,9,9,9,8,9,9,6,4,5,5,5,23,7,7,24,14,8,11,5,6,6,10,12,8,10,8,2,2,2,4,4,2,3,8,7,9,9,9,5,2,3,6,6,6,7,8,9,6,8,3,6,5,5,5,8,8,5,4,3,7,6,7,7,6,6,14,10,14,6,2,29,9,9,10,7,7,8,3,3,6,11,17,8,5,7,7,6,6,5,2,8,8,8,9,10,4,3,6,5,7,10,9,29,7,24,24,9,9,8,8,8,12,12,4,5,3,3,3,3,3,3,3,3,3,11,7,7,34,9,9,9,9,3,3,4,9,8,7,7,7,9,9,33,7,7,7,7,2,2,12,11,6,6,6,10,10,10,7,8,5,4,4,7,7,4,8,6,6,5,6,6,9,10,10,7,7,3,6,5,5,6,4,4,8,12,11,14,16,16,16,16,6,5,5,13,5,4,5,13,5,4,5,3,3,3,5,3,7,5,6,5,6,7,6,6,6,7,7,7,8,8,11,3,3,3,4,6,4,8,6,24,6,6,10,9,7,9,3,3,9,9,10,7,6,4,9,9,7,8,12,7,2,2,7,7,5,7,20,6,8,3,8,7,9,4,10,6,6,6,9,9,7,2
7,7,9,42,7,7,7,7,4,4,3,4,4,4,4,4,4,5,6,17,7,12,7,3,4,4,4,18,18,18,17,17,5,3,3,13,5,6,6,3,6,0,8,5,4,18,14,5,4,8,7,5,15,9,9,9,14,6,5,4,4,18,8,14,7,4,4,8,8,8,6,6,15,5,4,15,17,17,14,14,14,11,10,11,5,7,5,7,8,27,4,3,27,18,13,15,4,5,5,4,15,13,5,9,6,6,6,6,7,8,5,5,4,10,10,10,5,6,6,3,3,3,5,6,4,3,2,5,2,3,4,3,2,2,3,4,4,1,5,1,2,5,6,18,5,18,3,6,33,9,5,5,6,6,6,5,5,9,11,17,7,5,4,4,1,1,4,5,5,5,5,13,8,5,5,3,3,5,11,12,32,4,28,28,6,6,7,7,7,13,13,5,7,7,7,7,7,7,8,8,7,7,12,7,2,38,7,7,7,5,5,5,4,4,5,9,9,9,4,4,37,9,3,5,5,4,4,12,12,8,9,5,14,14,4,6,6,5,5,5,6,6,3,5,5,5,5,3,3,10,5,5,6,6,4,5,3,3,2,3,3,4,12,11,17,16,17,17,17,3,3,3,14,3,3,4,14,4,4,4,5,5,6,5,5,5,4,4,4,5,6,5,5,5,6,6,6,5,6,15,5,5,4,6,5,5,7,8,28,8,8,5,5,5,5,5,5,5,5,5,5,5,6,5,2,5,4,12,3,7,7,10,9,6,2,23,4,6,6,11,5,8,7,6,5,5,5,11,7,5,7
12,7,7,40,9,11,11,10,8,7,6,5,6,5,6,6,6,5,8,15,2,10,7,8,8,9,8,16,17,17,17,17,3,7,7,9,9,1,1,5,1,8,0,8,5,11,10,5,5,3,7,3,10,1,1,1,11,5,6,4,7,15,6,8,2,5,5,5,6,6,4,3,10,3,2,10,14,14,9,9,9,8,9,9,6,4,5,4,5,23,7,6,24,15,8,11,5,6,6,9,12,8,10,8,2,2,2,4,4,2,3,8,7,9,9,9,5,2,2,6,6,6,7,8,9,6,7,3,6,5,5,5,8,8,5,4,3,7,6,7,7,6,6,14,10,15,6,2,29,9,9,10,7,7,7,3,3,6,11,17,7,5,7,7,6,6,5,2,8,8,9,9,10,4,3,6,5,7,10,9,28,7,24,24,9,9,8,8,8,12,12,4,5,3,3,3,3,3,3,3,3,3,11,7,6,34,9,9,9,9,3,4,4,10,8,7,7,7,9,9,33,7,7,7,7,2,2,12,11,6,6,6,10,10,9,7,8,5,4,4,7,7,4,8,6,6,5,6,6,9,10,10,7,7,3,6,5,5,6,4,4,8,12,11,15,16,16,16,16,6,5,5,13,5,4,5,13,4,4,5,3,3,3,5,3,7,5,6,5,6,7,6,6,6,7,7,7,8,8,11,3,3,3,4,6,4,8,5,24,5,6,9,9,7,8,2,3,9,9,10,6,6,4,9,8,7,8,12,6,2,2,7,7,5,7,20,6,7,3,8,7,9,4,10,6,5,5,9,9,7,2
3,6,11,41,6,3,3,3,3,3,5,8,8,9,8,8,8,8,4,17,9,11,6,2,3,3,3,16,16,16,15,15,7,4,4,15,2,8,8,7,8,5,8,0,7,17,12,4,4,8,7,8,15,8,8,8,13,9,9,7,8,16,10,13,8,4,4,10,8,10,8,8,15,7,7,15,16,16,14,14,14,12,13,13,5,9,6,9,9,25,7,7,26,17,13,16,5,6,8,4,14,13,4,11,8,8,8,8,9,8,8,7,6,12,12,12,9,8,8,6,6,6,7,7,4,5,5,6,5,6,8,6,5,5,6,7,8,4,8,4,5,8,8,16,5,17,6,7,31,12,8,1,3,4,5,7,7,10,14,20,3,4,8,6,4,4,7,7,6,6,6,11,9,6,6,7,6,7,13,11,30,7,26,26,5,5,6,6,6,16,16,5,9,7,8,7,8,7,8,8,7,7,15,3,5,35,7,7,7,6,5,5,5,4,4,10,10,10,6,6,35,11,6,7,7,5,5,13,15,10,10,5,12,12,6,4,7,9,8,8,5,4,6,8,2,2,6,4,4,12,5,5,3,3,8,5,4,4,4,5,5,6,15,14,16,17,18,18,18,4,4,4,17,4,5,4,17,5,5,5,5,7,8,6,7,4,3,3,3,3,4,3,3,3,4,4,4,4,4,13,7,7,7,6,8,6,5,10,26,10,10,4,4,4,2,6,6,6,6,6,4,3,8,6,6,7,6,14,4,8,8,11,10,9,6,22,3,2,8,10,7,9,9,8,5,5,6,13,7,7,8
8,10,13,46,8,10,10,9,8,8,7,2,2,4,3,4,2,1,8,16,7,14,8,5,6,5,5,20,18,18,18,17,8,6,6,15,7,6,6,3,5,4,5,7,0,17,14,5,4,8,8,5,16,7,7,7,15,6,6,3,3,19,7,13,7,4,4,7,9,7,5,5,15,4,5,15,18,18,14,14,14,9,9,11,6,6,5,6,7,27,3,3,28,19,13,16,5,4,5,5,16,14,6,7,5,5,5,6,6,6,4,6,4,9,9,9,6,5,5,6,6,6,5,6,5,1,4,5,2,5,7,5,3,3,6,4,5,4,7,2,2,5,5,18,6,19,6,7,33,8,6,6,7,7,7,5,5,8,10,16,7,5,3,3,3,3,6,5,6,6,6,13,8,4,5,2,1,5,9,12,32,2,28,28,7,7,7,7,7,11,11,5,7,8,8,8,8,8,8,8,8,8,10,7,2,37,7,7,7,5,5,5,4,5,6,10,10,10,5,5,36,8,1,5,5,5,5,12,11,8,8,6,14,14,5,7,6,7,6,6,7,7,4,5,6,6,5,3,3,9,6,6,7,7,5,6,4,4,4,3,3,3,11,10,18,16,16,16,16,4,3,3,12,3,3,5,12,4,5,4,5,5,5,4,5,6,5,6,5,6,7,6,6,6,7,7,7,6,7,15,5,5,5,4,3,4,8,7,28,7,8,5,5,7,6,5,6,6,6,6,7,6,6,6,4,5,5,12,5,8,8,9,10,4,3,23,6,7,7,12,5,7,6,7,6,5,6,11,7,5,7
21,16,11,49,19,19,19,19,17,18,17,17,18,16,17,16,16,16,17,26,12,19,17,18,19,18,18,24,26,26,26,26,14,17,16,16,17,12,12,15,11,18,11,17,17,0,17,15,14,12,17,14,18,13,13,13,18,16,17,15,18,22,17,4,12,14,14,16,14,17,15,14,17,14,14,17,20,20,16,16,16,15,20,17,15,15,16,16,16,31,18,18,29,23,15,18,16,18,18,18,20,16,18,19,13,13,13,15,15,13,14,17,18,20,20,20,16,13,14,17,17,17,18,17,18,17,17,14,18,17,17,17,17,17,17,15,14,16,18,16,18,18,18,23,19,23,18,13,37,20,18,19,17,16,17,14,14,17,22,28,17,13,18,19,16,16,17,13,18,18,18,17,18,15,15,17,16,18,21,17,36,18,32,32,17,17,16,16,16,23,23,15,16,13,12,13,12,12,12,12,13,13,22,16,18,42,17,17,17,19,15,15,15,17,17,9,9,9,20,20,41,17,17,17,17,13,13,23,23,17,17,16,18,18,19,16,17,16,15,15,17,16,15,20,15,15,16,17,17,20,19,19,16,16,14,16,16,16,16,15,15,19,23,22,23,26,27,27,27,17,16,16,24,15,15,14,24,15,16,15,15,14,14,16,14,16,15,15,14,15,16,15,15,15,16,16,16,16,18,19,14,14,14,15,17,15,17,17,32,16,17,18,17,16,18,14,15,19,19,19,15,15,15,18,18,18,19,23,16,13,13,18,9,16,18,25,15,17,15,13,18,18,15,18,16,15,16,17,17,18,13
13,9,9,38,11,11,12,11,11,11,11,15,16,14,15,14,15,15,10,21,11,2,10,11,12,11,11,13,16,16,16,16,12,12,12,15,10,11,11,14,10,14,10,12,14,17,0,12,11,12,14,13,18,12,12,12,8,15,16,14,16,12,17,14,12,11,11,16,10,16,14,14,18,13,13,18,12,12,17,17,17,16,16,18,12,15,13,15,16,21,15,15,22,13,16,18,13,14,13,11,9,16,12,15,13,13,13,15,15,13,14,11,14,16,16,16,16,13,13,15,15,15,10,11,12,14,14,14,14,14,16,14,14,14,15,14,14,13,17,13,14,13,13,12,13,13,15,13,27,16,11,12,12,11,13,14,14,17,17,23,13,11,16,14,13,13,16,13,12,12,12,1,11,14,14,15,15,11,18,2,26,15,22,22,11,11,10,10,10,21,21,11,16,12,12,12,12,12,12,12,12,12,19,13,14,32,11,11,11,12,12,12,12,11,12,10,10,10,13,13,31,17,15,11,10,13,13,11,16,17,17,12,4,4,13,12,11,16,15,15,13,13,15,15,12,12,13,13,13,16,13,13,13,13,14,13,13,13,13,12,12,14,17,17,12,15,16,16,16,14,13,13,21,13,12,12,20,12,13,12,13,14,14,15,14,11,12,12,11,12,12,12,12,12,11,11,11,10,11,9,14,14,13,14,16,14,10,17,22,17,17,11,11,13,12,14,14,12,12,13,12,12,14,12,15,11,12,11,13,13,13,18,10,15,15,17,12,13,15,6,11,11,15,12,13,12,13,18,11,11,12
8,6,8,41,9,7,7,6,4,4,1,8,8,5,8,5,7,7,6,19,5,11,7,6,6,7,7,17,17,17,16,16,3,4,3,12,5,4,4,7,5,5,5,4,5,15,12,0,2,5,5,7,14,6,6,6,12,8,7,6,6,16,9,12,5,2,2,9,6,9,7,7,13,6,6,13,15,15,12,12,12,10,12,12,2,8,2,8,9,25,7,6,25,16,11,13,3,4,8,7,13,12,7,11,5,6,6,7,8,6,6,7,7,12,12,12,8,6,6,5,5,5,7,8,7,4,5,3,4,4,6,4,6,6,5,7,6,5,7,5,5,8,8,16,8,17,5,4,30,12,8,8,5,5,5,5,5,8,14,21,5,3,6,7,4,4,6,6,8,8,8,11,9,5,2,5,5,7,13,10,29,5,25,25,7,8,6,6,6,15,15,2,8,5,5,5,5,5,5,5,5,5,14,5,4,35,8,8,8,8,2,2,2,7,6,8,8,8,8,8,34,9,5,7,7,3,3,13,15,9,9,4,11,11,9,5,7,7,7,7,5,5,6,8,4,4,1,5,5,12,8,8,5,5,6,4,3,3,4,2,2,6,15,14,16,16,17,17,17,5,3,2,15,2,2,3,16,1,1,1,2,6,6,5,6,5,3,4,3,4,5,4,4,4,4,4,4,6,5,12,6,6,6,5,6,5,7,9,25,9,8,7,7,5,6,2,3,8,8,9,4,4,7,8,7,7,9,13,5,4,5,9,7,7,5,21,4,5,4,9,7,8,8,8,4,3,4,12,8,7,4
7,5,7,40,8,6,6,6,3,3,1,7,7,4,7,4,7,6,5,18,5,10,6,5,5,6,6,16,16,16,16,15,3,3,3,11,4,4,4,6,5,4,5,4,4,14,11,2,0,6,5,7,13,6,6,6,12,8,8,7,7,15,10,11,5,1,1,9,6,10,8,7,12,7,7,12,15,15,12,12,12,10,12,12,1,9,3,9,9,24,7,7,25,16,10,13,4,5,8,6,13,11,6,11,6,6,6,8,8,6,7,7,7,12,12,12,8,7,7,5,5,5,7,7,6,5,4,4,4,5,6,5,5,5,5,7,7,4,8,4,4,9,9,15,7,16,5,4,30,12,7,7,4,4,4,6,6,9,14,20,4,2,7,7,3,3,6,6,7,7,7,11,7,5,3,6,5,7,13,10,29,5,25,25,6,6,6,6,6,15,15,2,9,4,5,5,5,5,6,6,5,5,14,4,5,35,8,8,8,7,3,3,3,6,5,7,7,7,7,7,34,10,5,7,7,3,3,11,15,10,10,3,11,11,8,4,7,8,7,7,4,4,6,8,3,3,2,4,4,12,7,7,4,4,7,2,3,3,3,3,3,7,15,14,15,15,16,16,16,4,3,3,16,3,2,2,16,1,2,1,3,6,6,5,6,4,2,3,2,3,4,3,3,3,3,3,3,5,4,12,6,6,6,5,6,5,6,10,25,10,9,6,5,3,5,3,4,7,7,8,3,3,8,8,5,7,8,11,3,5,5,9,7,8,5,21,2,4,5,9,7,7,8,8,2,1,2,12,7,7,5
13,8,8,40,11,11,11,11,8,8,6,9,9,8,9,8,9,8,9,18,2,11,10,10,10,11,10,16,19,19,19,18,4,8,8,10,9,3,3,8,3,8,3,8,8,12,12,5,6,0,9,6,12,4,4,4,11,7,8,7,9,15,9,9,1,6,6,8,7,9,6,6,11,6,5,11,14,14,10,10,10,9,12,12,7,7,7,8,8,24,9,9,24,15,9,11,7,8,8,10,13,9,10,11,5,5,5,6,7,4,5,10,10,12,12,12,8,5,5,8,8,8,9,10,10,8,9,5,8,7,7,7,10,10,7,6,5,8,8,8,8,9,9,15,11,16,8,4,30,11,11,11,9,8,9,5,5,9,14,19,9,6,9,10,8,8,8,5,11,11,11,11,11,6,4,8,8,9,13,10,29,9,25,25,10,10,9,9,9,15,15,5,7,2,1,2,1,2,1,1,2,2,14,8,8,35,10,10,10,11,5,5,5,10,9,8,8,8,12,12,34,10,8,9,9,5,5,15,14,9,9,7,11,11,11,8,10,7,6,6,9,8,6,10,7,7,6,8,8,12,11,11,8,8,5,7,6,6,8,6,6,10,14,14,15,19,19,19,19,9,6,6,15,6,6,7,16,6,5,6,4,6,6,8,6,8,7,7,6,7,8,7,7,7,8,8,8,9,9,12,5,5,5,6,8,6,9,9,26,8,9,10,10,8,10,4,4,11,11,12,8,7,6,11,10,9,10,15,8,1,1,9,8,7,8,21,7,9,4,9,9,11,7,11,7,6,7,12,10,9,2
12,8,11,43,11,10,10,10,7,7,5,11,11,7,11,8,10,10,9,21,7,13,9,9,9,9,9,19,19,20,19,19,6,7,7,15,8,7,7,9,7,7,7,7,8,17,14,5,5,9,0,5,12,4,4,4,11,7,8,6,9,15,9,9,1,6,6,8,7,9,6,6,11,5,5,11,15,15,10,10,10,10,12,12,6,7,6,7,8,24,9,9,25,16,9,11,7,8,8,10,13,9,10,11,5,5,5,6,7,4,5,10,10,12,12,12,8,5,5,8,8,8,9,10,10,8,9,5,8,7,7,7,9,9,7,6,5,8,8,8,8,9,9,15,11,16,8,4,31,11,11,11,9,8,9,5,5,9,13,19,9,6,9,10,8,8,8,5,11,11,11,11,11,6,4,8,7,9,13,10,30,9,26,26,10,10,9,9,9,15,15,5,7,2,1,2,1,2,1,1,2,2,14,8,8,35,10,10,10,11,5,5,5,10,9,8,8,8,12,12,35,9,8,9,9,5,5,15,14,9,9,7,12,12,11,8,10,7,6,6,9,8,6,10,7,7,6,8,8,12,11,11,8,8,5,7,6,6,8,6,6,10,14,14,16,19,19,19,19,8,6,6,15,6,6,7,16,6,5,6,4,6,6,8,6,8,7,7,6,7,8,7,7,7,8,8,8,9,9,12,5,5,5,6,8,6,9,8,26,8,9,10,9,8,9,4,4,11,11,12,8,8,6,11,9,9,10,15,8,1,1,9,8,7,8,21,7,9,4,9,9,11,7,11,7,6,7,12,10,9,2
10,9,10,42,7,13,13,12,9,10,7,3,3,3,3,3,3,2,8,14,4,12,6,7,7,7,7,18,16,16,15,15,5,7,7,12,9,3,3,3,3,5,3,8,5,14,13,7,7,6,5,0,13,4,4,4,13,3,4,2,5,17,4,10,6,6,6,3,8,4,2,1,12,1,1,12,16,16,12,12,12,7,8,7,7,3,6,3,4,26,5,5,26,17,11,13,7,5,5,7,15,11,8,7,1,1,1,2,2,3,1,7,6,8,8,8,4,1,1,3,3,3,5,6,8,3,6,5,3,2,2,2,5,5,2,2,1,6,3,4,3,5,5,17,8,18,3,3,32,8,8,8,9,8,9,3,3,5,10,16,9,7,5,6,4,4,3,2,7,7,7,12,8,4,5,4,4,5,9,11,31,5,28,27,8,8,8,8,8,11,11,6,3,7,6,7,6,6,6,6,6,7,10,8,3,37,7,7,7,8,6,6,5,8,9,9,9,9,7,7,36,5,4,5,5,4,4,11,10,4,4,7,13,13,7,8,6,1,2,2,9,8,2,6,7,7,6,5,5,8,8,8,8,8,1,7,5,5,6,5,5,6,11,10,17,15,15,15,15,5,4,4,12,4,4,6,12,6,6,6,5,3,3,5,3,8,6,7,6,7,8,7,7,7,8,8,8,8,10,14,2,2,2,3,3,3,8,4,27,4,4,8,8,8,9,5,5,7,7,8,8,7,2,7,5,5,6,11,7,5,5,6,9,3,4,23,7,9,6,11,5,8,2,8,7,7,7,7,7,5,5
19,15,15,47,18,18,18,18,16,16,14,17,17,16,16,15,16,15,15,25,11,17,16,16,17,17,16,23,25,25,25,24,13,15,15,5,16,11,11,14,10,15,10,15,16,18,18,14,13,12,12,13,0,12,12,12,17,15,15,13,17,21,16,15,11,13,13,15,12,14,13,13,11,12,12,12,20,20,10,10,10,11,19,13,14,14,15,15,15,30,17,16,30,21,9,12,15,16,16,16,18,9,16,18,12,12,12,14,14,12,13,15,17,19,19,19,15,12,12,14,15,15,15,16,17,16,16,13,15,14,14,14,16,16,14,14,13,15,15,15,15,16,16,21,17,22,15,12,36,19,16,17,15,15,16,13,13,13,21,27,16,12,17,17,14,14,15,12,16,16,17,16,17,14,13,15,15,15,20,15,34,16,31,31,16,16,15,15,15,23,23,14,15,12,11,11,11,11,11,11,11,12,21,15,15,40,16,16,16,17,14,14,14,16,16,13,13,13,18,18,39,13,16,15,15,12,12,21,22,15,14,14,17,17,18,15,15,15,14,14,15,15,14,18,14,14,15,15,15,19,18,18,15,15,13,14,14,14,15,14,14,18,22,21,21,25,25,25,25,15,14,14,23,14,14,13,24,14,14,14,14,13,13,15,13,15,13,14,13,14,15,14,14,14,14,14,15,15,16,18,13,13,13,14,15,14,15,14,31,14,14,16,16,15,17,13,13,17,17,18,15,14,14,17,16,15,16,21,15,11,12,14,13,15,16,28,14,16,14,15,15,16,14,16,15,14,15,13,16,15,12
13,8,8,41,10,11,11,11,8,8,6,7,7,6,7,7,7,6,10,16,3,11,8,10,9,10,9,17,18,18,18,18,4,8,8,10,9,2,2,6,1,9,1,8,7,13,12,6,6,4,4,4,12,0,0,0,15,7,8,6,10,18,9,13,4,5,5,8,10,9,6,6,14,6,5,14,18,18,14,14,14,11,12,13,7,8,6,8,9,28,9,9,28,19,12,15,7,8,9,10,16,13,11,11,5,5,5,7,7,5,6,11,10,12,12,12,8,5,5,8,8,8,9,10,11,7,9,4,7,7,9,7,9,9,8,7,6,9,10,8,7,9,9,19,12,19,8,2,37,12,12,11,8,8,8,6,6,9,14,20,8,6,9,10,8,8,9,5,11,11,11,14,11,6,3,8,8,9,13,13,35,8,29,29,11,11,11,10,10,16,16,5,8,5,4,5,4,4,4,4,5,5,15,8,7,41,11,11,11,11,5,5,4,10,9,11,11,11,12,12,40,10,8,9,9,5,5,15,15,9,10,7,14,14,12,8,11,8,7,7,8,8,7,11,7,7,6,8,8,12,11,11,8,8,6,7,5,5,7,5,5,10,15,15,18,19,20,20,20,8,5,5,17,5,5,6,18,5,6,5,3,6,6,8,6,8,6,7,6,7,8,7,7,7,7,7,8,9,9,16,6,6,6,7,9,6,11,9,28,9,9,10,10,8,9,3,3,12,12,12,7,7,7,12,9,10,11,15,8,4,4,9,11,7,8,24,7,9,4,12,9,11,7,12,7,6,7,12,11,9,3
13,8,8,41,10,11,11,11,8,8,6,7,7,6,7,7,7,6,10,16,3,11,8,10,9,10,9,17,18,18,18,18,4,8,8,10,9,2,2,6,1,9,1,8,7,13,12,6,6,4,4,4,12,0,0,3,15,7,8,6,9,18,9,13,4,5,5,8,10,9,6,6,14,5,5,14,18,18,14,14,14,10,12,13,6,7,6,8,9,28,9,9,28,19,12,15,6,7,9,10,16,13,10,11,5,5,5,7,7,5,6,12,10,13,13,13,8,5,5,7,7,8,10,11,10,7,9,4,7,7,8,7,9,9,7,7,6,8,10,8,7,9,9,19,11,19,7,2,38,12,12,11,8,8,8,6,6,9,14,20,8,7,9,10,8,8,9,5,11,11,11,14,11,7,3,8,8,9,13,13,50,8,29,29,11,11,11,11,11,16,16,5,8,5,4,5,4,4,4,4,5,5,15,8,7,41,12,12,12,11,5,5,5,10,9,11,11,11,12,12,39,10,8,9,9,5,5,15,14,9,10,7,14,14,12,8,11,8,7,7,8,8,7,11,7,7,6,8,8,12,12,12,8,8,6,7,5,5,7,5,5,10,15,15,18,19,20,20,20,8,6,5,17,5,5,6,18,5,5,5,3,6,6,8,6,8,6,7,6,7,8,7,7,7,8,8,8,9,9,16,6,6,6,6,9,6,11,9,29,9,9,10,10,8,10,3,3,12,12,12,7,7,7,11,9,10,11,15,8,4,4,10,11,7,8,24,7,9,4,12,9,11,7,12,7,6,7,13,11,9,3
13,8,8,41,10,11,11,11,8,8,6,7,7,6,7,7,7,6,10,16,3,11,8,10,9,10,9,17,18,18,18,18,4,8,8,10,9,2,2,6,1,9,1,8,7,13,12,6,6,4,4,4,12,0,3,0,15,7,8,6,9,18,9,13,4,5,5,8,10,10,7,6,14,6,5,14,18,18,14,14,14,11,12,13,7,8,6,8,9,28,9,9,28,19,12,15,6,7,9,10,16,13,11,11,5,5,5,7,7,5,6,12,10,12,12,12,8,5,5,8,8,8,10,11,11,7,9,4,7,7,8,7,9,9,8,7,6,9,10,8,7,9,9,19,12,19,7,2,38,12,12,11,8,8,8,6,6,9,15,20,9,7,10,10,8,8,9,5,11,11,11,14,12,7,3,8,8,10,13,13,50,8,29,29,11,11,11,11,11,16,17,5,8,5,4,5,4,4,4,4,5,5,15,8,7,41,11,11,11,12,5,5,5,10,9,12,12,12,11,11,39,10,8,9,9,5,5,15,14,9,10,7,14,14,12,8,11,8,7,7,8,8,7,11,7,7,6,8,8,13,12,12,8,8,6,7,5,5,7,5,5,10,16,15,18,19,20,20,20,8,6,5,17,5,5,6,18,5,5,5,3,6,6,8,6,8,6,7,6,7,8,7,7,7,7,7,7,9,8,16,6,6,6,7,9,6,10,9,29,9,9,10,10,7,9,3,3,11,11,12,7,7,7,11,9,10,11,15,8,4,4,9,11,7,8,24,7,8,4,12,9,11,7,12,7,6,7,12,11,9,3
13,9,12,35,12,12,12,12,11,11,11,16,16,14,16,14,16,15,10,19,11,5,11,11,12,12,11,9,14,14,14,14,12,12,12,16,11,11,11,15,11,14,11,13,15,18,8,12,12,11,11,13,17,15,15,15,0,17,18,14,16,9,19,17,11,11,11,18,9,19,16,16,17,15,15,17,7,7,17,17,17,16,17,18,12,17,13,17,18,18,16,15,18,5,15,18,14,15,13,11,5,16,11,15,14,14,14,16,17,14,15,10,14,17,17,17,17,15,15,15,15,15,11,10,11,15,15,15,15,15,18,15,14,14,15,17,16,14,19,14,15,13,14,6,12,5,15,13,28,16,11,12,12,11,13,15,15,18,18,22,14,10,16,14,13,13,17,15,11,11,11,8,11,16,14,15,16,11,17,7,43,16,19,19,11,11,9,9,9,21,21,11,17,12,11,12,11,12,12,11,12,12,20,13,15,31,10,10,10,12,12,12,12,11,11,13,13,13,13,13,30,20,16,11,11,14,14,11,15,19,20,11,7,7,13,13,11,18,17,17,13,13,17,15,12,12,13,13,13,17,12,12,13,13,16,12,13,13,13,13,13,14,18,19,5,15,16,16,16,13,13,13,23,13,12,11,21,12,12,12,13,16,16,16,16,11,11,12,11,12,13,12,12,12,12,12,11,10,11,3,16,16,16,17,17,16,9,19,19,20,20,11,10,13,12,14,14,12,12,12,12,12,17,11,14,11,12,11,13,12,12,19,13,17,15,14,12,13,14,10,11,11,17,11,13,12,13,18,10,11,12
11,9,12,44,8,12,12,12,10,10,9,4,4,5,4,6,4,3,9,15,6,14,7,8,8,8,7,19,17,16,16,16,7,8,8,13,10,5,5,5,5,6,5,9,6,16,15,8,8,7,7,3,15,7,7,7,17,0,3,3,6,21,6,16,10,9,9,5,13,7,5,5,17,4,4,18,21,21,18,18,18,9,10,9,10,4,9,4,5,29,6,6,31,22,16,18,10,7,6,8,18,15,9,8,5,5,5,4,4,8,4,9,6,10,10,10,1,5,5,4,4,4,7,8,9,3,8,9,5,4,4,4,6,6,3,5,5,7,3,6,5,6,6,23,9,22,4,8,39,9,9,9,10,10,11,6,6,7,12,18,11,10,6,6,7,7,4,5,8,8,8,16,10,7,11,5,4,6,10,15,52,4,30,29,9,9,10,10,10,13,13,11,4,12,11,12,11,12,12,11,12,12,12,11,5,43,9,9,9,9,10,10,8,9,9,15,15,15,8,8,41,8,4,6,6,9,9,13,12,6,7,10,16,16,8,11,8,5,4,4,11,11,4,8,10,11,9,7,7,10,9,9,11,11,5,10,8,8,9,7,7,6,13,12,21,17,17,17,17,7,6,7,14,7,7,10,14,9,9,9,9,6,6,8,6,9,10,10,10,10,11,11,11,11,10,10,10,9,10,17,6,6,6,7,4,7,10,6,30,7,7,9,9,11,10,9,10,9,9,9,11,11,4,9,7,7,8,12,9,11,11,8,15,4,6,26,10,10,12,14,7,9,4,9,10,10,11,9,9,6,11
12,10,12,44,9,13,13,13,10,11,10,3,3,6,4,5,3,2,10,15,7,15,7,9,9,8,8,20,17,17,17,17,8,8,7,14,10,6,6,4,6,5,6,9,6,17,16,7,8,8,8,4,15,8,8,8,18,3,0,4,5,21,7,18,12,8,8,6,14,8,5,4,19,4,4,20,21,21,19,19,19,10,10,10,9,5,8,5,6,29,5,5,30,22,18,20,9,6,7,7,19,16,8,9,5,5,5,5,5,10,4,9,5,10,10,10,2,5,5,3,3,3,7,8,8,3,7,9,4,3,3,3,5,5,2,4,3,6,1,5,4,7,7,23,8,22,3,10,40,10,9,8,9,9,11,6,6,8,12,18,10,9,5,6,6,6,3,5,8,8,8,16,10,7,9,4,3,7,11,15,41,4,30,30,10,10,11,10,10,14,14,10,5,12,12,12,12,13,12,12,12,12,13,10,4,44,9,9,9,8,9,9,7,8,9,16,16,16,7,7,42,8,3,7,7,8,8,13,12,6,7,10,17,17,7,11,8,4,3,4,11,11,3,7,10,10,8,6,6,10,8,8,10,10,3,10,7,7,8,6,6,6,13,12,21,17,18,18,18,6,5,6,16,6,6,9,15,8,8,8,8,6,6,7,6,9,9,9,9,10,11,10,10,10,10,9,9,9,9,18,6,6,6,7,2,7,11,7,30,7,8,8,8,10,9,8,9,8,8,8,10,10,5,9,6,7,8,13,9,12,12,9,15,3,5,27,9,10,11,15,7,10,5,10,9,9,9,10,9,7,11
8,7,11,43,6,10,10,10,9,9,8,5,4,4,5,5,5,4,7,12,5,13,4,5,6,5,5,18,15,14,14,14,6,7,7,12,7,4,4,3,4,4,4,7,3,15,14,6,7,7,6,2,13,6,6,6,14,3,4,0,3,17,5,15,9,8,8,5,10,6,3,3,16,2,3,17,17,17,16,16,16,9,7,9,9,4,8,4,5,26,3,3,26,18,14,17,8,6,3,7,15,15,8,6,3,3,3,4,4,7,2,6,4,7,7,7,4,3,3,6,6,6,4,5,6,2,7,8,4,6,6,6,5,5,5,4,3,6,5,5,4,3,4,19,8,18,7,8,36,6,7,8,10,9,10,5,5,8,9,15,11,9,3,5,5,5,7,4,6,6,6,13,7,6,8,2,1,4,8,12,42,3,28,28,7,7,7,7,7,10,10,9,5,12,11,11,11,11,11,11,12,12,9,10,4,42,6,6,6,7,8,8,7,8,8,15,15,15,7,7,41,7,3,4,4,8,8,9,9,6,7,9,14,14,7,11,5,5,5,5,11,11,5,6,9,9,8,6,6,7,8,8,10,10,3,9,6,6,8,6,6,5,10,9,18,13,14,14,14,6,5,5,11,5,6,8,11,7,8,7,8,5,5,7,5,9,8,9,8,9,11,10,10,10,9,9,9,8,9,15,4,4,4,5,4,5,7,6,28,6,7,8,7,11,9,8,9,6,6,8,10,10,4,6,7,4,5,10,9,10,10,8,14,3,5,23,9,10,12,12,4,6,4,7,9,9,9,9,6,4,9
7,9,14,44,6,8,8,8,8,8,8,5,4,5,5,5,5,4,6,15,8,15,7,4,4,4,4,20,16,16,15,15,9,6,6,15,6,7,7,4,7,4,7,8,3,18,16,6,7,9,9,5,17,10,9,9,16,6,5,3,0,18,8,19,11,7,7,8,10,10,7,6,19,5,6,19,17,17,18,18,18,12,8,12,8,7,8,8,9,27,2,1,27,18,17,19,6,5,3,4,15,17,5,7,6,7,7,7,7,10,5,5,2,8,8,8,7,6,6,5,5,5,4,5,4,2,4,9,3,5,7,4,1,1,5,7,7,2,8,2,3,4,4,18,5,18,5,10,37,8,6,4,6,6,7,7,7,11,10,16,7,9,2,2,3,3,6,7,5,5,5,13,7,6,9,2,2,4,9,12,41,3,28,28,6,6,7,7,7,13,14,9,8,12,12,12,12,12,12,12,12,12,12,6,3,44,6,6,6,4,8,8,7,4,5,15,15,15,3,3,42,11,1,3,3,8,8,11,11,10,10,9,13,14,4,7,5,8,8,8,7,7,6,4,6,7,8,5,5,8,5,5,6,7,7,9,5,5,5,6,6,2,11,11,18,15,15,15,15,5,5,5,14,5,5,8,15,7,7,7,8,7,7,6,7,5,7,7,8,7,7,6,6,6,6,6,6,5,6,15,7,7,7,6,3,6,7,9,28,9,10,4,5,7,5,8,8,5,5,5,7,7,7,5,4,4,4,11,6,11,11,11,15,5,4,23,7,6,10,11,3,6,7,6,9,8,9,12,6,3,10
17,13,15,38,15,16,16,16,16,15,15,20,20,17,19,18,19,19,14,24,15,8,14,16,16,16,15,11,15,16,15,15,16,16,16,19,14,15,15,19,14,18,15,16,19,22,12,16,15,15,15,17,21,18,18,18,9,21,21,17,18,0,20,19,14,13,13,20,11,21,18,18,19,17,17,20,11,11,19,19,19,18,21,20,14,19,15,19,20,24,18,18,21,12,17,20,16,17,15,13,9,18,13,18,16,16,16,18,18,16,17,13,16,21,21,21,19,16,16,18,18,18,13,13,13,17,17,17,17,17,20,17,17,17,18,18,17,16,20,16,17,15,16,12,14,12,18,15,33,18,13,14,14,14,16,17,17,19,19,24,16,12,18,17,15,15,19,16,14,14,14,10,14,18,16,19,19,13,20,9,41,18,25,25,13,13,12,12,12,23,23,13,19,14,14,14,14,14,14,14,14,14,22,16,17,38,13,13,13,14,14,14,14,13,14,15,15,15,15,15,36,22,18,13,13,16,16,11,17,20,21,14,8,8,15,15,13,19,18,18,15,15,18,17,14,14,15,15,15,19,14,14,15,15,17,15,15,15,15,15,15,16,19,20,12,15,16,16,16,16,15,15,24,15,14,14,24,14,14,14,15,17,17,18,17,13,14,14,13,14,15,14,14,14,14,14,13,12,13,9,17,17,17,18,19,17,12,20,25,20,21,13,12,15,14,16,17,14,14,15,15,14,18,14,17,13,13,11,15,14,14,20,15,17,17,17,14,15,17,13,13,13,17,14,15,14,15,20,13,13,14
13,12,13,46,10,15,15,15,12,12,11,7,7,6,7,6,6,6,11,17,7,15,9,10,10,11,9,21,19,19,18,18,8,10,10,11,12,6,6,6,6,8,6,10,7,17,17,9,10,9,9,4,16,9,9,9,19,6,7,5,8,20,0,14,9,9,9,1,12,3,3,3,15,4,4,15,20,20,12,12,12,4,11,3,10,2,10,2,1,29,8,8,30,20,11,14,10,8,7,11,18,10,12,9,4,4,4,3,3,7,4,10,8,11,11,11,6,4,4,7,7,7,8,9,10,8,10,8,8,7,7,7,9,9,6,6,4,10,8,8,8,8,8,21,12,20,8,6,36,10,10,12,12,12,12,6,6,3,12,18,12,10,8,8,9,9,7,5,10,10,10,16,11,6,9,7,6,8,11,15,34,8,30,30,11,11,10,10,10,11,11,10,2,10,9,10,9,9,10,9,10,10,10,12,8,40,10,10,10,11,9,9,8,12,13,13,13,13,11,11,39,4,8,8,8,7,7,14,11,3,3,11,16,16,11,12,9,6,5,6,12,12,6,9,11,11,10,8,8,11,12,12,12,12,4,11,8,8,11,8,8,10,13,12,20,17,18,18,18,8,7,7,11,7,8,10,11,9,9,9,9,6,6,8,6,12,10,10,10,11,12,11,11,11,11,11,11,11,12,17,5,5,5,6,7,6,10,3,31,3,3,12,12,11,13,8,9,10,10,12,11,11,4,10,10,8,9,14,11,9,9,3,13,5,8,26,10,12,9,14,8,11,3,11,11,10,11,3,10,8,8
17,13,7,45,15,16,16,15,14,14,13,14,14,13,13,13,13,12,13,22,9,15,14,14,15,15,15,20,23,23,23,23,10,13,13,15,14,9,8,12,8,14,8,13,13,4,14,12,11,9,9,10,15,13,13,13,17,16,18,15,19,19,14,0,9,11,11,13,11,14,12,12,16,11,11,16,19,19,15,15,15,14,17,16,12,13,13,13,13,29,15,15,29,19,13,16,13,14,14,15,17,14,15,16,10,10,10,12,12,10,11,14,15,17,17,17,13,10,11,13,13,13,14,14,15,14,14,11,14,13,13,13,14,14,12,12,11,13,14,13,14,14,14,19,16,19,13,10,36,17,14,15,14,13,14,11,11,14,19,25,14,10,14,15,13,13,13,10,15,15,15,14,15,11,11,13,13,14,18,14,34,15,30,30,14,14,13,13,13,22,22,12,13,10,9,10,9,10,10,9,10,10,21,14,14,40,14,14,14,16,12,12,12,14,14,6,6,6,17,17,39,15,15,14,14,10,10,19,20,15,15,13,16,16,17,14,14,13,12,12,14,14,12,16,13,13,13,14,14,17,16,16,14,14,11,13,13,13,13,12,12,17,20,19,19,23,24,24,24,15,13,13,23,13,12,12,23,12,13,12,12,11,11,14,11,14,12,13,12,13,14,13,13,13,13,13,13,13,15,17,11,11,11,12,14,12,13,14,30,14,15,15,14,14,16,11,12,16,17,17,14,13,13,16,15,14,16,20,14,10,10,15,6,13,16,26,13,15,12,10,14,15,13,15,13,13,13,16,14,14,10
12,8,8,40,10,11,11,10,7,7,6,8,8,7,8,7,8,7,9,18,1,10,9,9,10,10,10,16,18,19,18,18,3,7,7,10,9,2,2,7,2,7,2,8,7,12,12,5,5,1,1,6,11,4,4,4,11,10,12,9,11,14,9,9,0,6,6,8,6,9,6,6,11,5,5,11,15,15,10,10,10,10,12,12,6,7,6,7,8,24,9,9,25,15,9,11,7,8,8,10,13,9,10,11,4,4,5,6,7,4,5,9,10,12,12,12,8,5,5,8,8,8,9,10,10,8,9,5,7,8,8,8,9,9,7,7,6,8,9,8,8,9,9,15,11,15,8,3,31,12,10,11,9,8,9,5,5,8,14,20,9,5,9,10,8,8,8,5,11,11,11,10,11,6,4,8,8,9,13,9,29,9,25,25,10,10,9,9,9,16,16,4,7,2,1,2,1,1,1,1,2,2,15,8,8,35,10,10,10,11,4,4,5,10,9,7,8,8,11,11,34,10,8,9,9,5,4,15,14,9,9,7,11,11,12,8,9,7,7,7,8,8,7,10,7,7,5,8,8,12,11,11,8,8,5,6,6,6,8,5,5,10,15,14,15,19,20,20,20,8,6,6,17,6,5,7,17,5,5,6,4,5,6,8,5,8,7,7,6,7,8,7,8,8,8,8,8,9,9,12,5,5,5,6,8,6,9,9,25,9,9,10,10,8,10,4,4,11,11,12,8,7,6,11,9,10,10,15,8,1,1,9,7,7,8,21,7,9,4,9,10,10,7,10,6,6,6,11,10,10,2
7,5,7,39,8,6,6,6,3,3,1,7,7,4,7,4,7,6,5,18,5,10,6,5,5,6,6,16,16,16,15,15,3,3,3,11,4,4,4,6,5,4,5,4,4,14,11,2,1,6,6,6,13,5,5,5,11,9,8,8,7,13,9,11,6,0,1,9,6,10,8,7,13,7,7,13,14,14,12,12,12,11,12,13,3,8,4,9,9,24,8,7,24,14,11,13,5,6,8,6,12,11,6,10,6,6,6,8,8,6,7,6,8,12,12,12,9,6,6,6,6,6,6,6,7,6,5,5,6,6,8,6,5,5,6,8,7,5,9,5,5,9,9,14,7,15,6,4,31,11,7,7,5,5,5,7,7,10,13,20,5,2,8,8,4,4,7,6,8,8,8,10,8,6,4,7,7,6,12,9,29,7,25,25,6,6,5,5,5,17,17,1,9,4,5,5,5,5,6,5,5,5,16,5,5,35,6,6,6,7,2,2,4,6,6,7,7,7,8,8,34,11,6,6,6,4,4,12,14,10,10,4,11,11,8,5,6,8,8,8,5,5,7,9,4,4,4,5,5,12,7,7,5,5,7,3,4,4,4,4,4,8,15,14,14,16,17,17,17,5,4,4,18,4,4,3,18,3,3,3,4,7,7,6,7,5,3,3,3,4,5,4,4,4,4,4,4,5,5,12,7,7,7,6,8,6,5,10,25,10,10,6,6,4,6,4,5,7,7,8,4,4,8,7,6,6,7,12,4,5,5,10,7,9,6,21,3,5,4,8,6,7,8,7,3,3,3,13,6,6,5
7,5,7,40,8,6,6,6,3,3,1,7,7,4,7,4,7,6,6,18,5,10,6,5,5,6,6,16,16,16,16,15,3,3,3,11,4,4,4,6,5,4,5,4,4,14,11,2,1,6,6,6,13,5,5,5,11,9,8,8,7,13,9,11,6,1,0,9,6,10,8,7,13,7,7,13,14,14,12,12,12,11,12,13,3,9,4,9,9,24,8,7,25,14,11,13,5,6,8,6,12,11,6,10,6,6,6,8,8,6,7,6,7,12,12,12,9,6,6,6,6,6,6,6,6,6,5,5,6,6,8,6,5,5,6,8,7,5,9,5,5,9,9,14,7,15,6,4,31,11,7,7,5,5,5,7,7,10,13,19,5,2,8,8,4,4,7,6,7,7,7,10,8,6,4,7,7,6,13,10,29,7,25,25,6,6,5,5,5,17,17,1,9,4,5,4,5,5,6,5,5,4,16,5,5,35,6,6,6,7,2,2,4,6,5,7,7,7,8,8,34,11,7,6,6,4,4,12,14,10,10,4,11,11,8,5,6,9,8,8,5,5,7,9,3,4,4,5,5,12,7,7,5,5,7,3,4,4,4,4,4,8,15,14,14,16,17,17,17,5,4,4,18,4,4,3,18,3,3,3,4,7,7,6,7,5,3,3,3,4,5,4,4,4,4,4,4,5,5,12,7,7,7,6,8,6,5,10,25,10,10,6,6,4,6,4,5,7,7,8,4,4,8,7,6,6,7,12,4,5,5,10,7,9,6,21,3,5,4,8,6,7,8,7,3,2,3,13,6,6,5
13,11,12,45,10,14,14,14,11,12,10,6,6,5,6,6,6,5,10,16,6,14,8,9,9,11,9,20,18,18,17,17,7,10,9,11,11,5,5,5,5,8,5,10,7,16,16,9,9,8,8,3,15,8,8,8,18,5,6,5,8,20,1,13,8,9,9,0,12,3,2,3,15,3,3,16,20,20,13,13,13,5,11,4,10,1,9,2,1,30,9,9,30,20,12,15,9,7,7,11,18,11,12,9,4,4,4,2,2,6,3,10,9,11,11,11,5,4,4,6,6,6,9,10,10,7,9,7,6,5,6,6,8,8,5,5,4,10,7,7,7,8,8,20,12,21,6,6,36,10,11,12,12,11,12,5,5,3,13,18,12,10,9,9,8,8,6,4,10,10,10,15,12,6,8,8,7,9,12,14,34,8,31,31,11,11,11,11,11,11,11,9,2,9,9,9,9,9,9,9,9,9,10,12,7,40,11,11,11,11,9,9,8,11,12,13,13,12,11,11,39,3,7,9,9,6,6,15,12,2,3,10,16,16,11,11,10,6,5,5,12,11,5,9,10,10,9,7,7,11,12,12,11,11,4,10,8,7,10,7,7,10,13,13,19,19,19,19,19,7,6,7,12,7,7,10,12,8,9,8,8,5,5,7,5,11,9,10,9,10,11,10,10,10,11,11,11,11,12,18,5,5,5,6,7,6,11,2,30,2,3,11,11,11,12,8,8,10,10,12,11,10,3,10,9,8,9,14,11,8,8,3,13,6,7,26,10,12,9,14,8,11,2,11,10,9,10,4,10,8,8
9,5,6,38,8,8,8,8,8,8,6,11,11,9,11,9,11,11,7,19,7,8,7,8,9,8,8,14,17,17,16,16,7,8,8,11,7,7,7,10,6,8,6,8,9,14,10,6,6,7,7,8,12,10,10,10,9,13,14,10,10,11,12,11,6,6,6,12,0,13,11,11,14,10,9,14,13,13,13,13,13,12,14,14,8,12,9,12,12,23,12,12,24,13,12,15,9,10,10,9,11,13,9,12,9,9,9,11,11,9,10,8,11,14,14,14,12,9,9,11,11,11,8,8,9,10,10,10,10,11,12,10,10,10,11,11,10,9,13,9,10,10,10,14,10,14,11,9,29,13,8,9,10,9,10,10,10,13,16,21,10,6,13,11,9,9,12,9,9,9,9,9,9,11,9,12,11,8,15,8,28,12,24,24,8,8,7,7,7,21,21,8,12,8,8,8,8,8,8,8,8,8,19,9,10,33,8,8,8,9,9,9,8,8,9,7,7,7,11,10,32,14,11,8,8,9,9,15,16,13,13,8,9,9,10,9,8,11,10,10,10,9,11,12,8,8,9,9,9,14,10,10,9,9,9,8,9,9,9,8,8,12,16,16,13,18,19,19,19,9,9,9,20,9,8,7,21,8,8,8,9,10,10,11,10,8,8,8,7,8,9,8,8,8,9,9,9,7,8,11,10,10,10,11,13,11,7,13,23,13,13,8,8,9,9,9,9,9,9,10,8,8,11,9,10,8,9,14,9,8,8,13,7,11,10,20,8,10,11,7,8,9,11,9,9,8,9,14,8,8,8
14,12,13,45,10,14,14,14,11,11,9,7,8,6,7,7,7,6,11,17,7,15,9,10,10,11,9,21,19,19,18,18,8,11,10,10,13,7,7,6,6,8,6,10,7,17,16,9,10,9,9,4,14,9,9,10,19,7,8,6,10,21,3,14,9,10,10,3,13,0,3,3,13,4,4,13,21,20,11,11,11,2,11,5,10,3,9,3,2,30,9,9,31,21,9,12,10,8,8,12,18,8,12,10,4,5,5,4,4,7,4,11,9,11,11,11,7,4,4,7,7,7,9,10,11,8,10,8,7,6,7,6,9,9,6,6,5,11,8,8,8,8,9,21,12,22,7,7,37,11,11,12,12,12,12,6,6,1,13,19,12,10,9,9,9,9,7,5,11,11,11,16,12,7,9,8,7,9,12,15,35,9,31,30,12,12,12,12,12,13,13,10,4,10,10,10,10,10,10,10,10,10,12,12,8,40,11,11,11,11,10,10,8,12,13,13,13,13,12,12,40,2,8,9,9,7,6,15,13,2,2,11,17,17,12,12,10,6,5,6,12,12,6,10,11,11,10,8,8,11,13,13,12,12,4,10,8,8,11,8,8,11,14,13,20,18,19,19,19,8,7,7,13,7,8,10,14,9,9,9,8,6,6,8,6,12,10,10,9,11,12,11,11,11,11,11,11,12,13,18,5,5,5,7,7,6,12,2,31,2,1,12,12,11,13,9,9,11,11,13,11,11,4,11,10,9,10,15,11,9,9,1,13,7,8,27,10,12,10,15,9,12,3,12,11,10,11,5,11,9,9
11,9,11,43,8,13,13,12,10,10,9,4,5,4,4,4,4,4,9,15,5,13,7,8,8,9,7,18,17,16,16,16,6,8,8,10,10,4,4,4,4,6,4,8,5,15,14,7,8,6,6,2,13,6,6,7,16,5,5,3,7,18,3,12,6,8,8,2,11,3,0,1,14,1,1,14,18,18,13,13,13,5,9,6,8,2,7,3,2,27,6,6,28,18,12,14,8,5,6,9,16,11,10,8,2,2,2,1,2,4,1,8,7,9,9,9,5,2,2,4,4,4,6,8,9,5,8,5,5,4,4,4,7,7,4,3,2,8,5,6,5,6,6,18,10,18,5,4,34,9,9,10,10,10,10,3,3,3,11,17,10,8,6,7,6,6,4,2,8,8,8,13,10,4,6,5,5,6,10,12,32,6,28,28,9,9,9,9,9,13,13,8,3,7,7,7,7,7,7,7,7,7,12,10,5,38,9,9,9,9,7,7,6,10,10,11,11,11,9,9,37,3,6,6,6,5,4,12,12,3,3,8,14,14,9,9,8,4,3,3,10,10,3,8,9,9,7,5,5,9,10,10,10,10,2,8,6,6,8,5,5,8,12,11,18,16,17,17,17,5,4,5,14,5,5,8,14,7,8,7,6,3,3,5,3,9,8,8,8,9,10,9,9,9,9,9,9,10,11,15,3,3,3,4,5,4,9,3,28,2,3,10,10,9,11,6,6,9,9,10,9,9,1,8,7,7,8,12,9,6,6,4,10,4,6,24,8,10,7,12,6,9,2,9,9,8,8,6,9,6,6
10,9,10,42,7,12,12,12,9,10,8,4,4,3,4,4,4,3,8,14,4,12,6,7,7,9,7,18,16,16,16,15,5,8,7,11,10,4,4,3,3,6,3,8,5,14,14,7,7,6,6,1,13,6,6,6,16,5,4,3,6,18,3,12,6,7,7,3,11,3,1,0,14,1,1,14,17,17,13,13,13,5,9,6,8,3,7,3,2,27,6,6,27,18,11,14,7,5,5,9,15,11,10,7,1,1,1,1,1,4,1,8,6,9,9,9,4,1,1,4,4,4,6,7,8,5,7,5,4,3,4,3,6,6,3,2,1,8,5,5,5,6,6,17,10,18,4,4,33,8,9,10,9,10,9,3,3,4,10,16,9,8,6,7,6,6,4,2,8,8,8,13,9,4,6,5,4,6,10,12,31,6,28,28,9,9,9,9,9,12,13,7,3,7,7,7,7,7,7,7,7,7,11,9,5,38,8,8,8,9,7,7,6,10,10,10,10,10,9,9,38,4,5,6,6,4,4,12,11,3,3,8,13,13,9,9,7,3,2,3,9,9,3,7,8,8,7,5,5,9,10,10,9,9,1,8,5,5,8,5,5,8,11,10,18,15,16,16,16,5,4,4,12,4,5,7,13,6,6,6,6,3,3,5,3,9,8,8,7,9,9,8,8,9,8,9,9,9,10,15,2,2,2,4,4,3,9,3,28,3,3,9,9,9,10,6,6,8,8,10,9,9,1,8,7,6,7,12,9,6,6,4,10,4,5,24,8,10,7,12,6,9,1,9,8,7,8,6,8,6,5
18,14,14,46,17,17,17,17,15,15,13,15,16,15,15,15,15,15,15,24,11,16,15,16,17,16,16,22,25,24,24,24,12,15,15,8,16,11,11,14,10,15,10,15,15,17,18,13,12,11,11,12,11,14,14,14,17,17,19,16,19,19,15,16,11,13,13,15,14,13,14,14,0,14,14,1,22,22,7,7,7,12,20,14,16,16,17,16,17,31,18,17,31,22,9,7,17,18,17,18,20,10,18,19,13,13,13,15,15,13,14,17,18,20,20,20,16,13,14,17,17,17,16,17,17,18,18,14,18,16,16,16,18,18,16,15,14,17,17,17,18,17,17,22,19,23,17,13,38,20,17,18,17,17,18,14,14,14,22,28,18,14,18,18,16,16,17,13,18,18,18,17,18,15,15,17,16,16,21,17,36,18,33,32,17,17,16,16,16,24,24,16,16,13,12,13,12,13,12,12,13,13,23,17,18,41,17,17,17,18,15,15,16,17,18,15,15,15,19,19,41,14,18,16,16,13,13,22,23,16,16,16,18,18,19,17,17,16,15,15,17,17,16,19,16,16,17,17,17,21,19,19,17,17,14,16,16,16,17,16,16,20,23,23,22,26,27,27,27,17,16,16,24,16,16,15,25,16,16,16,15,14,14,16,14,17,15,16,15,16,17,16,16,16,17,17,17,16,17,20,14,14,14,15,17,15,16,15,33,15,15,17,17,17,18,14,15,18,18,19,16,16,15,18,18,17,18,22,17,13,13,15,15,16,18,28,16,18,15,16,16,18,15,18,16,16,17,14,17,16,13
10,8,10,42,7,11,11,11,9,9,8,3,4,3,3,3,3,3,8,13,4,12,5,7,6,7,6,18,16,15,15,15,5,7,7,11,9,3,3,3,3,5,3,7,4,14,13,6,7,6,5,1,12,6,5,6,15,4,4,2,5,17,4,11,5,7,7,3,10,4,1,1,14,0,2,13,17,17,12,12,12,6,9,8,7,4,6,4,4,27,6,6,27,17,10,13,7,6,6,9,14,11,10,8,1,1,1,3,3,3,1,8,7,9,9,9,5,1,1,5,5,5,6,8,9,5,8,4,5,4,4,4,7,7,4,3,2,8,5,6,5,6,6,17,10,17,5,3,32,9,9,10,9,9,9,2,2,4,11,17,9,7,6,7,7,7,5,1,8,8,8,12,10,3,5,5,5,6,10,11,31,6,27,27,9,9,9,9,9,12,12,6,4,6,6,6,6,6,6,6,6,6,11,9,5,36,9,9,9,9,6,6,5,10,10,9,9,9,9,9,35,5,6,6,6,3,3,12,12,5,5,7,12,13,9,9,8,4,3,3,9,9,3,8,7,7,6,5,5,9,10,10,9,9,2,7,6,6,8,5,5,8,12,11,17,16,17,17,17,6,5,5,13,5,5,7,14,5,5,5,5,2,2,4,2,8,7,7,6,7,9,8,8,8,8,8,8,10,9,14,2,2,2,3,5,3,9,5,27,5,4,9,9,8,10,4,5,9,9,9,8,8,3,8,7,7,7,12,8,5,5,5,9,4,6,23,7,9,6,11,6,9,3,9,7,6,7,8,9,6,4
10,9,10,42,7,12,12,11,9,9,7,4,4,2,4,3,3,3,8,14,4,12,6,7,7,8,6,17,16,16,15,15,5,7,7,12,9,3,3,3,3,4,2,7,5,14,13,6,7,5,5,1,12,5,5,5,15,4,4,3,6,17,4,11,5,7,7,3,9,4,1,1,14,2,0,14,18,18,13,13,13,7,8,8,8,3,7,3,4,28,6,5,28,18,12,14,7,5,5,8,16,13,9,7,2,2,2,2,3,4,2,8,6,8,8,8,4,2,2,4,4,4,6,7,8,5,7,5,4,3,4,3,6,6,3,3,2,7,5,5,4,6,6,18,9,18,4,4,34,8,8,9,10,9,9,2,2,5,10,16,9,7,6,7,5,5,4,2,8,8,8,13,9,3,6,5,4,6,9,12,32,6,28,29,9,9,9,9,8,12,12,8,3,7,7,7,7,7,7,7,7,7,11,9,4,37,8,8,8,9,7,7,6,8,9,10,10,10,8,8,36,5,5,6,6,5,4,12,11,5,5,8,14,14,8,9,7,3,2,3,9,9,3,7,8,8,7,5,5,8,9,9,9,9,1,8,5,5,7,5,5,8,11,10,18,16,16,16,16,5,4,4,12,4,5,7,13,6,7,7,6,2,2,4,2,9,7,8,7,8,9,8,8,8,10,10,10,9,10,15,1,1,1,3,4,2,9,4,28,4,4,9,9,9,10,6,6,8,8,9,8,8,2,8,6,6,7,12,8,6,6,6,10,4,5,24,8,9,7,12,6,9,3,9,8,8,8,8,8,6,6
18,14,14,46,17,17,17,17,15,15,13,16,16,15,15,15,15,15,15,25,11,17,15,16,17,16,16,23,25,25,24,24,12,15,15,8,16,11,11,14,10,15,10,15,15,17,18,13,12,11,11,12,12,14,14,14,17,18,20,17,19,20,15,16,11,13,13,16,14,13,14,14,1,13,14,0,22,22,7,7,7,12,21,14,16,16,17,16,17,32,18,18,32,23,9,7,18,18,17,18,20,10,18,19,13,13,13,15,16,13,14,17,18,21,21,21,16,14,14,17,17,17,17,17,18,19,18,14,18,16,17,17,18,18,16,15,14,17,18,17,18,18,18,22,19,23,17,14,38,20,18,18,18,17,18,14,14,15,22,29,18,14,18,19,17,17,17,14,18,18,18,18,18,15,15,17,16,17,22,17,36,18,33,33,17,17,16,16,16,24,24,16,16,13,12,13,12,13,13,12,13,13,23,18,18,42,17,17,17,19,15,15,16,18,18,15,15,15,19,19,41,14,18,17,17,13,13,22,23,16,16,16,18,18,19,17,17,16,16,16,17,17,16,19,16,16,17,17,17,21,19,19,17,17,14,16,17,17,17,16,16,20,23,23,22,26,26,26,26,17,17,17,25,16,16,15,26,16,16,16,15,14,15,17,14,17,15,16,15,16,17,16,16,16,17,17,17,16,17,19,14,14,14,15,17,15,16,16,32,16,15,17,17,17,18,14,15,19,19,19,17,16,15,18,18,17,18,22,17,13,13,15,15,16,18,28,16,18,15,16,17,18,16,18,16,16,16,14,17,17,13
16,12,15,33,15,15,15,15,14,14,14,19,19,17,19,17,19,18,13,23,15,9,14,14,15,15,14,9,18,19,18,18,15,16,16,19,14,15,15,18,14,17,14,16,18,20,12,15,15,14,15,16,20,18,18,18,7,21,21,17,17,11,20,19,15,14,14,20,13,21,18,17,22,17,18,22,0,13,20,20,20,19,19,21,15,18,16,18,18,16,19,18,18,8,18,21,16,18,16,14,7,19,14,18,15,15,15,17,17,15,16,13,17,19,19,19,18,15,15,18,18,18,13,13,14,18,17,16,17,18,18,18,17,17,18,17,16,17,19,16,17,16,16,7,15,8,18,15,22,19,14,15,14,14,15,16,16,19,19,25,16,13,19,17,16,16,19,15,14,14,14,11,14,17,16,18,18,13,20,10,21,19,17,17,13,13,12,12,12,23,23,14,18,15,14,14,14,14,14,14,14,14,22,15,17,26,13,13,13,15,14,15,15,13,14,15,15,15,16,16,25,19,18,13,13,15,15,13,18,19,19,14,9,9,15,15,13,18,17,17,15,15,17,17,15,15,16,16,16,19,15,15,15,15,16,15,16,16,16,15,15,17,20,20,7,17,18,18,18,16,16,15,24,15,15,14,23,15,15,15,16,16,16,18,16,13,14,14,14,14,15,14,14,14,14,14,14,12,14,8,16,16,16,16,19,16,12,18,17,18,18,13,13,15,14,16,16,15,15,16,15,15,17,14,17,13,14,14,16,14,15,19,14,17,17,15,14,15,17,13,13,14,17,14,15,14,15,21,13,13,15
16,12,15,33,15,15,15,15,14,14,14,19,19,17,19,17,19,18,13,23,15,9,14,14,15,15,14,9,18,19,18,18,15,16,16,19,14,15,15,18,14,17,14,16,18,20,12,15,15,14,15,16,20,18,18,18,7,21,21,17,17,11,20,19,15,14,14,20,13,20,18,17,22,17,18,22,13,0,19,19,19,19,18,21,15,17,15,17,18,16,18,18,18,8,18,20,16,17,15,14,7,19,14,17,15,15,15,17,17,15,16,13,16,18,18,18,18,15,15,18,18,18,13,13,14,17,17,16,17,17,18,17,17,17,17,17,16,16,19,16,17,15,15,7,15,8,18,15,22,18,14,15,14,14,16,16,16,19,20,25,16,13,18,16,15,15,18,15,14,14,14,11,14,17,16,18,18,13,19,10,21,18,17,17,13,13,12,12,12,23,23,14,17,14,14,14,14,14,14,14,14,14,22,16,17,26,13,13,13,15,14,15,15,14,14,15,15,15,16,16,25,19,18,13,13,15,15,13,18,19,19,14,9,9,15,15,13,18,17,17,15,15,17,17,15,15,16,16,16,18,15,15,16,16,16,15,16,16,15,15,15,17,20,20,7,17,18,18,18,16,16,15,24,15,15,14,23,15,15,15,16,16,16,18,16,14,14,15,14,14,15,14,14,14,14,14,14,12,14,8,16,16,16,16,19,16,12,18,17,18,18,14,13,15,15,16,16,15,15,16,15,15,16,14,17,13,15,14,16,14,14,19,15,17,17,15,15,16,17,13,13,14,17,14,15,14,15,21,13,13,14
17,13,13,45,16,16,16,16,14,14,12,15,15,14,14,14,14,13,14,23,10,15,14,14,15,15,15,21,23,23,23,23,11,13,13,4,14,9,9,13,9,14,9,14,14,16,17,12,12,10,10,12,10,14,14,14,17,18,19,16,18,19,12,15,10,12,12,13,13,11,13,13,7,12,13,7,20,19,0,14,1,8,18,10,13,13,14,13,12,29,15,15,28,20,2,2,15,16,15,15,17,3,15,17,11,11,11,14,14,10,12,14,16,18,18,18,14,11,11,14,14,14,14,14,15,16,15,12,15,14,14,14,15,15,13,13,12,15,15,14,15,15,15,19,16,20,15,11,35,17,15,16,15,14,15,12,12,11,19,26,15,11,15,16,14,14,14,11,15,15,15,15,15,12,12,14,14,14,19,14,34,15,30,30,14,14,13,13,13,22,22,13,14,10,10,10,10,10,10,10,10,10,21,14,15,39,14,14,14,16,12,12,13,15,15,12,12,12,17,17,39,10,15,14,14,11,11,20,20,12,12,14,15,15,16,14,14,14,13,13,15,15,13,17,13,13,14,14,14,18,16,16,14,14,11,13,14,14,14,13,13,17,20,19,19,23,24,24,24,14,14,14,22,13,13,12,22,13,13,13,12,12,12,14,12,14,12,13,12,13,14,13,13,13,13,13,13,13,15,17,11,11,11,12,15,12,13,12,30,11,11,14,14,14,15,11,12,16,16,17,13,13,14,15,15,14,15,19,14,10,10,11,12,13,16,25,13,15,12,13,14,15,13,15,13,13,13,10,14,14,10
17,13,13,45,16,16,16,16,14,14,12,15,15,14,14,14,14,13,14,23,10,15,14,14,15,15,15,21,23,23,23,23,11,13,13,4,14,9,9,13,9,14,9,14,14,16,17,12,12,10,10,12,10,14,14,14,17,18,19,16,18,19,12,15,10,12,12,13,13,11,13,13,7,12,13,7,20,19,14,0,1,8,18,10,13,13,14,13,12,29,15,15,28,19,2,2,14,15,14,15,17,3,15,16,11,11,11,14,14,10,11,14,16,18,18,18,14,11,11,14,14,14,14,14,15,15,15,12,15,13,14,14,15,15,13,13,12,14,15,14,15,14,15,19,16,20,14,11,35,17,15,15,14,14,14,11,11,11,19,26,14,11,15,16,13,13,14,11,15,15,15,14,15,12,12,14,13,14,19,14,33,15,29,29,14,14,13,13,13,22,23,13,14,10,9,10,9,10,10,9,10,10,22,14,15,39,14,14,14,15,12,12,13,14,15,12,12,12,17,16,38,10,15,14,14,11,11,19,20,12,12,13,15,15,16,14,14,14,13,13,14,14,13,16,13,13,14,14,14,18,16,16,14,14,11,13,14,14,14,13,13,17,20,20,19,23,24,24,24,14,14,13,22,13,13,12,23,13,13,13,12,12,12,14,12,14,12,13,12,13,14,13,13,13,13,13,13,13,15,17,11,11,11,12,15,12,13,12,29,11,11,15,14,14,16,12,12,16,16,17,13,13,14,15,16,14,15,19,14,10,10,11,12,13,16,25,13,15,12,13,14,15,13,15,14,13,13,10,14,14,10
17,13,13,46,16,16,16,16,14,14,12,15,15,14,14,14,14,13,13,23,10,15,14,14,15,15,15,21,23,23,23,23,11,13,13,4,14,9,9,13,9,14,9,14,14,16,17,12,12,10,10,12,10,14,14,14,17,18,19,16,18,19,12,15,10,12,12,13,13,11,13,13,7,12,13,7,20,19,1,1,0,8,18,10,13,13,14,13,12,29,15,15,29,19,2,2,15,16,14,15,17,3,15,17,11,11,11,14,13,11,11,14,16,18,18,18,14,11,11,14,14,14,14,14,15,15,15,12,15,14,14,14,15,15,13,13,12,15,15,14,15,15,15,19,16,20,15,11,35,18,15,15,14,14,15,12,12,11,20,26,15,11,15,16,14,14,14,11,15,15,15,15,15,13,12,14,14,14,19,14,33,15,29,29,14,14,13,13,13,22,22,13,13,10,10,10,10,10,10,10,10,10,22,14,15,39,14,14,14,16,12,12,13,15,15,12,12,12,17,17,38,10,15,14,14,11,11,20,20,12,12,14,15,15,17,14,14,14,13,13,15,14,13,17,13,13,14,14,14,18,16,16,14,14,12,13,14,14,14,13,13,17,21,20,19,24,24,24,24,15,14,14,22,13,13,13,23,13,13,13,13,12,12,14,12,14,13,13,12,13,14,13,13,13,13,14,14,13,15,17,12,12,12,13,15,13,13,11,29,11,11,15,14,14,16,12,12,16,16,17,14,13,14,16,16,14,15,19,14,10,10,11,12,14,16,26,13,15,13,13,14,15,13,15,14,13,14,10,14,14,10
16,12,12,45,13,15,15,14,11,12,10,9,10,9,9,9,9,8,14,19,9,15,11,12,12,14,12,20,21,21,21,20,10,12,12,6,14,8,8,9,8,11,8,12,9,15,16,10,10,9,10,7,11,11,10,11,16,9,10,9,12,18,4,14,10,11,11,5,12,2,5,5,12,6,7,12,19,19,8,8,8,0,13,3,10,5,10,5,4,28,11,11,29,19,7,10,10,10,10,13,17,6,14,12,6,6,6,6,6,8,6,12,11,13,13,13,8,5,5,9,9,9,11,12,13,10,12,8,9,8,9,8,11,11,8,7,6,12,10,10,10,10,10,20,14,20,9,8,34,13,13,14,12,12,12,7,7,3,15,21,12,10,11,11,11,11,9,6,12,12,12,14,13,8,9,10,9,11,14,13,33,11,29,29,13,13,13,13,13,15,15,10,6,10,9,10,9,10,10,9,10,10,14,12,10,39,13,13,13,13,10,10,9,14,13,12,12,12,13,13,38,2,10,10,10,7,7,16,15,4,4,11,15,15,13,12,12,8,7,7,12,12,7,12,11,11,10,10,10,13,14,14,12,12,6,11,10,10,12,9,9,12,16,15,19,20,21,21,21,10,9,9,15,9,9,10,15,9,10,9,9,8,8,10,7,12,10,11,10,11,12,11,11,11,11,11,11,13,12,16,7,7,7,8,9,8,13,4,29,3,3,14,13,12,13,9,10,12,12,14,11,11,6,12,11,11,11,16,12,10,10,3,12,9,10,25,11,13,11,13,11,13,5,13,11,10,11,3,12,11,9
11,10,17,43,8,13,13,12,13,12,13,11,11,10,11,11,10,10,9,12,11,15,7,8,8,8,7,21,14,13,13,13,12,12,12,17,10,10,10,9,9,10,9,13,9,20,16,12,12,12,12,8,19,12,12,12,17,10,10,7,8,21,11,17,12,12,12,11,14,11,9,9,20,9,8,21,19,18,18,18,18,13,0,13,12,8,11,8,9,23,8,8,28,18,16,18,12,12,4,8,16,16,9,1,7,7,7,8,8,8,6,6,6,2,2,2,8,7,7,10,10,10,5,6,7,9,10,10,9,9,9,9,8,8,9,8,7,9,9,9,9,4,4,18,9,18,10,9,33,2,7,9,9,9,10,8,8,10,4,12,11,10,7,5,9,9,9,7,6,6,7,13,8,9,11,7,6,5,3,12,31,9,24,24,8,8,7,7,7,13,13,12,8,12,11,12,11,11,12,11,12,12,12,11,9,36,7,7,7,8,12,12,10,8,9,15,15,15,8,8,36,10,8,5,5,9,9,10,6,10,10,12,13,14,9,10,6,9,8,8,10,10,8,6,11,11,12,11,11,2,9,9,11,11,7,12,11,11,11,11,11,7,5,4,17,14,15,15,15,12,10,11,13,11,11,11,12,11,11,11,11,8,8,10,8,8,10,9,10,9,10,9,9,9,9,9,9,8,9,15,8,8,8,9,10,9,7,9,24,9,9,9,8,10,10,10,11,7,7,9,10,9,7,7,8,5,6,11,12,11,11,11,15,7,10,23,11,10,12,12,5,7,8,7,12,11,12,13,7,5,10
17,14,14,46,14,17,17,16,13,13,12,10,10,9,10,9,10,9,14,20,10,17,12,13,13,14,12,23,23,22,22,22,11,14,13,8,15,9,9,9,9,11,9,13,11,17,18,12,12,12,12,7,13,13,13,13,18,9,10,9,12,20,3,16,12,13,13,4,14,5,6,6,14,8,8,14,21,21,10,10,10,3,13,0,13,5,12,5,4,30,11,11,32,22,9,12,13,11,10,13,19,8,14,12,7,7,7,6,5,9,7,12,11,13,13,13,8,7,7,10,10,10,11,12,13,10,13,10,10,9,9,9,12,12,9,8,7,13,10,11,10,10,11,22,14,22,10,9,36,13,13,14,14,14,15,8,8,5,15,21,15,13,11,12,11,11,10,8,12,12,12,17,14,9,11,9,9,11,14,16,35,11,31,31,13,13,13,13,13,13,13,13,5,12,12,12,12,12,12,12,12,12,12,14,10,41,13,12,12,13,12,12,11,14,15,14,14,14,13,13,41,5,10,11,11,10,9,17,12,5,6,13,17,17,14,14,12,9,8,8,14,14,8,12,13,13,12,11,11,13,14,15,14,14,7,13,12,12,13,12,11,12,16,15,21,20,21,21,21,11,10,10,12,10,11,12,13,11,12,12,11,8,8,10,8,14,12,13,12,13,14,13,13,13,13,13,13,15,15,18,8,8,8,9,10,9,14,6,32,6,6,14,15,14,15,11,12,13,13,14,13,13,7,13,12,11,12,16,14,11,11,5,14,8,11,27,13,15,12,15,11,13,5,13,13,12,13,13,12,11,11
9,6,8,41,9,7,7,7,4,4,1,8,8,5,8,5,8,7,7,19,5,11,8,6,6,7,7,17,17,17,17,17,3,4,4,12,5,5,5,7,6,5,6,5,6,15,12,2,1,7,6,7,14,7,6,7,12,10,9,9,8,14,10,12,6,3,3,10,8,10,8,8,16,7,8,16,15,15,13,13,13,10,12,13,0,8,1,8,8,24,8,8,24,15,10,13,5,6,8,6,12,11,6,10,5,5,5,7,7,5,6,6,7,11,11,11,9,6,6,6,6,6,6,6,7,6,5,5,5,6,8,6,6,6,6,7,6,5,9,5,6,9,9,15,8,15,6,3,30,11,7,7,5,4,5,6,6,9,13,19,5,2,8,8,4,4,7,6,8,8,8,10,8,6,4,7,7,6,13,9,28,7,25,24,6,6,6,6,5,17,17,1,8,4,5,4,5,5,5,5,5,4,16,5,6,34,6,6,6,7,2,2,4,6,5,7,7,7,8,8,33,10,7,6,6,4,4,12,14,9,9,4,10,10,8,4,6,8,7,7,5,4,7,9,4,4,3,5,5,12,8,8,4,5,6,1,4,4,4,4,4,8,14,13,14,16,16,16,16,5,4,4,17,4,4,3,17,3,3,3,4,6,6,6,6,4,3,4,3,4,4,4,4,4,4,4,4,5,5,12,6,6,6,6,8,6,6,9,24,9,9,6,6,4,6,4,4,7,7,8,4,4,7,7,6,6,7,12,4,4,4,10,7,8,6,20,3,5,3,8,6,7,7,7,1,2,1,12,6,6,4
12,10,11,44,9,14,14,13,11,11,9,5,5,5,5,5,5,4,10,15,6,14,7,9,8,10,8,19,17,17,17,17,7,9,9,11,11,5,5,4,4,7,4,9,6,15,15,8,9,7,7,3,14,8,7,8,17,4,5,4,7,19,2,13,7,8,9,1,12,3,2,3,16,4,3,16,18,17,13,13,13,5,8,5,8,0,7,1,2,27,7,6,27,18,12,14,8,6,6,9,15,11,10,8,2,2,2,2,1,4,2,8,7,9,9,9,3,2,2,5,5,5,6,7,9,5,8,5,5,4,4,4,7,7,4,3,2,8,5,6,6,6,6,18,10,18,5,4,33,9,9,10,9,9,10,3,3,4,11,17,10,8,7,7,7,7,5,3,8,8,8,13,9,4,6,5,5,6,10,12,32,6,28,28,9,9,9,9,9,13,13,8,1,7,7,7,7,7,7,7,7,7,12,9,6,38,8,8,8,9,7,7,6,10,10,10,10,10,9,9,37,4,6,6,6,5,4,12,11,3,4,8,13,14,9,9,7,4,3,3,9,9,4,8,8,8,7,6,6,9,10,10,9,9,2,8,6,6,8,6,6,8,12,11,17,15,16,16,16,6,5,5,13,5,6,7,14,6,7,6,7,4,4,6,4,9,7,8,7,8,9,8,8,8,9,9,9,10,10,15,3,3,3,4,5,4,9,3,28,3,4,9,9,9,10,6,6,8,8,10,9,8,2,8,7,6,7,12,9,6,6,5,10,5,6,24,8,10,7,12,6,9,2,9,8,7,8,5,8,6,6
9,7,9,42,10,8,8,7,4,5,2,7,7,4,7,4,7,7,7,18,5,12,9,7,7,7,7,18,18,18,18,17,4,5,4,13,6,5,5,6,5,5,5,6,5,16,13,2,3,7,6,6,15,6,6,6,13,9,8,8,8,15,10,13,6,4,4,9,9,9,7,7,17,6,7,17,16,15,14,14,14,10,11,12,1,7,0,8,8,24,8,8,25,15,11,14,5,6,9,7,12,12,7,10,5,5,6,7,7,5,6,7,8,12,12,12,9,6,6,6,7,7,6,7,7,6,6,5,6,6,8,6,6,6,6,7,6,5,9,5,6,9,9,15,7,15,6,4,30,11,7,7,5,5,6,6,6,9,14,19,5,2,9,8,5,5,7,6,8,8,8,10,8,7,4,8,7,6,13,9,29,7,24,24,7,7,6,6,6,16,16,2,8,5,5,5,5,5,5,5,5,5,15,5,6,34,6,6,6,7,2,2,4,6,6,7,7,7,8,8,33,10,7,6,6,4,5,12,14,9,9,5,10,10,8,5,6,8,7,7,5,5,7,9,4,4,4,5,5,11,7,7,5,5,6,1,5,5,5,4,4,8,14,14,14,15,16,16,16,5,5,5,16,4,4,3,17,3,3,3,4,6,7,7,6,5,3,4,3,4,5,4,4,4,5,5,5,5,6,12,6,6,6,7,8,7,6,9,24,9,9,6,6,5,6,4,4,7,7,8,4,4,7,7,6,6,8,12,5,4,4,10,7,8,6,21,4,6,4,8,6,7,7,7,1,3,1,12,6,6,4
12,11,12,44,9,14,14,13,11,11,10,5,6,5,5,5,5,5,10,16,6,14,8,9,9,10,8,19,18,17,17,17,7,9,9,11,11,5,5,5,5,7,4,9,6,16,15,8,9,8,7,3,15,8,8,8,17,4,5,4,8,19,2,13,7,9,9,2,12,3,3,3,16,4,3,16,18,17,13,13,13,5,8,5,8,1,8,0,2,28,8,7,28,19,11,14,9,7,7,10,16,10,11,9,3,3,3,3,3,5,3,9,8,10,10,10,6,3,3,5,5,5,7,8,10,6,8,6,6,5,5,5,7,7,4,4,3,9,6,7,6,7,7,19,10,19,5,5,33,10,10,11,11,10,11,4,4,3,12,18,11,9,7,8,7,7,5,4,9,9,9,13,10,5,7,6,6,7,11,13,32,7,29,29,10,10,10,10,10,12,12,8,3,8,7,8,8,8,8,8,8,8,10,10,6,38,9,9,9,10,8,8,7,10,11,11,11,11,10,10,37,3,7,7,7,5,5,12,12,2,2,9,14,14,10,10,8,5,4,4,11,10,4,9,9,9,8,7,7,10,11,11,10,10,3,9,7,7,9,7,7,9,13,12,18,16,17,17,17,7,6,6,12,6,6,8,13,7,9,7,7,5,5,7,5,10,8,9,8,9,10,9,9,9,10,10,10,11,11,15,4,4,4,5,6,5,10,2,29,2,2,10,10,10,11,7,7,9,9,11,10,9,3,9,8,7,8,13,10,7,7,4,11,6,7,24,9,11,8,12,7,10,2,10,9,8,9,4,9,7,7
13,11,12,45,10,15,15,14,12,12,10,6,6,6,6,6,6,6,11,16,6,14,8,9,9,11,9,20,18,18,18,18,8,10,10,10,12,6,6,6,5,8,5,9,7,16,16,9,9,8,8,4,15,9,9,9,18,5,6,5,9,20,1,13,8,9,9,1,12,2,2,2,17,4,4,17,18,18,12,12,12,4,9,4,8,2,8,2,0,27,7,7,28,18,12,15,8,6,6,9,15,11,10,8,3,3,3,2,1,5,2,8,7,9,9,9,4,3,3,5,5,5,7,8,9,5,8,6,6,4,4,4,7,7,4,4,3,8,5,6,6,6,7,18,10,18,5,5,33,9,9,10,10,10,10,4,4,4,11,17,10,8,7,7,7,7,5,3,8,8,8,13,10,5,7,6,5,7,11,12,31,7,28,28,9,9,10,10,10,13,13,8,1,7,7,7,7,7,7,7,7,7,11,10,6,37,9,9,9,10,7,7,6,9,10,10,10,10,9,9,37,4,6,7,7,5,5,12,12,3,3,8,14,14,9,10,8,5,4,4,10,10,4,8,8,9,8,6,6,9,10,10,10,10,3,8,7,7,9,6,6,8,12,12,17,15,16,16,16,6,5,6,13,6,6,8,13,7,7,7,7,4,4,6,4,10,8,9,7,9,10,9,9,9,9,9,9,10,10,15,4,4,4,5,5,5,10,3,28,3,3,10,10,10,10,6,7,9,9,10,9,9,2,9,7,7,8,12,9,7,7,5,10,5,6,24,8,10,8,12,7,9,2,9,9,8,8,5,9,7,6
32,26,27,28,27,26,26,27,28,29,33,31,30,27,29,27,29,28,23,18,24,20,23,25,24,25,24,20,20,20,20,20,25,25,26,29,24,24,24,28,23,27,23,25,27,31,21,25,24,24,24,26,30,28,28,28,18,29,29,26,27,24,29,29,24,24,24,30,23,30,27,27,31,27,28,32,16,16,29,29,29,28,23,30,24,27,24,28,27,0,28,28,21,19,27,30,25,26,24,23,19,28,23,23,25,25,25,27,27,25,26,23,26,25,25,25,28,25,25,27,27,27,23,23,24,28,26,26,26,26,28,26,27,27,27,27,26,25,28,25,26,24,25,19,24,20,27,25,15,24,23,24,25,24,26,26,26,29,26,18,26,23,27,25,24,24,28,25,23,23,24,20,22,27,26,27,26,23,25,20,13,29,2,2,24,24,22,22,22,30,31,24,27,25,24,25,24,24,24,24,25,25,29,26,26,24,23,23,23,24,25,25,24,23,23,25,25,25,25,25,23,30,27,23,23,25,25,20,24,29,29,24,19,20,25,25,23,28,27,27,26,25,27,26,24,24,25,25,25,25,24,24,26,26,26,24,24,24,25,24,24,26,27,27,19,18,19,19,19,25,25,24,31,24,24,23,30,24,24,24,25,26,26,28,26,24,24,24,23,25,26,25,25,25,24,24,24,22,24,18,26,26,26,27,28,27,22,28,2,28,29,23,22,26,23,26,26,24,24,25,25,25,27,24,26,23,24,21,25,24,25,30,25,28,26,20,24,24,26,23,22,22,27,24,25,24,25,30,23,23,24
7,10,14,45,7,9,9,8,8,8,7,5,5,5,5,5,5,4,7,15,8,15,7,4,4,4,4,20,17,17,16,16,9,6,6,15,6,7,7,4,7,4,7,7,3,18,15,7,7,9,9,5,17,9,9,9,16,6,5,3,2,18,8,15,9,8,8,9,12,9,6,6,18,6,6,18,19,18,15,15,15,11,8,11,8,7,8,8,7,28,0,2,27,16,14,16,6,6,3,3,14,14,5,7,5,5,5,6,6,7,5,5,1,8,8,8,6,5,5,4,4,4,4,5,4,2,4,8,3,4,5,4,1,1,4,7,5,2,6,2,3,4,4,17,4,17,4,7,33,7,5,4,5,5,6,6,6,8,9,16,6,8,1,2,3,3,5,6,4,4,4,12,6,6,7,2,2,4,9,11,30,3,26,26,6,6,6,6,6,11,11,8,7,11,9,9,9,9,9,9,9,9,10,6,3,36,5,5,5,4,7,7,6,4,4,13,13,13,3,3,35,9,1,4,4,7,7,10,10,8,8,8,13,13,4,6,5,6,5,5,6,6,5,3,5,6,7,5,5,8,4,4,6,6,5,8,5,5,4,5,5,2,10,10,16,14,14,14,14,5,5,5,12,5,5,7,12,6,7,7,7,6,7,6,6,5,6,6,7,5,6,5,5,5,5,5,5,5,5,14,6,6,6,6,4,6,7,8,26,8,8,4,4,6,5,7,7,4,4,4,6,6,6,5,3,4,4,10,5,9,9,9,13,5,3,23,6,5,9,11,4,6,6,5,8,7,8,10,5,4,8
7,9,13,45,6,8,8,8,8,8,7,5,4,5,5,5,4,4,6,15,8,14,6,4,4,4,4,19,17,16,16,16,8,6,6,15,6,7,7,4,7,3,6,7,3,18,15,6,7,9,9,5,16,9,9,9,15,6,5,3,1,18,8,15,9,7,7,9,12,9,6,6,17,6,5,18,18,18,15,15,15,11,8,11,8,6,8,7,7,28,2,0,27,17,14,17,6,6,4,4,15,15,5,7,5,6,6,6,6,7,5,5,2,8,8,8,7,5,6,4,4,4,4,5,4,2,4,8,3,4,5,4,2,2,4,6,5,3,7,3,3,4,4,18,5,17,4,7,33,8,5,4,6,5,7,7,7,9,10,16,6,8,1,2,3,3,5,6,5,5,5,12,7,6,8,2,2,4,9,12,30,3,26,26,6,6,7,7,7,11,11,8,7,11,9,10,9,10,10,9,10,10,10,6,3,36,6,6,6,5,8,8,6,4,5,13,13,13,4,4,35,9,2,4,4,7,7,10,10,8,8,8,13,13,4,6,5,6,6,6,6,6,6,4,5,6,8,5,5,8,5,5,6,6,5,8,5,5,5,6,6,2,11,10,17,14,15,15,15,6,5,5,12,5,5,8,12,7,7,7,7,7,7,7,7,5,7,6,7,6,6,6,6,6,5,5,5,5,5,14,6,6,6,6,4,6,7,8,26,8,8,4,5,6,5,7,8,5,5,5,6,6,6,5,4,4,4,10,5,9,9,9,13,5,4,24,6,5,9,11,4,6,6,6,8,8,8,11,6,4,8
32,25,27,35,26,26,26,26,25,25,25,29,29,27,29,27,29,28,23,31,25,19,23,24,25,25,24,21,27,27,26,26,25,25,25,28,24,24,24,28,24,27,24,26,28,29,22,25,25,24,25,26,30,28,28,28,18,31,30,26,27,21,30,29,25,24,25,30,24,31,28,27,31,27,28,32,18,18,28,28,29,29,28,32,24,27,25,28,28,21,27,27,0,18,27,30,26,26,26,23,18,28,24,26,25,25,25,27,27,25,26,23,26,28,28,28,28,26,26,27,27,27,23,23,24,26,26,26,26,26,28,26,26,26,27,27,26,25,29,25,26,25,26,19,24,19,27,25,27,27,24,24,25,24,26,26,26,29,28,31,26,22,28,26,25,25,28,25,24,24,24,21,23,27,26,28,28,23,28,20,25,27,21,21,23,23,22,22,22,31,31,24,28,25,24,25,24,25,25,24,25,25,29,26,26,27,23,23,23,24,24,25,24,23,24,25,25,25,25,25,26,29,27,23,23,25,25,22,26,29,29,24,20,20,25,25,23,28,27,27,26,25,27,28,25,25,25,25,25,28,25,25,26,26,26,25,25,25,25,24,24,26,28,29,18,25,26,26,26,26,25,25,32,25,24,24,30,25,25,25,25,26,26,28,26,24,24,25,24,25,25,24,25,24,24,24,24,22,24,17,26,26,26,27,29,27,23,29,21,29,29,23,23,26,24,26,26,24,24,25,25,25,27,24,27,23,24,22,25,25,25,30,25,28,27,13,24,25,27,23,23,22,27,24,25,24,25,30,23,23,25
18,13,16,37,16,16,16,16,15,15,15,20,20,18,19,18,19,19,14,23,16,10,15,16,17,16,15,12,18,18,17,17,16,16,16,20,15,15,15,18,14,18,15,17,19,23,13,16,16,15,16,17,21,19,19,19,5,22,22,18,18,12,20,19,15,14,14,20,13,21,18,18,22,17,18,23,8,8,20,19,19,19,18,22,15,18,15,19,18,19,16,17,18,0,17,20,15,16,15,13,5,18,13,16,14,14,14,16,16,14,15,12,16,17,17,17,18,15,15,16,16,16,12,12,13,16,15,15,16,16,17,16,16,16,17,16,15,15,18,15,16,15,15,4,14,3,16,14,27,17,13,14,14,14,15,15,15,19,18,23,16,12,18,16,15,15,18,15,13,13,13,10,13,16,16,18,17,12,18,10,24,17,20,20,13,13,12,12,12,21,21,13,17,14,13,14,13,14,14,14,14,14,20,15,16,30,13,13,13,14,14,14,14,13,13,15,15,15,15,15,29,19,17,13,13,15,15,12,16,19,19,14,9,9,15,15,12,17,16,17,15,15,17,17,14,14,15,15,15,17,14,14,15,15,15,14,15,15,14,14,14,16,18,18,3,15,16,16,16,15,15,14,21,14,14,13,20,14,14,14,15,15,16,18,15,13,14,14,13,14,15,14,14,14,14,14,14,12,13,3,15,15,15,16,18,16,12,18,21,18,19,13,13,15,14,15,16,14,14,14,15,15,16,13,16,13,14,12,15,14,14,19,15,17,16,16,14,14,16,13,13,12,17,13,14,14,14,20,13,13,14
16,11,12,44,15,15,15,15,13,13,11,13,14,13,13,13,13,12,12,22,9,14,13,13,14,14,13,20,22,22,22,22,10,12,12,3,13,8,8,12,8,13,8,13,13,15,16,11,10,9,9,11,9,12,12,12,15,16,18,14,17,17,11,13,9,11,11,12,12,9,12,11,9,10,12,9,18,18,2,2,2,7,16,9,10,12,11,11,12,27,14,14,27,17,0,4,14,15,14,14,17,3,14,16,10,10,10,13,13,10,11,14,15,18,18,18,13,11,11,14,14,14,14,14,15,15,14,11,15,13,13,13,14,14,13,12,11,14,15,14,14,14,15,20,16,20,14,11,36,17,14,15,14,14,14,11,11,10,19,25,14,11,15,15,13,13,14,11,15,15,15,14,15,12,12,14,13,14,19,14,37,15,29,29,14,14,13,13,13,21,21,12,13,10,9,10,9,10,10,9,10,10,20,14,14,39,14,14,14,15,12,12,13,14,15,12,12,12,16,16,39,9,15,14,14,11,10,19,20,11,11,13,15,15,16,14,14,13,12,12,14,14,13,16,13,13,13,13,13,18,16,16,14,14,11,13,13,13,13,13,13,16,20,19,19,23,23,23,23,13,13,13,22,13,12,12,22,12,13,13,12,12,12,14,12,14,12,13,12,13,14,13,13,13,13,13,13,13,15,16,11,11,11,12,14,12,13,10,29,10,10,14,14,14,15,11,12,15,15,16,13,13,12,15,15,14,15,19,13,10,10,10,12,13,15,26,12,14,12,13,14,15,12,15,13,12,13,9,14,14,10
19,14,15,46,18,18,17,17,15,16,14,16,17,15,16,15,16,15,16,25,12,17,16,16,18,17,16,23,25,25,25,25,13,15,15,6,16,11,11,15,11,15,11,16,16,18,18,13,13,11,11,13,12,15,15,15,18,18,20,17,19,20,14,16,11,13,13,15,15,12,14,14,7,13,14,7,21,20,2,2,2,10,18,12,13,14,14,14,15,30,16,17,30,20,4,0,16,17,16,16,18,4,16,18,12,12,12,14,14,12,13,16,17,19,19,19,15,12,13,16,16,16,15,15,16,17,16,13,16,15,15,15,16,16,15,14,13,15,16,15,16,16,16,22,17,21,16,12,41,19,16,17,16,15,16,13,13,11,20,27,16,12,16,17,15,15,16,12,16,16,16,16,17,14,13,15,15,16,20,15,42,16,31,31,16,16,15,15,14,22,22,14,14,11,11,11,11,11,11,11,11,11,21,16,16,42,15,15,15,17,13,14,14,16,16,13,13,13,18,18,42,11,16,16,16,12,12,21,21,13,13,15,17,17,17,16,16,15,14,14,16,16,14,18,14,14,15,15,15,19,17,17,15,16,13,14,15,15,15,14,14,18,21,21,21,24,25,25,25,15,15,15,23,15,14,14,23,14,14,14,13,13,13,15,13,15,14,14,13,15,16,15,15,15,15,15,15,15,16,18,13,13,13,14,16,14,15,12,31,12,12,16,16,15,17,13,13,17,17,17,15,15,14,16,16,16,17,21,15,11,11,12,13,14,16,28,14,16,13,15,16,16,14,16,15,14,15,11,15,16,12
10,8,10,42,10,9,9,8,6,6,4,7,7,5,7,5,7,7,8,19,6,12,9,7,8,7,7,18,18,18,18,18,5,5,4,14,7,5,5,6,5,4,5,5,5,16,13,3,4,7,7,7,15,7,6,6,14,10,9,8,6,16,10,13,7,5,5,9,9,10,8,7,17,7,7,18,16,16,15,14,15,10,12,13,5,8,5,9,8,25,6,6,26,15,14,16,0,4,7,5,14,13,6,10,6,6,6,7,7,6,6,7,5,11,11,11,6,6,6,4,4,4,6,8,6,3,3,4,3,3,5,3,3,3,3,5,5,2,6,2,3,7,7,17,6,17,4,5,36,11,7,6,5,5,5,5,5,8,12,19,5,4,5,5,2,2,4,5,6,6,6,12,9,4,4,4,4,6,12,11,37,4,26,26,7,7,7,7,7,15,15,4,8,6,6,6,6,7,7,7,6,6,13,5,3,39,9,9,9,6,4,4,2,6,5,9,9,9,5,5,37,10,4,6,6,3,3,13,13,9,9,4,12,12,5,5,7,6,6,5,5,5,5,6,3,3,4,1,1,11,6,6,5,5,5,4,1,1,1,2,2,5,13,12,17,17,17,17,17,2,2,1,15,1,2,3,15,3,3,3,3,5,5,4,5,5,3,4,3,4,5,4,4,4,4,4,4,6,5,13,5,5,5,4,5,4,7,9,27,9,9,6,6,4,6,3,4,6,6,6,4,4,7,6,3,7,6,13,2,6,6,9,9,6,3,24,2,5,5,10,6,8,7,7,4,4,4,12,9,6,6
11,9,11,44,11,10,10,9,7,7,5,6,6,3,6,3,6,5,9,19,7,13,10,7,8,8,8,19,19,19,19,19,6,6,5,15,8,6,6,5,6,5,6,6,4,18,14,4,5,8,8,5,16,8,7,7,15,7,6,6,5,17,8,14,8,6,6,7,10,8,5,5,18,6,5,18,18,17,16,15,16,10,12,11,6,6,6,7,6,26,6,6,26,16,15,17,4,0,6,9,15,13,10,8,2,2,2,3,4,4,2,9,7,10,10,10,5,3,3,5,5,5,7,8,9,5,8,5,5,4,4,4,7,7,4,4,2,8,6,6,6,6,6,19,10,18,5,4,39,9,9,10,10,9,10,2,2,6,11,18,10,8,7,7,7,7,5,2,9,9,9,13,10,2,6,5,5,7,11,12,40,7,28,28,10,10,10,10,10,13,13,7,4,7,7,7,7,7,7,7,7,7,12,10,6,42,9,9,9,10,7,7,6,10,10,10,10,10,9,9,41,6,6,7,7,5,5,12,12,6,6,8,14,14,10,10,8,4,3,4,10,10,4,8,8,8,7,6,6,9,10,10,9,9,2,8,7,6,8,6,6,8,12,11,18,16,16,16,16,6,5,5,13,5,6,8,14,7,7,7,6,2,2,3,2,9,8,8,7,9,10,9,9,9,9,9,9,10,10,15,2,2,2,2,5,2,11,5,28,5,6,10,10,9,11,5,6,9,9,10,9,9,3,9,8,7,8,12,9,6,6,7,10,5,6,26,8,10,7,12,7,10,4,10,8,8,8,9,9,7,6
7,6,13,41,4,8,8,8,8,8,9,7,7,7,7,7,7,6,5,11,7,12,3,4,4,4,4,17,13,13,13,12,8,8,7,14,6,7,6,6,6,5,6,8,5,18,13,8,8,8,8,5,16,9,9,9,13,6,7,3,3,15,7,14,8,8,8,7,10,8,6,5,17,6,5,17,16,15,15,14,14,10,4,10,8,6,9,7,6,24,3,4,26,15,14,16,7,6,0,4,16,16,5,6,6,6,6,7,7,8,5,5,2,7,7,7,7,6,6,6,6,6,4,5,5,4,6,9,5,5,7,5,3,3,6,8,6,4,9,4,5,2,3,19,5,19,6,8,38,7,6,5,6,6,7,7,7,10,9,15,7,8,3,1,4,4,7,7,5,5,5,13,7,8,9,3,3,4,8,12,41,5,28,28,6,6,7,7,7,12,12,9,8,11,10,11,10,11,11,10,11,11,11,6,5,45,6,6,6,5,10,10,8,4,5,14,14,14,4,4,44,10,3,4,4,8,8,9,9,9,9,10,14,14,4,7,5,9,7,8,7,7,8,2,6,6,10,8,8,7,5,5,6,6,6,10,6,6,6,8,8,2,10,9,19,13,13,13,13,8,7,7,13,7,7,8,14,9,9,9,9,8,8,8,8,5,7,7,7,6,7,6,6,6,6,6,6,5,6,15,7,7,7,8,6,8,8,9,28,9,9,5,5,7,5,9,10,5,5,5,7,7,7,5,4,4,4,9,7,10,10,10,14,7,6,27,8,6,11,12,4,7,7,6,10,9,10,12,6,4,9
3,5,12,40,5,4,4,3,4,3,6,7,7,6,7,7,7,7,2,15,10,10,4,1,1,2,2,16,15,14,14,14,7,5,5,15,2,9,9,6,10,4,9,4,5,18,11,7,6,10,10,7,16,10,10,10,11,8,7,7,4,13,11,15,10,6,6,11,9,12,9,9,18,9,8,18,14,14,15,15,15,13,8,13,6,9,7,10,9,23,3,4,23,13,14,16,5,9,4,0,12,14,1,8,9,9,9,9,10,9,8,3,4,9,9,9,9,9,9,8,8,8,3,4,1,6,6,7,6,7,9,7,5,5,8,8,9,6,11,6,6,6,6,15,1,14,8,8,33,9,3,1,2,2,4,9,9,11,11,17,3,5,6,4,5,5,9,9,3,3,3,9,5,8,7,6,6,3,10,9,42,7,25,25,2,2,3,3,3,15,15,5,10,8,9,8,9,9,9,9,8,8,14,3,6,40,4,4,4,2,7,7,6,1,1,11,11,11,3,2,40,12,5,4,4,6,6,10,11,11,12,6,10,10,2,3,4,10,10,10,4,3,8,6,2,3,6,5,6,9,1,1,3,3,9,6,7,7,5,6,6,4,12,11,14,13,14,14,14,6,6,6,16,6,6,4,17,5,6,6,6,10,10,9,9,2,3,3,4,3,3,3,3,3,2,2,2,1,2,11,10,10,10,8,8,8,3,11,25,11,11,1,1,3,1,6,7,2,2,2,3,3,9,3,5,4,3,10,5,9,9,13,11,9,7,23,4,2,8,8,4,5,10,4,6,5,6,15,4,4,9
15,10,13,35,13,13,13,13,12,12,12,17,18,15,17,15,17,16,11,22,13,7,12,12,14,13,12,8,18,18,17,17,13,14,14,17,12,13,13,16,12,15,12,14,16,20,9,13,13,13,13,15,18,16,16,16,5,18,19,15,15,9,18,17,13,12,12,18,11,18,16,15,20,14,16,20,7,7,17,17,17,17,16,19,12,15,12,16,15,19,14,15,18,5,17,18,14,15,16,12,0,17,12,17,14,14,14,16,17,14,15,12,15,18,18,18,17,15,15,17,17,17,12,12,13,16,15,16,15,16,18,16,15,15,16,16,16,14,19,14,15,15,15,6,14,6,17,14,29,18,12,13,14,13,15,15,15,18,20,24,15,11,18,16,14,14,18,15,13,13,13,9,13,16,15,18,17,12,19,9,39,17,21,20,12,12,11,11,11,22,22,13,17,13,13,13,13,13,13,13,13,13,21,15,15,37,12,12,12,13,14,14,13,12,13,14,14,14,14,14,36,19,17,12,12,15,15,13,17,18,19,13,8,8,14,15,12,18,17,17,15,15,16,17,13,13,14,14,14,18,14,14,15,15,15,14,14,14,14,14,14,15,19,21,6,17,18,18,18,14,14,14,23,14,14,13,22,13,14,13,14,16,16,17,16,13,13,13,13,14,15,14,14,14,14,14,13,11,13,2,15,15,15,16,19,16,11,18,21,18,19,12,12,15,13,15,15,13,13,14,14,14,16,13,16,13,13,13,14,13,13,19,14,17,16,20,13,14,15,12,12,13,17,12,14,13,14,19,12,12,13
16,12,12,44,15,16,15,15,13,13,12,14,14,13,13,13,13,13,13,23,9,15,14,14,15,15,14,20,23,23,22,22,11,13,13,1,14,9,9,13,8,13,8,13,14,16,16,12,11,9,9,11,9,13,13,13,16,15,16,15,17,18,10,14,9,11,11,11,13,8,11,11,10,11,13,10,19,19,3,3,3,6,16,8,11,11,12,10,11,28,14,15,28,18,3,4,13,13,16,14,17,0,14,17,11,11,11,11,11,11,11,14,16,18,18,18,14,10,10,15,15,15,15,14,15,15,14,12,16,14,14,15,14,14,14,13,12,14,15,14,14,15,16,21,16,21,15,11,43,18,14,15,14,14,14,12,12,8,20,26,14,11,16,16,13,13,14,11,15,15,15,15,15,13,12,15,14,15,19,14,56,15,32,32,14,14,13,13,13,19,19,13,11,10,9,10,9,10,10,9,10,10,18,14,14,52,14,14,14,15,12,12,13,14,14,12,12,12,16,16,51,8,15,15,15,11,11,20,20,10,9,13,15,15,16,14,14,15,14,14,14,14,14,17,12,13,13,13,13,18,16,16,13,13,13,13,13,13,13,13,13,16,21,20,20,23,24,24,24,14,13,13,20,13,13,12,20,12,13,13,12,12,12,14,12,14,12,12,12,13,14,13,13,13,13,13,13,13,15,17,12,12,12,13,16,13,13,9,33,9,9,14,14,13,15,12,12,15,15,17,13,13,12,15,15,15,15,20,13,10,10,9,12,13,15,29,12,14,12,13,15,15,11,15,13,12,13,8,14,15,10
4,5,11,40,5,3,3,3,4,3,6,8,8,8,8,8,8,8,1,16,10,10,5,2,2,3,3,16,16,15,15,15,7,5,5,15,2,9,9,7,10,5,10,4,6,18,12,7,6,10,10,8,16,11,10,11,11,9,8,8,5,13,12,15,10,6,6,12,9,12,10,10,18,10,9,18,14,14,15,15,15,14,9,14,6,10,7,11,10,23,5,5,24,13,14,16,6,10,5,1,12,14,0,8,9,9,9,9,10,11,8,2,5,9,9,9,10,9,9,10,10,10,4,4,2,7,8,9,8,10,11,9,7,7,10,10,9,8,11,8,8,6,6,16,3,16,10,10,39,9,3,3,4,4,5,10,10,12,11,18,6,5,6,5,7,7,11,9,2,2,2,9,5,10,8,7,7,4,10,8,56,8,27,27,1,1,2,2,2,16,16,6,10,9,9,9,9,9,9,9,9,9,15,6,8,47,4,4,4,2,7,7,8,3,4,10,10,10,5,5,45,12,6,4,4,8,8,10,12,12,12,7,10,10,3,5,4,11,10,10,5,5,9,7,5,5,8,7,7,9,4,4,5,5,9,7,8,8,7,7,7,5,12,11,15,14,14,14,14,7,8,8,17,8,7,6,17,7,7,7,8,10,10,11,10,3,5,5,5,4,5,4,4,4,4,4,4,2,3,12,10,10,10,10,9,10,2,11,27,11,12,3,3,5,4,8,8,2,2,4,5,5,9,3,7,4,2,10,7,10,10,13,10,9,9,26,6,5,9,8,4,5,10,3,8,7,8,14,4,4,10
10,8,16,42,7,12,11,11,11,11,12,10,10,9,9,9,9,9,8,11,10,14,6,7,6,7,6,19,14,15,15,14,10,11,11,16,9,8,8,8,8,9,8,11,7,19,15,11,11,11,11,7,18,11,11,11,15,8,9,6,7,18,9,16,11,10,10,9,12,10,8,7,19,8,7,19,18,17,17,16,17,12,1,12,10,8,10,9,8,23,7,7,26,16,16,18,10,8,6,8,17,17,8,0,9,9,9,9,9,11,8,9,8,4,4,4,9,9,9,12,12,12,7,8,10,10,12,13,11,11,11,11,9,9,11,10,9,10,11,10,11,6,6,22,11,22,12,12,46,3,10,11,12,11,13,10,10,12,5,12,13,13,9,7,11,11,12,9,9,9,9,17,10,11,15,9,8,7,4,16,57,11,25,24,10,10,11,10,10,13,13,14,10,16,15,16,15,15,15,15,16,16,12,12,11,61,9,9,9,10,15,16,14,10,11,18,18,18,10,10,59,12,9,7,7,13,13,11,6,11,12,14,18,18,10,12,8,11,10,10,13,12,10,7,12,12,15,13,13,3,11,11,12,12,9,15,12,12,12,13,13,8,6,5,22,16,16,16,16,13,12,12,15,13,13,13,13,15,15,15,16,10,10,12,10,11,13,12,13,12,13,12,12,12,12,12,11,12,12,21,9,9,9,11,11,11,11,11,25,11,11,10,11,13,11,16,17,9,9,11,12,12,9,9,10,7,8,12,13,15,15,13,18,9,11,34,14,12,16,15,7,10,10,10,15,15,15,14,9,7,14
11,9,9,41,7,11,11,11,8,8,6,4,4,3,4,4,4,3,8,14,3,11,6,7,7,9,7,17,16,16,16,15,4,7,7,10,9,2,2,3,2,6,2,8,5,13,13,5,6,5,5,1,12,5,5,5,14,5,5,3,6,16,4,10,4,6,6,4,9,4,2,1,13,1,2,13,15,15,11,11,11,6,7,7,5,2,5,3,3,25,5,5,25,14,10,12,6,2,6,9,14,11,9,9,0,1,1,2,2,7,1,9,7,10,10,10,5,1,1,5,5,5,7,8,10,5,8,8,5,5,5,5,7,7,4,3,2,8,6,6,5,7,7,24,10,24,6,6,50,9,9,10,10,9,9,3,3,4,11,18,9,8,6,8,7,7,5,2,9,9,9,16,10,4,9,5,5,7,11,15,65,6,31,31,10,10,11,11,10,13,13,10,4,9,9,9,9,9,8,8,9,9,12,9,5,63,9,9,9,10,8,8,6,10,10,12,12,12,9,9,63,5,6,7,7,6,6,13,12,5,4,8,16,16,9,9,8,4,3,3,10,9,3,8,8,8,7,5,5,10,10,10,9,9,2,8,6,6,8,5,5,8,12,11,23,17,18,18,18,5,4,5,14,5,5,7,15,6,7,7,8,3,3,5,3,9,8,8,7,8,9,8,8,8,9,9,9,11,10,21,3,3,3,3,5,3,11,4,32,4,4,9,10,9,10,7,8,9,9,10,8,8,2,9,7,7,8,13,9,8,8,5,12,4,6,37,8,9,8,13,7,10,2,10,8,8,8,7,9,7,7
11,9,9,41,8,11,11,11,8,8,6,4,4,4,4,4,4,3,8,14,4,11,6,7,7,9,7,17,16,16,16,16,4,8,7,11,9,3,3,3,2,6,2,8,5,13,13,6,6,5,5,1,12,5,5,5,14,5,5,3,7,16,4,10,4,6,6,4,9,5,2,1,13,1,2,13,15,15,11,11,11,6,7,7,5,2,5,3,3,25,5,6,25,14,10,12,6,2,6,9,14,11,9,9,1,0,1,2,2,5,1,9,7,10,10,10,5,1,1,5,5,5,7,8,9,5,7,6,6,4,4,4,8,8,4,3,2,8,5,7,5,6,7,24,10,24,5,5,49,9,9,9,10,9,10,3,3,4,11,18,9,8,7,7,6,6,5,2,9,9,9,14,10,3,7,5,5,7,10,13,64,6,32,32,10,10,10,10,10,13,13,8,4,8,7,8,7,7,7,7,8,8,12,9,5,64,9,9,9,10,7,7,6,9,10,11,11,11,9,9,64,5,6,7,7,5,5,13,12,5,5,8,14,15,9,9,8,4,3,3,10,10,3,8,8,9,8,5,5,10,10,10,10,9,2,9,6,6,8,5,5,8,12,11,22,16,17,17,17,5,4,5,14,5,5,8,15,6,7,7,7,3,3,5,3,10,8,9,7,9,9,9,9,9,9,9,10,11,10,20,2,2,2,3,5,3,11,4,33,4,4,9,9,9,10,6,6,9,9,10,9,9,2,9,7,7,8,13,9,6,7,5,11,4,5,36,8,9,7,12,7,10,2,10,9,8,8,7,9,7,6
11,9,9,41,8,11,11,11,8,8,6,4,4,4,4,4,4,3,9,14,4,11,6,8,7,9,7,17,16,16,16,16,4,8,7,11,9,3,3,4,2,6,2,8,5,13,13,6,6,5,5,1,12,5,5,5,14,5,5,3,7,16,4,10,5,6,6,4,9,5,2,1,13,1,2,13,15,15,11,11,11,6,7,7,5,2,6,3,3,25,5,6,25,14,10,12,6,2,6,9,14,11,9,9,1,1,0,2,2,4,1,9,7,10,10,10,5,1,1,5,5,5,7,8,10,5,7,6,5,4,4,4,6,6,4,3,2,8,5,5,5,7,7,23,10,23,5,4,51,9,10,9,10,9,10,2,2,4,11,18,10,8,7,7,6,6,5,2,9,9,9,13,10,3,6,5,5,7,10,13,65,6,32,32,10,10,11,11,11,13,13,8,4,7,7,7,7,7,7,7,7,7,12,9,5,64,9,9,9,9,7,7,6,9,10,11,11,11,9,9,64,5,6,7,7,5,5,13,12,4,5,9,14,14,9,9,8,4,3,3,10,10,3,8,8,8,7,5,5,10,9,10,9,9,2,8,6,6,8,5,5,8,12,11,22,17,17,17,17,5,4,5,14,5,5,8,14,6,7,7,6,3,3,5,3,10,8,8,7,9,9,9,9,9,9,9,9,11,10,19,2,2,2,3,5,3,11,4,32,4,4,10,11,9,11,6,6,9,9,10,9,8,2,9,8,7,8,13,9,6,7,5,10,4,6,37,8,10,7,12,7,10,2,10,9,7,9,7,9,7,6
11,10,11,43,8,13,13,12,10,10,9,5,5,4,4,4,4,4,9,15,5,13,7,8,8,9,7,19,17,17,16,16,6,8,8,12,10,4,4,4,4,6,4,8,6,15,15,7,8,6,6,2,14,7,7,7,16,4,5,4,7,18,3,12,6,8,8,2,11,4,1,1,15,3,2,15,17,17,14,14,14,6,8,6,7,2,7,3,2,27,6,6,27,16,13,14,7,3,7,9,16,11,9,9,2,2,2,0,1,6,2,10,8,11,11,11,4,3,3,6,6,6,8,9,11,7,10,7,7,6,5,6,9,9,5,4,3,10,7,8,7,8,8,26,11,26,6,6,57,10,11,12,11,11,11,4,4,4,13,20,11,9,8,9,9,9,6,3,10,10,10,16,12,5,8,6,6,8,12,16,77,7,34,34,11,11,12,12,12,13,13,10,1,9,9,9,9,9,9,9,9,9,12,11,7,74,11,11,11,11,9,9,7,12,12,13,13,13,11,11,73,4,7,8,8,7,7,14,14,2,3,9,17,17,11,10,10,5,4,4,11,10,4,9,9,9,8,6,6,11,11,11,10,10,3,9,7,7,10,6,6,9,14,13,26,19,19,19,19,6,5,6,13,6,6,9,14,8,8,8,8,4,5,6,4,11,9,10,9,10,11,11,11,11,11,11,11,13,13,23,4,4,4,5,6,5,14,3,36,3,4,12,12,11,13,8,8,11,11,12,11,11,2,11,9,9,10,15,11,9,9,5,13,5,7,42,10,12,10,15,9,12,2,12,10,9,10,5,11,9,8
12,10,11,43,8,13,13,13,10,10,9,5,5,4,5,5,5,4,9,15,6,14,7,8,8,9,8,19,17,17,17,16,6,9,8,11,11,5,5,4,4,7,4,9,6,15,15,8,8,7,7,2,14,7,7,7,17,4,5,4,7,18,3,12,7,8,8,2,11,4,2,1,15,3,3,16,17,17,14,14,13,6,8,5,7,1,7,3,1,27,6,6,27,16,13,14,7,4,7,10,17,11,10,9,2,2,2,1,0,6,2,11,8,12,12,12,4,3,3,6,6,6,9,10,11,6,10,8,6,5,5,5,8,8,5,4,3,10,6,7,7,9,9,29,12,30,6,6,64,12,12,12,12,11,12,4,4,4,14,22,12,9,7,9,9,8,6,3,11,11,11,17,13,5,8,6,6,9,13,16,75,7,36,36,12,12,13,14,13,13,13,10,1,10,10,10,10,10,10,10,10,10,12,11,7,78,12,12,12,12,10,10,8,12,13,13,13,13,11,11,78,4,7,9,9,7,7,15,14,2,3,10,18,18,11,11,11,5,4,4,11,11,4,10,10,10,9,7,7,12,12,13,11,11,3,10,7,7,11,7,7,10,14,13,30,19,20,20,20,7,6,6,14,6,6,9,14,8,8,8,9,4,5,6,4,11,9,10,9,10,11,10,10,10,10,11,11,12,12,26,4,4,4,5,7,5,14,2,37,3,3,12,13,11,13,8,8,12,12,13,10,10,2,12,9,10,10,15,11,8,9,4,13,5,7,44,10,12,9,15,9,10,2,13,10,10,10,5,12,9,8
12,9,9,41,9,11,11,10,8,7,6,6,6,6,6,6,6,5,10,16,3,11,7,9,9,9,8,17,18,17,17,17,4,7,7,10,9,2,2,5,2,8,2,8,6,13,13,6,6,4,4,3,12,5,5,5,14,8,10,7,10,16,7,10,4,6,6,6,9,7,4,4,13,3,4,13,15,15,10,10,11,8,8,9,5,4,5,5,5,25,7,7,25,14,10,12,6,4,8,9,14,11,11,11,7,5,4,6,6,0,3,10,6,10,10,10,4,4,5,7,7,7,8,10,10,4,9,8,5,6,6,6,6,6,7,5,4,7,5,6,6,7,7,29,12,30,7,7,60,10,10,12,12,13,12,5,5,8,12,19,13,11,5,7,7,7,7,4,9,9,9,17,11,6,9,4,3,7,11,16,66,5,33,33,11,11,12,12,12,12,12,11,6,10,10,10,10,10,10,10,10,10,11,13,6,74,10,10,10,11,10,10,9,11,12,13,13,13,10,10,73,8,5,7,7,7,7,12,13,7,8,11,20,20,10,13,9,6,5,5,13,13,5,8,11,12,10,7,8,10,12,12,13,13,4,11,8,8,10,8,8,8,13,12,32,17,18,18,18,8,7,7,13,7,7,11,14,9,10,9,9,5,6,7,5,10,11,11,10,11,13,12,12,12,14,14,12,13,11,29,5,5,5,6,5,6,12,7,35,7,7,10,11,12,12,8,9,10,10,12,12,12,4,10,8,7,8,13,10,9,9,9,16,3,7,47,11,13,10,16,7,10,5,10,11,11,11,9,9,6,8
10,8,10,42,7,11,11,11,9,9,8,3,4,3,3,3,3,3,8,14,4,12,5,7,6,7,6,18,16,15,15,15,5,7,7,12,9,3,3,3,3,5,3,8,4,14,14,6,7,5,5,1,13,6,6,6,15,4,4,2,5,17,4,11,5,7,7,3,10,4,1,1,14,1,2,14,16,16,12,11,11,6,6,7,6,2,6,3,2,26,5,5,26,15,11,13,6,2,5,8,15,11,8,8,1,1,1,2,2,3,0,11,8,12,12,12,5,1,1,7,7,7,8,10,10,6,8,5,5,6,5,6,7,7,5,3,2,10,7,6,6,7,8,35,11,37,7,4,63,12,12,11,10,10,10,2,2,4,14,22,10,8,7,9,7,7,6,1,11,11,11,16,12,3,6,6,6,8,13,16,71,7,36,36,13,13,13,13,13,15,15,8,4,7,7,8,7,7,7,7,7,7,14,10,6,73,11,11,11,11,7,7,6,11,11,13,13,13,10,10,71,5,7,8,9,4,4,14,15,5,5,9,17,17,11,10,10,4,4,4,10,10,3,10,9,9,7,6,6,13,11,11,10,10,2,8,7,7,9,6,6,9,16,14,28,19,20,20,20,6,5,5,15,6,6,8,16,6,7,6,6,2,2,4,2,10,8,9,8,9,10,9,9,9,10,10,10,11,11,24,2,2,2,3,6,3,13,5,37,5,4,11,12,10,12,5,6,12,12,12,10,9,3,12,8,10,11,15,10,6,6,5,13,5,7,46,9,11,7,15,10,11,3,14,9,8,9,8,13,10,6
5,3,11,39,1,6,6,6,6,6,7,9,8,8,8,8,8,8,3,14,10,10,3,2,2,4,2,15,13,13,13,13,7,6,6,14,4,9,9,7,8,5,8,7,6,17,11,7,7,10,10,7,15,11,12,12,10,9,9,6,5,13,10,14,9,6,6,10,8,11,8,8,17,8,8,17,13,13,14,14,14,12,6,12,6,8,7,9,8,23,5,5,23,12,14,16,7,9,5,3,12,14,2,9,9,9,9,10,11,10,11,0,6,8,7,7,8,7,7,10,10,10,1,3,2,8,10,10,8,10,11,10,7,7,10,8,7,7,8,8,8,4,4,20,4,20,10,9,54,7,1,4,5,5,7,8,8,11,9,17,6,5,7,5,8,8,11,8,2,2,3,9,4,9,9,7,6,1,8,9,67,9,31,31,4,4,2,2,2,15,15,6,9,9,10,9,10,10,10,10,9,9,14,6,8,69,3,3,3,3,7,7,9,3,4,11,11,11,6,5,65,11,7,1,1,9,9,11,10,10,10,7,10,11,3,7,3,9,9,9,7,7,8,6,5,6,9,8,8,7,4,4,6,6,7,8,9,9,8,9,8,7,10,9,18,14,15,15,15,10,9,9,16,9,8,7,17,8,8,8,9,9,9,11,9,5,6,6,7,6,6,6,6,6,5,5,5,4,5,15,8,8,8,9,9,9,3,10,31,10,10,4,3,7,4,9,10,3,3,5,6,6,8,2,7,1,2,10,9,11,11,11,12,7,9,39,8,5,9,8,1,4,8,1,9,8,9,13,3,1,10
5,7,14,43,5,6,6,6,6,6,7,5,5,5,5,5,5,4,5,13,9,13,5,2,3,2,2,18,15,14,14,14,8,6,6,16,4,8,8,4,7,4,7,6,4,18,14,7,7,10,10,6,17,10,10,10,14,6,5,4,2,16,8,15,10,8,7,9,11,9,7,6,18,7,6,18,17,16,16,16,16,11,6,11,7,7,8,8,7,26,1,2,26,16,15,17,5,7,2,4,15,16,5,8,7,7,7,8,8,6,8,6,0,9,9,9,7,7,7,6,6,6,5,6,5,4,6,10,4,6,8,6,3,3,6,8,7,4,9,4,4,4,4,27,5,25,6,10,59,8,7,5,7,7,8,8,8,11,10,18,7,10,2,1,4,4,7,7,6,6,6,15,8,8,10,2,2,5,9,15,65,4,32,32,7,7,8,8,8,14,14,12,8,13,13,13,13,13,13,13,16,16,13,7,4,72,7,7,7,5,10,10,9,5,6,17,17,19,4,4,68,10,3,5,5,9,9,12,11,9,10,12,16,16,5,8,6,10,9,9,8,8,8,3,7,7,10,8,8,9,5,5,7,7,7,12,7,7,7,8,8,2,12,11,26,17,18,18,18,8,7,7,14,7,8,10,15,9,10,10,10,9,9,9,9,6,9,8,9,8,8,7,7,7,7,7,7,7,7,19,8,8,8,8,5,8,8,10,32,10,10,5,6,8,6,10,11,6,6,5,8,8,8,7,4,5,6,12,7,13,13,12,17,6,5,38,11,7,12,15,5,6,8,8,12,11,12,12,7,5,13
11,9,17,43,8,13,13,12,13,12,13,11,11,10,11,10,10,10,9,13,11,15,7,8,8,8,7,21,14,13,13,13,12,12,12,17,10,10,10,9,9,10,9,12,9,20,16,12,12,12,12,8,19,12,13,12,17,10,10,7,8,21,11,17,12,12,12,11,14,11,9,9,20,9,8,21,19,18,18,18,18,13,2,13,11,9,12,10,9,25,8,8,28,17,18,19,11,10,7,9,18,18,9,4,10,10,10,11,12,10,12,8,9,0,1,1,10,10,10,14,14,14,10,11,13,11,13,17,12,13,13,13,10,10,13,11,10,11,11,11,12,6,6,28,13,28,14,15,55,1,13,13,15,14,16,11,11,14,3,14,16,17,9,7,12,12,13,10,12,12,12,21,13,12,18,9,9,10,2,20,65,12,29,29,13,13,14,14,14,15,15,18,11,20,19,20,19,19,19,19,20,20,15,15,12,73,12,12,12,14,19,20,16,13,14,26,24,24,12,12,72,14,10,10,10,16,16,10,7,13,14,20,22,22,13,16,11,12,11,11,16,16,11,8,15,15,17,16,16,2,13,14,15,15,10,19,15,14,14,14,14,9,4,2,30,15,15,15,15,16,15,15,15,15,14,17,17,16,16,16,15,11,11,13,11,14,16,16,16,15,16,15,15,15,15,15,14,15,15,24,11,10,11,12,11,12,16,13,30,13,13,14,14,17,15,17,17,13,13,13,16,16,10,13,12,10,12,10,15,17,18,15,24,10,13,44,16,15,18,21,10,10,11,14,19,18,19,16,13,10,17
11,9,17,43,8,13,13,12,13,12,13,11,11,10,11,10,10,10,9,13,11,15,7,8,8,8,7,21,14,13,13,13,12,12,12,17,10,10,10,9,9,10,9,12,9,20,16,12,12,12,12,8,19,12,13,12,17,10,10,7,8,21,11,17,12,12,12,11,14,11,9,9,20,9,8,21,19,18,18,18,18,13,2,13,11,9,12,10,9,25,8,8,28,17,18,19,11,10,7,9,18,18,9,4,10,10,10,11,12,10,12,7,9,1,0,17,10,10,10,14,14,14,11,13,14,11,13,17,12,13,13,13,10,10,13,11,10,12,11,12,12,6,6,31,14,30,14,16,56,3,15,14,15,15,17,11,11,15,5,14,16,18,9,7,12,12,14,10,12,12,12,23,15,12,18,9,9,11,4,22,60,12,32,32,13,13,14,14,16,16,16,20,11,20,19,20,19,20,19,19,20,20,15,16,12,73,14,14,14,13,20,20,15,13,14,25,24,24,12,12,70,14,9,10,10,16,16,11,7,13,14,20,21,22,13,16,11,12,11,11,16,16,11,8,15,16,16,14,14,3,14,14,16,16,9,18,14,14,14,14,14,9,6,5,28,17,18,18,18,14,12,13,16,13,13,17,18,16,16,16,17,11,11,13,11,15,16,16,17,16,16,15,15,15,15,15,15,15,15,24,10,10,10,12,11,12,14,13,31,13,13,14,14,17,15,16,17,13,13,15,16,16,10,13,13,10,11,13,15,17,17,15,24,9,13,41,17,16,18,21,10,10,10,13,18,18,19,16,13,10,16
11,9,17,43,8,13,13,12,13,12,13,11,11,10,11,10,10,10,9,13,11,15,7,8,8,8,7,21,14,13,13,13,12,12,12,17,10,10,10,9,9,10,9,12,9,20,16,12,12,12,12,8,19,12,13,12,17,10,10,7,8,21,11,17,12,12,12,11,14,11,9,9,20,9,8,21,19,18,18,18,18,13,2,13,11,9,12,10,9,25,8,8,28,17,18,19,11,10,7,9,18,18,9,4,10,10,10,11,12,10,12,7,9,1,17,0,10,9,10,14,14,14,10,12,13,11,14,16,12,13,12,13,10,10,12,11,10,12,11,12,12,6,6,30,14,30,14,13,56,3,13,14,16,15,17,11,11,14,5,14,17,19,9,7,12,12,13,10,12,12,12,21,13,12,15,9,8,9,4,19,62,12,30,30,13,13,13,13,13,15,15,18,11,17,16,17,16,17,17,16,17,17,14,16,12,71,12,12,12,13,18,18,16,13,14,23,23,23,13,13,71,14,10,9,9,13,13,11,7,13,14,20,21,21,13,16,11,12,11,11,16,16,11,8,15,15,17,15,15,3,14,14,15,15,10,18,15,15,14,14,14,9,6,5,25,17,18,18,18,16,15,15,17,15,14,18,17,16,16,16,15,11,11,13,11,14,16,16,17,16,16,15,15,15,15,15,15,13,15,20,11,11,11,12,12,12,13,13,28,13,13,13,12,16,13,14,14,11,11,13,16,16,10,11,11,8,10,13,15,14,15,15,21,9,12,39,16,14,16,18,8,11,11,12,18,17,18,16,11,8,14
11,10,12,44,8,13,13,13,11,11,10,3,3,6,3,6,4,2,9,15,7,15,7,9,8,8,8,20,17,17,17,17,7,8,7,15,10,6,6,4,5,5,5,9,6,16,16,8,8,8,8,4,15,8,8,8,17,1,2,4,7,19,6,13,8,9,9,5,12,7,5,4,16,5,4,16,18,18,14,14,14,8,8,8,9,3,9,6,4,28,6,7,28,18,13,15,6,5,7,9,17,14,10,9,5,5,5,4,4,4,5,8,7,10,10,10,0,5,5,4,4,4,10,11,10,3,8,10,5,3,3,3,6,6,3,5,3,7,3,6,5,9,9,25,10,25,4,10,58,13,12,10,11,11,13,6,6,9,15,22,12,10,6,7,7,7,3,6,11,11,11,21,13,7,9,5,4,9,15,19,66,4,37,37,12,12,12,12,12,16,16,11,7,13,12,13,13,13,13,13,13,13,15,12,5,69,12,12,12,10,10,10,9,10,11,17,17,17,9,9,68,9,4,9,9,9,9,17,16,8,8,11,21,21,10,13,10,5,4,4,14,13,3,8,12,12,10,7,7,14,10,10,12,12,4,11,8,8,10,8,8,7,16,16,24,21,22,22,22,7,6,7,17,7,7,11,17,9,9,9,9,7,7,8,7,10,11,12,11,12,12,11,11,11,11,11,11,10,11,22,6,6,6,7,3,7,12,8,37,8,9,10,10,13,10,9,10,10,10,10,12,12,6,10,7,10,10,17,10,11,11,10,17,4,6,40,9,11,11,20,10,11,6,11,11,10,12,12,12,10,11
10,9,9,41,7,11,11,11,8,8,6,4,4,3,4,4,4,3,8,14,4,12,6,7,7,9,7,17,16,16,16,16,5,8,8,11,9,3,3,3,2,6,2,8,5,13,13,6,7,5,5,1,12,5,5,5,15,5,5,3,6,16,4,10,5,6,6,4,9,4,2,1,13,1,2,14,15,15,11,11,11,5,7,7,6,2,6,3,3,25,5,5,26,15,11,12,6,3,6,9,15,10,9,9,1,1,1,3,3,4,1,7,7,10,10,9,5,0,1,6,6,6,10,12,11,6,9,7,5,6,5,6,7,7,5,3,2,9,6,6,6,10,10,26,12,25,6,5,57,15,13,12,14,14,11,2,2,4,17,25,15,10,7,9,7,7,6,1,12,12,12,21,14,3,7,6,5,10,16,20,71,7,40,40,13,13,14,14,14,14,14,11,4,9,9,9,9,9,9,9,10,10,13,11,6,68,12,12,12,11,10,11,8,12,12,17,17,17,11,11,66,5,7,9,9,6,6,16,15,5,5,11,21,21,11,13,11,4,3,3,11,13,3,9,11,11,9,6,6,15,12,12,13,11,2,11,7,7,10,6,6,9,17,17,24,19,20,20,20,6,5,5,15,6,6,9,16,8,12,8,7,3,3,5,3,12,10,11,10,10,12,11,11,11,10,10,10,13,13,21,2,2,2,3,6,3,14,4,38,4,4,12,12,10,13,6,7,13,12,12,11,10,2,12,8,10,11,16,12,7,7,5,15,4,6,42,9,12,9,19,10,14,2,14,10,9,10,8,13,10,7
10,9,9,41,7,11,11,11,8,8,6,4,4,3,4,4,4,3,8,14,4,12,6,7,7,9,7,17,16,16,16,16,5,8,8,11,10,3,3,3,3,6,2,8,5,14,13,6,7,5,5,1,12,5,5,5,15,5,5,3,6,16,4,11,5,6,6,4,9,4,2,1,14,1,2,14,15,15,11,11,11,5,7,7,6,2,6,3,3,25,5,6,26,15,11,13,6,3,6,9,15,10,9,9,1,1,1,3,3,5,1,7,7,10,10,10,5,1,0,6,6,6,10,12,11,6,9,7,6,5,5,5,8,8,5,3,2,10,6,7,6,10,10,27,12,26,6,5,58,14,14,12,12,12,12,2,2,4,16,23,12,10,8,10,8,8,5,1,13,13,13,19,14,3,7,6,6,10,17,19,62,7,38,38,14,14,15,15,15,15,15,10,4,8,8,8,8,8,8,8,8,8,13,12,6,68,13,13,13,12,9,9,7,12,13,14,14,14,11,11,66,5,7,10,10,6,6,16,16,5,5,10,20,20,12,12,12,4,3,3,12,12,3,10,10,10,8,6,6,14,13,13,11,11,2,10,7,7,10,6,6,9,17,16,23,19,20,20,20,6,5,5,15,6,6,9,16,8,8,8,7,3,3,5,3,12,10,10,9,11,12,11,11,11,12,12,12,13,13,21,2,2,2,3,5,3,15,4,37,4,4,12,13,12,13,6,6,12,12,12,11,11,2,12,8,10,11,16,11,7,7,5,14,4,7,40,8,12,8,19,10,13,2,13,10,9,10,8,12,10,6
9,9,11,44,9,10,10,10,8,8,6,1,1,3,2,3,2,2,10,17,7,14,9,6,5,6,5,20,19,19,18,18,6,5,5,15,7,6,6,2,6,3,6,6,6,17,15,5,5,8,8,3,14,8,7,8,15,4,3,6,5,18,7,13,8,6,6,6,11,7,4,4,17,5,4,17,18,18,14,14,14,9,10,10,6,5,6,5,5,27,4,4,27,16,14,16,4,5,6,8,17,15,10,12,5,5,5,6,6,7,7,10,6,14,14,14,4,6,6,0,1,1,9,11,9,3,6,10,3,2,3,2,5,5,2,4,4,7,5,4,3,9,9,24,9,24,3,9,58,13,11,9,11,10,12,7,7,10,15,22,12,12,6,7,5,5,3,6,10,10,11,19,13,8,10,5,4,10,15,18,61,5,37,37,11,11,12,12,12,16,16,11,7,13,12,13,12,12,12,12,13,13,15,11,4,67,12,12,12,10,10,10,8,10,10,18,18,18,9,9,67,10,4,9,9,9,9,17,16,8,9,11,21,22,10,12,11,5,4,4,12,12,4,9,11,11,9,7,7,14,10,10,11,11,4,11,8,8,7,7,7,7,16,15,24,21,22,22,22,7,6,6,17,6,7,10,18,8,9,9,8,7,7,8,7,10,11,11,10,12,12,11,11,11,11,11,11,10,11,21,6,6,6,7,4,7,12,8,36,8,8,9,10,12,10,9,9,10,10,10,12,12,6,11,5,10,10,17,8,11,12,10,16,5,4,44,9,11,11,19,9,11,6,12,11,10,11,12,12,9,11
9,9,11,44,9,10,10,10,8,8,6,1,1,3,2,3,2,2,10,17,7,14,9,6,5,6,5,20,19,19,18,18,6,5,5,15,7,6,6,2,6,3,6,6,6,17,15,5,5,8,8,3,15,8,7,8,15,4,3,6,5,18,7,13,8,6,6,6,11,7,4,4,17,5,4,17,18,18,14,14,14,9,10,10,6,5,7,5,5,27,4,4,27,16,14,16,4,5,6,8,17,15,10,12,5,5,5,6,6,7,7,10,6,14,14,14,4,6,6,1,0,1,10,11,9,3,6,9,3,2,3,2,5,5,2,4,3,7,4,4,4,9,9,25,10,25,3,9,55,13,11,10,11,11,13,7,6,9,15,22,12,11,6,7,5,5,3,6,10,10,10,21,13,7,9,5,4,9,14,20,61,4,36,36,11,11,12,12,12,16,16,11,7,13,12,13,12,12,12,12,13,13,15,11,3,63,12,12,12,10,10,10,8,9,10,17,17,17,8,8,63,9,4,9,9,9,9,17,16,8,9,11,20,20,9,12,11,5,4,4,12,12,3,9,11,11,9,7,7,14,9,10,11,11,4,11,8,7,7,7,7,7,16,16,24,21,22,22,22,7,6,6,16,7,7,11,17,9,9,9,9,7,7,8,7,11,11,12,11,12,12,12,12,12,11,11,11,11,11,22,6,6,6,8,4,8,12,9,37,8,9,10,10,13,11,9,9,11,11,10,12,12,6,11,6,10,11,17,8,12,12,10,17,5,4,46,9,12,11,20,10,11,6,13,11,10,11,12,12,10,11
9,9,11,44,9,10,10,10,8,8,7,2,2,3,2,3,2,2,10,17,7,14,9,6,5,6,5,20,19,19,18,18,6,5,5,15,7,7,6,2,6,3,6,6,6,17,15,5,5,8,8,3,15,8,8,8,15,4,3,6,5,18,7,13,8,6,6,6,11,7,4,4,17,5,4,17,18,18,14,14,14,9,10,10,6,5,7,5,5,27,4,4,27,16,14,16,4,5,6,8,17,15,10,12,5,5,5,6,6,7,7,10,6,14,14,14,4,6,6,1,1,0,10,11,10,3,6,9,3,2,3,2,5,5,2,5,4,7,5,4,3,9,9,26,11,27,2,10,56,14,12,11,12,12,14,7,7,10,18,23,13,11,6,7,5,5,3,6,11,11,12,21,13,8,9,5,4,10,15,20,59,4,36,36,12,12,13,13,13,16,16,11,7,13,12,13,12,13,14,14,13,13,15,12,3,63,12,12,12,10,10,10,9,10,11,17,17,17,9,9,62,9,4,10,10,9,9,17,17,8,9,12,22,22,10,13,11,5,4,4,13,13,3,9,10,10,10,7,7,14,10,10,12,12,4,12,8,8,7,7,7,7,16,16,26,21,22,22,22,7,6,7,16,7,7,10,17,9,9,9,9,7,7,8,7,11,10,10,9,12,13,12,12,12,12,12,11,11,12,23,7,7,7,8,4,8,13,9,35,9,9,10,10,13,11,9,9,11,11,10,13,13,6,11,6,10,11,17,8,13,13,10,16,5,4,45,9,12,11,19,9,11,6,12,11,10,11,11,12,9,11
5,4,11,40,2,7,7,6,7,6,7,7,7,7,7,7,7,6,3,12,8,10,1,2,2,4,2,15,13,13,12,12,7,6,7,14,4,7,7,6,7,5,7,7,5,18,10,7,7,9,9,5,15,9,10,10,11,7,7,4,4,13,8,14,9,6,6,9,8,9,6,6,16,6,6,17,13,13,14,14,14,11,5,11,6,6,6,7,7,23,4,4,23,12,14,15,6,7,4,3,12,15,4,7,7,7,7,8,9,8,8,1,5,10,11,10,10,10,10,9,10,10,0,2,5,9,11,12,10,11,12,11,8,8,12,10,9,9,10,9,10,6,6,16,7,16,11,12,48,8,4,6,7,7,8,10,10,13,10,17,9,7,9,7,9,9,12,9,5,5,5,11,5,11,11,8,8,8,9,10,56,10,31,31,6,6,5,5,5,17,17,9,11,12,13,12,13,12,13,13,12,12,16,10,10,57,3,3,3,6,9,10,12,7,7,15,15,15,7,7,56,14,9,9,9,12,12,10,11,13,13,9,12,12,7,9,2,12,11,11,9,9,11,8,9,9,11,13,13,9,7,7,10,10,10,11,13,13,12,12,12,8,11,11,17,14,15,15,15,13,13,12,17,12,12,10,18,10,11,11,12,11,11,13,11,7,9,9,10,8,9,8,8,8,8,8,7,6,7,13,10,10,10,12,11,12,5,12,31,12,13,7,6,9,8,12,13,6,6,8,9,9,10,5,8,1,5,10,13,13,13,15,15,9,10,36,11,8,12,10,10,4,11,5,11,10,11,14,3,3,13
7,3,10,39,3,7,7,7,6,6,7,8,8,8,8,8,8,7,4,14,9,10,2,3,3,5,3,15,12,12,12,12,8,7,8,14,5,8,8,7,8,6,8,7,6,17,11,8,7,10,10,6,16,10,11,11,10,8,8,5,5,13,9,14,10,6,6,10,8,10,8,7,17,8,7,17,13,13,14,14,14,12,6,12,6,7,7,8,8,23,5,5,23,12,14,15,8,8,5,4,12,14,4,8,8,8,8,9,10,10,10,3,6,11,13,12,11,12,12,11,11,11,2,0,3,9,10,11,9,11,12,10,7,7,11,10,9,8,10,8,9,5,5,16,5,16,11,11,45,8,3,5,6,6,8,10,10,13,10,17,7,6,8,6,9,9,12,10,3,3,3,10,3,11,11,8,7,3,9,9,55,9,30,29,5,5,4,3,3,16,16,7,10,10,12,11,12,11,12,12,11,11,15,7,10,54,2,2,2,4,8,8,10,5,5,14,14,14,7,6,53,13,9,3,3,10,10,8,11,12,13,8,11,11,4,7,1,11,11,11,7,7,10,7,7,7,10,9,9,8,5,5,7,7,9,10,11,10,9,10,10,9,11,10,15,12,13,13,13,9,11,11,16,10,10,9,17,9,10,9,11,12,12,13,12,6,8,7,8,7,7,7,7,7,6,6,6,5,5,12,11,11,11,12,10,12,4,13,30,13,13,5,4,8,6,11,11,4,4,6,7,7,11,3,8,3,4,8,11,12,13,15,13,8,10,32,10,7,11,9,3,3,11,3,10,9,10,13,2,3,12
4,4,12,40,4,4,4,3,4,4,6,7,7,7,7,7,7,7,2,15,10,11,4,2,1,2,2,17,14,14,13,13,7,5,5,14,2,9,9,6,9,4,9,4,5,18,12,7,6,10,10,8,17,11,10,11,11,9,8,6,4,13,10,15,10,7,6,10,9,11,9,8,17,9,8,18,14,14,15,15,15,13,7,13,7,9,7,10,9,24,4,4,24,13,15,16,6,9,5,1,13,15,2,10,10,9,10,11,11,10,10,2,5,13,14,13,10,11,11,9,9,10,5,3,0,7,7,10,6,8,10,8,4,4,8,11,11,5,11,5,6,7,7,17,2,16,8,11,44,10,3,2,4,3,5,13,13,15,12,19,5,6,6,5,6,6,9,12,3,3,3,11,6,9,9,7,7,4,11,10,55,8,31,31,2,2,3,3,3,17,17,7,13,11,12,11,12,11,12,12,11,11,16,4,6,53,4,4,4,1,8,8,9,2,2,14,14,14,3,3,52,16,6,4,4,9,9,10,12,15,16,7,12,12,2,5,4,12,11,11,5,5,10,7,4,4,9,7,7,10,2,2,4,4,11,8,6,6,6,9,9,5,13,12,16,14,15,15,15,7,10,7,17,6,10,6,18,8,8,8,10,13,13,12,13,3,5,5,5,4,5,4,4,4,3,3,3,2,3,13,13,13,13,12,9,12,3,15,31,15,15,2,1,5,3,10,11,2,2,2,5,5,13,2,5,4,3,11,8,12,12,17,13,9,7,34,7,3,10,10,4,6,13,3,9,8,9,15,4,4,11
7,9,11,44,7,9,9,8,7,7,6,2,2,2,2,3,2,1,7,15,7,13,7,4,4,4,4,19,17,17,16,16,6,5,5,15,6,6,6,2,6,3,6,5,1,17,14,4,5,8,8,3,16,7,7,7,15,3,3,2,2,17,8,14,8,6,6,7,10,8,5,5,18,5,5,19,18,17,16,15,15,10,9,10,6,5,6,6,5,28,2,2,26,16,15,17,3,5,4,6,16,15,7,10,5,5,5,7,6,4,6,8,4,11,11,11,3,6,6,3,3,3,9,9,7,0,6,7,3,6,8,6,3,3,7,6,7,4,8,3,3,5,6,24,8,24,6,8,51,11,10,8,10,10,11,6,6,12,13,19,11,9,3,5,4,4,8,6,10,9,10,17,11,5,7,1,1,7,11,17,55,1,31,31,10,10,11,11,11,13,13,8,9,11,10,11,10,11,10,10,11,11,11,10,3,57,10,10,10,9,7,7,6,8,9,14,14,14,7,7,56,11,1,7,7,6,6,14,14,10,11,9,18,18,8,10,8,9,8,8,11,10,5,6,9,9,7,4,5,11,8,8,11,11,6,8,5,5,7,5,5,4,14,13,23,18,18,18,18,5,4,4,13,4,4,8,14,6,7,6,6,6,7,5,6,9,8,9,7,9,10,9,9,9,9,9,10,9,10,21,7,7,7,5,2,5,12,11,32,10,11,8,8,10,10,6,7,9,9,8,9,9,8,9,5,7,8,14,8,9,10,12,13,3,3,38,9,10,9,16,6,8,8,10,8,8,8,11,9,6,9
8,9,11,43,9,9,9,8,5,5,5,5,5,5,5,5,5,6,8,18,8,13,8,5,5,5,5,19,19,19,18,18,6,4,4,14,6,7,7,4,8,2,7,5,4,17,14,5,4,9,9,6,16,9,9,9,15,8,7,7,4,17,10,14,9,5,5,9,10,10,8,7,18,8,7,18,17,17,15,15,15,12,10,13,5,8,6,8,8,26,4,4,26,15,14,16,3,8,6,6,15,14,8,12,8,7,7,10,10,9,8,10,6,13,13,14,8,9,9,6,6,6,11,10,7,6,0,6,1,3,5,3,1,1,3,5,6,1,7,1,1,7,7,23,7,23,3,7,49,11,9,7,9,9,8,7,7,11,13,20,8,7,4,5,1,1,4,6,8,8,9,16,11,6,6,4,4,7,13,16,59,4,33,33,9,9,10,10,10,15,15,7,10,10,9,10,9,10,10,9,10,10,14,9,2,55,10,10,10,7,6,6,5,7,8,13,13,13,6,6,54,10,3,8,8,6,6,15,14,11,10,8,18,18,7,8,9,7,7,7,8,8,5,7,6,6,6,4,4,12,8,8,8,8,6,7,4,4,3,4,4,5,15,14,23,19,19,19,19,4,4,4,16,4,4,5,16,6,6,6,6,7,7,7,7,9,6,6,5,6,7,7,7,7,7,7,7,8,9,19,6,6,6,7,5,7,10,10,34,9,10,8,8,7,9,6,6,9,9,8,7,6,7,10,2,8,9,15,4,8,8,11,13,6,2,37,5,10,8,16,8,9,7,10,7,7,7,15,10,8,8
10,8,10,42,11,9,9,8,5,6,4,7,8,5,7,5,7,7,8,17,4,13,9,8,8,8,8,18,18,19,18,18,4,6,5,12,7,4,4,7,3,5,3,6,5,14,14,3,4,5,5,5,13,4,4,4,15,9,9,8,9,17,8,11,5,5,5,7,10,8,5,5,14,4,5,14,16,16,12,12,12,8,10,10,5,5,5,6,6,26,8,8,26,15,11,13,4,5,9,7,16,12,9,13,8,6,6,7,8,8,5,10,10,17,17,16,10,7,7,10,9,9,12,11,10,7,6,0,9,9,8,8,11,11,8,6,5,11,8,10,9,9,9,21,12,21,9,1,49,14,13,12,10,9,10,4,4,7,16,22,9,6,8,10,9,9,9,3,12,12,12,14,13,5,3,7,6,9,15,13,55,8,35,35,12,12,10,10,10,15,15,5,7,5,4,5,4,5,5,4,5,5,14,10,9,53,12,12,12,12,4,4,5,11,11,11,11,11,13,13,52,9,8,9,9,3,3,15,15,8,8,8,15,15,13,9,11,7,6,6,10,9,6,11,8,8,6,8,8,14,12,12,9,9,4,7,6,6,8,5,5,11,17,16,20,19,19,19,19,9,6,6,16,6,5,7,16,5,5,5,3,4,4,6,4,9,7,8,7,8,9,8,8,8,8,9,9,9,10,17,4,4,4,5,7,5,11,8,35,8,8,11,10,9,11,3,3,12,12,13,8,8,5,12,11,10,12,15,9,3,4,8,11,6,9,35,8,10,4,12,10,12,6,12,7,7,7,11,11,10,3
7,9,11,43,8,9,9,9,6,6,6,2,2,2,2,2,2,3,9,17,7,13,8,4,4,4,4,19,18,17,17,17,6,4,4,15,6,6,6,2,6,2,6,5,2,18,14,4,4,8,8,3,15,7,7,7,15,5,4,4,3,17,8,14,7,6,6,6,10,7,5,4,18,5,4,18,17,17,15,15,15,9,9,10,5,5,6,6,6,26,3,3,26,16,15,16,3,5,5,6,15,16,8,11,5,6,5,7,6,5,5,8,4,12,12,12,5,5,6,3,3,3,10,9,6,3,1,9,0,2,4,2,3,3,3,6,6,5,6,1,1,8,8,24,8,24,2,9,54,12,10,8,10,9,11,8,8,11,15,21,10,10,4,6,3,3,4,8,9,9,9,17,12,7,8,3,3,8,14,16,55,3,35,35,9,9,11,11,10,14,14,9,8,12,11,12,11,11,11,11,12,12,13,10,1,55,10,10,10,7,8,8,7,7,8,15,15,15,6,6,54,10,3,8,8,7,8,15,15,10,10,10,17,17,7,10,9,6,6,6,10,10,4,8,8,8,8,6,6,12,7,7,9,9,6,9,6,6,5,6,6,5,15,15,23,19,20,20,20,6,5,5,15,5,6,7,15,7,8,7,8,8,8,7,8,8,7,8,7,10,10,9,9,9,9,9,9,8,9,20,8,8,8,7,4,7,10,9,34,9,10,7,7,10,8,8,8,8,8,7,10,10,7,9,3,8,8,15,6,10,10,10,15,5,1,37,7,9,9,15,8,9,7,10,9,9,9,12,10,8,9
8,9,11,43,9,10,10,9,7,7,6,1,1,2,1,2,1,2,10,17,6,13,8,5,5,5,5,19,19,19,18,18,6,5,5,15,7,6,6,2,5,3,5,6,5,17,14,4,5,7,7,2,14,7,7,7,15,4,3,6,5,17,7,13,8,6,6,5,11,6,4,3,16,4,3,16,18,17,14,13,14,8,9,9,6,4,6,5,4,26,4,4,26,16,13,15,3,4,5,7,16,14,10,11,5,4,4,6,5,6,6,10,6,13,13,13,3,6,5,2,2,2,11,11,8,6,3,9,2,0,2,1,4,4,1,4,3,5,4,3,2,7,8,26,8,25,1,8,53,12,10,8,10,10,11,6,6,8,14,21,11,10,5,5,5,4,2,5,10,10,10,18,11,6,9,3,3,7,13,17,57,3,33,33,10,10,11,11,11,14,15,9,6,11,12,11,12,11,12,11,11,11,13,10,2,57,10,10,10,8,9,9,7,8,9,15,15,15,7,7,55,8,3,7,7,8,8,15,15,8,8,10,18,19,8,11,9,4,3,3,11,11,3,7,10,10,8,6,6,12,8,8,10,10,3,10,7,7,7,6,6,5,15,14,24,19,19,19,19,7,5,6,14,6,6,9,15,8,8,8,8,6,6,7,6,9,9,10,9,10,10,10,10,10,9,9,9,8,9,21,6,6,5,6,3,6,11,7,33,7,7,8,8,11,9,8,8,8,8,8,11,10,5,9,4,8,8,15,7,10,11,9,15,4,2,38,8,10,10,16,7,9,5,10,10,9,10,11,10,7,10
10,11,13,44,11,12,12,12,9,9,8,2,2,4,2,4,2,2,12,17,6,14,8,7,7,7,7,20,19,18,18,18,8,7,6,15,9,6,6,3,5,4,5,8,7,17,16,6,6,7,7,2,14,9,8,8,18,4,3,6,7,20,7,13,8,8,8,6,12,7,4,4,16,4,4,17,18,18,14,14,14,9,9,9,8,4,8,5,4,28,5,5,28,17,13,15,5,4,7,9,18,14,11,11,5,4,4,5,5,6,5,11,8,13,13,12,3,5,5,3,3,3,12,12,10,8,5,8,4,2,0,1,4,4,1,4,3,6,4,3,3,8,8,24,9,25,2,8,52,13,10,9,10,10,11,5,5,8,15,21,11,10,5,6,5,4,2,5,9,9,9,17,12,6,9,4,3,8,14,17,55,4,34,34,10,10,11,11,11,15,15,10,5,11,10,11,10,10,10,10,11,11,14,10,3,56,11,11,11,8,9,9,8,8,9,14,14,14,7,7,53,8,4,8,8,8,8,15,16,7,8,10,17,17,8,11,10,4,3,3,11,11,3,8,10,10,9,7,7,13,8,8,10,10,3,10,7,7,7,7,7,6,16,15,23,19,19,19,19,7,6,6,15,7,7,10,16,8,9,9,9,5,6,8,5,9,10,10,10,10,11,10,10,10,10,10,9,9,10,20,5,5,5,6,3,6,11,7,34,7,7,8,8,11,9,9,9,8,8,8,11,11,5,9,5,8,8,15,7,9,10,9,14,4,3,38,8,10,10,15,8,10,5,10,10,9,10,10,10,8,9
8,9,11,43,9,10,10,9,7,7,6,1,1,2,1,2,1,2,10,17,6,13,8,5,5,5,5,19,19,19,18,18,6,5,5,15,7,6,6,2,5,3,5,6,5,17,14,4,5,7,7,2,14,7,7,7,15,4,3,6,4,17,7,13,8,6,6,6,10,6,4,3,16,4,3,17,18,17,14,14,14,8,9,9,6,4,6,5,4,26,4,4,26,16,13,15,3,4,5,7,16,15,9,11,5,4,4,6,5,6,6,10,6,13,13,13,3,6,5,2,2,2,11,10,8,6,3,8,2,1,1,0,3,3,1,3,3,5,4,2,2,7,7,24,7,24,1,7,49,11,8,7,9,8,10,5,5,8,14,20,10,9,4,5,3,3,2,5,8,8,8,17,11,6,8,3,3,7,13,16,54,3,34,34,9,9,10,10,10,14,14,9,6,11,10,11,10,10,10,10,11,11,13,9,1,55,9,9,9,7,8,8,7,7,8,14,14,14,6,6,54,8,2,7,7,7,8,15,15,7,8,9,17,17,7,10,9,4,3,3,10,10,2,7,9,9,8,6,6,12,7,7,9,9,3,9,6,6,6,6,6,5,15,14,24,18,19,19,19,6,5,5,15,6,6,9,15,7,8,7,8,6,6,7,6,8,9,9,8,9,10,9,9,9,9,9,8,8,9,20,5,5,5,6,3,6,10,7,34,7,7,7,7,10,8,8,8,8,8,7,10,10,5,8,4,7,7,15,7,10,10,9,14,4,2,36,8,9,9,15,7,9,5,9,9,8,9,11,9,7,9
5,8,11,43,5,7,7,7,5,6,5,4,4,4,4,4,4,4,6,15,8,13,5,2,2,3,2,19,17,16,16,15,7,4,4,14,5,8,7,4,8,2,8,5,3,17,14,6,5,10,9,5,16,9,9,9,14,6,5,5,1,17,9,14,9,5,5,8,10,9,7,6,18,7,6,18,17,17,15,15,15,11,8,12,6,7,6,7,7,27,1,2,26,16,14,16,3,7,3,5,15,14,7,9,7,8,6,9,8,6,7,7,3,10,10,10,6,7,8,5,5,5,8,7,4,3,1,11,3,4,4,3,0,9,4,7,6,1,7,1,2,5,5,19,4,20,4,10,44,9,6,4,6,5,7,9,9,12,11,18,7,8,3,3,3,2,5,8,5,5,5,13,8,8,8,2,3,5,10,12,50,4,31,31,6,6,7,7,7,15,15,8,10,10,10,11,10,11,10,10,11,11,14,6,2,50,7,7,7,4,8,8,6,4,5,13,13,13,3,3,49,12,2,5,5,7,7,12,12,11,11,8,13,13,4,7,6,7,6,6,7,7,6,5,6,6,8,5,5,9,4,4,6,6,6,8,5,5,5,6,6,3,12,12,19,16,17,17,17,6,7,5,16,5,5,7,17,7,7,7,7,10,10,8,10,5,7,7,6,6,7,6,6,6,6,6,5,5,6,15,8,8,8,8,5,8,7,12,30,12,12,4,4,7,5,8,8,5,5,4,7,7,9,6,1,5,5,13,5,10,11,14,14,6,3,29,6,7,10,12,5,7,9,7,8,8,8,15,7,5,10
5,8,11,43,5,7,7,7,5,6,5,4,4,4,4,4,4,4,6,15,8,13,5,2,2,3,2,19,17,16,16,15,7,4,4,14,5,8,7,4,8,2,8,5,3,17,14,6,5,10,9,5,16,9,9,9,14,6,5,5,1,17,9,14,9,5,5,8,10,9,7,6,18,7,6,18,17,17,15,15,15,11,8,12,6,7,6,7,7,27,1,2,26,16,14,16,3,7,3,5,15,14,7,9,7,8,6,9,8,6,7,7,3,10,10,10,6,7,8,5,5,5,8,7,4,3,1,11,3,4,4,3,9,0,5,8,7,1,8,1,2,5,5,19,4,19,4,9,40,9,6,4,6,6,7,10,10,12,12,18,7,8,3,3,2,2,5,9,6,6,6,13,8,8,8,3,4,5,11,12,39,4,31,30,6,6,7,7,7,16,16,9,10,11,11,12,11,12,11,11,11,11,15,7,2,41,7,7,7,5,8,8,7,4,5,15,15,15,3,3,40,12,2,5,5,7,7,12,12,11,12,9,14,14,4,7,6,8,7,7,7,7,6,5,7,7,8,6,6,10,4,4,6,7,7,9,5,5,5,6,6,3,13,12,18,16,17,17,17,6,7,6,16,5,6,7,17,7,7,7,8,10,10,8,10,5,7,7,7,6,7,6,6,6,6,6,5,5,6,15,9,9,9,8,5,8,7,11,29,11,11,4,4,7,6,8,8,5,5,4,7,7,9,6,1,5,5,13,6,11,11,13,14,6,3,28,7,7,10,12,5,7,9,7,9,8,9,14,7,5,11
9,9,11,44,9,10,10,10,8,8,7,1,1,3,1,3,1,1,10,16,6,14,8,6,5,6,5,20,18,18,18,18,6,5,5,14,7,6,6,2,5,3,5,6,6,17,15,5,5,7,7,2,14,8,7,8,15,3,2,5,5,18,6,12,7,6,6,5,11,6,4,3,16,4,3,16,18,17,13,13,13,8,9,9,6,4,6,4,4,27,4,4,27,17,13,15,3,4,6,8,16,14,10,11,4,4,4,5,5,7,5,10,6,13,13,12,3,5,5,2,2,2,12,11,8,7,3,8,3,1,1,1,4,5,0,3,3,7,4,3,3,8,8,23,8,23,1,8,42,11,10,8,10,10,11,5,5,9,13,20,11,10,5,6,5,5,1,5,9,9,9,17,12,6,10,4,4,8,12,16,41,4,32,32,10,10,11,11,11,16,16,10,6,11,11,11,11,11,11,11,11,11,15,11,3,46,10,10,10,8,9,9,8,8,9,16,16,16,7,7,44,8,4,8,8,9,9,14,14,7,8,11,19,19,8,11,9,4,3,3,11,11,2,9,11,11,10,8,8,11,8,9,11,11,3,11,8,8,8,8,8,6,14,13,22,18,19,19,19,8,7,7,16,7,8,10,17,9,9,9,9,6,6,8,6,9,11,11,10,11,11,11,11,11,10,10,10,9,10,20,5,5,5,6,3,6,11,8,32,8,8,8,8,11,10,10,10,9,9,8,11,11,5,9,5,8,9,14,8,10,10,9,14,4,3,31,9,11,11,16,8,10,5,10,10,9,10,10,10,8,9
11,10,11,43,9,12,12,11,8,8,9,3,3,2,3,3,3,3,10,15,5,14,7,8,8,8,7,19,17,17,17,17,6,7,6,13,9,4,4,3,4,4,4,7,4,15,14,7,7,6,6,2,14,7,7,7,17,5,4,4,7,18,6,12,7,8,8,5,11,6,3,2,15,3,3,15,17,17,13,13,13,7,8,8,7,3,7,4,4,27,7,6,27,16,12,14,5,4,8,8,16,13,10,10,3,3,3,4,4,5,3,8,8,11,11,11,5,3,3,4,4,5,10,10,11,6,5,6,6,4,4,3,7,8,3,0,1,9,5,6,6,6,6,20,12,20,4,5,40,9,9,12,10,10,10,2,2,7,11,17,10,8,6,7,8,7,4,2,8,8,9,15,10,3,8,5,5,6,10,14,40,7,30,30,10,10,10,10,10,13,13,8,4,9,8,9,8,9,9,8,9,9,12,10,6,42,9,9,9,10,7,7,6,12,12,13,13,13,11,11,40,6,6,6,6,5,5,12,11,5,6,8,15,15,11,9,8,2,2,2,10,9,2,8,8,8,7,5,5,9,11,12,9,9,1,8,5,5,10,5,5,9,12,11,19,16,16,16,16,5,4,4,13,4,5,7,14,6,6,6,7,3,3,4,3,10,8,8,7,8,9,9,9,9,9,9,9,10,10,16,2,2,2,3,4,3,10,6,30,5,6,12,12,9,11,7,7,9,9,11,9,8,3,9,8,7,8,12,9,7,7,7,12,4,6,27,8,10,8,13,6,10,3,10,8,7,8,8,9,6,7
11,9,10,42,8,12,13,12,9,10,8,3,3,3,2,3,2,2,9,14,4,12,6,8,7,7,7,18,17,16,16,16,5,7,7,12,9,3,3,4,3,4,3,8,5,14,14,6,7,5,5,1,13,6,6,6,16,5,3,3,7,17,4,11,6,7,7,4,10,5,2,1,14,2,2,14,16,16,12,12,12,6,7,7,6,2,6,3,3,26,5,5,26,15,11,13,5,2,6,9,16,12,9,9,2,2,2,3,3,4,2,7,7,10,10,10,3,2,2,4,3,4,9,9,11,7,6,5,6,3,3,3,6,7,3,1,0,9,4,6,5,5,6,19,11,19,4,4,38,8,9,11,10,10,10,3,3,6,11,17,10,8,6,7,7,7,3,2,8,8,8,14,10,4,7,5,4,6,10,13,36,6,30,30,9,9,10,10,10,13,13,9,3,8,8,8,8,8,8,8,8,8,12,10,5,41,9,9,9,11,8,9,6,11,12,11,11,11,10,10,40,6,6,6,6,5,5,11,11,5,6,9,14,14,11,10,8,1,1,2,11,11,2,7,9,9,8,6,6,9,11,11,10,10,1,9,6,6,9,6,6,8,11,11,19,15,16,16,16,6,5,5,14,5,6,8,14,7,7,7,7,3,3,5,3,12,8,9,8,9,10,9,9,9,9,10,10,11,12,16,3,3,3,4,4,4,10,5,30,5,5,11,11,10,12,6,7,8,8,11,9,9,2,9,7,6,7,12,10,7,7,7,11,4,5,27,9,11,8,13,6,9,3,9,9,8,9,8,8,6,6
6,8,10,42,7,9,8,8,5,5,4,6,6,6,6,6,6,5,7,16,8,13,6,3,3,4,3,18,18,17,17,16,6,3,3,14,5,7,7,4,7,1,7,4,4,16,13,5,4,8,8,6,15,9,8,9,14,7,6,6,2,16,10,13,8,5,5,10,9,11,8,8,17,8,7,17,17,16,15,14,15,12,9,13,5,8,5,9,8,25,2,3,25,15,14,15,2,8,4,6,14,14,8,10,8,8,8,10,10,7,10,7,4,11,12,12,7,9,10,7,7,7,9,8,5,4,1,11,5,5,6,5,1,1,7,9,9,0,9,2,3,6,6,21,6,21,5,10,40,10,7,6,8,7,9,9,9,14,13,19,9,8,4,4,3,3,7,10,7,7,7,15,9,8,8,4,4,6,12,14,38,5,31,31,8,8,9,9,9,17,17,8,11,11,9,11,9,10,10,10,10,10,16,8,3,42,8,8,8,6,8,8,7,6,6,14,14,14,5,5,41,14,3,6,6,7,7,13,13,12,13,9,16,16,6,8,7,9,8,8,9,8,7,6,8,9,8,6,6,11,6,6,8,8,8,9,5,5,5,6,6,4,14,13,21,17,18,18,18,6,7,7,17,7,6,7,18,7,7,7,7,10,10,9,10,7,7,9,7,8,9,8,8,8,8,8,8,7,8,18,10,10,10,8,6,8,9,12,31,12,13,6,6,9,7,8,8,7,7,6,9,8,10,7,7,6,7,13,6,9,9,14,14,7,4,28,7,8,10,14,6,8,10,8,9,8,9,15,8,6,10
12,11,14,45,10,13,13,13,10,11,9,3,3,5,3,5,3,2,10,16,7,15,8,8,8,8,8,21,19,18,18,18,9,8,7,16,10,7,7,4,6,5,6,8,7,18,17,7,8,8,8,3,15,10,10,10,19,3,1,5,8,20,8,14,9,9,9,7,13,8,5,5,17,5,5,18,19,19,15,15,15,10,9,10,9,5,9,6,5,28,6,7,29,18,15,16,6,6,9,11,19,15,11,11,6,5,5,7,6,5,7,8,9,11,11,11,3,6,6,5,4,5,10,10,11,8,7,8,6,4,4,4,7,8,4,5,4,9,0,8,7,6,6,23,11,22,6,7,40,9,9,11,13,13,13,6,6,7,11,18,13,12,7,7,9,9,6,5,8,8,9,16,10,7,10,6,5,6,10,15,39,7,31,30,10,10,10,10,10,13,13,13,4,13,12,12,12,11,11,11,11,11,12,13,7,43,9,9,9,10,11,12,10,11,11,15,15,15,10,10,42,8,6,6,6,9,9,12,12,6,7,12,17,17,10,14,8,7,6,6,14,14,6,8,12,13,11,8,8,9,11,11,13,13,4,12,9,9,12,9,9,9,12,11,22,16,16,16,16,9,8,8,13,9,9,12,14,10,11,10,11,6,6,8,6,12,12,12,11,13,14,13,13,13,13,13,13,11,12,19,5,5,5,6,3,6,11,6,31,6,7,11,11,13,12,10,10,9,9,11,12,13,4,9,9,7,8,12,12,11,11,8,14,4,7,29,12,13,11,15,6,10,4,10,12,11,13,9,9,6,10
6,8,10,42,7,9,8,8,5,5,4,3,3,3,3,3,3,4,7,16,7,13,6,3,3,4,3,18,17,17,17,16,6,3,3,14,5,7,7,2,7,1,7,4,2,16,13,5,4,8,8,4,15,8,8,8,14,6,5,5,2,16,8,13,8,5,5,7,9,8,6,5,17,6,5,17,16,16,14,14,14,10,9,11,5,6,5,7,6,25,2,3,25,15,14,15,2,6,4,6,14,14,8,10,6,7,5,8,7,6,6,8,4,11,12,12,6,6,7,4,4,4,9,8,5,3,1,10,1,3,3,2,1,1,3,6,6,2,8,0,1,6,6,20,6,20,3,8,39,10,7,6,7,7,8,9,9,12,13,19,9,7,4,4,1,1,4,8,7,7,7,15,9,8,7,4,4,6,12,14,42,4,32,32,8,8,9,9,9,16,16,7,9,10,9,9,9,9,9,9,9,9,15,8,1,43,8,8,8,6,7,7,6,6,6,13,13,13,5,5,42,12,4,6,6,6,6,14,13,10,11,8,16,16,6,9,7,7,6,6,9,9,5,6,7,7,7,5,5,11,6,6,8,8,6,7,4,4,4,5,5,4,14,13,20,18,18,18,18,5,6,5,16,4,5,6,17,6,6,6,6,9,9,8,9,7,6,6,6,8,8,8,8,8,7,7,7,6,7,17,8,8,8,8,5,8,9,11,32,11,11,6,6,9,7,7,7,6,6,6,8,8,8,7,2,6,6,14,5,8,8,12,13,6,2,29,6,8,9,14,6,8,8,8,8,7,8,13,8,6,9
7,9,11,43,7,9,9,9,6,6,5,2,2,2,2,3,2,3,8,17,7,13,7,4,4,4,4,19,18,17,17,17,6,4,4,14,6,7,7,2,7,2,7,5,2,18,14,5,4,8,8,3,15,7,7,7,15,5,4,4,3,17,8,14,8,5,5,7,10,8,5,5,18,5,4,18,17,17,15,15,15,10,9,10,6,6,6,6,6,26,3,3,26,16,14,16,3,6,5,6,15,14,8,11,5,5,5,7,7,6,6,8,4,12,12,12,5,6,6,3,4,3,10,9,6,3,1,9,1,2,3,2,2,2,3,6,5,3,7,1,0,7,7,23,8,23,3,10,41,12,9,8,9,9,10,8,8,12,14,20,10,10,5,5,4,4,4,8,8,8,8,17,10,7,9,4,4,7,13,16,41,4,33,33,9,9,10,10,10,16,16,10,9,12,11,13,11,11,11,11,13,13,14,10,4,44,9,9,9,8,9,9,8,7,8,16,16,16,6,6,43,12,3,7,7,8,8,15,15,10,11,10,18,18,7,10,8,7,6,6,10,10,5,7,9,10,9,7,7,12,7,7,10,10,6,10,7,7,6,7,7,5,15,14,22,19,19,19,19,7,6,6,15,6,7,10,16,9,9,9,9,9,9,8,9,8,10,10,10,9,10,9,9,9,9,9,9,8,9,19,8,8,8,8,5,8,10,10,32,11,11,7,7,10,9,9,9,8,8,8,10,10,8,8,8,7,7,15,7,11,11,13,16,6,1,31,8,10,11,15,7,9,8,9,10,10,11,13,9,7,11
7,6,13,41,5,8,8,8,8,8,9,7,7,7,7,7,7,6,6,12,7,12,3,4,4,4,4,18,14,13,13,13,8,8,8,14,6,7,7,6,6,5,6,8,5,18,13,8,9,9,9,5,16,9,9,9,13,6,7,3,4,15,8,14,9,9,9,8,10,8,6,6,17,6,6,18,16,15,15,14,15,10,4,10,9,6,9,7,6,24,4,4,25,15,14,16,7,6,2,6,15,15,6,6,7,6,7,8,9,7,7,4,4,6,6,6,9,10,10,9,9,9,6,5,7,5,7,9,8,7,8,7,5,5,8,6,5,6,6,6,7,0,1,19,8,19,9,11,37,6,6,7,10,9,10,8,8,11,8,14,10,10,4,3,7,7,10,7,6,6,6,13,7,9,12,4,4,4,7,13,38,7,27,27,7,7,8,8,7,15,15,11,8,14,14,13,14,14,13,14,13,13,14,10,7,40,6,6,6,7,12,12,11,8,8,15,15,15,7,7,38,11,5,3,3,11,11,9,9,9,11,11,14,14,7,10,5,9,8,8,10,10,8,3,10,10,12,10,10,6,7,7,10,10,7,13,10,10,9,10,10,4,9,8,19,13,13,13,13,10,9,9,15,9,10,11,16,11,12,11,12,8,8,11,8,9,11,10,11,10,10,10,10,10,9,9,9,9,9,16,8,8,8,9,7,9,8,10,27,10,10,8,8,11,9,12,12,6,6,8,10,10,7,6,7,4,5,9,10,13,13,11,14,7,8,29,12,10,14,12,4,7,7,7,13,12,13,13,6,4,12
7,6,14,42,5,9,9,8,9,9,10,7,7,8,8,8,7,6,6,12,8,12,4,4,4,4,4,18,14,13,13,13,9,8,8,15,6,7,7,6,6,6,6,8,5,18,13,8,9,9,9,5,16,9,9,9,14,6,7,4,4,16,8,14,9,9,9,8,10,9,6,6,17,6,6,18,16,15,15,15,15,10,4,11,9,6,9,7,7,25,4,4,26,15,15,16,7,6,3,6,15,16,6,6,7,7,7,8,9,7,8,4,4,6,6,6,9,10,10,9,9,9,6,5,7,6,7,9,8,8,8,7,5,5,8,6,6,6,6,6,7,1,0,20,8,20,9,11,37,7,8,8,10,9,11,9,9,12,9,15,11,10,3,3,7,7,10,8,7,7,7,14,8,10,12,4,4,4,8,13,36,6,28,28,8,8,8,8,8,15,15,12,9,15,15,15,15,15,15,15,15,15,14,10,7,41,7,7,7,8,12,12,11,8,8,15,15,15,7,7,39,12,4,4,4,11,11,10,10,10,11,12,15,15,7,10,6,10,9,9,11,10,9,2,10,10,12,10,10,7,7,7,10,10,7,13,9,9,9,10,10,4,10,9,20,13,14,14,14,10,9,9,15,9,9,11,15,11,11,11,11,9,9,10,9,9,10,10,11,10,10,9,9,9,9,9,9,8,9,17,9,9,9,10,7,10,9,11,28,11,11,7,7,10,9,11,12,7,7,7,10,10,8,7,6,5,6,10,10,14,14,12,15,8,7,30,11,10,14,13,4,8,8,8,13,12,13,13,7,4,13
17,13,16,36,16,16,16,16,15,15,15,20,20,18,19,18,19,19,14,22,15,9,14,15,16,15,15,10,18,18,18,17,16,16,16,20,15,15,15,19,14,18,14,16,18,23,12,16,15,15,15,17,21,19,19,19,6,23,23,19,18,12,21,19,15,14,14,20,14,21,18,17,22,17,18,22,7,7,19,19,19,20,18,22,15,18,15,19,18,19,17,18,19,4,20,22,17,19,19,15,6,21,16,22,24,24,23,26,29,29,35,20,27,28,31,30,25,26,27,24,25,26,16,16,17,24,23,21,24,26,24,24,19,19,23,20,19,21,23,20,23,19,20,0,18,5,21,19,31,21,16,18,18,18,19,21,21,24,22,27,20,15,22,20,19,19,23,20,17,17,17,13,17,22,21,21,21,16,22,13,30,23,23,23,16,16,15,15,15,25,25,17,24,17,17,17,17,17,20,16,17,17,24,20,21,35,16,16,16,18,19,19,20,18,19,19,19,19,21,20,34,24,24,18,18,20,20,16,20,27,28,19,13,13,20,20,17,24,25,25,20,19,25,21,18,20,19,19,21,21,19,20,21,21,24,20,20,20,20,19,19,21,22,23,4,19,20,20,20,20,20,20,27,20,20,18,26,19,19,19,20,22,22,22,22,18,18,19,18,20,20,19,19,19,19,19,18,16,18,5,21,21,22,22,24,22,16,25,24,25,25,17,17,20,19,20,21,18,18,19,19,19,22,17,21,17,18,16,19,15,16,24,17,22,21,22,18,19,20,15,17,16,22,16,18,17,18,22,16,17,18
2,6,13,41,6,5,5,4,5,5,7,7,8,7,7,8,8,8,3,17,11,11,5,2,2,3,3,17,16,15,15,15,8,6,6,16,3,10,10,7,10,5,10,5,6,19,13,8,7,11,11,8,17,12,11,12,12,9,8,8,5,14,12,16,11,7,7,12,10,12,10,10,19,10,9,19,15,15,16,16,16,14,9,14,8,10,7,10,10,24,4,5,24,14,16,17,6,10,5,1,14,16,3,11,10,10,10,11,12,12,11,4,5,13,14,14,10,12,12,9,10,11,7,5,2,8,7,12,8,8,9,7,4,4,8,12,11,6,11,6,8,8,8,18,0,18,8,9,36,13,6,2,3,4,6,8,8,13,15,22,3,7,8,6,5,5,9,8,5,5,5,12,8,7,7,7,8,6,14,11,34,9,29,29,4,4,5,5,5,21,21,6,12,8,8,8,8,8,8,8,8,8,19,3,6,40,7,7,7,4,7,7,6,2,3,12,12,12,5,5,39,13,7,6,6,7,7,13,15,13,14,6,12,12,6,5,7,11,11,11,5,5,8,8,2,3,7,5,5,13,1,1,3,3,10,6,5,5,4,7,7,6,16,15,18,17,17,17,17,5,5,5,20,5,6,5,21,6,6,6,7,8,9,7,8,3,4,4,4,4,5,4,4,4,4,4,4,4,4,16,9,9,9,7,10,7,5,13,30,13,13,2,3,5,2,7,8,5,5,5,5,5,11,5,6,6,5,13,5,7,7,13,12,11,7,33,4,2,9,10,6,8,11,6,6,6,6,16,7,6,9
18,13,16,37,16,17,16,16,16,15,15,20,20,17,19,18,19,19,14,23,16,9,15,15,16,16,15,12,18,18,18,18,16,16,17,20,15,16,16,19,14,18,15,17,19,23,13,17,16,16,16,18,22,19,19,19,5,22,22,18,18,12,20,19,15,15,15,21,14,22,18,18,23,17,18,23,8,8,20,20,20,20,18,22,15,18,15,19,18,20,17,17,19,3,20,21,17,18,19,14,6,21,16,22,24,24,23,26,30,30,37,20,25,28,30,30,25,25,26,24,25,27,16,16,16,24,23,21,24,25,25,24,20,19,23,20,19,21,22,20,23,19,20,5,18,0,19,16,33,16,13,14,15,15,16,18,18,21,17,22,17,13,18,16,16,16,20,17,14,14,14,10,12,19,18,18,19,14,17,10,30,20,26,26,13,13,12,12,12,21,21,15,21,14,13,13,13,13,13,13,13,14,20,16,18,37,13,13,13,15,16,16,16,14,14,15,15,15,16,16,35,19,18,14,14,16,16,11,15,22,23,15,10,10,15,16,13,21,20,20,16,16,21,17,15,16,16,17,17,17,15,15,16,16,19,16,16,16,16,16,16,17,17,18,5,15,15,15,15,17,17,16,22,16,16,15,21,15,16,15,17,19,19,19,19,14,15,16,15,15,16,15,15,15,15,15,14,12,14,7,18,18,18,19,21,19,12,22,26,22,23,14,13,16,15,17,17,15,15,16,16,16,18,14,18,14,15,11,17,13,13,21,15,18,19,23,16,16,17,13,14,12,19,14,16,15,16,20,13,14,14
9,9,11,44,9,10,10,10,7,7,6,1,1,3,2,3,2,3,10,18,7,14,9,6,5,6,5,20,19,19,18,18,6,5,5,16,7,7,7,2,6,3,6,6,6,18,15,5,5,8,8,3,15,8,7,7,15,4,3,7,5,18,8,13,8,6,6,6,11,7,5,4,17,5,4,17,18,18,15,14,15,9,10,10,6,5,6,5,5,27,4,4,27,16,14,16,4,5,6,8,17,15,10,12,6,5,5,6,6,7,7,10,6,14,14,14,4,6,6,3,3,2,11,11,8,6,3,9,2,1,2,1,4,4,1,4,4,5,6,3,3,9,9,21,8,19,0,6,41,12,10,8,8,7,8,4,4,8,14,21,8,6,5,5,4,4,4,3,9,9,9,14,11,3,5,4,3,8,12,13,39,4,33,33,9,9,10,10,10,15,15,5,6,8,6,7,8,6,8,6,7,8,14,7,2,48,10,10,10,8,5,5,4,8,9,11,11,11,7,7,47,8,3,8,8,4,4,16,14,7,7,6,14,15,7,7,9,6,6,6,7,7,2,8,6,6,5,2,2,12,8,8,7,7,3,6,3,3,7,3,3,6,15,14,20,19,20,20,20,3,1,2,16,2,2,5,16,4,4,4,4,4,4,3,4,8,6,6,5,7,7,7,7,7,7,7,7,9,8,16,3,3,3,3,4,3,11,7,35,7,7,8,8,7,9,4,5,9,9,8,7,7,4,9,5,8,9,15,7,7,6,8,11,5,3,30,6,8,6,12,8,10,5,10,6,5,6,10,10,8,7
11,9,9,40,9,10,10,10,7,7,4,6,7,6,6,6,6,6,10,16,3,12,8,9,9,9,8,17,18,17,17,17,2,6,6,11,8,2,2,5,2,6,2,7,7,13,13,4,4,4,4,3,12,2,2,2,13,8,10,8,10,15,6,10,3,4,4,6,9,7,4,4,13,3,4,14,15,15,11,11,11,8,9,9,3,4,4,5,5,25,7,7,25,14,11,12,5,4,8,8,14,11,10,12,6,5,4,6,6,7,4,9,10,15,16,13,10,5,5,9,9,10,12,11,11,8,7,1,9,8,8,7,10,9,8,5,4,10,7,8,10,11,11,19,9,16,6,0,39,12,12,12,8,8,8,3,3,6,14,21,8,5,8,10,8,8,7,3,11,11,11,12,11,4,2,6,6,8,13,11,35,8,32,31,10,10,9,9,9,15,15,4,6,4,3,4,3,4,4,3,4,4,14,8,7,47,11,11,11,12,3,4,3,10,9,9,9,9,12,12,45,8,8,8,8,3,2,14,14,8,8,6,13,13,12,7,10,6,5,5,8,7,5,11,6,6,5,7,7,12,12,13,7,7,4,6,5,4,7,4,4,10,15,14,19,17,18,18,18,7,5,4,15,4,4,6,16,4,4,4,2,4,4,6,4,8,6,6,5,7,7,7,7,7,7,7,8,10,9,15,3,3,3,4,7,4,10,8,34,8,8,11,11,8,11,2,2,12,12,14,8,8,5,12,9,9,11,14,9,3,3,7,10,5,8,32,7,9,3,11,9,11,5,13,6,5,6,11,12,9,3
42,37,40,27,38,39,38,37,37,38,39,38,37,34,36,34,36,35,30,29,32,26,30,31,31,31,30,26,31,32,31,30,32,31,31,35,30,30,30,33,29,33,29,31,33,37,27,30,30,30,31,32,36,37,38,38,28,39,40,36,37,33,36,36,31,31,31,36,29,37,34,33,38,32,34,38,22,22,35,35,35,34,33,36,30,33,30,33,33,15,33,33,27,27,36,41,36,39,38,33,29,43,39,46,50,49,51,57,64,60,63,54,59,55,56,56,58,57,58,58,55,56,48,45,44,51,49,49,54,53,52,49,44,40,42,40,38,40,40,39,41,37,37,31,36,33,41,39,0,44,38,40,40,39,42,46,46,44,40,35,43,36,45,43,41,41,45,45,39,39,39,35,36,48,45,45,44,40,42,35,19,46,23,23,40,40,39,39,39,48,48,39,53,45,44,45,40,43,40,40,40,40,46,44,47,28,38,38,37,40,41,40,43,41,42,41,40,41,45,44,26,46,46,41,40,45,45,35,42,55,48,38,34,34,41,42,38,53,53,53,42,42,51,43,43,42,42,44,44,42,41,42,42,43,49,43,41,42,42,41,43,44,41,44,33,38,39,39,38,43,43,42,47,42,41,40,46,42,43,42,43,50,50,47,49,41,41,42,41,43,44,43,43,42,42,42,42,40,42,34,48,48,48,49,46,49,38,48,24,53,47,41,40,44,43,44,45,42,40,43,44,42,49,39,44,40,42,37,45,42,39,48,40,46,47,41,43,43,44,38,41,37,49,39,42,41,42,47,38,38,36
11,9,16,43,8,13,12,12,12,12,13,11,11,10,10,10,10,10,9,12,11,15,6,7,7,8,7,21,14,13,13,13,11,12,12,17,9,9,9,9,9,9,9,12,8,20,16,12,12,11,11,8,19,12,12,12,16,9,10,6,8,18,10,17,12,11,11,10,13,11,9,8,20,9,8,20,19,18,17,17,18,13,2,13,11,9,11,10,9,24,7,8,27,17,17,19,11,9,7,9,18,18,9,3,9,9,9,10,12,10,12,7,8,1,3,3,13,15,14,13,13,14,8,8,10,11,11,14,12,12,13,11,9,9,11,9,8,10,9,10,12,6,7,21,13,16,12,12,44,0,10,11,14,13,15,11,11,14,2,14,14,13,9,7,12,12,14,10,9,9,9,17,10,12,13,9,9,7,3,17,34,12,27,27,11,11,11,11,11,16,16,14,11,14,13,14,13,14,14,14,14,14,15,14,12,41,9,9,9,10,14,14,13,11,12,17,17,17,10,10,39,14,10,7,7,11,11,9,7,13,14,14,17,18,12,14,8,11,11,11,15,14,11,8,14,14,14,14,14,1,11,12,13,14,10,15,15,15,15,13,13,8,3,3,20,13,14,14,14,15,14,14,16,14,13,15,16,13,13,13,12,11,11,13,11,13,15,15,14,14,15,14,14,14,14,14,13,12,13,18,10,10,10,11,10,11,11,13,27,13,13,11,11,15,13,12,12,9,9,11,14,14,10,9,10,7,8,10,15,13,13,14,16,9,12,25,15,14,13,15,7,10,10,10,15,14,15,16,9,7,12
6,4,11,40,2,7,7,6,6,6,8,8,8,8,8,8,9,8,3,15,11,11,4,3,3,5,2,16,14,14,13,13,8,7,7,15,5,9,9,7,9,5,9,8,6,18,11,8,7,11,11,8,16,12,12,12,11,9,9,7,6,13,10,14,10,7,7,11,8,11,9,9,17,9,8,18,14,14,15,15,15,13,7,13,7,9,7,10,9,23,5,5,24,13,14,16,7,9,6,3,12,14,3,10,9,9,10,11,12,10,12,1,7,13,15,13,12,13,14,11,11,12,4,3,3,10,9,13,10,10,10,8,6,6,10,9,9,7,9,7,9,6,8,16,6,13,10,12,38,10,0,5,6,6,7,9,9,12,10,16,7,8,6,5,7,7,10,8,2,2,2,12,5,10,11,6,7,2,8,11,31,8,26,26,4,4,4,4,4,16,16,10,9,12,12,12,12,12,12,12,12,12,15,7,7,37,4,4,4,4,10,10,10,5,5,13,13,13,4,4,36,12,6,2,2,9,9,10,10,11,12,9,12,12,4,7,3,10,9,9,7,7,9,6,7,7,10,10,10,8,4,5,6,6,8,8,8,8,8,8,8,4,10,9,14,12,13,13,13,8,7,8,14,8,8,6,14,8,8,8,8,9,9,9,9,4,6,5,6,5,6,5,5,5,5,5,4,4,5,12,7,7,7,9,7,9,4,9,24,9,10,3,4,6,4,9,10,2,2,4,5,5,7,1,4,2,1,9,8,8,10,11,11,7,6,20,7,4,11,8,1,4,8,2,8,8,8,12,3,1,9
3,5,12,40,6,4,4,4,4,4,7,7,7,7,7,8,8,7,3,17,10,11,5,2,2,3,3,16,16,15,15,15,8,6,6,16,1,9,10,7,10,5,10,1,6,19,12,8,7,11,11,8,17,11,11,11,12,9,8,8,4,14,12,15,11,7,7,12,9,12,10,10,18,10,9,18,15,15,16,15,15,14,9,14,7,10,7,11,10,24,4,4,24,14,15,17,6,10,5,1,13,15,3,11,10,9,9,12,12,12,11,4,5,13,14,14,10,12,12,9,10,11,6,5,2,8,7,12,8,8,9,7,4,4,8,12,11,6,11,6,8,7,8,18,2,14,8,12,40,11,5,0,2,3,4,6,6,11,13,19,2,5,7,6,3,3,7,7,5,5,5,11,7,6,6,6,7,6,12,10,30,7,26,25,5,5,6,6,5,16,16,5,9,7,8,6,6,6,6,6,7,6,15,2,5,35,7,7,7,4,5,5,5,4,3,10,10,10,5,5,34,11,6,6,6,5,5,13,14,11,11,5,11,11,5,4,7,9,8,8,4,4,7,7,1,2,5,4,4,12,4,4,2,2,8,5,4,4,3,5,5,6,14,13,15,17,17,17,17,4,4,4,17,4,5,4,17,4,5,5,5,7,7,6,7,3,3,3,4,3,4,3,3,3,3,3,3,3,3,12,8,8,8,6,8,6,5,10,26,10,10,4,3,4,1,5,6,5,5,5,3,3,8,6,5,6,5,13,3,6,6,11,10,9,5,21,3,2,7,9,6,7,9,7,5,4,5,14,6,6,8
5,5,10,40,6,2,2,2,2,2,4,9,9,7,9,7,9,9,3,17,8,11,5,3,3,4,4,16,15,15,15,15,6,3,3,14,3,7,7,8,7,6,7,3,7,17,12,5,4,9,9,9,15,8,8,8,12,10,9,10,6,14,12,14,9,5,5,12,10,12,10,9,17,9,10,18,14,14,15,14,14,12,9,14,5,9,5,11,10,25,5,6,25,14,14,16,5,10,6,2,14,14,4,12,10,10,10,11,12,12,10,5,7,15,15,16,11,14,12,11,11,12,7,6,4,10,9,10,10,10,10,9,6,6,10,10,10,8,13,7,9,10,10,18,3,15,8,8,40,14,6,2,0,4,4,7,7,11,13,20,2,5,8,6,3,3,7,7,5,5,5,11,8,6,6,6,7,6,13,10,30,7,26,26,5,5,6,6,6,17,17,4,9,7,8,7,8,7,6,8,7,7,16,2,5,35,7,7,7,5,5,5,5,3,3,10,10,10,5,5,34,12,6,7,7,5,5,13,15,11,11,5,12,12,5,4,7,9,8,8,4,4,7,8,2,2,5,3,4,12,5,5,2,2,8,5,4,3,3,5,5,7,15,14,15,17,18,18,18,4,4,4,17,4,5,4,18,5,5,5,5,7,7,6,7,3,3,3,4,3,4,3,3,3,4,4,4,4,4,13,8,8,8,6,8,6,5,11,26,11,11,4,3,4,1,5,6,5,5,6,3,3,9,6,5,7,6,13,4,8,5,11,9,9,5,21,3,2,7,9,7,8,9,7,5,4,5,14,7,7,8
4,4,10,40,6,3,3,3,1,1,4,8,9,6,8,6,9,8,3,17,7,10,5,3,3,3,4,16,15,15,15,15,5,3,3,14,2,7,7,8,7,6,7,4,7,16,11,5,4,8,8,8,15,8,8,8,11,10,9,9,6,14,12,13,8,5,5,11,9,12,10,10,17,9,9,17,14,14,14,14,14,12,9,14,4,9,5,10,10,24,5,5,24,14,14,15,5,9,6,2,13,14,4,11,9,9,9,11,11,13,10,5,7,14,15,15,11,14,12,10,11,12,7,6,3,10,9,9,9,10,10,8,5,6,10,10,10,7,13,7,9,9,9,18,4,15,7,8,39,13,6,3,4,0,3,8,8,12,12,18,3,5,6,5,5,5,8,8,4,4,4,9,6,7,6,6,6,5,11,8,28,7,24,24,3,3,4,4,4,16,16,5,11,7,8,8,6,6,9,8,8,8,15,3,6,33,5,5,5,3,5,6,5,2,1,10,10,10,4,4,32,12,6,5,5,6,6,11,13,13,12,6,10,10,3,3,5,10,9,9,3,3,8,6,2,2,6,4,4,10,3,3,2,2,9,5,4,4,4,5,5,5,13,12,13,15,16,16,16,4,6,5,17,5,5,4,17,5,5,5,6,8,8,8,8,2,3,3,3,2,3,2,2,2,2,2,2,2,2,11,9,9,9,7,8,7,3,12,24,12,12,2,2,3,2,6,6,3,3,4,3,3,10,4,5,5,4,11,5,8,8,12,10,9,7,19,4,2,7,8,5,6,11,5,5,5,5,15,5,5,8
6,6,10,42,8,5,5,4,2,2,4,10,10,7,10,7,10,9,5,18,8,12,7,4,4,5,5,18,17,17,16,16,6,4,4,14,4,7,7,9,8,6,7,5,7,17,13,5,4,9,9,9,16,8,8,8,13,11,11,10,7,16,12,14,9,5,5,12,10,12,10,9,18,9,9,18,15,16,15,14,15,12,10,15,5,10,6,11,10,26,6,7,26,15,14,16,5,10,7,4,15,14,5,13,9,10,10,11,12,12,10,7,8,16,17,17,13,11,12,12,13,14,8,8,5,11,8,10,11,11,11,10,7,7,11,10,10,9,13,8,10,10,11,19,6,16,8,8,42,15,7,4,4,3,0,7,7,11,11,18,3,4,6,5,4,4,7,8,4,4,4,9,6,7,6,6,7,4,11,8,28,7,24,24,3,3,3,3,3,16,16,4,10,7,5,7,5,5,5,8,7,7,15,3,5,33,5,4,5,4,5,5,4,2,2,9,9,9,4,4,32,11,6,4,4,5,5,10,12,11,11,5,9,9,4,2,4,9,8,9,3,2,7,6,3,4,5,4,4,10,4,4,3,3,8,5,5,5,4,4,4,5,12,12,13,14,14,14,14,5,5,5,16,5,4,3,17,4,5,4,5,8,8,7,8,1,2,2,3,2,2,2,2,2,1,1,1,1,1,10,8,8,8,7,8,7,3,11,24,11,11,2,2,2,2,5,5,4,4,4,2,2,10,5,5,5,4,10,4,5,5,11,9,9,6,19,3,3,7,7,4,6,10,4,5,4,5,14,4,4,7
12,10,10,42,9,11,11,10,8,8,6,5,5,4,5,4,5,4,10,15,4,12,7,9,8,9,8,18,18,17,17,17,5,7,6,11,9,3,3,4,3,5,3,7,5,14,14,5,6,5,5,3,13,6,6,6,15,6,6,5,7,17,6,11,5,7,7,5,10,6,3,3,14,2,2,14,16,16,12,11,12,7,8,8,6,3,6,4,4,26,6,7,26,15,11,13,5,2,7,9,15,12,10,10,3,3,2,4,4,5,2,8,8,11,11,11,6,2,2,7,7,7,10,10,13,6,7,4,8,6,5,5,9,10,5,2,3,9,6,9,8,8,9,21,8,18,4,3,46,11,9,6,7,8,7,0,7,7,11,17,7,5,7,7,6,6,5,2,9,9,9,13,10,1,5,6,6,7,10,12,32,7,28,28,9,9,9,9,9,13,13,5,5,8,7,8,7,8,8,8,6,8,11,7,6,37,9,9,9,10,5,5,3,8,8,10,10,10,9,8,36,7,6,7,7,4,4,13,12,6,6,5,13,13,8,7,8,5,4,4,7,7,4,8,5,6,5,3,3,10,10,10,7,7,3,6,3,3,6,3,3,8,12,11,17,16,17,17,17,3,3,2,13,2,2,5,13,4,4,4,4,3,3,3,3,7,5,5,4,6,7,6,6,6,6,6,6,7,7,15,4,4,4,1,6,1,9,6,28,6,6,9,8,6,8,4,5,10,10,11,6,6,4,9,7,7,8,13,6,6,7,7,10,5,6,23,5,7,6,11,7,10,4,10,6,5,6,9,9,7,6
12,10,10,42,9,11,11,10,8,8,6,5,5,4,5,4,5,4,10,15,4,12,7,9,8,9,8,18,18,17,17,17,5,7,6,11,9,3,3,4,3,5,3,7,5,14,14,5,6,5,5,3,13,6,6,6,15,6,6,5,7,17,6,11,5,7,7,5,10,6,3,3,14,2,2,14,16,16,12,11,12,7,8,8,6,3,6,4,4,26,6,7,26,15,11,13,5,2,7,9,15,12,10,10,3,3,2,4,4,5,2,8,8,11,11,11,6,2,2,7,6,7,10,10,13,6,7,4,8,6,5,5,9,10,5,2,3,9,6,9,8,8,9,21,8,18,4,3,46,11,9,6,7,8,7,7,0,7,11,17,7,5,7,7,6,6,5,2,9,9,9,13,10,1,5,6,6,7,11,12,32,7,28,28,9,9,9,9,9,13,13,5,4,8,7,8,6,8,8,8,8,8,12,7,6,37,9,9,9,10,5,5,3,8,8,10,10,10,9,9,36,7,6,7,7,4,4,13,12,6,6,5,14,14,9,7,8,5,4,4,7,7,4,8,5,6,5,3,3,10,10,10,7,7,3,6,3,3,6,3,3,8,12,11,18,16,17,17,17,3,3,2,13,2,2,5,14,4,4,4,4,3,3,3,3,6,5,5,4,5,7,6,6,6,6,6,6,7,7,15,4,4,4,1,6,1,9,6,28,6,6,9,8,6,8,4,5,10,10,11,6,6,4,10,7,7,8,13,6,7,5,7,10,5,6,23,5,7,6,11,7,10,4,10,6,5,6,9,9,7,7
14,13,13,45,11,13,13,13,10,10,8,8,8,7,7,7,7,7,12,18,7,15,10,11,11,12,10,21,20,19,19,19,8,10,10,9,12,6,6,7,6,9,6,10,8,17,17,8,9,9,9,5,13,9,9,9,18,7,8,8,11,19,3,14,8,10,10,3,13,1,3,4,14,4,5,15,19,19,11,11,11,3,10,5,9,4,9,3,4,29,8,9,29,19,10,11,8,6,10,11,18,8,12,12,4,4,4,4,4,8,4,11,11,14,15,14,9,4,4,10,9,10,13,13,15,12,11,7,11,8,8,8,12,12,9,7,6,14,7,12,12,11,12,24,13,21,8,6,44,14,12,11,11,12,11,7,7,0,13,19,12,10,9,9,9,9,7,5,11,11,11,15,12,7,9,8,8,9,12,15,34,8,30,30,12,12,12,12,12,14,14,10,4,10,9,10,9,9,9,9,10,10,13,11,8,39,11,11,11,12,9,9,8,12,12,13,13,13,11,11,38,1,8,9,9,7,7,15,14,3,3,11,16,16,10,12,10,6,5,6,12,11,5,10,10,11,10,8,8,12,11,11,11,11,5,11,8,8,10,8,8,10,14,13,20,19,19,19,19,8,7,7,14,8,8,10,14,9,9,9,9,6,6,8,6,11,10,10,10,11,12,11,11,11,11,11,11,12,12,17,5,5,5,7,7,7,12,2,30,2,1,11,11,11,12,8,9,11,11,11,11,11,4,11,9,9,10,15,11,9,9,3,12,7,8,25,11,12,9,14,9,12,4,12,11,10,11,6,11,9,8
13,11,19,43,10,15,15,15,15,15,15,13,13,12,12,12,12,12,11,15,13,16,9,10,9,10,9,20,12,12,12,12,13,14,14,19,11,11,11,11,11,11,11,14,10,22,17,14,14,14,13,10,21,14,14,15,18,12,12,9,10,19,12,19,14,13,13,13,16,13,11,10,22,11,10,22,19,20,19,19,20,15,4,15,13,11,14,12,11,26,9,10,28,18,19,20,12,11,9,11,20,20,11,5,11,11,11,13,14,12,14,9,10,3,5,5,15,17,16,15,15,18,10,10,12,13,13,16,15,14,15,14,11,12,13,11,11,13,11,13,14,8,9,22,15,17,14,14,40,2,10,13,13,12,11,11,11,13,0,14,13,12,10,8,11,11,12,10,10,10,10,16,11,12,13,10,9,8,2,15,32,11,27,27,11,11,10,10,10,15,15,13,11,14,14,14,14,14,14,14,14,14,14,13,12,36,9,9,9,11,14,14,13,11,12,17,17,17,11,10,36,13,10,8,8,11,11,6,8,12,13,13,16,16,11,12,9,12,11,11,12,12,11,9,13,13,14,13,13,3,12,12,13,13,10,14,13,13,13,13,13,9,2,2,18,10,11,11,11,13,13,13,16,13,13,13,14,14,14,14,13,11,11,13,11,11,12,12,12,12,12,12,12,12,11,11,11,11,11,16,10,10,10,12,12,12,10,12,27,12,12,11,12,12,12,13,13,10,10,12,12,12,10,10,10,8,9,7,14,13,13,13,17,10,12,24,13,13,14,15,8,10,11,10,14,13,14,15,9,8,12
20,18,25,40,17,21,21,21,21,20,21,19,19,18,18,18,18,18,17,1,18,21,14,16,16,16,15,26,23,23,23,23,20,20,20,25,18,17,17,17,17,17,17,20,16,28,23,21,20,19,19,16,27,20,20,20,22,18,18,15,16,24,18,25,20,20,19,18,21,19,17,16,28,17,16,29,25,25,26,26,26,21,12,21,19,17,19,18,17,18,16,16,31,23,25,27,19,18,15,17,24,26,18,12,18,18,18,20,22,19,22,17,18,14,14,14,22,25,23,22,22,23,17,17,19,19,20,22,21,21,21,20,18,18,20,17,17,19,18,19,20,14,15,27,22,22,21,21,35,14,16,19,20,18,18,17,17,19,14,0,19,18,16,14,17,17,18,16,15,15,15,22,16,17,19,16,15,13,13,21,27,17,19,19,17,17,16,16,16,19,19,19,17,20,19,20,19,20,20,20,20,20,18,19,18,34,15,15,15,16,20,20,19,17,17,23,23,23,16,16,34,19,16,13,13,17,17,18,12,18,18,19,22,22,16,18,14,17,16,17,18,18,17,14,19,19,20,19,19,13,17,17,19,19,15,20,19,19,19,19,19,15,16,15,23,22,22,22,22,20,19,19,20,19,19,18,18,19,19,19,19,17,17,19,17,16,18,18,18,17,18,17,17,17,17,17,17,16,16,22,16,16,16,17,18,17,15,18,19,17,18,17,17,18,18,18,19,15,15,17,18,17,16,15,15,14,14,18,20,19,19,19,22,16,18,29,19,18,20,20,13,16,16,16,20,19,20,21,15,13,18
5,7,10,42,8,2,2,2,2,2,4,9,10,7,10,7,10,9,5,19,8,12,7,4,4,5,5,18,17,17,17,17,6,4,3,14,3,7,7,9,8,7,7,3,7,17,13,5,4,9,9,9,16,8,8,9,14,11,10,11,7,16,12,14,9,5,5,12,10,12,10,9,18,9,9,18,16,16,15,14,15,12,11,15,5,10,5,11,10,26,6,6,26,16,14,16,5,10,7,3,15,14,6,13,9,9,10,11,12,13,10,6,7,16,16,17,12,15,12,12,12,13,9,7,5,11,8,9,10,11,11,10,7,7,11,10,10,9,13,9,10,10,11,20,3,17,8,8,43,14,7,2,2,3,3,7,7,12,13,19,0,4,7,5,3,3,7,7,4,4,4,9,6,6,5,7,6,4,11,9,28,6,24,24,3,3,4,3,3,16,16,4,9,6,7,6,7,7,7,7,6,6,15,2,5,33,5,5,5,4,4,4,4,2,2,9,9,9,5,5,33,10,6,5,5,4,4,10,12,11,10,4,10,10,4,2,5,8,8,8,2,2,7,7,2,3,4,4,4,10,4,4,2,2,7,4,4,4,3,4,4,5,13,12,14,14,14,14,14,4,4,4,16,4,4,2,17,4,4,4,4,7,7,6,7,1,1,1,2,1,2,1,1,1,1,1,1,2,2,11,7,7,7,6,7,6,3,11,24,11,10,2,3,2,2,5,5,4,4,5,1,1,9,4,5,5,4,10,4,7,7,10,9,8,5,20,3,2,6,8,5,6,9,5,4,3,4,13,5,5,7
7,4,6,38,7,6,6,6,4,4,2,7,8,5,8,5,8,7,5,17,5,9,6,5,6,6,6,15,16,16,16,16,3,4,4,11,5,4,4,7,5,5,5,4,5,13,11,3,2,6,6,7,12,6,7,7,10,10,9,9,9,12,10,10,5,2,2,10,6,10,8,8,14,7,7,14,13,13,11,11,11,10,10,13,2,8,2,9,8,23,8,8,22,12,11,12,4,8,8,5,11,11,5,13,8,8,8,9,9,11,8,5,10,17,18,19,10,10,10,12,11,11,7,6,6,9,7,6,10,10,10,9,8,8,10,8,8,8,12,7,10,10,10,15,7,13,6,5,36,13,8,5,5,5,4,5,5,10,12,18,4,0,7,6,3,4,6,6,6,6,6,8,6,5,4,6,5,4,11,8,27,5,23,23,5,5,4,4,4,16,16,1,9,4,5,4,5,4,5,5,4,4,15,4,4,33,5,5,5,6,2,2,3,5,5,6,6,6,7,7,32,10,5,4,4,3,3,10,12,10,10,2,9,9,6,4,4,7,7,7,4,4,6,9,3,3,4,4,4,10,6,6,4,4,6,3,3,3,3,3,3,6,13,12,13,14,15,15,15,4,3,3,16,3,3,2,16,3,3,3,3,6,6,5,6,4,2,3,2,3,4,3,3,3,3,3,3,3,5,10,6,6,6,5,6,5,4,9,23,9,9,5,4,4,5,3,4,6,6,6,3,3,8,6,5,5,6,10,4,2,2,9,6,7,5,19,3,4,4,7,4,6,8,6,3,2,3,12,5,4,5
7,9,13,44,6,8,8,8,8,8,8,4,4,5,5,5,5,4,6,15,8,15,7,4,4,4,4,20,16,16,15,15,8,6,6,15,6,7,7,4,7,4,7,8,3,18,16,6,7,9,9,5,17,9,9,10,16,6,5,3,2,18,8,14,9,8,8,9,13,9,6,6,18,6,6,18,19,18,15,15,15,11,7,11,8,7,9,7,7,27,1,1,28,18,15,16,5,7,3,6,18,16,6,9,6,7,7,8,7,5,7,7,2,9,9,9,6,7,8,6,6,6,9,8,6,3,4,8,4,5,5,4,3,3,5,6,6,4,7,4,5,4,3,22,8,18,5,8,45,9,6,7,8,6,6,7,7,9,10,16,7,7,0,1,2,2,5,6,4,4,4,11,6,5,7,1,2,3,9,11,30,2,26,26,5,5,5,5,5,12,12,7,7,10,9,10,9,10,9,9,10,10,11,6,3,36,5,5,5,4,7,7,5,4,4,13,13,13,3,3,35,9,1,3,3,6,6,10,10,8,9,7,12,12,3,6,4,6,6,6,6,6,5,3,6,6,6,5,5,8,4,4,6,6,5,7,4,4,4,5,5,1,10,10,16,14,15,15,15,5,4,4,12,4,4,7,13,6,6,6,6,6,6,5,6,5,6,6,6,6,6,5,5,5,5,5,5,4,5,14,6,6,6,5,3,5,6,8,26,8,8,4,4,6,5,6,7,4,4,4,6,6,6,4,3,3,3,11,5,8,8,10,12,4,3,22,6,6,8,10,3,5,7,5,7,7,7,11,5,3,8
5,7,14,42,5,6,6,6,6,6,7,5,5,5,5,5,5,4,5,13,8,13,4,2,2,2,2,18,14,14,14,14,8,6,6,15,4,8,7,4,7,4,7,6,3,19,14,7,7,10,10,6,17,10,10,10,14,6,6,5,2,17,8,15,10,8,8,9,11,9,7,7,18,7,7,19,17,16,16,16,16,11,5,12,8,7,8,8,7,25,2,2,26,16,15,17,5,7,1,4,16,16,5,7,8,7,7,9,9,7,9,5,1,7,7,7,7,9,10,7,7,7,7,6,5,5,5,10,6,5,6,5,3,3,6,7,7,4,7,4,5,3,3,20,6,16,5,10,43,7,5,6,6,5,5,7,7,9,8,14,5,6,1,0,3,3,6,7,4,4,4,11,6,6,8,3,3,3,7,10,30,4,27,27,5,5,5,5,5,13,13,8,8,9,9,9,9,9,9,9,9,9,11,5,4,36,5,5,5,3,8,8,7,3,4,12,12,12,3,2,35,10,2,3,3,7,7,9,9,9,9,8,11,12,3,5,4,8,7,7,6,5,6,2,5,5,8,6,6,6,4,4,5,5,7,8,5,5,5,6,6,1,9,8,16,13,13,13,13,6,5,5,13,5,6,6,13,7,7,7,7,7,7,7,7,4,6,5,6,5,5,5,5,5,4,4,4,4,5,13,8,8,7,6,5,6,5,9,26,9,9,3,3,6,4,7,8,3,3,4,5,5,7,4,2,3,3,9,6,9,9,10,12,6,4,22,7,5,9,10,3,5,7,4,9,8,9,12,5,3,9
7,7,9,41,7,7,7,7,4,4,3,4,4,4,4,4,4,5,6,17,7,12,7,3,4,4,4,18,18,18,17,17,5,3,3,13,5,6,6,3,6,1,6,4,3,16,13,4,3,8,8,4,14,8,8,8,13,7,6,5,3,15,9,13,8,4,4,8,9,9,6,6,16,7,5,17,16,15,14,13,14,11,9,11,4,7,5,7,7,24,3,3,25,15,13,15,2,7,4,5,14,13,7,11,7,6,6,9,9,7,7,8,4,12,12,12,7,7,8,5,5,5,9,9,6,4,1,9,3,5,5,3,3,2,5,8,7,3,9,1,4,7,7,19,5,16,4,8,41,12,7,3,3,5,4,6,6,9,11,17,3,3,2,3,0,1,4,5,4,4,5,13,8,4,5,3,3,4,10,12,31,4,28,28,6,6,6,6,6,13,13,5,7,8,7,8,7,8,7,7,8,8,12,6,2,37,7,7,7,4,4,5,3,4,5,10,10,10,4,3,37,9,3,4,4,4,4,12,12,8,8,5,13,13,4,6,6,5,5,5,6,6,4,5,4,5,4,2,2,9,4,4,6,6,4,5,2,2,2,3,3,3,12,11,17,15,16,16,16,3,3,2,14,2,2,4,14,4,4,4,4,5,6,5,5,5,4,4,4,5,6,5,5,5,5,5,5,5,5,15,5,5,5,6,5,6,6,8,28,8,8,4,4,5,5,4,5,4,4,4,5,5,6,5,2,4,4,12,3,6,6,9,10,5,2,23,3,5,6,11,4,7,6,5,5,5,5,11,6,4,6
7,7,9,42,7,7,7,7,4,4,3,3,4,4,4,4,4,5,6,17,7,12,7,3,3,4,3,18,18,18,17,17,5,3,3,13,5,6,6,3,6,1,6,4,3,16,13,4,3,8,8,4,14,8,8,8,13,7,6,5,3,15,9,13,8,4,4,8,9,9,6,6,16,7,5,17,16,15,14,13,14,11,9,11,4,7,5,7,7,24,3,3,25,15,13,15,2,7,4,5,14,13,7,11,7,6,6,9,8,7,7,8,4,12,12,12,7,7,8,5,5,5,9,9,6,4,1,9,3,4,4,3,2,2,5,7,7,3,9,1,4,7,7,19,5,16,4,8,41,12,7,3,3,5,4,6,6,9,11,17,3,4,2,3,1,0,3,5,4,4,4,12,7,5,5,3,3,4,10,11,32,4,28,28,5,5,6,6,6,14,14,5,7,6,6,6,6,8,7,7,8,8,13,6,1,38,6,6,6,4,5,5,3,4,4,11,11,11,3,3,37,9,2,4,4,4,4,12,12,8,8,5,12,13,4,6,5,5,4,4,6,6,4,5,5,5,5,3,3,9,4,4,6,6,4,5,2,2,2,3,3,3,12,11,17,15,16,16,16,3,3,2,14,2,3,4,14,4,4,4,4,6,6,5,6,5,4,4,4,5,6,5,5,5,5,5,5,5,5,14,5,5,5,6,4,6,6,8,28,8,8,4,4,5,5,4,5,4,4,4,5,5,6,5,2,4,4,12,3,7,7,10,10,5,2,23,4,5,6,11,4,7,6,5,6,5,5,11,6,4,7
10,10,13,44,10,11,11,11,9,9,7,2,2,4,2,4,2,2,11,17,7,15,9,7,6,6,6,20,19,18,18,18,7,6,6,15,8,6,6,3,5,4,5,7,6,17,16,6,6,8,8,3,15,9,9,9,17,4,3,7,6,19,7,13,8,7,7,6,12,7,4,4,17,5,4,17,19,18,14,14,14,9,9,10,7,5,7,5,5,28,5,5,28,18,14,16,4,5,7,9,18,14,11,12,5,5,5,6,6,7,6,11,7,13,14,13,3,6,5,3,3,3,12,12,9,8,4,9,4,2,2,2,5,5,1,4,3,7,6,4,4,10,10,23,9,20,4,7,45,14,10,7,7,8,7,5,5,7,12,18,7,6,5,6,4,3,0,4,6,6,6,14,10,6,7,4,3,7,11,13,33,3,29,29,8,8,8,8,8,14,14,8,5,9,8,9,8,8,8,8,9,9,13,8,2,39,8,8,8,6,7,7,6,6,7,12,12,12,6,5,38,7,3,7,7,6,6,13,13,6,7,8,15,15,6,8,7,3,2,3,8,8,2,7,8,8,7,5,5,10,6,7,8,8,2,8,6,6,5,6,6,5,13,12,19,18,18,18,18,5,5,5,14,5,5,8,15,6,7,7,7,5,5,6,5,7,8,8,7,8,8,8,8,8,8,8,7,7,7,16,4,4,4,6,3,6,9,6,29,6,7,6,6,9,7,7,7,6,6,6,8,8,4,7,4,7,6,13,6,8,8,8,12,4,3,25,7,8,8,13,7,9,5,7,8,7,8,9,8,7,7
11,10,9,41,8,11,11,11,8,8,7,4,4,3,4,3,4,4,9,15,4,11,7,8,8,9,7,17,17,16,16,16,5,8,6,11,9,3,3,3,2,5,2,7,5,13,13,6,6,5,5,2,12,5,5,5,15,5,5,4,7,16,5,10,5,6,6,4,9,5,2,2,13,1,2,14,15,15,11,11,11,6,7,8,6,3,6,4,3,25,6,6,25,15,11,12,5,2,7,9,15,11,9,9,2,2,2,3,3,4,1,8,7,10,10,10,6,1,1,6,6,6,9,10,12,6,6,3,8,5,5,5,8,9,5,2,2,10,5,8,8,7,8,20,8,17,3,3,45,10,8,7,7,8,8,2,2,5,10,16,7,6,6,7,5,5,4,0,8,8,8,11,9,2,5,5,5,6,10,11,31,6,27,27,9,9,8,8,8,13,13,6,4,6,5,6,5,6,6,6,6,6,12,8,5,36,8,8,8,9,5,6,4,9,8,9,9,9,8,8,36,6,5,6,6,3,3,12,11,5,5,6,12,12,8,8,7,4,3,3,8,8,3,7,6,7,5,3,3,9,9,9,7,7,2,6,4,4,7,3,3,7,11,11,16,16,17,17,17,4,3,3,13,3,3,6,14,5,5,5,5,1,1,3,1,7,6,6,5,6,7,7,7,7,7,7,7,9,8,13,2,2,2,2,4,2,9,5,27,5,5,9,9,7,9,4,5,8,8,9,7,6,3,8,7,6,7,12,7,5,5,6,9,4,6,23,6,8,6,11,6,10,3,10,7,6,7,8,9,6,5
5,4,11,40,3,5,5,5,5,5,7,8,8,7,8,8,8,7,2,14,10,11,3,2,2,4,2,17,14,14,14,13,8,6,6,15,3,9,8,6,8,5,8,6,6,18,12,8,7,11,11,7,16,11,11,11,11,8,8,6,5,14,10,15,11,8,7,10,9,11,8,8,18,8,8,18,14,14,15,15,15,12,6,12,8,8,8,9,8,23,4,5,24,13,15,16,6,9,5,3,13,15,2,9,9,9,9,10,11,9,11,2,6,12,12,12,11,12,13,10,10,11,5,3,3,10,8,12,9,10,9,8,5,6,9,8,8,7,8,7,8,6,7,17,5,14,9,11,39,9,2,5,5,4,4,9,9,11,10,15,4,6,4,4,4,4,6,8,0,1,1,10,5,10,10,6,7,2,9,10,29,7,25,25,4,4,3,3,3,15,15,7,9,10,8,8,8,8,8,8,8,8,14,6,6,34,4,4,4,4,8,8,8,5,5,11,11,11,4,4,33,12,6,2,2,9,9,10,10,11,11,7,11,11,4,7,3,9,9,9,7,7,9,6,6,6,9,8,8,8,5,5,6,6,8,9,8,8,8,8,8,5,10,10,15,14,15,15,15,8,9,9,15,8,8,8,16,8,9,8,9,9,9,11,9,5,7,7,7,6,7,6,6,6,6,6,6,5,5,13,9,9,9,10,9,10,4,11,25,11,11,5,4,7,5,9,10,3,3,5,7,7,8,1,5,2,2,10,9,7,8,12,11,8,6,22,8,6,10,9,2,5,9,3,9,8,9,14,4,2,9
5,4,11,40,3,5,5,5,5,5,7,8,8,7,8,8,8,7,2,14,10,11,3,2,2,4,2,17,14,14,14,13,8,6,6,15,3,9,8,7,8,5,8,6,6,18,12,8,7,11,11,7,16,11,11,11,11,8,8,6,5,14,10,15,11,8,7,10,9,11,8,8,18,8,8,18,14,14,15,15,15,12,6,12,8,8,8,9,8,23,4,5,24,13,15,16,6,9,5,3,13,15,2,9,9,9,9,10,11,9,11,2,6,12,12,12,11,12,13,10,10,11,5,3,3,9,8,12,9,10,9,8,5,6,9,8,8,7,8,7,8,6,7,17,5,14,9,11,39,9,2,5,5,4,4,9,9,11,10,15,4,6,4,4,4,4,6,8,1,0,1,10,5,10,10,6,7,2,9,9,29,7,25,25,4,4,3,3,3,15,15,7,9,10,8,8,8,8,8,8,8,8,14,7,6,34,4,4,4,4,8,8,8,5,5,11,11,11,4,4,33,12,6,2,2,9,9,10,11,11,11,7,11,11,4,7,3,9,9,9,7,7,9,6,6,7,9,8,8,8,5,5,7,7,8,9,8,8,8,8,8,5,10,10,15,14,15,15,15,8,9,9,15,8,8,8,16,8,9,9,9,9,9,10,9,6,8,7,8,7,7,7,7,7,6,6,6,5,5,13,9,9,9,10,8,10,4,11,25,11,11,4,5,8,5,9,10,3,3,5,7,7,8,1,4,2,2,10,9,8,8,12,11,8,6,21,8,6,10,9,2,5,9,3,9,8,9,14,4,2,10
5,4,12,40,3,5,5,5,5,5,8,8,8,8,8,8,8,8,2,14,10,11,3,2,2,4,2,17,14,14,14,14,8,6,7,15,3,9,9,7,8,5,9,6,6,18,12,8,7,11,11,7,17,11,11,11,11,8,8,6,5,14,10,15,11,8,7,10,9,11,8,8,18,8,8,18,14,14,15,15,15,12,7,12,8,8,8,9,8,24,4,5,24,13,15,16,6,9,5,3,13,15,2,9,9,9,9,10,11,9,11,3,6,12,12,12,11,12,13,11,10,12,5,3,3,10,9,12,9,10,9,8,5,6,9,9,8,7,9,7,8,6,7,17,5,14,9,11,39,9,2,5,5,4,4,9,9,11,10,15,4,6,4,4,5,4,6,8,1,1,0,10,5,10,10,6,6,2,8,9,29,7,25,25,4,4,3,3,3,15,15,7,9,9,8,9,8,8,8,8,9,9,14,6,5,35,4,4,4,4,8,8,8,4,5,11,11,11,3,3,34,12,5,2,2,9,9,10,10,11,11,7,11,11,4,7,3,9,9,9,7,7,9,6,6,6,9,8,8,7,5,5,6,6,8,8,7,7,7,8,8,4,10,9,15,14,14,14,14,8,9,8,15,8,8,8,16,8,9,8,9,9,9,9,9,6,8,7,7,7,7,7,7,7,6,6,6,5,5,12,9,9,8,10,8,10,4,11,25,11,11,4,5,7,5,9,10,3,3,4,7,7,8,1,4,2,2,10,9,8,8,12,11,8,6,21,8,6,10,9,2,5,8,3,9,8,9,14,4,2,10
12,8,10,37,11,11,11,11,10,10,10,15,15,13,15,13,15,14,9,20,11,3,10,10,11,11,10,13,16,16,15,15,11,11,12,15,10,10,10,13,9,13,9,11,13,17,1,11,11,11,11,12,16,14,14,14,8,16,16,13,13,10,16,14,10,10,10,15,9,16,13,13,17,12,13,18,11,11,15,14,15,14,13,17,10,13,10,13,13,20,12,12,21,10,14,16,12,13,13,9,9,15,9,17,16,14,13,16,17,17,16,9,15,21,23,21,21,21,19,19,21,21,11,10,11,17,16,14,17,18,17,17,13,13,17,15,14,15,16,15,17,13,14,13,12,10,14,12,35,17,12,11,11,9,9,13,13,15,16,22,9,8,11,11,13,12,14,11,10,10,10,0,11,14,14,16,16,11,18,1,25,15,21,21,10,10,9,9,9,21,22,11,15,12,11,12,11,12,12,11,12,12,20,14,14,31,11,11,11,12,12,12,12,11,11,10,10,10,13,13,30,17,15,11,11,12,12,11,16,17,17,11,3,3,13,13,11,15,14,14,13,13,15,15,12,12,13,13,13,16,12,12,13,14,13,12,13,13,13,12,12,14,18,18,11,15,15,15,15,13,13,12,23,12,12,11,21,12,12,12,13,13,13,15,13,11,11,12,11,12,13,12,12,12,12,11,11,10,11,8,13,13,13,14,16,14,10,17,21,16,17,11,10,13,12,13,14,12,12,13,13,12,14,11,14,11,12,11,13,10,11,17,10,15,14,17,12,13,14,5,11,10,14,11,12,12,12,18,11,11,12
9,4,12,38,5,8,8,8,7,7,7,10,10,10,10,10,10,9,5,16,11,10,4,5,5,7,5,16,12,12,12,12,9,8,8,15,6,10,10,9,10,8,10,9,8,18,11,9,7,11,11,8,17,11,11,12,11,10,10,7,7,14,11,15,11,8,8,12,9,12,10,9,18,10,9,18,14,14,15,15,15,13,8,14,8,9,8,10,10,22,6,7,23,13,15,17,9,10,7,5,13,15,5,10,10,10,10,12,13,11,12,4,8,13,15,13,13,14,14,13,13,13,5,3,6,11,11,13,12,11,12,11,8,8,12,10,10,9,10,9,10,7,8,17,8,12,11,11,36,10,5,7,8,6,6,10,10,12,11,16,6,6,6,6,8,7,10,9,5,5,5,11,0,9,10,7,7,2,8,10,28,8,24,24,5,5,5,5,5,15,15,8,9,9,9,9,9,9,9,9,9,9,14,8,7,33,3,3,3,5,8,8,9,6,6,11,11,11,5,5,32,12,7,2,2,9,9,9,10,11,11,7,11,11,5,8,2,10,9,9,8,8,9,6,7,8,10,9,9,7,6,6,8,8,7,9,10,9,8,9,9,6,10,9,15,13,13,13,13,9,10,9,15,9,9,8,16,9,9,9,10,9,9,11,8,6,8,8,8,7,8,7,7,7,7,7,7,5,6,13,8,8,8,9,9,9,5,10,24,10,10,6,6,8,7,10,10,4,4,6,8,8,8,4,6,2,3,9,10,9,9,11,11,8,7,21,9,7,10,9,2,1,8,5,9,8,9,13,3,2,10
11,9,11,42,10,10,10,10,7,7,6,6,6,3,6,3,6,5,9,16,5,13,8,8,8,8,8,19,19,18,18,18,6,6,5,12,8,4,4,4,4,5,4,6,4,15,14,5,5,6,6,4,14,6,7,7,16,7,7,6,6,18,6,11,6,6,6,6,11,7,4,4,15,3,3,15,17,17,12,12,13,8,9,9,6,4,7,5,5,27,6,6,27,16,12,14,4,2,8,8,16,13,10,11,4,3,3,5,5,6,3,9,8,12,12,12,7,3,3,8,7,8,11,11,9,5,6,5,7,6,6,6,8,8,6,3,4,8,7,8,7,9,10,22,7,19,3,4,48,12,10,6,6,7,7,1,1,7,12,17,6,5,5,6,4,5,6,2,10,10,10,14,9,0,6,7,6,8,11,12,32,7,27,27,11,11,10,10,10,14,15,6,5,7,7,7,7,7,7,7,7,7,13,8,6,37,10,10,10,10,6,6,4,10,9,10,10,10,9,9,36,7,7,8,8,5,5,13,13,6,6,7,13,13,9,8,9,5,4,4,8,8,4,9,7,7,6,4,4,10,10,10,8,8,3,7,4,4,7,4,4,9,13,12,17,17,18,18,18,4,3,3,14,3,4,6,15,5,5,5,5,2,2,4,2,8,6,7,6,7,8,7,7,7,7,8,8,9,9,15,3,3,3,2,6,2,10,6,27,6,6,10,10,8,9,5,6,10,10,10,7,7,4,10,7,8,9,13,8,6,6,7,10,5,6,24,6,8,7,12,8,10,4,10,7,6,7,9,9,8,6
10,8,10,42,10,8,8,8,5,5,2,8,8,5,8,5,8,7,8,18,3,13,9,7,8,8,8,19,18,18,18,18,3,5,5,12,7,3,3,7,3,5,3,6,5,15,14,2,3,4,4,5,13,3,3,3,14,11,9,8,9,16,9,11,4,4,4,8,9,9,6,6,15,5,6,15,16,16,12,12,12,9,11,11,4,6,4,7,7,26,7,8,26,16,12,13,4,6,9,7,15,12,8,15,9,7,6,8,8,9,6,9,10,18,18,15,9,7,7,10,9,9,11,11,9,7,6,3,8,9,9,8,8,8,10,8,7,8,10,7,9,12,12,21,7,18,5,2,45,13,11,6,6,6,6,5,5,9,13,19,5,4,7,8,5,5,7,5,10,10,10,14,10,6,0,6,6,8,12,12,31,6,27,27,8,8,8,8,8,15,15,3,7,5,4,4,4,4,4,4,4,4,14,6,5,37,10,10,10,9,3,3,2,7,7,10,10,10,8,8,35,8,6,9,9,2,2,14,14,8,8,4,13,13,9,6,9,7,6,6,6,6,6,9,5,5,4,5,5,11,9,9,6,6,5,4,3,3,5,3,3,8,14,13,17,18,18,18,18,5,4,3,16,3,3,4,17,3,3,3,1,5,5,6,5,6,4,4,4,5,6,5,5,5,5,5,5,7,7,14,5,5,5,6,7,6,8,8,27,8,7,7,8,5,7,1,1,9,9,10,5,5,6,10,6,9,9,14,5,4,4,8,9,7,5,23,4,6,3,12,9,9,6,10,5,4,5,11,10,9,3
7,9,12,44,7,8,8,8,8,8,7,3,3,3,4,4,3,3,6,15,7,15,6,4,4,4,4,20,17,16,16,16,7,7,6,14,6,6,6,3,6,3,6,7,2,17,15,5,6,8,8,4,15,8,8,8,15,5,4,2,2,19,7,13,8,7,7,8,12,8,5,5,17,5,5,17,18,18,14,14,14,10,7,9,7,5,8,6,6,27,2,2,28,18,14,15,4,5,3,6,18,15,7,9,5,5,5,6,6,4,6,7,2,9,9,9,5,6,6,5,5,5,8,8,7,1,4,7,3,3,4,3,2,3,4,5,5,4,6,4,4,4,4,21,7,18,4,6,45,9,6,6,6,6,6,6,6,8,10,16,7,6,1,3,3,3,4,5,6,6,6,16,7,7,6,0,1,5,9,12,31,3,27,27,7,7,7,7,7,12,12,7,6,8,9,8,9,9,9,9,8,8,11,7,3,36,7,7,7,5,7,7,5,5,6,12,12,12,4,4,35,8,1,5,5,6,6,12,10,8,8,8,13,14,5,7,6,7,6,6,8,7,5,4,7,8,7,5,5,8,5,6,7,7,5,7,5,5,5,5,5,3,11,10,18,15,16,16,16,5,4,4,12,4,5,7,13,6,6,6,6,6,6,6,6,6,7,7,7,7,8,7,7,7,7,6,6,6,6,15,6,6,6,5,4,5,7,7,27,7,8,5,5,8,6,6,7,5,5,6,8,7,5,6,5,5,5,12,6,9,9,9,12,5,4,24,7,7,8,12,5,7,6,7,8,7,8,11,6,5,8
8,9,12,44,7,9,9,8,8,8,7,3,3,3,3,3,3,2,7,14,6,14,6,4,5,4,4,20,17,16,16,16,7,6,6,13,6,6,6,2,5,3,5,6,1,16,15,5,5,8,7,4,15,8,8,8,16,4,3,1,2,19,6,13,8,7,7,7,11,7,5,4,16,5,4,16,18,18,14,13,14,9,6,9,7,5,7,6,5,26,2,2,28,17,13,15,4,5,3,6,17,14,7,8,5,5,5,6,6,3,6,6,2,9,9,8,4,5,6,4,4,4,8,7,7,1,4,6,3,3,3,3,3,4,4,5,4,4,5,4,4,4,4,21,8,19,3,6,44,9,7,7,7,6,7,6,6,8,9,15,6,5,2,3,3,3,3,5,7,7,6,16,7,6,6,1,0,5,9,13,31,2,28,28,7,7,8,8,8,11,11,7,6,8,9,8,9,9,9,9,8,8,10,7,3,37,7,7,7,6,6,6,5,5,6,12,12,12,5,5,36,8,2,5,5,5,5,11,10,8,7,7,14,14,5,8,6,6,5,6,8,8,5,4,7,7,6,4,4,8,6,6,7,7,4,7,5,5,5,4,4,3,10,10,18,14,15,15,15,4,3,4,12,4,4,6,12,5,6,5,6,6,6,5,6,6,6,7,6,7,8,7,7,7,7,7,7,6,7,16,5,5,5,5,3,5,8,7,28,7,7,5,6,8,6,6,6,5,5,6,7,7,5,6,5,5,5,11,7,8,8,8,11,4,3,24,7,7,7,12,5,8,5,7,7,6,7,10,7,5,7
5,4,11,40,2,7,7,6,7,7,7,7,7,7,7,7,7,6,3,12,8,10,1,2,2,4,2,15,13,13,12,12,7,6,7,14,4,7,7,6,7,5,7,7,5,18,11,7,7,9,9,5,15,9,9,10,11,6,7,4,4,13,8,14,9,6,6,9,8,9,6,6,16,6,6,17,13,13,14,14,14,11,5,11,6,6,6,7,7,23,4,4,23,12,14,16,6,7,4,3,12,15,4,7,7,7,7,8,9,7,8,1,5,10,11,9,9,10,10,10,9,10,8,3,4,7,7,9,8,7,8,7,5,5,8,6,6,6,6,6,7,4,4,16,6,14,8,8,40,7,2,6,6,5,4,7,7,9,8,13,4,4,3,3,4,4,7,6,2,2,2,11,2,8,8,5,5,0,8,9,27,8,23,23,4,4,4,4,4,15,15,7,9,8,7,8,7,8,8,8,8,8,13,8,8,32,2,2,2,4,7,7,8,5,6,10,10,10,5,5,31,11,7,7,7,8,8,7,10,10,10,7,10,10,5,7,1,9,8,8,7,7,9,6,7,8,9,8,8,7,6,6,7,7,7,8,8,8,8,8,8,6,10,9,14,11,12,12,12,9,8,8,15,8,8,7,16,8,8,8,8,9,9,11,9,5,7,6,7,6,7,6,6,6,6,5,5,4,5,12,8,8,8,9,9,9,4,10,24,10,10,5,5,7,6,8,9,5,5,6,7,6,8,4,6,1,4,8,8,7,8,12,10,8,8,19,7,7,9,8,8,3,8,4,8,7,8,13,2,2,9
12,10,18,43,9,14,13,13,13,13,14,12,11,11,11,11,11,11,10,13,12,17,8,9,8,9,8,21,13,13,13,13,12,13,13,18,11,11,10,10,10,11,10,13,9,21,18,13,13,13,13,9,20,13,13,13,17,10,11,8,9,20,11,18,13,12,13,12,15,12,10,10,21,10,9,22,20,19,19,19,19,14,3,14,13,10,13,11,11,25,9,9,28,18,19,20,12,11,8,10,19,19,10,4,11,10,10,12,13,11,13,8,9,2,4,4,15,16,17,15,14,15,9,9,11,11,13,15,14,13,14,13,10,11,12,10,10,12,10,12,13,7,8,22,14,17,12,13,42,3,8,12,13,11,11,10,11,12,2,13,11,11,9,7,10,10,11,10,9,9,8,18,8,11,12,9,9,8,0,13,33,9,26,26,9,9,8,8,8,15,15,11,9,13,12,13,12,12,12,12,12,13,14,11,10,37,8,8,8,9,12,12,11,9,10,15,15,15,9,9,36,12,8,6,6,10,10,10,7,11,11,12,14,15,9,11,7,10,9,9,11,11,9,7,11,11,13,11,11,2,9,10,11,11,8,12,12,12,11,11,11,7,5,1,19,14,15,15,15,12,11,11,15,11,11,12,14,12,12,12,12,9,9,12,9,10,11,11,11,11,11,11,11,11,10,10,10,9,10,16,9,9,9,10,10,10,8,10,26,10,11,9,10,11,10,11,11,8,8,10,11,11,8,8,9,6,7,11,12,11,11,12,15,8,10,24,12,11,12,13,6,8,9,9,13,12,13,14,8,6,11
11,7,10,36,10,10,10,10,9,9,9,14,14,12,14,12,14,13,8,19,10,2,9,9,10,10,9,12,15,15,14,14,10,10,11,14,9,9,9,13,9,12,9,11,12,17,2,10,10,10,10,11,15,13,13,13,7,15,15,12,12,9,15,14,9,9,10,14,8,15,12,12,17,11,12,17,10,10,14,14,14,13,12,16,9,12,9,13,12,20,11,12,20,10,14,15,11,12,12,9,9,14,8,16,15,13,13,16,16,16,16,9,15,20,22,19,19,20,19,18,20,20,10,9,10,17,16,13,16,17,17,16,12,12,16,14,13,14,15,14,16,13,13,13,11,10,13,11,35,17,11,10,10,8,8,12,12,15,15,21,9,8,11,10,12,11,13,11,10,9,9,1,10,12,12,12,13,9,13,0,27,17,23,23,12,12,12,12,12,24,24,13,17,14,13,14,13,13,13,13,14,14,23,15,16,32,12,12,12,14,14,14,14,13,14,11,11,11,15,15,32,19,17,12,12,14,14,12,19,18,19,14,3,3,15,15,12,17,16,16,15,15,16,16,14,14,15,15,15,17,14,14,15,15,15,14,15,15,14,14,14,16,19,19,12,16,17,17,17,15,15,14,24,14,14,13,23,14,14,14,15,15,15,18,15,13,13,14,13,14,15,14,14,14,13,13,13,12,13,9,15,15,15,16,18,16,12,18,23,18,18,13,12,15,14,15,16,15,15,15,14,14,16,14,16,12,14,12,15,13,13,19,11,17,16,18,14,14,16,7,12,11,16,14,14,14,15,20,12,12,14
46,42,39,27,37,37,41,37,36,37,36,35,35,32,34,32,34,33,30,27,30,25,28,30,29,30,29,25,30,30,30,29,30,30,31,34,29,29,29,33,29,32,28,30,32,36,26,29,29,29,30,31,34,35,50,50,43,52,41,42,41,41,34,34,29,29,29,34,28,35,32,31,36,31,32,36,21,21,34,33,33,33,31,35,28,32,29,32,31,13,30,30,25,24,37,42,37,40,41,42,39,56,56,57,65,64,65,77,75,66,71,67,65,65,60,62,66,71,62,61,61,59,56,55,55,55,59,55,55,57,55,54,50,39,41,40,36,38,39,42,41,38,36,30,34,30,39,35,19,34,31,30,30,28,28,32,32,34,32,27,28,27,30,30,31,32,33,31,29,29,29,25,28,32,31,31,31,27,33,27,0,30,12,12,27,27,26,26,26,33,33,27,30,27,26,27,26,26,26,26,27,27,32,29,29,22,25,25,25,28,27,28,27,26,27,27,27,27,28,28,21,32,30,26,26,28,28,24,29,31,32,27,22,22,27,28,26,30,29,29,29,28,29,29,27,27,28,28,28,31,27,27,29,29,29,28,28,28,28,27,27,29,31,31,22,26,26,26,26,28,28,28,34,28,27,27,32,27,27,27,28,29,29,31,28,27,27,27,26,28,29,28,28,28,28,28,27,25,27,21,28,28,28,29,31,29,26,31,12,31,31,26,26,29,27,28,29,27,27,28,27,27,29,26,29,25,26,24,28,26,26,32,27,30,29,23,27,28,29,25,25,25,30,26,27,27,27,32,26,25,27
8,10,12,45,8,9,9,9,8,8,7,3,3,3,3,3,3,3,7,16,8,14,7,5,5,5,5,20,18,18,17,17,7,6,6,15,7,7,7,3,7,4,7,7,2,18,15,5,5,9,9,5,16,8,8,8,16,4,4,3,3,18,8,15,9,7,7,8,12,9,6,6,18,6,6,18,19,18,15,15,15,11,9,11,7,6,7,7,7,29,3,3,27,17,15,16,4,7,5,7,17,15,8,11,6,6,6,7,7,5,7,9,4,12,12,12,4,7,7,5,4,4,10,9,8,1,4,8,3,3,4,3,4,4,4,7,6,5,7,4,4,7,6,23,9,20,4,8,46,12,8,7,7,7,7,7,7,8,11,17,6,5,2,4,4,4,3,6,7,7,7,15,8,7,6,3,2,8,9,17,30,0,28,28,7,7,8,8,8,13,13,6,8,8,7,8,7,7,7,7,7,7,12,8,3,37,7,7,7,6,6,6,5,6,6,11,11,11,5,5,36,10,2,5,5,5,5,12,11,9,9,6,14,14,5,8,6,8,7,7,8,8,4,6,7,7,6,4,4,9,6,6,8,8,6,7,5,5,6,4,4,4,12,11,18,16,17,17,17,4,3,4,13,4,4,6,13,5,5,5,5,6,6,5,6,7,6,7,6,7,8,7,7,7,7,7,8,7,7,16,6,6,6,5,3,5,8,9,28,9,9,6,6,7,7,6,6,6,6,6,7,7,6,6,5,6,6,12,6,7,7,10,11,4,3,24,6,7,7,12,5,8,7,7,6,6,7,11,7,5,8
33,26,27,28,28,27,27,28,28,32,33,31,30,28,29,28,29,29,24,18,26,21,23,25,25,25,24,20,21,21,21,21,26,26,26,29,25,25,25,29,24,28,24,26,28,32,22,25,25,25,26,28,31,29,29,29,19,30,30,28,28,25,30,30,25,25,25,31,24,31,28,28,33,27,28,33,17,17,30,29,29,29,24,31,25,28,24,29,28,2,26,26,21,20,29,31,26,28,28,25,21,32,27,25,31,32,32,34,36,33,36,31,32,29,32,30,37,40,38,37,36,36,31,30,31,31,33,35,35,33,34,34,31,31,32,30,30,31,31,32,33,27,28,23,29,26,33,32,23,27,26,26,26,24,24,28,28,30,27,19,24,23,26,27,28,28,29,27,25,25,25,21,24,27,27,27,28,23,26,23,12,28,0,2,23,23,22,22,22,30,30,24,28,24,24,24,24,24,24,24,24,24,29,26,26,25,24,24,24,25,25,25,24,24,24,25,25,25,25,25,24,30,27,23,23,25,25,20,24,29,29,24,20,20,25,25,23,28,27,27,25,25,27,26,24,24,25,25,25,25,25,25,25,26,26,25,25,25,25,24,24,27,27,27,19,18,19,19,19,26,25,25,31,25,24,24,30,24,24,24,25,26,26,28,26,23,24,24,23,24,25,24,24,24,24,24,23,22,23,18,26,26,26,26,29,26,22,29,2,28,29,23,23,25,24,26,26,24,24,25,25,24,26,24,28,23,24,20,25,23,23,29,24,27,27,20,24,25,26,23,23,22,27,24,25,24,25,30,23,23,24
33,26,27,27,28,27,27,28,28,32,31,31,30,28,29,28,29,29,24,18,26,20,23,25,25,25,24,20,21,21,21,21,26,26,26,29,25,25,25,29,24,28,24,26,28,32,22,25,25,25,26,27,31,29,29,29,19,29,30,28,28,25,30,30,25,25,25,31,24,30,28,28,32,27,29,33,17,17,30,29,29,29,24,31,24,28,24,29,28,2,26,26,21,20,29,31,26,28,28,25,20,32,27,24,31,32,32,34,36,33,36,31,32,29,32,30,37,40,38,37,36,36,31,29,31,31,33,35,35,33,34,34,31,30,32,30,30,31,30,32,33,27,28,23,29,26,33,31,23,27,26,25,26,24,24,28,28,30,27,19,24,23,26,27,28,28,29,27,25,25,25,21,24,27,27,27,28,23,26,23,12,28,2,0,23,23,22,22,22,31,31,24,28,24,24,24,24,24,24,23,24,24,29,26,26,25,23,24,24,25,25,25,24,23,24,25,25,25,25,25,24,29,27,23,23,25,25,20,24,29,29,24,20,20,25,25,23,28,27,27,25,25,27,26,24,25,25,26,26,25,25,25,26,26,26,25,25,25,25,25,24,27,26,27,19,18,19,19,19,26,25,25,32,25,24,24,30,24,25,24,25,26,26,28,26,23,24,25,24,24,25,24,24,24,24,24,24,22,24,19,26,26,26,27,30,27,23,29,2,29,29,24,23,25,24,26,26,25,25,25,25,25,27,24,26,23,24,20,25,24,24,30,25,27,27,20,24,25,27,23,23,22,27,24,25,24,25,30,23,23,24
5,3,10,39,4,5,4,4,4,4,7,8,9,8,9,9,9,8,1,15,10,10,4,3,3,4,2,15,14,14,14,14,7,5,5,14,3,9,9,8,9,6,9,5,7,17,11,7,6,10,10,8,16,11,11,11,11,9,10,7,6,13,11,14,10,6,6,11,8,12,9,9,17,9,9,17,13,13,14,14,14,13,8,13,6,9,7,10,9,24,6,6,23,13,14,16,7,10,6,2,12,14,1,10,10,10,10,11,12,11,13,4,7,13,13,13,12,13,14,11,11,12,6,5,2,10,9,12,9,10,10,9,6,6,10,10,9,8,10,8,9,7,8,16,4,13,9,10,40,11,4,5,5,3,3,9,9,12,11,17,3,5,5,5,6,5,8,9,4,4,4,10,5,11,8,7,7,4,9,12,27,7,23,23,0,24,1,1,1,16,16,6,10,8,7,7,7,7,7,7,7,7,15,4,6,33,4,4,4,3,7,7,6,2,3,9,9,9,4,3,32,12,5,3,3,7,7,9,11,12,12,6,9,9,4,4,4,9,9,9,4,4,9,6,4,4,7,7,7,9,3,3,4,4,9,6,7,7,6,6,6,4,12,11,13,13,13,13,13,7,7,7,17,7,6,5,16,6,7,6,7,10,10,9,10,2,4,4,4,3,4,3,3,3,3,3,3,2,2,11,9,9,9,9,8,9,2,11,23,11,11,2,2,4,3,7,8,3,3,4,4,4,9,3,5,4,3,9,6,7,7,13,9,9,6,19,5,4,9,7,3,5,9,4,7,6,7,15,4,3,8
5,3,10,39,4,5,4,4,4,4,7,8,9,8,9,9,9,8,1,15,10,10,4,3,3,4,2,15,14,14,14,14,7,5,5,14,3,9,9,8,9,6,9,5,7,17,11,8,6,10,10,8,16,11,11,11,11,9,10,7,6,13,11,14,10,6,6,11,8,12,9,9,17,9,9,17,13,13,14,14,14,13,8,13,6,9,7,10,9,24,6,6,23,13,14,16,7,10,6,2,12,14,1,10,10,10,10,11,12,11,13,4,7,13,13,13,12,13,14,11,11,12,6,5,2,10,9,12,9,10,10,9,6,6,10,10,9,8,10,8,9,7,8,16,4,13,9,10,40,11,4,5,5,3,3,9,9,12,11,17,3,5,5,5,6,5,8,9,4,4,4,10,5,11,8,7,7,4,9,12,27,7,23,23,24,0,1,1,1,16,16,6,10,8,7,7,7,7,8,7,7,7,15,4,6,32,4,4,4,3,7,7,6,2,3,9,9,9,4,3,32,12,5,3,3,7,7,9,11,12,12,6,9,9,4,4,4,9,9,9,4,4,9,6,4,4,7,7,7,9,3,3,4,4,9,6,7,7,6,6,6,4,12,11,13,13,13,13,13,7,7,7,16,7,6,5,16,6,7,6,7,10,10,9,10,2,4,4,4,3,4,3,3,3,3,3,3,2,2,11,9,9,9,9,8,9,2,11,23,11,11,2,2,4,3,7,7,3,3,4,4,4,9,3,5,4,3,9,6,7,7,12,9,9,6,19,5,4,8,7,3,5,9,4,7,6,6,15,4,3,8
6,2,9,38,3,5,5,5,5,4,6,9,9,9,9,9,10,9,2,15,9,9,4,5,4,5,3,15,14,14,13,13,7,5,6,13,4,8,8,8,8,7,8,6,7,16,10,6,6,9,9,8,15,11,11,11,9,10,11,7,7,12,10,13,9,5,5,11,7,12,9,9,16,9,9,16,12,12,13,13,13,13,7,13,6,9,6,10,10,22,6,7,22,12,13,15,7,10,7,3,11,13,2,11,11,10,11,12,13,12,13,2,8,14,14,13,12,14,15,12,12,13,5,4,3,11,10,10,11,11,11,10,7,7,11,10,10,9,10,9,10,8,8,15,5,12,10,9,39,11,4,6,6,4,3,9,9,12,10,16,4,4,5,5,6,6,8,8,3,3,3,9,5,10,8,7,8,4,8,12,26,8,22,22,1,1,0,1,1,15,15,6,9,8,7,7,7,7,8,7,7,8,13,5,7,32,3,3,3,3,7,7,6,4,5,9,9,9,5,5,31,11,7,2,2,7,7,8,10,10,11,6,9,9,4,4,2,10,9,9,4,4,9,7,5,6,7,7,7,8,4,4,5,5,7,7,7,7,6,7,7,6,11,10,12,12,12,12,12,7,7,7,15,7,6,5,15,6,7,6,7,9,9,9,9,3,4,4,5,4,4,4,4,4,3,3,3,2,3,10,8,8,8,9,9,9,2,10,22,10,10,4,4,4,4,7,8,3,3,5,4,4,8,2,6,3,3,8,6,7,7,11,9,8,8,19,6,5,9,7,2,4,8,3,7,6,7,13,3,2,8
6,2,9,38,3,5,5,5,4,4,6,9,9,9,9,9,9,9,2,15,9,9,4,5,4,5,3,14,14,14,13,13,7,5,6,13,4,8,8,8,8,7,8,6,7,16,10,6,6,9,9,8,15,10,11,11,9,10,10,7,7,12,10,13,9,5,5,11,7,12,9,9,16,9,9,16,12,12,13,13,13,13,7,13,6,9,6,10,10,22,6,7,22,12,13,15,7,10,7,3,11,13,2,10,11,10,11,12,14,12,13,2,8,14,14,13,12,14,15,12,12,13,5,3,3,11,10,10,11,11,11,10,7,7,11,10,10,9,10,9,10,8,8,15,5,12,10,9,39,11,4,6,6,4,3,9,9,12,10,16,3,4,5,5,6,6,8,8,3,3,3,9,5,10,8,7,8,4,8,12,26,8,22,22,1,1,1,0,1,15,15,6,9,7,7,7,7,7,8,7,8,7,13,5,7,32,3,3,3,3,7,7,6,4,5,9,9,9,5,5,31,11,7,2,2,7,7,8,10,10,11,6,9,9,4,4,3,10,9,9,4,4,8,7,5,6,7,7,7,8,4,4,5,5,7,7,7,7,6,6,6,6,11,10,13,12,12,12,12,7,7,7,15,6,6,5,15,6,7,7,7,9,9,9,9,3,4,4,5,4,4,4,4,4,3,3,3,2,3,10,8,8,8,9,9,9,2,10,23,10,11,4,4,4,4,7,8,3,3,5,4,4,8,2,6,3,3,8,6,7,7,11,9,8,8,19,6,5,9,7,2,4,8,3,7,6,7,13,3,2,8
6,2,9,38,3,5,5,5,4,4,6,9,9,9,9,9,9,9,2,15,9,9,4,4,4,5,3,14,14,13,13,13,7,5,6,13,4,8,8,8,8,7,8,6,7,16,10,6,6,9,9,8,15,10,11,11,9,10,10,7,7,12,10,13,9,5,5,11,7,12,9,9,16,9,8,16,12,12,13,13,13,13,7,13,5,9,6,10,10,22,6,7,22,12,13,14,7,10,7,3,11,13,2,10,10,10,11,12,13,12,13,2,8,14,16,13,12,14,15,12,12,13,5,3,3,11,10,10,10,11,11,10,7,7,11,10,10,9,10,9,10,7,8,15,5,12,10,9,39,11,4,5,6,4,3,9,9,12,10,16,3,4,5,5,6,6,8,8,3,3,3,9,5,10,8,7,8,4,8,12,26,8,22,22,1,1,1,1,0,14,14,6,9,7,7,7,7,7,7,7,7,8,13,5,7,32,3,3,3,3,7,7,7,4,5,9,9,9,5,5,31,11,7,3,3,7,7,8,10,11,11,6,9,9,4,4,3,10,9,9,4,4,8,7,5,6,7,7,7,8,4,5,5,5,7,7,7,7,6,7,7,6,11,10,12,12,12,12,13,7,7,7,15,7,6,5,15,6,7,6,7,9,9,9,9,3,4,4,5,4,4,4,4,4,3,3,3,2,3,10,8,8,8,9,8,9,2,10,23,10,10,3,3,4,4,7,8,3,3,4,4,4,8,2,5,3,2,9,6,6,7,11,9,8,7,19,5,5,9,7,3,4,8,3,7,6,7,13,3,3,8
19,17,20,47,15,20,20,20,19,19,18,14,14,14,14,14,14,14,16,18,14,19,13,14,14,14,14,25,22,22,22,22,15,16,16,19,16,13,13,12,12,13,12,16,11,23,21,15,15,15,15,11,23,16,16,16,21,13,14,10,13,23,11,22,16,17,17,11,21,13,13,12,24,12,12,24,23,23,22,22,22,15,13,13,17,13,16,12,13,30,11,11,31,21,21,22,15,13,12,15,22,19,16,13,13,13,13,13,13,12,15,15,14,15,16,15,16,14,15,16,16,16,17,16,17,13,15,15,14,14,15,14,15,16,16,13,13,17,13,16,16,15,15,25,21,21,15,15,48,16,16,16,17,16,16,13,13,14,15,19,16,16,12,13,13,14,14,13,15,15,15,21,15,14,15,12,11,15,15,24,33,13,30,31,16,16,15,15,14,0,1,16,12,15,15,15,15,15,15,15,15,15,4,17,13,40,14,14,14,15,15,16,14,15,16,18,18,18,15,15,39,13,12,12,12,13,13,16,10,12,12,16,20,20,15,18,13,15,14,14,18,18,13,13,16,16,15,14,14,14,16,16,17,17,13,16,14,14,16,14,14,14,16,16,21,20,20,20,20,14,13,13,2,13,14,16,4,14,15,15,15,14,14,16,14,16,16,16,15,17,18,17,17,17,17,17,16,15,16,20,13,13,13,15,13,15,15,13,31,13,13,15,15,17,16,14,14,14,14,16,17,17,12,14,14,12,13,16,17,14,15,12,18,12,13,27,16,17,15,19,12,15,13,15,16,16,16,11,14,12,14
19,17,20,47,15,20,20,20,19,19,18,14,14,14,14,14,14,14,16,18,14,19,13,14,14,14,14,25,22,22,22,22,15,16,16,19,16,13,13,12,12,13,12,16,11,23,21,15,15,15,15,11,23,16,16,17,21,13,14,10,14,23,11,22,16,17,17,11,21,13,13,13,24,12,12,24,23,23,22,23,22,15,13,13,17,13,16,12,13,31,11,11,31,21,21,22,15,13,12,15,22,19,16,13,13,13,13,13,13,12,15,15,14,15,16,15,16,14,15,16,16,16,17,16,17,13,15,15,14,15,15,14,15,16,16,13,13,17,13,16,16,15,15,25,21,21,15,15,48,16,16,16,17,16,16,13,13,14,15,19,16,16,12,13,13,14,14,13,15,15,15,22,15,15,15,12,11,15,15,24,33,13,30,31,16,16,15,15,14,1,0,16,12,15,15,15,18,19,19,18,19,19,4,22,16,53,17,17,17,18,19,19,18,19,20,22,22,22,18,18,52,15,14,15,15,16,16,18,12,14,14,20,23,23,18,21,16,17,16,16,22,21,16,16,20,20,19,17,17,16,19,19,21,21,15,20,18,18,21,18,17,16,19,18,24,22,23,23,23,18,17,17,2,17,17,19,5,18,18,18,18,16,16,18,16,21,19,20,19,20,21,21,21,21,21,21,21,20,21,22,15,15,15,17,15,17,19,14,35,15,14,19,19,21,20,17,18,17,17,19,21,20,14,17,18,15,16,18,21,18,18,14,22,13,16,32,20,21,19,23,15,18,14,18,20,19,20,12,17,15,17
8,5,8,40,8,7,7,7,4,4,2,8,8,5,8,5,8,7,6,18,4,10,6,6,6,7,7,16,17,17,17,17,2,4,4,12,5,3,3,7,4,5,4,5,5,15,11,2,2,5,5,6,14,5,5,5,11,11,10,9,9,13,10,12,4,1,1,9,8,10,8,7,16,6,8,16,14,14,13,13,13,10,12,13,1,8,2,8,8,24,8,8,24,13,12,14,4,7,9,5,13,13,6,14,10,8,8,10,10,11,8,6,12,18,20,18,11,11,10,11,11,11,9,7,7,8,7,5,9,9,10,9,8,9,10,8,9,8,13,7,10,11,12,17,6,15,5,4,39,14,10,5,4,5,4,5,5,10,13,19,4,1,7,8,5,5,8,6,7,7,7,11,8,6,3,7,7,7,11,13,27,6,24,24,6,6,6,6,6,16,16,0,9,3,2,3,2,3,3,3,3,3,17,5,7,43,7,7,7,7,1,1,3,6,6,7,7,7,9,9,42,11,8,7,7,4,4,13,16,10,11,4,10,10,9,5,7,9,8,8,5,5,9,11,3,4,3,4,4,13,8,8,5,5,7,2,4,4,4,4,4,9,16,15,18,16,17,17,17,5,4,4,18,4,3,3,19,2,2,2,4,7,7,7,7,5,3,3,2,4,5,4,4,4,4,4,4,5,5,14,7,7,7,6,8,6,6,10,29,10,11,6,6,4,7,4,5,7,7,9,4,4,8,8,7,8,8,13,5,2,2,11,7,9,7,26,3,5,3,9,7,8,8,7,2,2,3,14,7,7,4
12,11,12,44,9,14,14,13,11,11,9,5,5,5,5,5,5,5,10,16,6,14,8,9,9,10,8,20,17,17,17,17,7,9,9,11,11,5,5,5,5,7,5,9,7,16,16,8,9,7,7,3,15,8,8,8,17,4,5,5,8,19,2,13,7,9,9,2,12,4,3,3,16,4,3,16,18,17,14,14,13,6,8,5,8,1,8,3,1,27,7,7,28,17,13,14,8,4,8,10,17,11,10,10,4,4,4,1,1,6,4,9,8,11,11,11,7,4,4,7,7,7,11,10,13,9,10,7,8,6,5,6,10,10,6,4,3,11,4,9,9,8,9,24,12,21,6,6,53,11,9,9,9,11,10,5,4,4,11,17,9,9,7,8,7,7,5,4,9,9,9,15,9,5,7,6,6,9,9,17,30,8,28,28,10,10,9,9,9,12,12,9,0,8,8,8,8,8,8,8,8,8,12,11,7,45,9,9,9,10,9,9,7,11,12,12,12,12,10,10,44,5,7,7,7,6,6,13,12,4,5,9,15,15,10,11,8,4,3,3,11,11,3,8,9,10,8,6,6,10,11,11,11,11,2,9,7,7,10,6,6,9,13,12,21,16,17,17,17,6,5,6,14,6,6,8,14,7,8,8,7,4,4,6,4,11,9,9,9,10,11,10,10,10,10,10,10,12,11,18,3,3,3,4,6,4,11,4,31,4,5,11,11,10,12,7,8,9,9,11,10,10,1,9,9,7,8,13,11,7,7,6,11,5,7,29,9,11,8,13,7,10,2,10,9,8,9,7,9,7,7
11,8,8,40,11,10,10,9,7,7,5,9,9,7,9,8,9,8,9,19,2,11,9,9,9,9,9,17,20,20,19,19,4,7,6,10,8,3,3,9,3,7,3,7,8,13,12,5,4,2,2,7,12,5,5,5,12,12,12,12,12,14,10,10,2,4,4,9,8,10,7,7,13,6,7,13,15,14,10,10,10,10,12,12,4,7,5,8,7,25,11,11,25,14,10,11,6,7,11,8,13,10,9,16,9,8,7,9,10,10,7,9,13,20,20,17,13,9,8,13,13,13,12,10,11,11,10,5,12,11,11,11,10,11,11,9,8,11,13,10,12,14,15,17,8,14,8,4,45,14,12,7,7,7,7,8,8,10,14,20,6,4,10,9,8,6,9,6,10,10,9,12,9,7,5,8,8,8,13,14,27,8,24,24,8,8,8,7,7,15,15,3,8,0,2,1,2,1,2,2,1,1,17,6,8,39,9,9,9,10,5,6,5,8,7,6,6,6,11,11,38,12,9,9,9,6,6,15,17,11,11,5,10,10,11,6,9,9,8,8,6,6,8,12,5,5,6,6,6,14,10,10,6,6,7,5,6,6,6,5,5,11,17,16,15,19,19,19,19,6,6,5,19,5,5,4,20,5,5,5,5,7,7,8,7,6,4,5,4,5,6,5,5,5,6,6,6,7,7,12,7,7,7,8,10,8,8,11,28,11,11,8,8,6,8,5,6,10,9,11,6,5,8,10,8,10,10,15,6,2,2,11,6,9,8,23,5,7,6,9,9,9,9,9,5,4,5,12,9,9,3
12,8,8,40,10,11,11,10,8,8,6,9,9,7,8,7,8,8,9,18,2,10,9,9,10,10,10,16,19,19,18,18,3,8,7,10,9,2,2,8,3,7,3,8,8,12,12,5,5,1,1,6,11,4,4,4,11,11,12,11,12,14,9,9,1,5,5,9,8,10,7,7,12,6,7,12,14,14,10,9,10,9,11,12,5,7,5,7,7,24,9,9,24,13,9,11,6,7,10,9,13,9,9,15,9,7,7,9,10,10,7,10,13,19,19,16,12,9,8,12,12,12,13,12,12,10,9,4,11,12,10,10,10,11,11,8,8,9,12,9,11,14,15,17,8,13,6,3,44,13,12,8,8,8,5,7,7,9,14,19,7,5,9,9,7,6,8,5,8,8,8,11,9,7,4,9,9,7,12,13,26,7,24,24,7,7,7,7,7,15,15,2,8,2,0,1,1,1,1,1,1,1,18,7,8,39,9,9,9,10,6,6,6,9,8,7,7,7,11,11,38,13,9,10,10,6,6,16,18,11,12,6,11,11,11,7,10,10,9,9,7,7,9,13,6,6,6,7,7,15,10,10,7,7,8,6,6,6,6,6,6,11,18,17,15,19,20,20,20,7,6,6,20,6,6,5,20,6,6,6,6,8,8,9,8,7,5,6,5,6,7,6,6,6,7,7,7,7,8,12,8,8,8,9,11,9,8,11,27,11,12,9,8,7,9,6,7,10,10,11,6,6,9,10,9,10,11,16,7,3,3,12,6,10,9,24,6,8,7,10,10,10,9,10,6,5,6,13,9,10,4
11,8,8,40,11,10,10,10,7,7,5,9,9,7,9,8,9,8,9,19,2,11,9,9,9,9,9,17,20,20,19,19,4,7,6,10,8,3,3,8,3,7,3,7,8,13,12,5,5,2,2,7,11,5,5,5,12,12,12,11,12,14,10,10,2,5,4,9,8,10,7,7,13,6,7,13,14,14,10,10,10,10,12,12,4,7,5,8,7,25,9,10,25,14,10,11,6,7,11,8,13,10,9,16,9,8,7,9,10,10,8,9,13,20,20,17,13,9,8,13,13,13,12,11,11,11,10,5,12,11,11,11,11,12,11,9,8,11,12,9,13,13,15,17,8,13,7,4,45,14,12,6,7,8,7,8,8,10,14,20,6,4,10,9,8,6,9,6,8,8,9,12,9,7,4,8,8,8,13,14,27,8,24,24,7,7,7,7,7,15,15,3,8,1,1,0,2,1,2,2,1,1,17,7,8,37,9,9,9,9,6,6,5,8,8,6,6,6,11,10,36,12,9,9,9,6,6,15,17,11,11,5,10,10,11,7,9,9,9,9,7,7,9,13,5,5,6,6,6,15,9,9,7,7,7,5,6,6,6,6,6,11,18,17,15,19,19,19,19,7,6,6,19,6,5,5,20,5,5,5,5,7,8,8,7,7,5,5,4,6,6,6,6,6,6,6,6,7,7,12,7,7,7,8,10,8,8,11,25,11,11,8,8,6,8,5,5,10,10,11,6,6,8,10,9,10,10,15,7,2,2,12,6,9,9,23,5,7,6,9,9,10,9,10,5,5,6,12,9,9,3
12,8,8,40,10,11,11,10,8,8,6,9,9,7,8,7,8,8,9,18,2,10,9,9,10,10,10,16,19,19,18,18,3,8,7,10,9,2,2,8,3,7,3,8,8,12,12,5,5,1,1,6,11,4,4,4,11,11,12,11,12,14,9,9,1,5,5,9,8,10,7,7,12,6,7,12,14,14,10,9,10,9,11,12,5,7,5,8,7,24,9,9,24,13,9,11,6,7,10,9,13,9,9,15,9,7,7,9,10,10,7,10,13,19,19,16,13,9,8,12,12,12,13,12,12,10,9,4,11,12,10,10,10,11,11,8,8,9,12,9,11,14,15,17,8,13,8,3,40,13,12,6,8,6,5,7,6,9,14,19,7,5,9,9,7,6,8,5,8,8,8,11,9,7,4,9,9,7,12,13,26,7,24,24,7,7,7,7,7,15,18,2,8,2,1,2,0,1,1,1,1,1,18,7,9,37,10,10,10,10,6,6,6,9,8,6,6,6,11,11,36,13,10,10,10,6,6,16,18,11,12,6,10,11,11,7,9,10,9,9,7,7,9,13,6,6,6,7,7,15,11,11,7,7,8,6,6,6,6,6,6,11,18,17,15,19,20,20,20,7,7,6,20,6,6,5,20,5,6,6,6,8,9,9,8,7,5,6,5,6,7,6,6,6,6,6,7,7,8,12,8,8,8,9,11,9,8,12,26,12,12,8,8,6,9,6,6,10,10,11,6,6,9,10,9,10,10,15,7,3,3,12,6,10,9,23,5,7,7,10,10,10,9,10,6,5,6,12,9,10,4
11,8,8,40,11,10,10,10,7,7,5,9,9,8,9,8,9,8,9,19,2,11,9,9,9,10,10,16,20,20,20,19,4,7,7,10,8,3,3,8,3,7,3,7,8,12,12,5,5,2,2,6,11,4,4,4,12,12,13,11,12,14,9,10,1,5,5,9,8,10,7,7,13,6,7,13,14,14,10,10,10,10,11,12,5,7,5,8,7,24,9,10,25,14,10,11,7,7,11,9,13,10,9,15,9,7,7,9,10,10,7,10,13,19,20,17,13,9,8,12,12,13,12,11,11,11,10,5,11,11,10,10,11,12,11,9,8,10,11,9,11,14,15,17,8,13,6,4,43,14,12,6,7,6,5,8,8,9,14,20,7,4,10,9,8,8,8,6,8,8,8,12,9,7,4,9,9,8,12,13,26,7,24,24,7,7,7,7,7,15,19,3,8,1,1,1,1,0,2,2,1,1,18,7,8,37,9,9,9,9,6,6,5,8,8,6,6,6,11,11,36,12,9,10,10,6,6,15,17,11,12,6,10,10,11,7,9,10,9,9,7,7,9,13,5,6,6,7,7,15,10,10,7,7,8,5,6,6,6,6,6,11,18,17,15,19,19,19,19,7,6,6,19,6,5,5,20,5,5,5,6,8,8,8,8,7,5,5,4,6,6,6,6,6,6,6,6,7,7,12,7,7,7,8,11,8,8,11,25,11,11,8,8,6,8,5,6,10,10,10,6,6,9,10,9,10,10,15,7,2,2,12,6,9,9,23,5,7,6,9,10,10,9,9,6,5,6,12,9,10,3
12,8,8,40,11,11,11,11,8,8,6,9,9,8,9,7,9,8,9,19,2,11,10,10,10,11,10,16,19,19,18,18,3,8,7,10,9,3,3,8,3,8,3,8,8,12,12,5,6,1,1,6,11,4,4,4,12,12,12,11,12,14,10,10,1,6,6,9,8,10,7,7,12,6,7,13,14,14,10,10,10,10,12,12,5,7,5,8,7,24,9,10,25,14,10,11,7,7,11,9,13,10,9,15,8,7,7,9,10,10,7,10,13,19,19,17,13,9,8,12,12,14,13,12,12,10,10,5,11,12,10,10,10,11,11,9,8,10,11,9,11,13,15,20,8,13,8,4,40,14,12,6,6,9,5,8,8,9,14,20,7,5,9,9,7,7,8,6,8,8,8,12,9,7,4,9,9,8,12,13,26,7,24,24,7,8,8,8,7,15,19,3,8,2,1,2,1,2,0,1,1,1,18,7,9,38,10,10,10,10,6,6,6,9,8,7,7,7,11,11,37,13,10,10,10,7,7,16,18,12,13,6,11,11,11,7,10,10,9,10,7,7,10,13,6,6,6,7,7,16,10,10,7,7,8,6,7,6,7,6,6,11,19,18,16,20,20,20,20,7,6,6,20,6,6,5,20,6,6,6,6,8,9,9,8,7,5,6,5,6,7,6,6,6,6,6,7,7,8,13,8,8,8,9,11,9,9,12,26,12,12,9,8,7,9,6,6,10,10,11,6,6,9,10,9,10,11,16,7,3,3,12,7,10,9,24,6,7,7,10,10,10,10,10,6,5,6,13,9,10,4
12,8,8,40,11,11,11,10,8,8,6,9,9,7,8,7,8,8,9,18,2,10,9,10,10,10,10,16,19,19,18,18,3,8,7,10,9,2,2,8,3,8,3,8,8,12,12,5,6,1,1,6,11,4,4,4,11,11,12,11,12,14,9,9,1,5,5,9,8,10,7,7,12,6,7,12,14,14,10,9,10,9,11,12,5,7,5,8,7,24,9,9,24,14,9,11,7,7,10,9,13,9,9,15,8,7,7,9,10,10,7,10,13,19,19,16,13,9,8,12,12,14,13,12,12,10,9,4,11,11,10,10,10,11,11,8,8,10,11,9,11,14,15,16,8,13,6,3,40,14,12,6,8,8,8,8,8,9,14,20,7,5,9,9,7,7,8,6,8,8,8,11,9,7,4,9,9,8,12,13,26,7,24,23,7,7,7,7,7,15,18,3,8,2,1,2,1,2,1,0,1,1,17,6,8,39,8,8,8,9,5,5,5,8,7,7,7,7,10,11,44,13,10,10,10,6,7,15,19,12,12,6,12,12,12,7,9,10,9,9,8,7,10,15,6,6,6,8,8,16,11,11,7,8,8,6,8,8,8,7,7,13,19,18,19,19,19,19,19,8,7,7,20,7,7,5,21,6,6,6,5,8,8,10,8,8,6,6,5,6,7,7,7,7,7,7,7,8,8,14,8,8,7,8,12,8,8,12,30,12,12,9,9,7,9,5,5,11,11,11,7,7,9,10,10,10,11,15,8,2,2,12,7,10,10,32,7,8,6,11,10,9,10,10,6,5,6,12,9,10,3
11,8,8,40,11,10,10,10,7,7,5,9,9,7,9,8,9,8,9,19,2,11,9,9,9,9,9,17,20,20,19,19,4,7,6,10,8,3,3,8,3,7,3,7,8,13,12,5,5,2,2,6,11,5,5,5,12,12,12,12,12,14,10,10,2,5,5,9,8,10,7,7,13,6,7,13,14,14,10,10,10,10,12,12,5,7,5,8,7,25,9,10,25,14,10,11,6,7,11,8,13,10,9,16,9,8,7,9,10,10,7,9,16,20,20,17,13,10,8,13,13,13,12,11,11,11,10,5,12,11,11,11,11,11,11,9,8,10,11,9,13,13,15,17,8,13,7,4,40,14,12,7,7,8,7,6,8,10,14,20,6,4,10,9,8,8,9,6,8,8,9,12,9,7,4,8,8,8,12,14,27,7,24,24,7,7,7,8,7,15,19,3,8,1,1,1,1,1,1,1,0,1,19,8,10,46,9,9,9,11,7,7,7,10,9,6,6,6,12,12,43,13,11,10,10,8,8,15,20,13,13,7,10,10,12,8,10,11,10,10,8,8,10,14,7,7,7,9,9,17,11,11,8,8,9,7,8,8,9,8,8,13,20,19,17,19,20,20,20,9,8,8,21,8,7,6,21,6,6,6,6,8,8,10,8,9,6,7,6,7,8,7,7,7,8,8,8,8,9,12,8,8,8,9,12,9,9,12,29,12,13,10,9,7,10,5,6,11,11,12,7,7,10,11,10,11,12,15,8,2,2,12,6,10,11,29,7,8,6,9,11,10,10,10,7,6,7,12,9,11,4
11,8,8,40,11,10,10,10,7,7,5,9,9,7,9,8,9,8,9,19,2,11,9,9,9,9,9,17,20,20,19,19,4,7,6,10,8,3,3,8,3,7,3,7,8,13,12,5,5,2,2,7,12,5,5,5,12,12,12,12,12,14,10,10,2,5,4,9,8,10,7,7,13,6,7,13,14,14,10,10,10,10,12,12,4,7,5,8,7,25,9,10,25,14,10,11,6,7,11,8,13,10,9,16,9,8,7,9,10,10,7,9,16,20,20,17,13,10,8,13,13,13,12,11,11,11,10,5,12,11,11,11,11,11,11,9,8,10,11,9,13,13,15,17,8,14,8,4,40,14,12,6,7,8,7,8,8,10,14,20,6,4,10,9,8,8,9,6,8,8,9,12,9,7,4,8,8,8,13,14,27,7,24,24,7,7,8,7,8,15,19,3,8,1,1,1,1,1,1,1,1,0,19,8,11,46,9,9,9,11,7,8,7,10,10,6,6,6,12,12,44,13,11,11,11,8,8,15,21,13,13,7,10,11,12,8,10,11,10,10,9,8,10,16,7,7,7,9,9,18,12,12,8,8,9,6,8,8,9,7,7,14,21,20,16,19,20,20,20,10,8,8,21,7,7,6,22,6,6,6,6,9,9,10,9,8,6,6,5,7,7,7,7,7,7,7,8,9,9,12,8,8,8,9,12,9,9,13,29,13,13,11,10,7,10,5,6,12,12,13,7,7,10,11,11,11,12,15,9,2,2,13,6,11,11,29,7,8,6,10,11,10,11,10,6,6,6,12,9,11,3
17,16,19,46,14,19,19,19,18,18,17,13,13,13,13,13,13,12,15,17,13,18,12,13,13,13,12,24,21,21,21,21,14,15,15,18,15,12,11,11,11,12,11,15,10,22,19,14,14,14,14,10,21,15,15,15,20,12,13,9,12,22,10,21,15,16,16,10,19,12,12,11,23,11,11,23,22,22,21,22,22,14,12,12,16,12,15,10,11,29,10,10,29,20,20,21,13,12,11,14,21,18,15,12,12,12,12,12,12,11,14,14,13,15,15,14,15,13,13,15,15,15,16,15,16,11,14,14,13,13,14,13,14,15,15,12,12,16,12,15,14,14,14,24,19,20,14,14,46,15,15,15,16,15,15,11,12,13,14,18,15,15,11,11,12,13,13,12,14,14,14,20,14,13,14,11,10,13,14,23,32,12,29,29,15,15,13,13,13,4,4,17,12,17,18,17,18,18,18,17,19,19,0,23,19,54,18,18,18,19,25,25,22,21,22,25,25,25,20,20,53,16,15,16,16,22,22,18,11,14,15,24,23,23,19,24,17,18,17,17,24,24,17,16,23,23,23,20,20,15,20,21,23,23,16,24,21,21,22,20,20,18,19,18,24,22,23,23,23,20,19,19,6,19,20,24,5,22,22,22,24,17,17,19,17,23,24,25,24,24,25,24,24,24,23,23,23,22,23,22,17,17,16,18,16,18,21,15,37,15,15,21,21,26,23,22,23,19,19,22,25,25,15,19,21,17,19,19,23,23,24,15,27,14,19,39,22,24,24,25,17,20,15,20,24,23,24,13,19,17,23
4,6,10,42,8,1,1,1,2,2,4,9,9,6,9,6,9,9,5,18,7,12,7,4,4,4,4,18,17,17,16,16,6,3,3,14,3,7,7,8,7,7,7,3,7,16,13,5,4,8,8,8,15,8,8,8,13,11,10,10,6,16,12,14,8,5,5,12,9,12,10,9,17,9,9,18,15,16,14,14,14,12,11,14,5,9,5,10,10,26,6,6,26,15,14,16,5,10,6,3,15,14,6,12,9,9,9,11,11,13,10,6,7,15,16,16,12,11,12,11,11,12,10,7,4,10,9,10,10,10,10,9,6,7,11,10,10,8,13,8,10,10,10,20,3,16,7,8,44,14,7,2,2,3,3,7,7,11,13,19,2,4,6,5,6,6,8,8,6,7,6,14,8,8,6,7,7,8,11,15,29,8,26,26,4,4,5,5,5,17,22,5,11,6,7,7,7,7,7,6,8,8,23,0,8,48,7,7,7,5,7,7,6,3,2,11,11,11,7,7,46,13,10,8,8,6,7,14,17,14,14,6,12,12,7,2,8,14,13,13,2,2,11,10,3,4,6,5,5,15,5,5,2,2,12,5,6,6,5,6,6,8,18,17,18,17,18,18,18,6,7,6,24,6,6,3,25,5,5,5,6,10,10,10,10,1,2,1,3,1,2,1,1,1,1,1,1,2,2,14,11,11,11,9,11,9,4,13,35,13,12,3,3,2,3,6,7,5,5,6,2,1,13,6,7,8,6,13,5,6,6,12,11,13,8,32,4,3,7,9,8,7,13,7,6,5,6,15,7,8,8
7,9,11,44,7,9,9,9,6,6,5,2,2,2,2,3,2,3,8,17,7,13,7,4,4,4,4,19,18,17,17,17,6,4,4,14,6,7,7,2,7,2,6,5,2,18,14,4,5,8,8,3,15,7,7,7,15,5,4,4,3,17,8,14,8,5,5,7,10,8,5,5,18,5,4,18,17,17,15,15,15,10,9,10,6,6,6,6,6,26,3,3,26,16,14,16,3,6,5,6,15,14,8,11,5,5,5,7,7,6,6,8,4,12,12,12,5,6,6,4,3,3,10,10,6,3,2,9,1,2,3,1,2,2,3,6,5,3,7,1,4,7,7,21,6,18,2,7,47,12,7,5,5,6,5,6,6,8,12,18,5,4,3,4,2,1,2,5,6,6,5,14,7,6,5,3,3,8,10,16,29,3,26,26,6,6,7,7,7,13,16,7,7,8,8,8,9,8,9,8,10,11,19,8,0,53,13,13,13,9,5,5,4,9,8,12,12,12,8,8,52,10,5,10,10,4,5,17,17,10,10,7,16,16,9,7,12,8,7,7,7,7,4,9,5,5,5,3,3,14,9,9,7,7,6,6,3,3,2,3,3,8,17,16,22,21,22,22,22,3,3,3,19,3,3,4,19,4,5,5,5,6,6,6,6,7,5,5,4,6,7,6,6,6,6,6,7,8,8,18,5,5,5,6,6,6,9,9,36,9,10,9,9,6,9,5,5,10,10,9,6,6,7,10,4,10,9,17,3,7,7,11,12,7,2,33,4,7,7,13,10,11,7,11,6,6,6,13,12,10,8
45,41,43,8,43,42,41,41,41,41,41,42,41,38,40,39,40,40,35,36,36,31,34,35,35,36,35,31,37,37,37,38,36,36,36,39,34,35,35,38,34,38,34,35,37,42,32,35,35,35,35,37,40,41,41,41,31,43,44,42,44,38,40,40,35,35,35,40,33,40,38,38,41,36,37,42,26,26,39,39,39,39,36,41,34,38,34,38,37,24,36,36,27,30,39,42,39,42,45,40,37,52,47,61,63,64,64,74,78,74,73,69,72,73,73,71,69,68,68,67,63,63,57,54,53,57,55,53,55,57,56,55,50,41,46,42,41,42,43,43,44,40,41,35,40,37,48,47,28,41,37,35,35,33,33,37,37,39,36,34,33,33,36,36,37,38,39,36,34,34,35,31,33,37,37,36,37,32,37,32,22,37,25,25,33,32,32,32,32,40,53,43,45,39,39,37,37,37,38,39,46,46,54,48,53,0,51,51,51,53,53,53,54,53,54,53,53,53,55,55,8,58,57,51,51,53,53,49,53,58,59,51,47,47,54,54,51,56,55,55,54,54,55,54,52,53,53,54,54,55,54,54,55,55,54,53,53,53,54,53,53,55,55,55,46,53,54,54,54,55,54,54,60,54,53,52,59,53,53,53,54,53,53,56,53,52,52,52,51,53,54,53,53,53,52,52,52,50,52,44,53,53,52,53,56,53,50,57,45,56,56,52,52,54,54,52,53,52,52,55,54,53,54,51,55,51,52,48,53,50,50,57,52,54,56,49,52,54,53,49,51,49,54,51,52,52,53,57,50,50,51
8,3,10,40,4,7,7,7,6,6,7,9,9,9,9,9,9,8,4,14,10,10,3,4,4,6,4,16,12,12,12,12,8,7,8,14,5,9,9,8,9,7,9,7,7,17,11,8,8,10,10,7,16,11,12,11,10,9,9,6,6,13,10,14,10,6,6,11,8,11,9,8,17,9,8,17,13,13,14,14,14,13,7,13,6,8,6,9,9,23,5,6,23,13,14,15,9,9,6,4,12,14,4,9,9,9,9,11,12,10,11,3,7,12,14,12,12,12,13,12,12,12,3,2,4,10,10,12,10,10,11,9,7,7,10,9,9,8,9,8,9,6,7,16,7,13,10,11,38,9,4,7,7,5,5,9,9,11,9,15,5,5,5,5,7,6,8,8,4,4,4,11,3,10,10,7,7,2,8,12,25,7,24,23,4,4,3,3,3,14,17,7,9,9,9,9,10,9,10,8,9,9,18,7,13,51,0,1,1,6,10,10,11,7,8,13,13,13,6,6,44,14,9,3,3,11,11,8,11,13,13,9,12,12,6,10,3,12,11,11,10,10,11,7,10,10,11,12,12,8,7,7,9,9,9,10,11,11,12,11,11,8,11,10,15,12,13,13,13,12,11,11,17,11,11,10,17,10,10,10,11,11,11,13,11,8,10,10,9,10,10,9,9,9,9,9,9,7,8,13,10,10,10,11,9,11,6,12,31,12,13,7,7,11,8,11,11,5,5,7,10,10,10,5,8,3,4,8,11,11,11,14,13,8,10,24,10,9,12,10,3,2,10,6,10,9,10,13,1,3,12
8,3,10,39,4,7,7,7,6,6,7,9,9,9,9,9,9,8,4,14,10,10,2,4,4,6,4,16,12,12,12,12,8,7,8,14,5,9,9,8,9,7,9,7,7,17,11,8,8,10,10,7,16,11,12,11,10,9,9,6,6,13,10,14,10,6,6,11,8,11,9,8,17,9,8,17,13,13,14,14,14,13,7,12,6,8,6,9,9,23,5,6,23,13,14,15,9,9,6,4,12,14,4,9,9,9,9,11,12,10,11,3,7,12,14,12,12,12,13,12,12,12,3,2,4,10,10,12,10,10,11,9,7,7,10,9,9,8,9,8,9,6,7,16,7,13,10,11,38,9,4,7,7,5,4,9,9,11,9,15,5,5,5,5,7,6,8,8,4,4,4,11,3,10,10,7,7,2,8,12,25,7,24,24,4,4,3,3,3,14,17,7,9,9,9,9,10,9,10,8,9,9,18,7,13,51,1,0,1,6,11,10,10,7,8,13,13,13,6,6,43,14,9,3,3,10,10,8,11,13,13,9,12,12,6,10,3,12,11,11,10,10,11,8,10,10,10,11,12,9,7,7,9,9,9,10,11,11,11,10,10,8,11,10,15,12,13,13,13,12,11,10,16,10,10,9,17,9,10,10,11,11,11,13,11,8,9,10,9,9,10,9,9,9,9,9,8,7,8,13,10,10,10,11,9,11,6,13,31,13,13,7,7,10,8,10,11,5,5,7,10,10,10,5,8,3,4,8,11,11,11,14,13,8,11,23,10,10,12,10,3,2,10,6,10,9,10,13,1,3,12
8,3,10,39,4,7,7,7,6,6,7,9,9,9,9,9,9,8,4,14,10,10,2,4,4,6,4,15,12,12,12,12,8,7,8,14,5,9,9,8,9,7,9,7,7,17,11,8,8,10,10,7,16,11,12,11,10,9,9,6,6,13,10,14,10,6,6,11,8,11,9,8,17,9,8,17,13,13,14,14,14,13,7,12,6,8,6,9,9,23,5,6,23,13,14,15,9,9,6,4,12,14,4,9,9,9,9,11,12,10,11,3,7,12,14,12,12,12,13,12,12,12,3,2,4,10,10,12,10,10,11,9,7,7,10,9,9,8,9,8,9,6,7,16,7,13,10,11,37,9,4,7,7,5,5,9,9,11,9,15,5,5,5,5,7,6,8,8,4,4,4,11,3,10,10,7,7,2,8,12,25,7,24,24,4,4,3,3,3,14,17,7,9,9,9,9,10,9,10,8,9,9,18,7,13,51,1,1,0,6,10,10,10,7,8,13,13,13,6,6,42,13,9,3,3,10,10,8,11,13,13,9,12,12,6,9,2,12,11,11,9,9,11,7,9,9,10,11,11,8,7,7,9,9,8,9,10,10,10,10,10,8,11,11,15,12,13,13,13,11,10,10,16,10,10,8,17,9,9,9,10,10,10,12,10,8,9,10,8,9,9,9,9,9,8,8,8,7,8,13,10,10,10,11,9,11,6,12,28,12,12,7,7,10,8,10,11,5,5,7,9,9,9,5,8,3,4,8,11,10,10,14,12,8,10,22,9,10,12,10,2,2,10,6,10,9,10,12,1,2,11
4,5,12,41,4,4,4,4,4,4,7,7,8,7,8,7,8,7,2,15,11,11,4,2,2,3,3,17,15,14,14,14,8,6,6,15,3,10,10,7,9,5,9,6,5,19,12,8,7,11,11,8,17,11,11,12,12,9,8,7,4,14,11,16,11,7,7,11,9,11,9,9,18,9,9,19,15,15,16,15,16,13,8,13,7,9,7,10,10,24,4,5,24,14,15,17,6,10,5,2,13,15,2,10,10,10,9,11,12,11,11,3,5,14,13,13,10,11,12,10,10,10,6,4,1,9,7,12,7,8,8,7,4,5,8,10,11,6,10,6,8,7,8,18,4,15,8,12,40,10,4,4,5,3,4,10,10,12,11,16,4,6,4,3,4,4,6,9,4,4,4,12,5,10,9,5,6,4,9,14,28,6,25,25,3,3,3,3,3,15,18,7,10,10,10,9,10,9,10,9,11,11,19,5,9,53,6,6,6,0,9,9,9,3,3,12,12,12,4,4,42,15,7,4,4,10,10,10,13,14,15,8,12,12,3,5,4,14,13,13,6,5,12,7,5,6,10,9,9,11,3,3,5,5,11,9,10,10,9,10,10,5,14,13,16,14,15,15,15,10,10,10,18,10,10,7,19,9,9,9,10,12,13,12,13,4,6,6,7,5,6,5,5,5,4,4,4,3,4,13,12,12,12,12,9,12,3,14,29,14,14,3,2,6,4,10,11,2,2,3,6,5,11,2,6,5,3,10,10,9,9,16,12,10,8,23,8,5,11,9,4,5,11,3,9,8,9,15,4,4,11
9,6,9,40,8,8,8,7,5,5,2,7,8,5,7,5,8,7,7,20,4,11,7,7,7,7,7,16,18,17,17,17,2,4,4,12,6,3,3,7,3,5,3,5,5,15,12,2,3,5,5,6,14,5,5,5,12,10,9,8,8,14,9,12,4,2,2,9,9,10,7,7,15,6,7,15,14,14,12,12,12,10,12,12,2,7,2,8,7,25,7,8,24,14,12,13,4,7,10,7,14,12,7,15,8,7,7,9,10,10,7,7,10,19,20,18,10,10,9,10,10,10,9,8,8,7,6,4,8,9,9,8,8,8,9,7,8,8,11,7,9,12,12,19,7,16,5,3,41,14,10,5,5,5,5,5,5,9,14,20,4,2,7,8,4,5,7,5,8,8,8,12,8,6,3,7,6,7,12,14,27,6,25,25,7,7,7,7,7,15,19,1,9,5,6,6,6,6,6,5,7,7,25,7,5,53,10,11,10,9,0,1,5,8,7,8,8,8,11,11,40,11,9,9,9,5,5,14,15,10,11,5,12,12,11,6,9,9,8,8,6,6,8,11,5,5,4,6,6,13,10,10,6,6,6,3,6,6,6,5,5,12,16,15,16,18,18,18,18,7,6,5,18,5,5,4,19,3,3,3,4,6,6,8,6,6,4,5,4,5,6,5,5,5,5,5,6,7,7,13,6,6,6,7,10,7,7,10,27,10,11,8,8,5,8,3,4,9,9,10,5,5,7,9,9,9,10,13,7,3,3,10,8,8,9,23,5,6,3,9,9,8,8,9,3,3,3,13,8,9,3
9,6,9,40,9,8,8,7,5,5,3,7,8,5,8,5,8,7,7,20,4,11,7,7,7,8,7,17,18,17,17,17,2,4,4,13,6,3,3,7,3,5,4,5,5,15,12,2,3,5,5,6,14,5,5,5,12,10,9,8,8,14,9,12,4,2,2,9,9,10,7,7,15,6,7,15,15,15,12,12,12,10,12,12,2,7,2,8,7,25,7,8,25,14,12,14,4,7,10,7,14,12,7,16,8,7,7,9,10,10,7,7,10,20,20,18,10,11,9,10,10,10,10,8,8,7,6,4,8,9,9,8,8,8,9,7,9,8,12,7,9,12,12,19,7,16,5,4,40,14,10,5,5,6,5,5,5,9,14,20,4,2,7,8,5,5,7,6,8,8,8,12,8,6,3,7,6,7,12,14,28,6,25,25,7,7,7,7,7,16,19,1,9,6,6,6,6,6,6,5,7,8,25,7,5,53,10,10,10,9,1,0,5,8,7,8,8,8,10,10,38,11,9,8,8,5,5,13,15,10,11,4,11,11,11,6,8,9,8,8,6,6,8,11,4,5,4,6,6,13,9,9,5,6,6,3,5,5,6,5,5,11,16,15,16,17,18,18,18,6,5,5,18,5,5,4,19,3,3,3,4,6,6,8,6,6,4,4,3,5,6,5,5,5,5,5,5,6,6,13,6,6,6,7,10,7,7,10,27,10,11,8,8,5,7,3,4,9,9,10,5,5,7,9,9,9,9,13,7,3,3,10,8,8,9,22,5,6,3,9,8,8,8,8,3,2,3,13,8,8,3
9,6,8,41,9,7,7,7,4,4,3,6,6,3,6,3,6,6,7,17,4,11,8,6,7,7,7,17,17,17,17,16,4,4,4,12,5,4,4,5,4,4,4,5,4,15,12,2,3,5,5,5,14,4,5,5,12,8,7,7,7,14,8,12,5,4,4,8,8,8,6,6,16,5,6,16,15,15,13,13,13,9,10,11,4,6,4,7,6,24,6,6,24,14,13,14,2,6,8,6,13,13,8,14,6,6,6,7,8,9,6,9,9,16,15,16,9,8,7,8,8,9,12,10,9,6,5,5,7,7,8,7,6,7,8,6,6,7,10,6,8,11,11,20,6,16,4,3,43,13,10,5,5,5,4,3,3,8,13,19,4,3,5,7,3,3,6,4,8,8,8,12,9,4,2,5,5,8,11,14,27,5,24,24,6,6,6,6,7,14,18,3,7,5,6,5,6,5,6,5,7,7,22,6,4,54,11,10,10,9,5,5,0,8,7,9,9,9,11,11,39,10,7,9,9,3,3,14,17,10,10,5,12,12,10,6,9,11,10,10,6,6,9,11,5,5,1,6,6,15,10,10,5,6,8,4,3,3,5,3,3,9,18,17,17,18,19,19,19,6,3,3,19,3,3,4,20,1,1,1,3,6,7,6,6,6,4,4,4,5,6,5,5,5,5,5,5,7,6,14,7,7,7,5,8,5,8,10,28,10,9,8,7,5,7,2,3,9,9,10,5,5,8,9,8,9,9,13,5,4,4,9,8,8,6,22,4,6,4,10,9,9,8,9,4,3,4,12,8,9,4
3,4,11,39,6,3,3,3,3,3,6,7,7,7,7,7,7,7,3,16,10,10,5,1,2,2,2,15,15,15,15,14,7,4,4,14,1,8,8,6,9,4,10,4,5,17,11,7,6,10,10,8,16,10,10,10,11,9,8,8,4,13,12,14,10,6,6,11,8,12,10,10,17,10,8,18,13,14,15,14,15,14,8,14,6,10,6,10,9,23,4,4,23,13,14,16,6,10,4,1,12,14,3,10,10,9,9,12,12,11,11,3,5,13,13,13,10,12,12,10,9,10,7,5,2,8,7,11,7,8,8,7,4,4,8,12,11,6,11,6,7,8,8,18,2,14,8,10,41,11,5,4,3,2,2,8,8,12,11,17,2,5,4,3,4,4,6,9,5,5,4,11,6,10,7,5,5,5,9,13,26,6,24,23,2,2,4,4,4,15,19,6,11,8,9,8,9,8,9,8,10,10,21,3,9,53,7,7,7,3,8,8,8,0,1,11,11,11,4,4,35,12,6,5,5,6,6,11,13,13,12,6,10,10,4,3,6,13,12,12,3,3,9,6,2,2,6,5,5,11,3,3,2,2,12,6,6,6,4,6,6,5,13,13,15,15,16,16,16,5,7,6,18,6,6,4,19,5,6,6,6,10,10,9,10,1,3,3,4,2,3,2,2,2,2,2,1,2,2,12,10,10,10,9,9,9,3,12,25,12,12,1,1,3,1,7,7,3,3,4,3,3,12,4,6,5,4,11,6,7,7,12,11,10,8,20,5,2,8,8,5,6,12,5,6,5,6,15,6,5,8
3,5,11,40,6,2,2,2,2,2,5,8,8,8,8,8,8,8,3,17,8,11,5,2,2,3,3,16,16,15,15,15,6,4,4,15,2,8,8,7,8,5,8,4,6,17,12,6,5,9,9,9,16,9,9,9,11,9,9,8,5,14,13,14,9,6,5,12,9,13,10,10,18,10,9,18,14,14,15,15,15,13,9,15,5,10,6,11,10,23,4,5,24,13,15,16,5,10,5,1,13,14,4,11,10,10,10,12,13,12,11,4,6,14,14,14,11,12,13,10,10,11,7,5,2,9,8,11,8,9,9,8,5,5,9,12,12,6,11,6,8,8,8,19,3,14,9,9,42,12,5,3,3,1,2,8,8,12,12,17,2,5,4,4,5,4,7,8,5,5,5,11,6,9,7,6,6,6,10,14,27,6,24,24,3,3,5,5,5,16,20,6,12,7,8,8,8,8,8,7,9,10,22,2,8,54,8,8,8,3,7,7,7,1,0,11,11,11,5,5,34,12,7,6,6,6,6,11,14,12,12,5,9,9,5,2,6,12,11,11,3,2,9,7,3,4,6,5,6,12,4,4,3,3,11,5,6,6,5,5,5,6,15,14,14,15,15,15,15,6,6,6,19,5,5,3,20,5,5,5,6,9,9,8,9,1,3,2,3,2,2,2,2,2,1,1,1,1,1,11,9,9,9,8,10,8,3,12,24,12,11,2,2,3,3,6,6,4,4,4,2,2,11,5,6,6,5,11,5,6,6,12,10,11,8,19,4,3,7,7,6,6,11,6,5,5,5,14,5,6,8
14,9,1,41,12,13,13,12,9,10,7,12,12,10,12,10,12,11,10,21,8,11,10,11,11,12,11,17,20,20,19,19,8,9,9,12,10,7,7,11,7,9,7,10,10,9,10,8,7,8,8,9,13,11,11,12,13,15,16,15,15,15,13,6,7,7,7,13,7,13,11,10,15,9,10,15,15,15,12,12,12,12,15,14,7,10,7,11,10,25,13,13,25,15,12,13,9,10,14,11,14,12,10,18,12,11,11,13,13,13,13,11,17,26,25,23,17,17,14,18,17,17,15,14,14,14,13,11,15,15,14,14,13,15,16,13,11,14,15,13,16,15,15,19,12,15,11,9,41,17,13,10,10,10,9,10,10,13,17,23,9,6,13,12,10,11,12,9,11,11,11,10,11,10,10,12,12,10,15,11,27,11,25,25,9,9,9,9,9,18,22,7,12,6,7,6,6,6,7,7,6,6,25,11,12,53,13,13,13,12,8,8,9,11,11,0,8,8,15,15,37,15,14,12,12,10,10,18,19,14,15,10,13,13,15,11,12,13,12,12,11,11,12,15,10,10,11,11,11,17,14,14,11,11,11,10,10,10,11,10,10,15,20,19,17,22,23,23,23,11,11,10,21,10,10,9,22,10,10,10,11,11,11,13,11,11,9,10,9,10,11,10,10,10,11,11,11,12,12,14,10,10,10,11,14,11,11,14,27,14,14,13,12,11,13,10,11,14,14,15,10,10,12,13,13,13,13,18,11,8,8,14,2,12,13,23,10,11,11,7,12,13,12,13,10,9,10,15,12,12,9
14,9,1,41,12,13,13,12,9,10,7,12,12,10,12,10,12,11,10,21,8,11,10,11,11,12,11,17,20,20,19,19,8,9,9,12,10,7,7,11,7,9,7,10,10,9,10,8,7,8,8,9,13,11,11,12,13,15,16,15,15,15,13,6,8,7,7,13,7,13,11,10,15,9,10,15,15,15,12,12,12,12,15,14,7,10,7,11,10,25,13,13,25,15,12,13,9,10,14,11,14,12,10,18,12,11,11,13,13,13,13,11,17,24,24,23,17,17,14,18,17,17,15,14,14,14,13,11,15,15,14,14,13,15,16,13,11,14,15,13,16,15,15,19,12,15,11,9,40,17,13,10,10,10,9,10,10,13,17,23,9,6,13,12,10,11,12,9,11,11,11,10,11,10,10,12,12,10,15,11,27,11,25,25,9,9,9,9,9,18,22,7,12,6,7,6,6,6,7,7,6,6,25,11,12,53,13,13,13,12,8,8,9,11,11,8,0,9,15,15,36,15,13,12,12,10,10,18,19,14,14,10,13,13,15,11,12,13,12,12,11,11,12,16,10,10,11,11,11,17,14,14,11,11,11,10,10,10,11,10,10,15,20,19,17,22,23,23,23,11,10,10,21,10,10,9,21,10,10,10,11,11,11,13,11,11,9,10,9,10,11,10,10,10,10,10,11,12,12,14,10,10,10,11,14,11,11,14,27,14,14,13,12,10,12,10,11,14,14,14,10,10,11,13,13,12,13,18,11,8,8,14,2,12,13,23,10,11,11,7,12,13,12,13,10,9,10,15,12,12,9
14,9,1,41,12,13,13,12,9,10,7,12,12,10,12,10,12,11,10,21,8,11,10,11,11,12,11,17,20,20,19,19,8,9,9,12,10,7,7,11,7,9,7,10,10,9,10,8,7,8,8,9,13,11,11,12,13,15,16,15,15,15,13,6,8,7,7,12,7,13,11,10,15,9,10,15,15,15,12,12,12,12,15,14,7,10,7,11,10,25,13,13,25,15,12,13,9,10,14,11,14,12,10,18,12,11,11,13,13,13,13,11,19,24,24,23,17,17,14,18,17,17,15,14,14,14,13,11,15,15,14,14,13,15,16,13,11,14,15,13,16,15,15,19,12,15,11,9,41,17,13,10,10,10,9,10,10,13,17,23,9,6,13,12,10,11,12,9,11,11,11,10,11,10,10,12,12,10,15,11,27,11,25,25,9,9,9,9,9,18,22,7,12,6,7,6,6,6,7,7,6,6,25,11,12,53,13,13,13,12,8,8,9,11,11,8,9,0,15,15,36,15,13,12,12,10,10,18,19,14,14,10,13,13,15,11,12,13,12,12,11,11,12,15,10,10,10,11,11,17,14,14,11,11,11,10,10,10,11,10,10,14,20,19,17,22,23,23,23,11,10,10,21,10,10,9,21,10,10,10,10,11,11,13,11,11,9,10,9,10,11,10,10,10,10,10,11,12,12,14,10,10,10,11,14,11,11,14,27,14,14,13,12,10,12,10,11,14,14,14,10,10,11,13,12,12,13,18,11,8,8,14,2,12,13,23,10,11,11,7,12,13,12,13,10,9,10,15,11,12,9
3,7,14,42,4,6,6,5,6,6,8,6,7,6,6,7,7,7,5,16,11,12,4,1,1,2,2,17,15,15,15,15,9,7,6,17,4,10,10,6,9,4,9,6,5,20,13,8,7,12,12,7,18,12,12,11,13,8,7,7,3,15,11,17,11,8,8,11,11,12,9,9,19,9,8,19,16,16,17,17,17,13,8,13,8,9,8,10,9,25,3,4,25,15,16,18,5,9,4,3,14,16,5,10,9,9,9,11,11,10,10,6,4,12,12,13,9,11,11,9,8,9,7,7,3,7,6,13,6,7,7,6,3,3,7,11,10,5,10,5,6,7,7,21,5,16,7,12,45,10,4,5,5,4,4,9,9,11,11,16,5,7,3,3,4,3,6,8,4,4,3,13,5,9,8,4,5,5,9,15,28,5,25,25,4,4,5,5,5,15,18,9,10,11,11,11,11,11,11,10,12,12,20,7,8,55,6,6,6,4,11,10,11,4,5,15,15,15,0,2,36,13,5,4,4,8,8,12,12,12,13,8,12,12,3,5,5,12,11,11,5,5,10,6,5,5,8,8,8,10,3,3,5,5,10,8,8,8,8,8,8,4,13,12,16,16,16,16,16,9,9,8,17,8,8,6,18,8,8,8,9,11,11,10,11,4,5,5,6,5,5,5,5,5,4,4,4,4,4,13,10,10,10,10,8,10,5,12,26,12,13,3,3,5,4,9,9,3,3,1,5,5,10,4,5,4,3,12,8,8,9,14,13,9,7,22,7,5,10,10,4,7,10,5,8,7,8,15,6,4,10
3,8,14,42,4,6,6,5,6,5,8,6,7,6,6,7,7,6,5,16,11,12,4,1,1,2,2,17,15,15,15,15,9,7,6,17,4,10,10,6,9,4,9,6,5,20,13,8,7,12,12,7,18,12,12,11,13,8,7,7,3,15,11,17,11,8,8,11,10,12,9,9,19,9,8,19,16,16,17,16,17,13,8,13,8,9,8,10,9,25,3,4,25,15,16,18,5,9,4,2,14,16,5,10,9,9,9,11,11,10,10,5,4,12,12,13,9,11,11,9,8,9,7,6,3,7,6,13,6,7,7,6,3,3,7,11,10,5,10,5,6,7,7,20,5,16,7,12,44,10,4,5,5,4,4,8,9,11,10,16,5,7,3,2,3,3,5,8,4,4,3,13,5,9,8,4,5,5,9,15,28,5,25,25,3,3,5,5,5,15,18,9,10,11,11,10,11,11,11,11,12,12,20,7,8,55,6,6,6,4,11,10,11,4,5,15,15,15,2,0,36,13,4,4,4,8,8,10,12,12,12,7,11,11,3,5,5,11,11,11,5,5,9,5,4,4,8,8,8,10,2,2,4,4,9,7,8,8,7,7,7,3,12,11,16,15,15,15,15,9,8,8,16,8,7,5,17,7,7,7,8,10,10,9,10,3,5,4,5,4,4,4,4,4,4,4,3,2,3,13,10,10,10,9,7,9,4,12,26,12,12,2,2,5,3,8,8,2,2,3,4,4,9,3,4,4,3,10,7,7,7,13,11,8,6,21,6,4,9,9,3,5,10,4,7,7,7,15,4,3,9
43,39,41,9,41,41,39,40,39,40,39,40,40,37,39,37,39,39,33,34,35,30,33,34,34,35,34,30,37,37,36,37,35,35,35,38,33,34,34,38,33,37,33,35,36,41,31,34,34,34,35,36,39,40,39,39,30,41,42,41,42,36,39,39,34,34,34,39,32,40,37,38,41,35,36,41,25,25,39,38,38,38,36,41,33,37,33,37,37,23,35,35,26,29,39,42,37,41,44,40,36,51,45,59,63,64,64,73,78,73,71,65,68,72,70,71,68,66,66,67,63,62,56,53,52,56,54,52,54,55,53,54,49,40,44,40,40,41,42,42,43,38,39,34,39,35,47,45,26,39,36,34,34,32,32,36,36,38,36,34,33,32,35,35,37,37,38,36,33,33,34,30,32,36,35,35,36,31,36,32,21,36,24,24,32,32,31,31,31,39,52,42,44,38,38,36,36,36,37,44,43,44,53,46,52,8,44,43,42,42,40,38,39,35,34,37,36,36,36,36,0,44,43,39,39,40,40,37,41,44,44,39,35,35,40,40,39,42,41,41,40,40,42,42,39,40,40,41,41,42,40,40,41,41,40,40,40,40,40,40,39,41,42,43,34,41,41,41,41,41,40,40,46,40,39,39,45,39,40,39,40,41,41,42,40,39,39,39,38,40,40,40,40,40,39,39,39,37,39,33,40,40,40,41,43,41,37,43,30,43,44,38,38,40,39,41,41,39,39,40,40,40,41,38,41,39,39,36,40,38,38,44,39,42,42,36,39,40,41,37,39,37,42,39,40,39,40,45,38,39,39
15,13,14,46,12,14,14,14,11,11,9,8,8,7,8,7,7,7,12,18,8,16,10,11,11,12,10,22,20,19,19,19,9,11,11,8,13,7,7,7,7,9,7,11,8,17,17,9,10,10,9,5,13,10,10,10,20,8,8,7,11,22,4,15,10,11,11,3,14,2,3,4,14,5,5,14,19,19,10,10,10,2,10,5,10,4,10,3,4,30,9,9,29,19,9,11,10,6,10,12,19,8,12,12,5,5,5,4,4,8,5,11,10,14,14,14,9,5,5,10,9,9,14,13,16,11,10,9,10,8,8,8,12,12,8,6,6,14,8,12,12,11,12,24,13,19,8,8,46,14,12,11,12,12,11,7,7,1,13,19,10,10,9,10,9,9,7,6,12,12,12,17,12,7,8,8,8,11,12,19,32,10,30,29,12,12,11,11,11,13,15,11,5,12,13,12,13,12,13,13,13,13,16,13,10,58,14,14,13,15,11,11,10,12,12,15,15,15,13,13,44,0,10,10,10,6,6,16,15,3,3,10,16,16,13,11,11,7,7,7,11,11,7,11,10,10,9,9,9,13,14,14,11,11,5,10,9,8,10,8,8,12,16,15,20,19,20,20,20,9,8,9,14,9,8,9,15,8,8,8,8,6,6,8,6,11,9,10,9,10,11,10,10,10,11,11,11,12,12,17,6,6,6,7,9,7,14,3,30,3,2,13,13,11,13,8,8,12,12,14,10,10,5,12,12,10,11,15,11,9,9,3,13,8,10,26,10,11,10,14,10,13,4,13,10,9,10,5,12,10,8
6,9,12,44,6,8,8,8,8,8,6,3,3,3,3,3,3,2,6,14,7,14,6,3,4,3,3,20,16,16,16,15,6,7,5,15,5,7,7,2,7,3,7,6,1,17,15,5,5,8,8,4,16,8,8,8,16,4,3,3,1,18,8,15,8,6,7,7,11,8,6,5,18,6,5,18,18,18,15,15,15,10,8,10,7,6,7,7,6,27,1,2,27,17,15,16,4,6,3,5,17,15,6,9,6,6,6,7,7,5,7,7,3,10,9,10,4,7,7,4,4,4,9,9,6,1,3,8,3,3,4,2,2,2,4,6,6,3,6,4,3,5,4,24,7,18,3,8,46,10,6,6,6,6,6,6,6,8,10,16,6,5,1,2,3,2,3,5,6,6,5,15,7,7,6,1,2,7,8,17,30,2,27,27,5,5,7,7,7,12,14,8,7,9,9,9,10,9,10,10,11,11,15,10,5,57,9,9,9,7,9,9,7,6,7,14,13,13,5,4,43,10,0,4,4,6,6,11,11,9,9,7,14,14,4,7,5,8,7,7,7,7,5,4,7,8,7,4,4,9,5,5,7,7,5,7,5,5,5,5,5,3,12,11,18,15,15,15,15,5,4,4,13,4,4,7,13,6,6,6,6,6,6,5,6,6,7,7,6,7,7,6,6,6,6,6,6,5,6,15,7,7,6,5,3,5,8,8,27,8,9,5,5,7,6,6,6,5,5,5,7,7,6,5,5,4,4,11,6,8,8,10,12,4,3,23,7,6,8,12,4,7,6,6,8,7,8,11,6,4,8
5,4,11,40,2,7,7,6,7,6,7,7,7,7,7,7,7,6,3,12,8,10,1,2,2,4,2,15,13,13,12,12,7,6,7,14,4,7,7,6,7,5,7,7,5,17,11,7,7,9,9,5,15,9,9,9,11,6,7,4,3,13,8,14,9,6,6,9,8,9,6,6,16,6,6,17,13,13,14,14,14,10,5,11,6,6,6,7,7,23,4,4,23,13,14,16,6,7,4,4,12,15,4,7,7,7,7,8,9,7,8,1,5,10,10,9,9,9,10,9,9,10,9,3,4,7,8,9,8,7,8,7,5,5,8,6,6,6,6,6,7,3,4,18,6,14,8,8,41,7,2,6,7,5,4,7,7,9,8,13,5,4,3,3,4,4,7,6,2,2,2,11,2,8,9,5,5,7,6,12,26,5,23,23,3,3,2,2,3,12,15,7,7,9,10,9,10,10,10,10,10,11,16,8,10,51,3,3,3,4,9,8,9,5,6,12,12,12,4,4,39,10,4,0,8,8,8,8,10,10,11,7,10,10,5,7,2,10,9,9,7,7,9,6,7,8,8,9,9,8,6,6,7,8,7,8,8,8,9,8,8,6,11,10,14,11,12,12,12,9,8,8,15,8,8,7,16,8,8,8,8,9,9,11,9,5,7,7,7,6,7,6,6,6,6,6,6,5,5,12,8,8,8,10,9,9,4,10,23,10,11,5,5,7,6,8,9,5,5,6,7,7,8,4,7,1,4,8,8,7,7,12,10,8,9,20,7,7,10,8,8,3,8,4,8,7,8,13,2,2,9
5,4,11,40,2,7,7,6,7,6,7,7,7,7,7,7,7,6,3,12,8,10,1,2,2,4,2,15,13,13,12,12,7,6,7,14,4,7,7,6,7,5,7,7,5,17,10,7,7,9,9,5,15,9,9,9,11,6,7,4,3,13,8,14,9,6,6,9,8,9,6,6,16,6,6,17,13,13,14,14,14,10,5,11,6,6,6,7,7,23,4,4,23,13,14,16,6,7,4,4,12,15,4,7,7,7,7,8,9,7,9,1,5,10,10,9,9,9,10,9,9,10,9,3,4,7,8,9,8,7,8,7,5,5,8,6,6,6,6,6,7,3,4,18,6,14,8,8,40,7,2,6,7,5,4,7,7,9,8,13,5,4,3,3,4,4,7,6,2,2,2,11,2,8,9,5,5,7,6,12,26,5,23,23,3,3,2,2,3,12,15,7,7,9,10,9,10,10,10,10,10,11,16,8,10,51,3,3,3,4,9,8,9,5,6,12,12,12,4,4,39,10,4,8,0,8,8,8,10,10,11,7,10,10,5,7,2,10,9,9,7,7,9,6,7,8,8,9,9,8,6,6,7,7,7,8,8,8,9,8,8,6,11,10,14,11,12,12,12,9,8,8,15,8,8,7,15,8,8,8,8,9,9,11,9,5,7,7,7,6,7,6,6,6,6,6,6,5,5,12,8,8,8,9,9,9,4,10,23,10,11,5,5,7,6,8,9,5,5,6,7,7,8,4,7,1,4,8,8,7,7,12,10,8,9,20,7,7,10,8,8,3,8,4,8,7,8,13,2,2,9
9,7,9,41,9,8,8,7,5,5,3,6,6,4,6,4,6,5,7,16,4,11,8,7,7,7,7,17,17,17,17,17,5,5,5,11,6,3,3,6,2,4,2,5,5,13,13,3,3,5,5,4,12,5,5,5,14,9,8,8,8,16,7,10,5,4,4,6,9,7,5,4,13,3,5,13,15,15,11,11,11,7,9,10,4,5,4,5,5,25,7,7,25,15,11,12,3,5,8,6,15,11,8,13,6,5,5,7,7,7,4,9,9,16,16,13,9,6,6,9,9,9,12,10,9,6,6,3,7,8,8,7,7,7,9,5,5,7,9,6,8,11,11,20,7,16,4,3,45,11,9,5,5,6,5,4,4,7,11,17,4,3,6,7,4,4,6,3,9,9,9,12,9,5,2,6,5,8,10,14,28,5,25,25,7,7,7,7,7,13,16,4,6,6,6,6,6,6,7,6,8,8,22,6,4,53,11,10,10,10,5,5,3,6,6,10,10,10,8,8,40,6,6,8,8,0,1,12,13,7,7,4,11,12,9,5,8,6,5,5,5,5,5,9,4,4,3,5,5,11,8,8,5,5,4,4,3,3,5,2,2,7,14,13,16,16,16,16,16,5,3,2,14,2,2,3,15,2,2,2,2,4,4,5,4,5,3,4,3,4,5,4,4,4,5,5,5,6,6,13,4,4,4,5,6,5,7,6,26,6,6,7,7,5,7,2,2,8,8,9,4,4,5,9,7,8,9,12,4,4,4,6,9,6,5,22,3,5,4,10,8,7,5,9,4,3,4,9,8,8,4
9,7,9,41,10,8,8,7,5,5,3,6,6,4,6,4,6,5,7,16,4,11,8,7,7,8,7,17,18,17,17,17,4,5,5,11,6,3,3,6,2,4,2,5,5,13,13,3,3,5,5,4,12,5,5,5,14,9,8,8,8,16,7,10,4,4,4,6,9,6,4,4,13,3,4,13,15,15,11,11,11,7,9,9,4,4,5,5,5,25,7,7,25,15,10,12,3,5,8,6,15,11,8,13,6,5,5,7,7,7,4,9,9,16,16,13,9,6,6,9,9,9,12,10,9,6,6,3,8,8,8,8,7,7,9,5,5,7,9,6,8,11,11,20,7,16,4,2,45,11,9,5,5,6,5,4,4,7,11,17,4,3,6,7,4,4,6,3,9,9,9,12,9,5,2,6,5,8,10,14,28,5,25,25,7,7,7,7,7,13,16,4,6,6,6,6,6,6,7,7,8,8,22,7,5,53,11,10,10,10,5,5,3,6,6,10,10,10,8,8,40,6,6,8,8,1,0,12,12,7,7,4,12,12,9,5,8,6,5,5,5,5,5,9,4,4,3,5,5,11,8,8,5,5,4,4,3,3,5,2,2,7,13,13,16,16,16,16,16,5,3,2,14,2,2,3,14,2,3,2,2,4,4,5,4,5,3,4,3,4,5,4,4,4,5,5,5,6,6,13,4,4,4,5,6,4,7,6,26,6,6,7,7,5,7,2,2,8,8,9,4,4,5,9,7,8,9,12,5,4,4,6,9,6,5,22,4,5,4,10,7,8,5,9,4,3,4,9,8,7,4
13,9,18,37,10,13,13,13,12,12,11,14,14,14,14,13,13,13,10,17,13,10,8,10,9,11,9,13,6,5,5,5,13,12,13,19,11,13,12,13,12,12,12,13,12,23,11,13,11,15,15,11,21,15,15,15,11,13,13,9,11,11,14,19,15,12,12,15,15,15,12,12,22,12,12,22,13,13,20,19,20,16,10,17,12,12,12,12,12,20,10,10,22,12,19,21,13,12,9,10,13,20,10,11,13,13,13,14,15,12,14,11,12,10,11,11,17,16,16,17,17,17,10,8,10,14,15,15,15,15,15,15,12,12,14,12,11,13,12,14,15,9,10,16,13,11,16,14,35,9,10,13,13,11,10,13,13,15,6,18,10,10,10,9,12,12,13,12,10,10,10,11,9,13,14,12,11,7,10,12,24,12,20,20,9,9,8,8,8,16,18,13,13,15,16,15,16,15,16,15,15,15,18,14,17,49,8,8,8,10,14,13,14,11,11,18,18,18,12,10,37,16,11,8,8,12,12,0,12,14,14,12,11,11,11,12,8,13,12,12,12,12,12,9,12,12,13,13,13,9,11,11,12,13,11,12,12,12,13,12,12,10,7,7,13,4,5,5,5,13,12,12,18,12,12,11,17,12,12,12,13,12,12,15,12,10,11,12,11,11,12,11,11,11,11,11,11,10,11,11,12,12,12,13,13,13,9,14,22,14,14,10,10,12,11,13,13,10,10,11,12,12,11,9,12,8,9,1,13,12,13,15,15,11,13,19,12,12,15,13,8,6,12,9,12,12,12,17,7,8,14
14,13,20,41,11,15,15,15,15,15,15,13,13,12,13,13,13,12,11,11,13,14,9,10,10,11,9,20,17,17,17,17,14,14,15,20,12,12,12,11,11,12,11,15,11,23,16,15,15,14,14,10,22,15,14,14,15,12,12,9,11,17,11,20,14,14,14,12,16,13,12,11,23,12,11,23,18,18,20,20,20,15,6,12,14,11,14,12,12,24,10,10,26,16,20,21,13,12,9,11,17,20,12,6,12,12,12,14,14,13,15,10,11,7,7,7,16,15,16,16,16,17,11,11,12,14,14,15,15,15,16,15,12,12,14,11,11,13,12,13,15,9,10,20,15,15,14,14,42,7,10,14,15,13,12,12,12,14,8,12,12,12,10,9,12,12,13,11,10,11,10,16,10,13,14,10,10,10,7,19,29,11,24,24,11,11,10,10,10,10,12,16,12,17,18,17,18,17,18,19,20,21,11,17,17,53,11,11,11,13,15,15,17,13,14,19,19,19,12,12,41,15,11,10,10,13,12,12,0,16,16,17,18,18,15,18,12,15,14,14,18,18,14,12,16,16,17,17,17,11,15,15,16,16,13,18,18,18,18,17,17,12,13,13,19,18,18,18,18,17,16,17,14,17,17,18,12,17,17,17,17,15,15,17,15,16,18,17,17,17,18,17,17,17,16,16,16,15,16,18,14,14,14,15,16,15,14,16,28,16,16,15,14,18,15,16,16,13,13,15,17,17,14,13,14,11,12,14,19,17,17,16,21,14,16,25,18,16,18,19,11,15,14,14,18,18,19,15,13,11,16
14,12,13,45,10,15,15,15,12,12,10,7,7,6,7,7,6,6,11,17,8,15,9,11,10,11,10,21,19,19,18,18,8,10,10,10,12,6,6,6,6,8,6,10,8,17,17,9,10,9,9,4,15,9,9,9,19,6,6,6,10,20,3,15,9,10,10,2,13,2,3,3,16,5,5,16,19,19,12,12,12,4,10,5,9,3,9,2,3,29,8,8,29,19,11,13,9,6,9,11,18,10,12,11,5,5,4,2,2,7,5,10,9,13,13,13,8,5,5,8,8,8,13,12,15,10,11,8,10,8,7,7,11,11,7,5,5,12,6,10,10,9,10,27,13,22,7,8,55,13,11,11,11,13,11,6,6,3,12,18,11,10,8,9,8,8,6,5,11,11,11,17,11,6,8,8,8,10,11,18,31,9,29,29,12,12,10,10,11,12,14,10,4,11,11,11,11,11,12,12,13,13,14,14,10,58,13,13,13,14,10,10,10,13,12,14,14,14,12,12,44,3,9,10,10,7,7,14,16,0,2,11,17,17,13,12,11,8,7,7,12,12,7,11,11,11,10,9,9,13,14,14,12,12,6,11,10,9,12,9,9,12,16,15,21,19,20,20,20,9,8,9,13,9,9,10,14,9,10,9,9,7,7,9,7,12,10,11,10,11,12,11,11,11,11,12,12,13,13,18,7,7,7,8,8,8,13,1,31,3,2,13,13,12,13,9,10,12,12,14,11,11,5,12,11,10,11,15,12,10,10,2,14,8,10,27,11,12,11,15,10,13,4,13,11,10,11,6,12,10,9
14,13,14,45,11,14,14,14,11,11,10,7,8,7,7,7,7,7,12,18,8,16,9,11,10,11,10,22,19,19,19,19,9,11,10,10,13,7,7,6,6,9,6,10,8,17,17,9,10,9,9,4,14,10,10,10,20,7,7,7,10,21,3,15,9,10,10,3,13,2,3,3,16,5,5,16,19,19,12,12,12,4,10,6,9,4,9,2,3,29,8,8,29,19,11,13,9,6,9,12,19,9,12,12,4,5,5,3,3,8,5,10,10,14,14,14,8,5,5,9,9,9,13,13,16,11,10,8,10,8,8,8,11,12,8,6,6,13,7,11,11,11,11,28,14,23,7,8,48,14,12,11,11,12,11,6,6,3,13,18,10,10,9,9,8,8,7,5,11,11,11,17,11,6,8,8,7,10,11,19,32,9,29,29,12,12,11,11,11,12,14,11,5,11,12,11,12,12,13,12,13,13,15,14,10,59,13,13,13,15,11,11,10,12,12,15,14,14,13,12,44,3,9,11,11,7,7,14,16,2,0,10,16,16,11,12,10,7,6,6,12,12,6,10,11,11,10,7,7,12,13,13,12,12,5,10,9,8,11,8,8,10,15,14,20,18,19,19,19,7,7,7,12,7,7,10,13,9,9,9,9,6,6,8,6,12,10,11,10,11,12,11,11,11,11,11,11,13,12,17,5,6,5,7,7,7,12,1,30,3,3,12,12,11,13,8,8,11,11,13,11,11,4,11,10,9,10,14,11,9,9,2,12,7,9,26,10,12,10,14,9,12,3,12,11,10,11,5,11,9,8
9,5,9,40,8,8,7,7,4,5,3,8,8,5,8,5,8,8,7,19,6,11,7,6,7,7,7,16,18,17,17,17,5,5,4,13,6,6,6,7,6,5,6,5,6,16,12,4,3,7,7,7,14,7,7,7,11,10,10,9,9,14,11,13,7,4,4,10,8,11,8,8,16,7,8,16,14,14,14,13,14,11,12,13,4,8,5,9,8,24,8,8,24,14,13,15,4,8,10,6,13,13,7,14,8,8,9,9,10,11,9,7,12,20,20,20,11,11,10,11,11,12,9,8,7,9,8,8,10,10,10,9,8,9,11,8,9,9,12,8,10,11,12,19,6,15,6,6,38,14,9,5,5,6,5,5,5,11,13,19,4,2,7,8,5,5,8,6,7,7,7,11,7,7,4,8,7,7,12,14,27,6,24,24,6,6,6,6,6,16,20,4,9,5,6,5,6,6,6,6,7,7,24,6,7,51,9,9,9,8,5,4,5,6,5,10,10,10,8,7,39,10,7,7,7,4,4,12,17,11,10,0,9,9,6,4,6,10,8,8,4,4,7,9,3,3,4,4,4,12,6,6,4,4,7,3,4,4,4,4,3,7,14,14,13,14,14,14,14,4,4,4,17,4,3,3,18,3,3,3,4,7,7,6,7,4,3,3,2,3,4,3,3,3,4,4,4,4,5,10,7,7,7,6,7,6,5,10,23,10,9,5,4,4,6,4,4,6,6,7,3,3,8,6,6,6,7,10,4,2,2,10,7,8,6,19,3,4,4,7,6,6,8,6,4,3,4,14,5,6,4
12,8,12,36,11,11,11,11,11,10,11,15,15,13,15,13,15,14,10,21,11,1,10,10,11,11,10,11,16,16,16,16,11,12,12,15,10,11,11,14,10,14,10,12,14,18,4,11,11,11,12,13,17,14,14,14,7,16,17,14,13,8,16,16,11,11,11,16,9,17,14,13,18,12,14,18,9,9,15,15,15,15,13,17,10,13,10,14,14,19,13,13,20,9,15,17,12,14,14,10,8,15,10,18,16,14,14,17,18,20,17,10,16,22,21,21,21,21,20,21,20,22,12,11,12,18,18,15,17,18,17,17,13,14,19,15,14,16,17,16,18,14,15,13,12,10,14,13,34,17,12,11,12,10,9,13,14,16,16,22,10,9,12,11,13,12,15,12,11,11,11,3,11,13,13,13,14,10,14,3,22,14,20,20,9,9,9,9,9,20,23,10,15,10,11,10,10,10,11,12,10,10,23,12,16,47,12,12,12,12,12,11,12,10,9,13,13,13,12,11,35,16,14,10,10,11,12,11,18,17,16,9,0,1,12,13,11,15,14,14,13,13,14,15,12,12,12,13,13,16,12,12,13,13,13,12,12,12,12,12,12,13,16,17,9,14,14,14,14,13,12,12,21,12,12,11,20,12,12,12,12,13,13,15,13,11,11,11,11,12,12,12,12,12,11,11,11,9,11,6,13,13,13,13,16,13,9,16,20,16,16,11,10,13,11,13,13,12,12,12,12,12,14,11,14,11,12,10,12,10,10,16,10,14,14,15,11,12,14,6,11,10,14,11,12,11,12,17,10,11,11
13,9,12,36,11,11,11,11,11,11,11,16,15,13,15,13,15,14,10,21,11,1,10,10,11,11,11,11,16,16,16,16,12,12,12,15,10,11,11,14,10,14,10,12,14,18,4,11,11,11,12,13,17,14,14,14,7,16,17,14,14,8,16,16,11,11,11,16,9,17,14,13,18,13,14,18,9,9,15,15,15,15,14,17,10,14,10,14,14,20,13,13,20,9,15,17,12,14,14,10,8,15,10,18,16,15,14,17,18,20,17,11,16,22,22,21,21,21,20,22,20,22,12,11,12,18,18,15,17,19,17,17,13,14,19,15,14,16,17,16,18,14,15,13,12,10,15,13,34,18,12,11,12,10,9,13,14,16,16,22,10,9,12,12,13,13,15,12,11,11,11,3,11,13,13,14,14,10,15,3,22,14,20,20,9,9,9,9,9,20,23,10,15,10,11,10,11,10,11,12,10,11,23,12,16,47,12,12,12,12,12,11,12,10,9,13,13,13,12,11,35,16,14,10,10,12,12,11,18,17,16,9,1,0,12,13,11,15,14,14,13,13,14,15,12,12,12,13,13,16,12,12,13,13,13,12,12,12,12,12,12,13,16,17,9,14,14,14,14,13,12,12,21,12,12,11,20,12,12,12,12,13,13,15,13,11,11,12,11,12,13,12,12,12,12,11,11,9,11,6,13,13,13,14,16,14,10,16,20,16,16,11,10,13,11,13,14,12,12,12,12,12,14,11,14,11,12,10,12,10,10,16,10,15,14,15,11,12,14,6,11,10,14,11,12,11,12,17,10,11,12
4,6,14,42,4,6,5,5,5,5,8,7,7,7,7,7,7,7,3,16,11,12,4,2,1,3,1,18,15,15,15,15,9,6,6,16,3,10,10,6,10,4,9,6,5,19,13,9,8,11,11,7,18,12,12,12,13,8,7,7,4,15,11,17,12,8,8,11,10,12,9,9,19,9,8,19,15,15,16,16,17,13,9,14,8,9,8,10,9,25,4,4,25,15,16,17,5,10,4,2,14,16,3,10,9,9,9,11,11,10,11,3,5,13,13,13,10,11,12,10,9,10,7,4,2,8,7,13,7,8,8,7,4,4,8,11,11,6,10,6,7,7,7,20,6,15,7,12,41,12,4,5,5,3,4,8,9,10,11,16,4,6,3,3,4,4,6,8,4,4,4,13,5,9,9,5,5,5,9,15,27,5,25,25,4,4,4,4,4,15,18,9,10,11,11,11,11,11,11,12,12,12,19,7,9,54,6,6,6,3,11,11,10,4,5,15,15,15,3,3,40,13,4,5,5,9,9,11,15,13,11,6,12,12,0,5,4,10,9,10,5,5,9,5,4,4,8,8,8,8,3,3,4,4,8,8,8,8,6,8,7,4,11,10,16,13,14,14,14,8,7,8,15,8,7,6,16,7,8,7,8,9,9,9,9,3,5,5,5,4,5,4,4,4,4,4,4,3,4,13,9,9,9,9,7,9,5,10,25,10,10,3,2,5,3,8,9,1,1,3,5,5,8,3,4,3,2,10,7,7,8,12,12,8,6,22,6,4,10,10,3,5,9,3,8,7,8,14,4,3,9
6,6,10,42,7,4,4,4,2,2,4,10,10,6,9,6,10,9,4,18,8,12,6,4,4,5,5,17,16,16,16,16,6,3,3,14,3,7,7,9,7,6,7,4,7,16,12,5,4,8,8,8,15,8,8,8,13,11,11,11,7,15,12,14,8,5,5,11,9,12,9,9,17,9,9,17,15,15,14,14,14,12,10,14,4,9,5,10,10,25,6,6,25,15,14,16,5,10,7,3,15,14,5,12,9,9,9,10,11,13,10,7,8,16,16,16,13,13,12,12,12,13,9,7,5,10,8,9,10,11,11,10,7,7,11,9,10,8,14,9,10,10,10,20,5,16,7,7,42,14,7,4,4,3,2,7,7,12,12,18,2,4,6,5,6,6,8,8,7,7,7,13,8,8,6,7,8,7,11,15,28,8,25,25,4,4,4,4,4,18,21,5,11,6,7,7,7,7,7,7,8,8,24,2,7,54,10,10,9,5,6,6,6,3,2,11,11,11,5,5,40,11,7,7,7,5,5,12,18,12,12,4,13,13,5,0,6,11,10,10,1,1,8,7,3,4,6,5,5,11,4,4,3,3,10,5,6,6,5,5,5,6,14,13,14,14,15,15,15,5,6,6,18,5,5,4,19,5,5,5,6,9,9,8,9,2,3,2,3,2,3,2,2,2,2,2,2,2,2,11,9,9,9,8,9,8,3,12,24,12,11,3,3,3,3,6,6,4,4,5,2,2,11,5,6,6,4,10,5,6,6,11,10,11,7,20,4,3,7,8,6,6,11,5,5,5,5,14,5,6,7
7,4,11,40,3,7,7,7,7,6,7,8,8,8,8,8,8,7,4,14,9,10,1,3,3,5,3,15,13,13,13,12,7,6,7,14,5,8,8,7,8,6,8,7,6,17,11,7,7,10,10,6,15,11,11,11,11,8,8,5,5,13,9,14,9,6,6,10,8,10,8,7,17,8,7,17,13,13,14,14,14,12,6,12,6,7,6,8,8,23,5,5,23,12,14,16,7,8,5,4,12,14,4,8,8,8,8,10,11,9,10,3,6,11,11,11,10,11,12,11,11,11,2,1,4,8,9,11,9,9,10,9,6,6,9,8,8,7,8,7,8,5,6,17,7,13,9,10,38,8,3,7,7,5,4,8,8,10,9,14,5,4,4,4,6,5,7,7,3,3,3,11,2,9,9,6,6,1,7,12,26,6,23,23,4,4,2,3,3,13,16,7,8,9,10,9,9,9,10,9,10,10,17,8,12,51,3,3,2,4,9,8,9,6,6,12,12,12,5,5,39,11,5,2,2,8,8,8,12,11,10,6,11,11,4,6,0,8,7,7,6,6,7,5,6,7,8,8,8,6,5,5,6,6,6,7,7,7,8,7,7,5,9,8,14,10,11,11,11,8,7,7,13,7,7,6,14,7,7,7,7,7,8,10,7,4,6,6,6,6,6,5,5,5,5,5,5,4,4,11,7,7,7,8,8,8,3,9,22,9,9,5,4,6,6,8,8,4,4,5,6,6,7,3,6,1,3,7,7,6,7,10,9,7,7,19,7,6,9,7,1,2,7,3,7,7,7,12,2,1,8
12,12,12,44,10,14,13,13,11,11,9,3,3,5,4,6,3,3,10,16,6,14,8,8,8,8,8,20,18,18,18,18,7,8,8,14,10,5,5,5,5,5,5,9,7,16,16,7,8,7,7,1,15,8,8,8,18,5,4,5,8,19,6,13,7,8,9,6,11,6,4,3,16,4,3,16,18,18,14,14,14,8,9,9,8,4,8,5,5,28,6,6,28,17,13,15,6,4,9,10,18,15,11,11,4,4,4,5,5,6,4,9,10,12,12,12,5,4,4,5,5,5,12,11,12,9,7,7,6,4,4,4,7,8,4,2,1,9,7,7,7,9,10,24,11,21,6,6,53,11,10,9,9,10,9,5,5,6,12,17,8,7,6,8,5,5,3,4,9,9,9,15,10,5,7,7,6,9,10,17,30,8,28,28,9,9,10,10,10,15,17,9,4,9,10,9,10,10,10,10,11,11,18,14,8,56,12,12,12,14,9,9,11,13,12,13,13,13,12,11,42,7,8,10,10,6,6,13,15,8,7,10,15,15,10,11,8,0,3,3,9,9,3,7,7,8,7,5,5,8,10,10,8,8,2,8,5,5,8,5,5,7,11,10,17,15,15,15,15,5,4,4,12,5,5,7,13,6,6,6,6,3,3,5,3,8,7,7,7,7,8,8,8,8,8,8,8,10,9,14,3,3,3,4,4,4,9,4,27,4,4,9,9,8,10,5,6,8,8,10,8,8,2,8,7,6,7,11,8,6,6,6,9,4,6,23,7,9,7,11,6,8,3,9,8,7,8,8,8,6,5
11,11,11,43,9,13,13,12,10,10,8,3,3,5,3,4,3,2,10,15,5,13,7,8,7,8,7,19,17,17,17,17,6,7,7,13,9,5,4,4,4,5,4,8,6,15,15,7,7,6,6,2,14,7,7,7,17,4,3,5,8,18,5,12,7,8,8,5,10,5,3,2,15,3,2,16,17,17,13,13,13,7,8,8,7,3,7,4,4,27,5,6,27,16,12,14,6,3,7,10,17,14,10,10,3,3,3,4,4,5,4,9,9,11,11,11,4,3,3,4,4,4,11,11,11,8,7,6,6,3,3,3,6,7,3,2,1,8,6,6,6,8,9,25,11,20,6,5,53,11,9,8,8,9,8,4,4,5,11,16,8,7,6,7,5,4,2,3,9,9,9,14,9,4,6,6,5,8,9,16,29,7,27,27,9,9,9,9,9,14,16,8,3,8,9,9,9,9,9,9,10,10,17,13,7,55,11,11,11,13,8,8,10,12,11,12,12,12,11,11,41,7,7,9,9,5,5,12,14,7,6,8,14,14,9,10,7,3,0,1,9,9,3,7,7,8,7,5,5,8,10,10,8,8,1,8,5,5,8,5,5,7,11,10,17,14,15,15,15,5,4,4,12,5,5,7,13,6,6,6,6,3,3,5,3,8,7,7,6,7,8,8,8,8,8,8,8,10,9,14,3,3,3,4,4,4,9,4,27,4,4,9,9,8,10,5,6,8,8,10,8,8,2,8,7,6,7,11,8,6,6,6,9,4,5,23,7,9,7,11,6,8,2,9,8,7,8,7,8,6,5
11,11,11,43,9,13,13,13,10,10,8,3,3,5,3,4,3,3,10,15,5,13,7,8,7,8,7,19,17,17,17,17,6,7,7,13,9,5,4,4,4,5,4,8,6,15,15,7,7,6,6,2,14,7,7,7,17,4,4,5,8,18,6,12,7,8,8,5,10,6,3,3,15,3,3,16,17,17,13,13,13,7,8,8,7,3,7,4,4,27,5,6,27,17,12,14,5,4,8,10,17,14,10,10,3,3,3,4,4,5,4,9,9,11,11,11,4,3,3,4,4,4,11,11,11,8,7,6,6,3,3,3,6,7,3,2,2,8,6,6,6,8,9,25,11,20,6,5,53,11,9,8,8,9,9,4,4,6,11,17,8,7,6,7,5,4,3,3,9,9,9,14,9,4,6,6,6,8,9,16,29,7,27,27,9,9,9,9,9,14,16,8,3,8,9,9,9,9,10,9,10,10,17,13,7,55,11,11,11,13,8,8,10,12,11,12,12,12,11,11,41,7,7,9,9,5,5,12,14,7,6,8,14,14,10,10,7,3,1,0,9,9,3,7,7,7,7,5,5,8,10,9,8,8,1,7,5,5,8,5,5,7,11,10,17,14,15,15,15,5,4,4,12,4,5,7,13,6,6,6,6,3,3,5,3,8,7,7,6,7,8,8,8,8,8,8,8,10,9,14,3,3,2,4,4,3,9,4,26,4,4,9,9,8,10,5,5,8,8,9,8,8,2,8,7,6,7,11,8,5,6,5,9,4,5,23,7,9,6,11,6,8,2,9,8,7,8,7,7,6,5
6,6,10,42,7,5,4,4,2,2,4,10,10,7,10,7,10,9,4,18,8,12,6,4,4,5,5,17,17,16,16,16,6,3,3,14,3,7,7,9,7,6,7,5,7,17,13,5,4,9,9,9,15,8,8,8,13,11,11,11,7,15,12,14,8,5,5,12,10,12,10,9,17,9,9,17,15,15,15,14,15,12,10,14,5,9,5,11,10,26,6,6,26,15,14,16,5,10,7,4,15,14,5,13,10,10,10,11,11,13,10,7,8,16,16,16,14,11,12,12,12,13,9,7,5,11,8,10,10,11,11,10,7,7,11,10,11,9,14,9,10,10,11,20,5,16,7,8,42,15,7,4,4,3,3,7,7,12,12,18,2,4,6,6,6,6,8,8,7,7,7,13,8,8,6,8,8,7,11,15,29,8,25,25,4,4,4,4,4,18,22,5,11,6,7,7,7,7,7,8,8,9,24,2,7,54,10,10,9,6,6,6,6,3,3,11,11,11,5,5,40,11,7,7,7,5,5,12,18,12,12,4,13,13,5,1,6,9,9,9,0,3,8,7,3,4,6,5,5,11,4,4,3,3,10,5,5,5,5,5,5,5,14,13,14,14,14,14,14,5,6,5,17,5,5,3,18,5,5,5,6,9,9,8,9,1,3,2,3,2,2,2,2,2,1,1,1,2,1,11,9,9,9,8,9,8,3,12,24,12,11,2,2,3,3,6,6,4,4,4,2,2,10,5,6,6,4,10,5,5,5,12,10,10,6,20,4,3,7,8,5,6,11,5,5,5,5,14,5,5,7
6,6,10,41,7,4,4,4,2,2,4,10,10,6,10,6,10,9,4,18,8,12,6,4,4,5,5,17,16,16,16,16,6,3,3,14,3,7,7,9,7,6,7,4,7,16,13,5,4,8,8,8,15,8,8,8,13,11,11,11,7,15,12,14,8,5,5,11,9,12,10,9,17,9,9,17,15,15,15,14,14,12,10,14,4,9,5,10,10,25,6,6,25,15,14,16,5,10,7,3,15,14,5,12,9,10,10,10,11,13,10,7,8,16,16,16,13,13,12,12,12,13,9,7,5,10,8,9,10,11,11,10,7,7,11,9,11,8,14,9,10,10,10,19,5,16,7,7,42,14,7,4,4,3,2,7,7,11,12,18,2,4,6,5,6,6,8,8,7,7,7,13,8,8,6,7,8,7,11,15,28,8,25,25,4,4,4,4,4,18,21,5,11,6,7,7,7,7,7,7,8,8,24,2,7,54,10,10,9,5,6,6,6,3,2,11,11,11,5,5,40,11,7,7,7,5,5,12,18,12,12,4,13,13,5,1,6,9,9,9,3,0,8,7,3,4,6,5,5,11,4,4,3,3,10,5,6,6,5,5,5,5,14,13,14,14,14,14,14,5,6,6,18,5,5,4,19,5,5,5,6,9,9,8,9,2,3,2,3,2,3,2,2,2,2,2,1,2,2,11,9,9,9,8,9,8,3,12,24,12,11,3,2,3,3,6,6,4,4,4,2,2,11,5,6,6,4,10,5,6,6,12,10,11,6,20,4,3,7,8,6,6,11,5,5,5,5,15,5,6,7
10,11,11,43,9,11,11,10,8,8,7,2,2,2,2,2,2,2,10,16,6,14,7,7,7,7,7,19,17,17,17,17,6,6,6,13,8,5,5,2,4,3,4,6,4,15,15,6,6,6,6,2,14,7,7,7,17,4,3,5,6,18,6,12,7,7,7,5,11,6,3,3,16,3,3,16,17,17,13,13,13,7,8,8,7,4,7,4,4,27,5,6,27,17,13,14,5,4,8,8,16,14,9,10,3,3,3,4,4,5,3,8,8,11,11,11,3,3,3,4,3,3,11,10,10,5,5,6,4,3,3,2,6,6,2,2,2,7,6,5,5,8,9,25,8,21,2,5,51,11,9,7,7,8,7,4,4,5,11,17,7,6,5,6,4,4,2,3,9,9,9,15,9,4,6,5,5,9,9,16,29,4,27,27,9,9,9,8,8,13,16,9,3,8,9,9,9,9,10,10,10,10,17,11,4,55,11,11,11,12,8,8,9,9,9,12,12,12,10,9,42,7,5,9,9,5,5,12,14,7,6,7,14,14,9,8,7,3,3,3,8,8,0,7,6,6,5,3,3,9,8,8,7,7,2,6,4,4,8,3,3,6,12,11,18,16,16,16,16,4,3,3,13,3,3,5,14,4,5,5,5,4,4,5,4,7,6,6,5,6,7,6,6,6,7,7,7,8,8,15,2,2,2,3,5,3,10,5,28,5,5,8,8,7,9,5,5,9,9,8,6,6,3,8,5,7,8,12,7,6,7,6,10,5,4,24,6,7,7,12,7,9,4,9,6,5,6,8,8,7,6
7,8,15,43,6,8,8,8,8,8,9,7,7,7,7,7,7,6,6,13,9,14,5,4,4,4,4,19,15,14,14,14,10,7,8,16,6,8,8,6,8,5,8,8,5,20,15,8,8,10,10,6,18,11,11,11,15,8,7,6,4,17,9,16,10,9,9,9,12,10,8,7,19,8,7,19,17,17,17,16,17,12,6,12,9,8,9,9,8,26,3,4,28,17,16,18,6,8,2,6,17,17,7,7,8,8,8,9,10,8,10,6,3,8,8,8,8,9,10,9,9,9,8,7,7,6,7,11,8,7,8,7,5,5,9,8,7,6,8,6,7,3,2,21,8,17,8,11,43,8,6,7,8,6,6,8,8,10,9,14,7,9,3,2,5,5,7,7,6,6,6,15,6,9,9,4,4,6,7,16,29,6,26,26,6,6,7,7,7,13,16,11,8,12,13,13,13,13,13,15,14,16,16,10,9,54,7,8,7,7,11,11,11,6,7,15,16,15,6,5,42,11,4,6,6,9,9,9,12,11,10,9,15,15,5,7,5,7,7,7,7,7,7,0,7,7,9,7,7,8,6,6,7,7,7,10,8,8,8,7,7,3,11,10,18,14,14,14,14,7,7,7,13,7,7,9,14,8,9,8,9,8,8,8,8,7,8,8,9,8,8,8,8,8,7,7,7,7,7,15,7,7,7,8,6,8,8,9,28,9,9,6,6,8,7,9,10,6,6,6,8,8,7,6,5,5,6,10,9,10,10,10,13,7,6,24,10,7,10,12,4,7,7,7,10,9,10,12,7,4,9
4,6,8,41,7,4,4,4,2,2,2,8,8,5,8,5,8,8,5,18,6,11,6,3,3,4,4,17,17,17,17,17,4,1,1,12,2,6,6,7,6,5,6,2,6,15,12,4,3,7,7,7,14,7,7,7,12,10,10,9,6,14,11,13,7,4,3,10,8,11,9,8,16,7,8,16,15,15,13,13,13,11,11,13,4,8,4,9,8,24,5,5,25,14,13,14,3,8,6,2,13,12,5,12,8,8,8,9,10,11,9,5,7,15,15,15,12,11,10,11,11,10,9,7,4,9,6,8,8,10,10,9,6,7,11,8,9,8,12,7,9,10,10,18,2,15,6,6,43,14,7,1,2,2,3,5,5,10,13,19,2,3,6,5,4,5,8,6,6,6,6,12,7,7,5,7,7,7,11,14,27,7,24,24,4,4,5,5,5,16,20,3,9,5,6,5,6,5,6,6,7,7,23,3,5,52,10,10,9,5,5,4,5,2,3,10,10,10,5,4,39,10,7,7,7,4,4,12,16,11,11,3,12,12,4,3,6,7,7,7,3,3,6,7,0,1,4,2,2,11,6,6,3,3,8,3,2,2,2,3,3,5,14,13,15,15,15,15,15,2,2,2,16,2,3,2,16,3,3,3,4,5,6,5,5,3,2,2,1,2,3,2,2,2,2,2,2,3,3,12,6,6,6,5,6,5,5,9,25,9,9,4,4,2,4,4,4,5,5,6,2,2,7,7,4,7,6,11,2,3,4,10,7,7,3,21,1,3,5,9,7,7,8,7,3,3,3,12,7,7,5
5,6,8,41,8,5,5,4,3,3,3,8,8,5,8,6,8,8,5,18,6,11,7,3,4,4,4,17,17,17,17,17,5,2,1,13,3,6,6,7,6,5,6,2,6,15,12,4,3,7,7,7,14,7,7,7,12,11,10,9,7,14,11,13,7,4,4,10,8,11,9,8,16,7,8,16,15,15,13,13,13,11,11,13,4,8,4,9,9,24,6,6,25,14,13,14,3,8,6,3,13,13,5,12,8,9,8,9,10,12,9,6,7,15,16,15,12,11,10,11,11,10,9,7,4,9,6,8,8,10,10,9,6,7,11,8,9,9,13,7,10,10,10,20,3,16,6,6,42,14,7,2,2,2,4,6,6,11,13,19,3,3,6,5,5,5,8,7,6,7,6,12,8,7,5,8,7,8,11,14,27,7,24,25,4,4,6,6,6,16,20,4,10,5,6,5,6,6,6,6,7,7,23,4,5,53,10,10,9,6,5,5,5,2,4,10,10,10,5,4,40,10,8,8,8,4,4,12,16,11,11,3,12,12,4,4,7,8,8,7,4,4,6,7,1,0,4,2,2,11,6,6,3,3,7,3,2,2,2,3,3,5,14,13,15,15,15,15,15,2,2,2,15,2,3,2,16,3,3,3,4,5,6,5,5,3,2,2,1,2,3,3,3,3,3,3,3,4,4,12,6,6,6,4,6,4,5,9,25,9,9,5,5,3,5,4,4,6,6,6,3,3,7,6,4,7,6,11,2,3,4,10,7,7,4,20,1,4,5,9,7,7,7,7,3,3,3,12,8,7,5
9,7,9,42,10,8,8,7,5,5,2,7,7,4,7,5,8,7,7,19,5,12,9,7,7,8,7,18,18,18,17,17,3,5,5,13,6,4,4,6,5,5,5,6,5,16,13,1,2,6,6,6,15,6,6,6,13,9,8,8,8,15,10,13,5,4,4,9,9,10,7,7,17,6,7,17,16,16,14,14,14,10,12,12,3,7,4,8,8,25,7,8,25,15,13,15,4,7,10,6,14,13,8,15,7,8,7,8,9,10,7,9,10,17,16,17,10,9,8,9,9,10,11,10,9,7,6,6,8,8,9,8,8,8,10,7,8,8,11,7,9,12,12,19,7,16,5,5,42,14,10,5,5,6,5,5,5,10,14,20,4,4,6,8,4,5,7,5,9,9,9,13,10,6,4,7,6,9,13,15,28,6,25,25,7,7,7,7,7,15,19,3,8,6,6,6,6,6,6,6,7,7,23,6,5,53,11,10,10,10,4,4,1,6,6,11,11,10,8,8,40,9,7,8,8,3,3,13,17,10,10,4,12,12,8,6,8,7,7,7,6,6,5,9,4,4,0,6,6,12,9,10,6,6,6,5,4,4,6,4,4,8,15,14,16,17,18,18,18,6,4,4,16,4,3,4,17,4,4,4,3,6,6,7,6,6,4,5,4,5,6,5,5,5,5,6,6,7,6,14,6,6,6,6,8,6,8,9,26,9,9,7,8,6,7,2,2,10,10,10,5,5,7,9,8,9,10,13,6,4,4,10,9,8,7,22,5,6,2,10,9,9,7,9,5,4,5,12,8,9,4
7,7,9,42,10,7,7,7,4,4,3,5,5,2,5,3,6,5,7,18,7,12,9,6,6,6,6,18,18,18,18,17,5,3,3,13,6,7,7,5,6,3,6,4,3,17,13,5,4,8,8,5,15,8,8,8,13,7,6,6,5,15,8,14,8,5,5,7,9,8,5,5,17,5,5,17,16,16,14,14,14,10,11,11,5,6,5,7,6,25,5,5,25,15,13,15,1,6,8,5,14,13,7,13,5,5,5,6,7,7,6,8,8,16,14,15,7,6,6,7,7,7,13,9,7,4,4,8,6,6,7,6,5,6,8,5,6,6,8,5,7,10,10,19,5,17,2,7,44,14,10,4,3,4,4,3,3,8,13,19,4,4,5,6,2,3,5,3,8,8,8,13,9,4,5,5,4,8,11,15,28,4,25,26,7,7,7,7,7,14,17,4,6,6,7,6,7,7,7,8,9,9,20,5,3,54,12,11,11,9,6,6,6,5,5,11,11,11,8,8,41,9,4,9,9,5,5,13,17,9,7,4,13,13,8,5,8,5,5,5,5,5,3,7,2,2,6,0,1,11,9,9,5,5,4,5,2,2,5,2,2,8,14,13,16,16,17,17,17,1,2,2,15,2,2,4,16,3,3,3,3,4,4,3,4,5,4,4,4,5,5,5,5,5,5,5,5,6,6,13,4,4,4,2,7,2,8,7,26,7,7,7,7,5,7,3,4,9,9,9,5,5,5,9,7,9,9,13,5,5,5,8,9,7,6,22,4,6,5,10,8,8,5,9,5,4,5,10,9,8,5
7,7,9,42,10,7,7,7,4,4,3,5,5,2,5,3,6,5,7,18,7,12,9,6,6,6,6,18,18,18,18,17,5,3,3,13,6,7,7,5,6,3,6,4,3,17,13,5,4,8,8,5,15,8,8,8,13,7,6,6,5,15,8,14,8,5,5,7,9,8,5,5,17,5,5,17,16,16,14,14,14,10,11,11,5,6,5,7,6,25,5,5,25,15,13,15,1,6,8,6,14,13,7,13,5,5,5,6,7,8,6,8,8,16,14,15,7,6,6,7,7,7,13,9,7,5,4,8,6,6,7,6,5,6,8,5,6,6,8,5,7,10,10,21,5,17,2,7,44,14,10,4,4,4,4,3,3,8,13,19,4,4,5,6,2,3,5,3,8,8,8,13,9,4,5,5,4,8,11,15,28,4,25,26,7,7,7,7,7,14,17,4,6,6,7,6,7,7,7,8,9,9,20,5,3,54,12,12,11,9,6,6,6,5,6,11,11,11,8,8,41,9,4,9,9,5,5,13,17,9,7,4,13,13,8,5,8,5,5,5,5,5,3,7,2,2,6,1,0,11,9,9,5,5,4,5,2,2,5,2,2,8,14,13,16,16,17,17,17,1,2,2,15,2,2,4,16,3,3,3,3,4,4,3,4,5,4,4,4,5,5,5,5,5,5,5,5,6,6,13,4,4,4,2,7,2,8,7,26,7,7,7,7,5,7,3,4,9,9,9,5,5,5,9,7,9,9,13,5,5,5,8,9,7,6,22,4,6,5,10,8,8,5,9,5,4,5,10,9,8,6
11,10,16,43,8,13,13,13,13,12,13,11,11,10,11,10,11,10,9,13,11,15,7,8,8,8,7,21,14,14,14,13,11,12,12,17,10,10,10,9,9,10,9,12,9,20,16,12,12,12,12,8,19,12,12,13,17,10,10,7,8,19,11,17,12,12,12,11,14,11,9,9,21,9,8,21,19,18,18,18,18,13,2,13,12,9,11,10,9,25,8,8,28,17,18,19,11,9,7,9,18,18,9,3,10,10,10,11,12,10,13,7,9,2,3,3,14,15,14,14,14,14,9,8,10,11,12,14,12,12,13,12,9,10,11,9,9,11,9,11,12,6,7,21,13,17,12,12,42,1,8,12,12,10,10,10,10,12,3,13,10,10,8,6,9,9,10,9,8,8,7,16,7,10,11,8,8,7,2,17,31,9,25,25,9,9,8,8,8,14,16,13,10,14,15,15,15,15,16,16,17,18,15,15,14,55,8,9,8,11,13,13,15,11,12,17,17,17,10,10,42,13,9,8,8,11,11,9,11,13,12,12,16,16,8,11,6,8,8,8,11,11,9,8,11,11,12,11,11,0,9,9,10,10,7,12,12,12,12,11,11,6,4,4,18,14,15,15,15,11,10,10,14,10,11,11,14,11,11,11,10,8,8,10,8,9,11,11,11,10,11,10,10,10,10,10,10,9,9,16,8,8,8,9,10,9,8,9,25,9,10,8,8,11,9,10,10,7,7,9,11,10,7,7,8,5,6,11,12,10,10,11,14,7,10,24,11,10,11,12,5,8,8,8,12,12,12,12,7,5,10
2,6,13,41,6,5,4,5,5,5,7,7,8,7,7,8,8,8,3,17,11,11,5,2,2,3,3,17,16,15,15,15,8,6,6,16,3,10,10,7,10,5,10,5,6,19,13,8,7,11,11,8,18,11,12,12,12,9,8,8,5,14,12,16,11,7,7,12,10,13,10,10,19,10,9,19,15,15,16,16,16,14,9,14,8,10,7,11,10,24,4,5,25,14,16,17,6,10,5,1,14,16,4,11,10,10,9,11,12,12,11,4,5,13,14,14,10,12,13,10,9,10,7,5,2,8,8,12,7,8,8,7,4,4,8,11,11,6,11,6,7,7,7,19,1,15,8,12,41,11,4,4,5,3,4,10,10,11,12,17,4,6,4,4,4,4,6,9,5,5,5,12,6,10,9,5,6,6,9,14,27,6,25,25,3,3,4,4,4,16,19,8,11,10,10,9,11,10,10,11,11,12,20,5,9,54,7,7,7,3,10,9,10,3,4,14,14,14,3,2,40,14,5,6,6,8,8,11,15,14,13,6,12,12,3,4,5,10,10,10,4,4,8,6,6,6,9,9,9,9,0,1,2,2,8,5,4,4,4,5,5,5,14,13,15,15,16,16,16,4,4,4,17,4,5,5,18,5,5,5,6,8,8,7,8,3,4,4,4,4,5,4,4,4,4,4,4,3,4,12,8,8,8,7,8,6,5,11,25,11,11,2,3,5,2,6,6,5,5,4,4,4,9,5,6,5,5,12,4,5,6,12,10,10,6,21,3,2,8,9,5,7,9,6,5,5,6,14,6,5,7
2,6,13,41,6,5,4,5,5,5,7,7,8,7,7,8,8,8,3,17,11,11,5,2,2,3,3,17,16,15,15,15,8,6,6,16,3,10,10,7,10,5,10,5,6,19,13,8,7,11,11,8,18,11,12,12,12,9,8,8,5,14,12,16,11,7,7,12,10,13,10,10,19,10,9,19,15,15,16,16,16,14,9,15,8,10,7,11,10,24,4,5,25,14,16,17,6,10,5,1,14,16,4,11,10,10,10,11,13,12,11,4,5,14,14,14,10,12,13,10,10,10,7,5,2,8,8,12,7,8,8,7,4,4,9,12,11,6,11,6,7,7,7,20,1,15,8,13,42,12,5,4,5,3,4,10,10,11,12,17,4,6,4,4,4,4,7,9,5,5,5,12,6,10,9,6,6,6,10,14,27,6,25,25,3,3,4,4,5,16,19,8,11,10,10,9,11,10,10,11,11,12,21,5,9,54,7,7,7,3,10,9,10,3,4,14,14,14,3,2,40,14,5,6,6,8,8,11,15,14,13,6,12,12,3,4,5,10,10,9,4,4,8,6,6,6,10,9,9,9,1,0,2,2,8,5,4,4,4,5,5,5,14,13,15,15,16,16,16,4,4,4,17,4,5,5,18,5,5,5,6,7,8,7,7,3,4,4,4,4,5,4,4,4,4,4,4,3,4,12,8,8,8,6,8,6,5,11,25,11,11,2,3,5,2,6,6,5,5,4,4,4,9,5,6,6,5,12,4,5,6,12,10,10,6,21,3,2,8,9,6,7,9,6,5,5,6,14,6,6,7
4,6,9,42,8,1,1,1,2,2,3,9,9,6,9,6,10,8,5,18,7,12,7,3,4,4,4,17,17,16,16,16,5,3,3,14,3,7,7,8,7,6,7,3,7,16,13,5,4,8,8,8,15,8,8,8,13,11,10,10,6,15,12,14,8,5,5,11,9,12,10,9,17,9,9,17,15,16,14,14,14,12,11,14,4,9,5,10,10,26,6,6,26,15,14,15,5,9,6,3,15,13,5,12,9,10,9,10,11,13,10,6,7,15,16,15,12,13,11,11,11,12,10,7,4,11,8,9,9,10,10,9,6,6,11,9,10,8,13,8,10,10,10,21,3,16,7,7,42,13,6,2,2,2,3,7,7,11,13,19,2,4,6,5,6,6,8,7,6,7,6,13,8,8,6,7,7,7,11,15,29,8,25,26,4,4,5,5,5,17,21,5,11,6,7,7,7,7,7,7,8,8,23,2,7,55,9,9,9,5,6,5,5,2,3,11,11,11,5,4,41,11,7,7,7,5,5,12,16,12,12,4,13,13,4,3,6,8,8,8,3,3,7,7,3,3,6,5,5,10,2,2,0,1,11,5,6,6,5,5,5,5,13,12,14,14,15,15,15,6,6,6,16,6,5,4,17,5,6,5,6,9,9,8,9,2,3,3,3,2,3,2,2,2,2,2,2,2,2,11,9,9,9,8,8,8,3,12,24,12,12,2,1,3,2,6,7,3,3,3,3,3,10,4,5,5,4,11,5,6,6,12,10,9,7,19,4,2,7,8,5,6,11,5,6,5,6,15,5,5,7
4,6,10,42,8,1,1,1,2,2,3,9,9,6,9,6,10,8,5,18,8,12,7,4,4,4,4,17,17,16,16,16,6,3,3,14,3,7,7,8,7,6,7,3,7,16,13,5,4,8,8,8,15,8,8,8,13,11,10,10,7,15,12,14,8,5,5,11,9,12,10,9,17,9,9,17,15,16,14,14,14,12,11,14,5,9,5,10,10,26,6,6,26,15,14,16,5,9,6,3,15,13,5,12,9,9,9,10,11,13,10,6,7,15,16,15,12,11,11,11,11,12,10,7,4,11,8,9,9,10,10,9,6,7,11,9,10,8,13,8,10,10,10,21,3,16,7,7,43,14,6,2,2,2,3,7,7,11,13,19,2,4,6,5,6,6,8,7,6,7,6,14,8,8,6,7,7,7,11,15,29,8,26,26,4,4,5,5,5,17,21,5,11,6,7,7,7,7,7,8,8,8,23,2,7,55,9,9,9,5,6,6,6,2,3,11,11,11,5,4,41,11,7,8,7,5,5,13,16,12,12,4,13,13,4,3,6,8,8,8,3,3,7,7,3,3,6,5,5,10,2,2,1,0,10,5,6,6,5,5,5,5,13,12,14,14,15,15,15,6,6,6,16,6,5,4,17,5,5,5,6,9,9,8,9,1,3,3,3,2,3,2,2,2,2,2,2,2,2,11,9,9,9,8,8,8,3,12,24,12,12,2,1,3,2,6,6,3,3,3,3,3,10,4,5,5,4,11,5,6,6,12,10,9,7,19,4,2,7,8,5,6,11,5,6,5,6,15,5,5,7
11,9,10,42,7,13,12,12,10,10,8,3,3,3,3,3,2,2,8,14,4,12,6,8,7,7,7,18,16,16,16,16,5,7,7,12,9,3,3,4,3,4,3,8,5,14,14,6,7,5,5,1,13,6,6,6,16,5,3,3,7,17,4,11,5,7,7,4,9,4,2,1,14,2,1,14,16,16,11,11,12,6,7,7,6,2,6,3,3,26,5,5,26,15,11,13,5,2,6,9,15,13,9,9,2,2,2,3,3,4,2,7,7,10,9,10,4,2,2,4,4,4,10,9,11,6,6,4,6,3,3,3,6,7,3,1,1,8,4,6,6,7,7,24,10,19,3,4,49,10,8,8,8,9,8,3,3,5,10,15,7,6,5,7,4,4,2,2,8,8,8,13,7,3,5,5,4,7,8,15,29,6,26,26,9,9,7,7,7,13,15,7,2,7,8,7,8,8,8,8,9,9,16,12,6,54,9,9,8,11,6,6,8,12,11,11,11,11,10,9,40,5,5,7,7,4,4,11,13,6,5,7,13,13,8,10,6,2,1,1,10,10,2,7,8,7,6,4,4,7,8,8,11,10,0,7,5,5,8,5,5,5,11,10,16,14,15,15,15,5,4,4,11,4,5,6,12,6,7,6,5,3,3,5,3,8,6,7,6,7,8,7,7,7,7,7,7,8,9,13,2,2,2,3,3,3,8,4,26,4,4,7,7,8,8,5,5,7,7,8,7,7,2,7,5,5,6,11,8,5,5,5,9,3,4,22,7,9,6,10,5,8,2,8,7,7,7,7,7,5,5
9,7,8,41,9,7,7,7,4,4,2,8,8,5,8,5,8,8,7,19,6,12,8,6,7,7,7,18,18,17,17,17,4,4,4,13,6,5,5,7,6,5,6,5,6,16,13,4,2,7,7,7,14,7,7,7,12,10,10,9,9,15,11,13,6,3,3,10,8,10,8,8,16,7,8,16,15,15,13,13,13,11,12,13,1,8,1,9,8,24,8,8,25,14,13,14,4,8,10,6,14,13,7,15,8,9,8,9,10,11,8,8,12,19,18,18,11,11,10,11,11,12,11,10,8,8,7,7,9,10,10,9,8,9,11,8,9,9,12,7,10,13,13,20,6,16,6,6,43,15,8,5,5,5,5,6,6,11,14,20,4,3,7,8,5,5,8,6,9,9,8,12,9,7,4,7,7,8,12,14,28,7,25,25,6,6,7,7,7,16,20,2,9,5,6,5,6,5,6,6,7,6,24,5,6,53,10,10,9,9,3,3,4,6,5,10,10,10,8,7,40,10,7,8,8,4,4,12,18,11,10,3,12,12,8,5,7,8,8,7,5,5,6,10,3,3,5,5,5,12,5,5,5,5,7,0,5,5,5,5,4,8,15,14,15,16,17,17,17,5,5,5,16,5,4,3,17,3,3,3,4,6,6,7,6,5,3,4,3,4,5,4,4,4,4,4,5,5,5,12,6,6,6,7,8,7,6,9,25,9,9,7,6,5,6,4,4,8,8,8,4,4,7,8,7,7,8,12,5,3,3,10,7,8,7,21,4,5,3,9,7,8,7,8,1,3,2,12,7,7,4
7,7,9,42,10,8,8,7,5,5,3,6,6,3,6,3,7,5,7,19,5,12,8,6,6,6,6,18,18,17,17,17,5,3,3,13,6,5,5,5,5,3,5,4,4,16,13,3,3,6,6,5,14,5,5,5,13,8,7,6,5,15,8,13,6,4,4,8,9,8,6,5,16,6,5,17,16,16,14,14,14,10,11,12,4,6,5,7,7,24,5,5,25,15,13,15,1,7,6,7,14,13,8,12,6,6,6,7,7,8,7,9,7,15,14,15,8,7,7,8,8,8,13,11,6,5,4,6,6,7,7,6,5,5,8,5,6,5,9,4,7,10,9,20,5,16,3,5,41,15,8,4,4,4,5,3,3,8,13,19,4,3,4,5,2,2,6,4,8,8,7,13,10,4,3,5,5,8,12,15,28,5,25,25,7,7,7,7,7,14,18,4,7,6,6,6,6,6,7,8,8,8,21,6,3,53,11,11,10,10,6,5,3,6,6,10,10,10,8,8,40,9,5,8,8,3,3,12,18,10,9,4,12,12,8,6,7,5,5,5,5,6,4,8,2,2,4,2,2,12,4,4,6,6,5,5,0,2,2,3,3,6,14,13,15,15,15,15,15,3,3,3,17,3,3,1,17,3,3,3,4,6,7,6,6,3,1,2,1,2,3,2,2,2,2,3,3,3,4,12,7,7,7,6,7,5,5,9,25,9,9,4,4,3,4,3,4,6,6,6,2,2,7,7,4,7,6,11,2,3,3,9,7,8,4,20,1,4,5,9,7,7,7,8,3,2,3,12,7,7,5
7,7,9,42,10,8,8,7,5,5,3,6,6,3,6,3,7,5,7,19,5,11,8,6,6,6,6,18,18,17,17,17,4,3,3,13,6,5,5,5,5,3,5,4,4,16,13,3,3,6,6,5,14,5,5,5,13,8,7,6,5,15,8,13,6,4,4,7,9,8,6,5,16,6,5,17,16,16,14,14,14,10,11,12,4,6,5,7,7,24,5,5,25,15,13,15,1,6,6,7,14,13,8,12,6,6,6,7,7,8,7,9,7,14,14,15,8,7,7,8,7,8,13,10,6,5,4,6,6,7,7,6,5,5,8,5,6,5,9,4,7,10,9,20,5,16,3,4,42,15,8,4,3,4,5,3,3,8,13,19,4,3,4,5,2,2,6,4,8,8,7,13,9,4,3,5,5,8,12,15,28,5,25,25,7,7,7,7,7,14,18,4,7,6,6,6,6,6,6,8,8,8,21,6,3,53,11,11,10,10,6,5,3,6,6,10,10,10,8,8,40,8,5,8,8,3,3,12,18,9,8,4,12,12,8,6,7,5,5,5,5,6,4,8,2,2,4,2,2,12,4,4,6,6,5,5,2,0,2,3,3,6,14,13,15,15,15,15,15,3,3,3,16,3,3,1,17,3,3,3,3,6,7,6,6,3,1,2,1,2,3,2,2,2,3,3,3,3,4,12,7,7,7,6,7,5,5,9,26,9,9,4,4,3,4,3,4,6,6,7,3,2,7,7,4,7,6,11,2,3,3,10,7,8,4,21,1,4,5,9,7,7,8,7,3,2,3,12,8,7,5
6,7,9,42,10,7,7,7,4,4,3,6,6,6,6,6,6,7,6,19,7,12,9,5,6,6,6,18,18,17,17,17,5,3,3,13,5,6,6,5,6,2,6,4,4,16,13,4,3,8,8,6,15,7,7,7,13,9,8,8,5,15,11,13,8,4,4,10,9,11,8,8,17,8,7,17,16,15,14,14,14,12,11,13,4,8,5,9,9,25,4,5,25,14,13,15,1,8,6,5,14,13,7,12,8,8,8,10,11,10,9,8,7,14,14,14,10,10,10,7,7,7,12,9,6,7,3,8,5,7,7,6,5,5,8,10,9,5,12,4,6,9,9,20,4,16,7,7,42,15,8,3,3,4,4,6,6,10,13,19,3,3,4,5,2,2,5,7,8,8,7,13,8,7,5,5,5,8,11,14,28,6,25,25,6,6,6,6,6,16,21,4,10,6,6,6,6,6,7,8,9,9,22,5,2,54,12,11,10,9,6,6,5,4,5,11,11,11,8,7,40,10,5,9,9,5,5,13,18,12,11,4,12,12,6,5,8,8,8,8,5,5,8,8,2,2,6,5,5,12,4,4,5,5,8,5,2,2,0,3,3,6,14,13,15,15,16,16,16,3,4,3,16,3,3,2,17,3,3,3,4,7,7,6,7,3,2,2,1,2,3,2,2,2,3,3,3,4,4,12,7,7,7,6,7,6,5,10,25,9,9,5,4,3,5,4,4,6,6,7,3,3,8,7,4,7,6,12,3,4,4,10,8,8,4,21,2,4,5,9,7,7,8,8,3,3,3,12,8,7,5
9,6,8,41,9,7,7,7,4,4,3,5,6,2,5,3,6,5,7,18,5,11,8,6,7,7,7,17,17,17,17,17,4,4,4,13,6,4,4,5,4,3,4,5,3,15,12,2,3,6,6,5,14,5,5,5,13,7,6,6,6,15,8,12,5,4,4,7,8,8,5,5,16,5,5,16,15,15,13,13,13,9,11,12,4,6,4,7,6,24,5,6,24,14,13,14,2,6,8,6,14,13,7,13,5,5,5,6,7,8,6,9,8,14,14,14,8,6,6,7,7,7,12,10,9,5,4,5,6,6,7,6,6,6,8,5,6,6,9,5,7,10,10,19,7,16,3,4,41,13,8,5,5,5,4,3,3,8,13,19,4,3,5,6,3,3,6,3,8,8,8,12,9,4,3,5,4,8,11,14,27,4,24,25,6,6,7,6,7,14,18,4,6,5,6,6,6,6,6,7,8,7,20,6,3,53,11,10,10,10,5,5,3,6,5,10,10,10,8,7,40,8,5,8,8,2,2,12,17,9,8,4,12,12,8,5,7,5,5,5,5,5,3,7,3,3,4,2,2,11,5,5,5,5,5,5,3,3,3,0,3,6,14,14,15,15,16,16,16,3,4,4,16,3,3,2,17,3,3,3,4,7,7,6,7,3,2,2,2,3,4,3,3,3,3,3,3,4,4,12,7,7,7,6,7,6,6,10,25,10,9,5,5,3,5,4,4,6,6,7,3,3,8,7,4,8,6,12,3,4,4,10,8,8,5,21,2,4,5,9,7,7,8,8,4,3,4,12,8,7,5
9,6,8,41,9,7,7,7,4,4,3,5,5,2,5,3,6,5,7,18,5,11,8,6,7,7,7,17,17,17,17,17,4,4,4,13,6,4,4,5,4,3,4,5,3,15,12,2,3,6,6,5,14,5,5,5,13,7,6,6,6,15,8,12,5,4,4,7,8,8,5,5,16,5,5,16,15,15,13,13,13,9,11,11,4,6,4,7,6,24,5,6,24,14,13,14,2,6,8,6,14,13,7,13,5,5,5,6,7,8,6,8,8,14,14,14,8,6,6,7,7,7,12,10,9,5,4,5,6,6,7,6,6,6,8,5,6,6,9,5,7,10,10,19,7,16,3,4,43,13,8,5,5,5,4,3,3,8,13,19,4,3,5,6,3,3,6,3,8,8,8,12,9,4,3,5,4,8,11,14,27,4,24,24,6,6,7,6,7,14,17,4,6,5,6,6,6,6,6,7,8,7,20,6,3,53,11,10,10,10,5,5,3,6,5,10,10,10,8,7,39,8,5,8,8,2,2,12,17,9,8,3,12,12,7,5,7,5,5,5,5,5,3,7,3,3,4,2,2,11,5,5,5,5,5,4,3,3,3,3,0,6,14,14,16,15,16,16,16,3,4,4,17,3,3,2,16,3,3,3,4,7,7,6,7,3,2,2,2,3,4,3,3,3,3,3,3,4,4,12,7,7,7,6,7,6,6,10,25,10,9,5,5,3,5,4,4,6,6,7,3,3,8,7,5,8,6,12,3,4,4,10,8,8,5,21,2,4,5,9,7,7,8,8,4,3,4,12,8,7,5
5,8,14,43,5,7,7,6,7,7,7,5,5,5,5,5,5,4,5,14,10,13,5,2,3,2,2,18,15,15,15,15,8,6,6,17,5,9,9,4,8,4,8,6,3,19,14,6,7,10,10,6,18,10,10,10,14,6,6,5,2,16,10,17,10,8,8,10,12,11,8,8,20,8,8,20,17,17,17,17,17,12,7,12,8,8,8,9,8,26,2,2,26,16,16,18,5,8,2,4,15,16,5,8,8,8,8,9,10,8,9,7,2,9,9,9,7,9,9,7,7,7,8,9,5,4,5,11,5,5,6,5,3,3,6,9,8,4,9,4,5,4,4,21,6,17,6,10,44,8,4,6,7,5,5,8,8,10,9,15,5,6,1,1,3,3,5,7,5,5,4,14,6,9,8,3,3,6,7,16,29,4,27,27,4,4,6,6,6,14,16,9,9,11,11,11,11,11,11,13,13,14,18,8,8,55,8,8,8,5,12,11,9,5,6,15,15,14,4,3,41,12,3,6,6,7,7,10,12,12,10,7,13,13,4,6,5,7,7,7,5,5,6,3,5,5,8,8,8,6,5,5,5,5,5,8,6,6,6,6,6,0,10,10,16,14,15,15,15,7,6,6,14,6,7,7,15,8,8,8,8,8,8,8,8,4,6,6,6,5,6,5,5,5,5,5,5,4,5,14,8,8,8,7,5,7,6,10,26,10,10,3,3,6,4,9,9,4,4,4,6,5,9,4,3,4,3,11,7,8,8,11,12,6,5,22,7,5,10,10,4,6,9,5,8,7,8,13,5,4,10
14,12,19,44,11,16,15,16,16,15,16,14,14,13,14,13,14,13,12,15,14,17,10,11,10,11,10,20,12,13,12,12,15,15,15,20,12,12,12,12,12,12,12,15,11,23,17,15,15,14,14,11,22,15,15,16,18,13,13,10,11,19,13,20,15,15,15,13,16,14,12,11,23,12,11,23,20,20,20,20,21,16,5,16,14,12,14,13,12,27,10,11,28,18,20,21,13,12,10,12,19,21,12,6,12,12,12,14,14,13,16,10,12,4,6,6,16,17,17,16,16,16,11,11,13,14,15,17,15,15,16,15,12,13,14,12,11,14,12,14,15,9,10,22,16,17,15,15,41,3,10,14,15,13,12,12,12,14,2,16,13,13,10,9,12,12,13,11,10,10,10,18,10,13,14,11,10,10,5,19,31,12,27,26,12,12,11,11,11,16,19,16,13,17,18,18,18,18,19,19,20,21,19,18,17,55,11,11,11,14,16,16,18,13,15,20,20,20,13,12,42,16,12,11,11,14,13,7,13,16,15,14,16,16,11,14,9,11,11,11,14,14,12,11,14,14,15,14,14,4,14,14,13,13,11,15,14,14,14,14,14,10,0,1,19,11,12,12,12,13,12,13,15,13,13,13,14,13,13,13,13,11,11,13,11,11,12,12,12,12,12,11,11,11,11,11,11,10,11,17,10,10,10,11,12,11,10,11,26,11,12,10,10,12,11,12,12,9,9,11,12,12,9,9,10,7,8,8,13,13,13,13,16,9,11,25,13,12,13,14,7,10,10,9,14,13,14,14,9,7,12
13,12,18,44,10,15,15,15,15,15,15,13,13,12,13,12,13,12,11,14,13,17,9,10,9,10,9,20,13,13,13,12,13,14,14,19,12,11,11,11,11,11,11,14,10,22,17,14,14,14,14,10,21,15,15,15,19,12,12,9,11,20,12,19,14,14,14,13,16,13,11,10,23,11,10,23,20,20,19,20,20,15,4,15,13,11,14,12,12,27,10,10,29,18,19,21,12,11,9,11,21,20,11,5,11,11,11,13,13,12,14,9,11,2,5,5,16,17,16,15,16,16,11,10,12,13,14,16,15,14,15,14,12,12,13,11,11,13,11,13,14,8,9,23,15,18,14,14,44,3,9,13,14,12,12,11,11,13,2,15,12,12,10,8,11,11,12,11,10,10,9,18,9,12,13,10,10,9,1,19,31,11,27,27,11,11,10,10,10,16,18,15,12,16,17,17,17,17,18,18,19,20,18,17,16,55,10,10,11,13,15,15,17,13,14,19,19,19,12,11,43,15,11,10,10,13,13,7,13,15,14,14,17,17,10,13,8,10,10,10,13,13,11,10,13,13,14,13,13,4,13,13,12,12,10,14,13,13,13,14,14,10,1,0,19,14,14,14,14,12,11,12,14,12,12,12,13,12,13,12,12,10,10,12,10,10,11,11,12,11,11,11,11,11,10,10,10,9,10,16,9,9,9,11,11,11,9,11,25,11,11,9,10,12,10,11,12,8,8,10,11,11,9,8,10,7,7,10,12,12,12,12,15,9,11,25,12,11,13,13,6,9,9,9,13,12,13,14,8,6,11
17,13,15,36,16,16,16,16,15,15,15,19,19,17,19,17,19,18,13,22,15,9,14,14,16,15,14,10,17,17,17,17,15,16,16,20,15,15,14,18,14,17,15,16,18,23,12,16,15,15,16,17,21,18,18,18,5,21,21,18,18,12,20,19,15,14,14,19,13,20,18,18,22,17,18,22,7,7,19,19,19,19,17,21,14,17,14,18,17,19,16,17,18,3,19,21,17,18,19,14,6,20,15,22,23,22,22,26,30,32,28,18,26,30,28,25,24,24,23,24,24,26,17,15,16,23,23,20,23,24,23,24,19,18,22,19,19,21,22,20,22,19,20,4,18,5,20,19,33,20,14,15,15,13,13,17,18,20,18,23,14,13,16,16,17,17,19,16,15,15,15,11,15,17,17,18,18,14,19,12,22,18,19,19,13,13,12,13,12,21,24,18,21,15,15,15,15,15,16,19,17,16,24,18,22,46,15,15,15,16,16,16,17,15,14,17,17,17,16,16,34,20,18,14,14,16,16,13,19,21,20,13,9,9,16,14,14,17,17,17,14,14,18,18,15,15,16,16,16,18,15,15,14,14,16,15,15,15,15,15,16,16,19,19,0,17,18,18,18,17,16,16,22,16,15,15,22,15,16,16,16,17,17,18,17,15,15,15,14,15,16,15,15,15,15,15,15,13,15,5,17,17,17,18,20,18,13,20,20,20,20,15,14,16,15,17,17,16,16,16,16,16,18,15,18,14,15,13,16,14,14,21,16,19,18,15,15,17,18,14,14,14,18,15,16,15,16,22,14,14,15
17,13,21,42,14,17,17,17,15,15,15,17,17,17,18,18,17,16,13,21,17,14,11,13,13,14,13,17,2,2,2,1,17,16,17,23,14,16,16,16,16,16,16,17,16,26,15,16,15,19,19,15,25,19,19,19,15,17,17,13,15,15,17,23,19,16,16,19,18,18,16,15,26,16,16,26,17,17,23,23,24,20,14,20,16,15,15,16,15,18,14,14,25,15,23,24,17,16,13,13,17,23,14,16,17,16,17,19,19,17,19,14,17,15,17,17,21,19,19,21,21,21,14,12,14,18,19,19,19,19,19,18,16,16,18,16,15,17,16,18,19,13,13,19,17,15,19,17,38,13,12,17,17,15,14,16,16,19,10,22,14,14,14,13,15,15,18,16,14,14,14,15,13,17,18,15,14,11,14,16,26,16,18,18,13,13,12,12,12,20,22,16,16,19,19,19,19,19,20,19,19,19,22,17,21,53,12,12,12,14,18,17,18,15,15,22,22,22,16,15,41,19,15,11,11,16,16,4,18,19,18,14,14,14,13,14,10,15,14,14,14,14,16,14,15,15,17,16,16,14,15,15,14,14,14,16,15,15,15,15,15,14,11,14,17,0,1,1,1,17,16,16,22,16,15,15,21,16,16,16,16,17,17,19,16,14,15,15,15,15,16,15,15,15,14,14,14,13,14,15,16,16,16,17,17,17,13,17,20,17,18,14,14,16,15,17,17,14,14,16,15,15,15,13,16,12,13,5,17,16,17,19,19,15,18,23,16,16,19,17,12,10,16,13,17,16,17,21,11,12,18
18,13,22,43,14,18,17,17,16,16,16,18,18,18,18,18,18,17,14,22,18,15,12,14,14,15,13,18,1,1,1,1,17,17,17,24,15,17,17,17,16,17,16,18,16,27,16,17,16,19,19,15,25,20,20,20,16,17,18,14,15,16,18,24,20,17,17,19,19,19,17,16,27,17,16,26,18,18,24,24,24,21,15,21,16,16,16,17,16,19,14,15,26,16,23,25,17,16,13,14,18,24,14,16,18,17,17,19,20,18,20,15,18,15,18,18,22,20,20,22,22,22,15,13,15,18,19,19,20,19,19,19,17,17,19,16,16,18,16,18,19,13,14,20,17,15,20,18,39,14,13,17,18,16,14,17,17,19,11,22,14,15,15,13,16,16,18,17,15,15,14,15,13,18,18,16,15,12,15,17,26,17,19,19,13,13,12,12,12,20,23,17,17,19,20,19,20,19,20,19,20,20,23,18,22,54,13,13,13,15,18,18,19,16,15,23,23,23,16,15,41,20,15,12,12,16,16,5,18,20,19,14,14,14,14,15,11,15,15,15,14,14,16,14,15,15,18,17,17,15,16,16,15,15,15,17,15,15,16,16,16,15,12,14,18,1,0,18,18,18,17,17,23,17,17,16,22,17,17,17,18,18,18,20,18,15,16,16,16,16,17,16,16,16,16,16,15,15,15,17,17,17,17,18,18,18,14,18,21,18,19,16,15,17,17,18,18,15,15,17,16,16,16,14,16,13,14,6,18,18,18,20,20,16,19,24,17,18,20,18,13,12,17,14,18,17,18,22,12,13,19
18,13,22,43,14,18,17,17,16,16,16,18,18,18,18,18,18,17,14,22,18,15,12,14,14,15,13,18,1,1,1,1,17,17,17,24,15,17,17,17,16,17,16,18,16,27,16,17,16,19,19,15,25,20,20,20,16,17,18,14,15,16,18,24,20,17,17,19,19,19,17,16,27,17,16,26,18,18,24,24,24,21,15,21,16,16,16,17,16,19,14,15,26,16,23,25,17,16,13,14,18,24,14,16,18,17,17,19,20,18,20,15,18,15,18,18,22,20,20,22,22,22,15,13,15,18,19,19,20,19,19,19,17,17,19,16,16,18,16,18,19,13,14,20,17,15,20,18,39,14,13,17,18,16,14,17,17,19,11,22,14,15,15,13,16,16,18,17,15,15,14,15,13,18,18,16,15,12,15,17,26,17,19,19,13,13,12,12,12,20,23,17,17,19,20,19,20,19,20,19,20,20,23,18,22,54,13,13,13,15,18,18,19,16,15,23,23,23,16,15,41,20,15,12,12,16,16,5,18,20,19,14,14,14,14,15,11,15,15,15,14,14,16,14,15,15,18,17,17,15,16,16,15,15,15,17,15,15,16,16,16,15,12,14,18,1,18,0,19,18,18,17,23,17,17,17,22,17,18,17,18,18,18,20,18,15,17,16,16,16,17,16,16,16,16,16,16,15,15,16,17,17,17,18,18,18,14,18,22,18,18,15,15,17,16,18,18,15,15,16,17,16,16,14,16,13,15,6,18,18,18,20,20,16,18,24,17,18,20,18,13,12,17,14,18,17,18,22,12,13,19
18,13,22,43,14,18,17,17,16,16,16,18,18,18,18,18,18,17,14,22,18,15,12,14,14,15,13,18,1,1,1,1,17,17,17,24,15,17,17,17,16,17,16,18,16,27,16,17,16,19,19,15,25,20,20,20,16,17,18,14,15,16,18,24,20,17,17,19,19,19,17,16,27,17,16,26,18,18,24,24,24,21,15,21,16,16,16,17,16,19,14,15,26,16,23,25,17,16,13,14,18,24,14,16,18,17,17,19,20,18,20,15,18,15,18,18,22,20,20,22,22,22,15,13,15,18,19,19,20,19,19,19,17,17,19,16,16,18,16,18,19,13,14,20,17,15,20,18,38,14,13,17,18,16,14,17,17,19,11,22,14,15,15,13,16,16,18,17,15,15,14,15,13,18,18,16,15,12,15,17,26,17,19,19,13,13,12,12,13,20,23,17,17,19,20,19,20,19,20,19,20,20,23,18,22,54,13,13,13,15,18,18,19,16,15,23,23,23,16,15,41,20,15,12,12,16,16,5,18,20,19,14,14,14,14,15,11,15,15,15,14,14,16,14,15,15,18,17,17,15,16,16,15,15,15,17,15,15,16,16,16,15,12,14,18,1,18,19,0,18,18,18,23,17,17,17,22,17,17,17,18,17,17,20,17,15,17,17,16,16,17,16,16,16,16,16,16,15,15,16,17,17,17,18,18,18,14,18,22,18,18,15,15,17,17,18,18,15,15,17,17,16,16,14,16,13,15,6,18,18,18,20,20,16,18,24,17,18,20,18,13,12,17,14,18,17,18,21,12,13,19
7,8,10,43,10,8,7,7,4,4,4,5,6,2,6,3,6,5,7,19,8,12,9,6,6,7,6,18,18,18,18,18,6,4,3,14,6,7,7,5,6,3,6,4,4,17,14,5,4,9,8,5,15,8,8,8,13,7,6,6,5,16,8,15,8,5,5,7,9,8,5,5,17,6,5,17,16,16,14,14,15,10,12,11,5,6,5,7,6,25,5,6,26,15,13,15,2,6,8,6,14,14,7,13,5,5,5,6,7,8,6,10,8,16,14,16,7,6,6,7,7,7,13,9,7,5,4,9,6,7,7,6,6,6,8,5,6,6,9,5,7,10,10,20,5,17,3,7,43,15,8,4,4,4,5,3,3,8,13,20,4,4,5,6,3,3,5,4,8,8,8,13,9,4,5,5,4,9,12,15,28,4,26,26,7,7,7,7,7,14,18,5,6,6,7,7,7,7,7,8,9,10,20,6,3,55,12,12,11,10,7,6,6,5,6,11,11,11,9,9,41,9,5,9,9,5,5,13,17,9,7,4,13,13,8,5,8,5,5,5,5,5,4,7,2,2,6,1,1,11,4,4,6,6,5,5,3,3,3,3,3,7,13,12,17,17,18,18,18,0,1,1,15,2,2,4,15,3,3,3,3,3,3,2,3,5,4,4,3,4,5,4,4,4,5,5,5,6,6,13,3,3,3,2,7,2,7,6,26,6,7,6,7,5,7,3,4,8,8,9,4,4,5,9,7,8,8,13,5,4,5,8,9,6,5,22,4,6,5,10,8,8,5,9,5,4,5,9,9,8,5
9,7,9,42,10,8,8,7,5,5,3,5,5,1,5,2,5,4,7,18,5,12,8,7,7,7,7,18,18,18,17,17,4,5,3,13,6,5,5,4,5,3,5,4,3,16,13,3,3,6,6,4,14,5,6,6,13,6,5,5,5,15,7,13,6,4,4,6,9,7,4,4,16,5,4,17,16,16,14,14,14,9,10,10,4,5,5,6,5,25,5,5,25,15,13,15,2,5,7,6,14,13,8,12,4,4,4,5,6,7,5,9,7,15,12,15,6,5,5,6,6,6,13,11,10,4,4,6,5,5,6,5,7,7,7,4,5,7,8,6,6,9,9,20,5,17,1,5,43,14,7,4,4,6,5,3,3,7,13,19,4,3,4,5,3,3,5,3,9,9,9,13,10,3,4,4,3,8,11,15,28,3,25,25,7,7,7,7,7,13,17,4,5,6,6,6,7,6,6,7,8,8,19,7,3,54,11,11,10,10,6,5,3,7,6,11,10,10,9,8,40,8,4,8,8,3,3,12,16,8,7,4,12,12,7,6,7,4,4,4,6,6,3,7,2,2,4,2,2,10,4,4,6,6,4,5,3,3,4,4,4,6,12,11,16,16,17,18,18,1,0,1,13,1,1,3,13,2,2,2,3,3,3,2,3,4,3,3,3,4,5,4,4,4,4,4,4,5,5,13,3,3,3,2,4,2,7,6,26,6,7,6,6,4,6,3,3,7,7,7,4,4,5,7,4,6,6,12,2,4,4,8,8,5,2,22,3,5,4,10,5,8,5,8,4,3,4,9,8,5,5
9,7,9,42,9,8,8,7,5,5,3,5,5,2,5,2,5,4,7,18,5,11,8,7,7,7,7,17,17,17,17,17,4,4,3,13,6,4,4,4,5,3,5,4,3,16,13,2,3,6,6,4,14,5,5,5,13,7,6,5,5,15,7,13,6,4,4,7,9,7,5,4,16,5,4,17,15,15,14,13,14,9,11,10,4,5,5,6,6,24,5,5,25,14,13,15,1,5,7,6,14,13,8,12,5,5,5,6,6,7,5,9,7,15,13,15,7,5,5,6,6,7,12,11,7,4,4,6,5,6,6,5,5,6,7,4,5,7,8,5,6,9,9,20,5,16,2,4,42,14,8,4,4,5,5,2,2,7,13,19,4,3,4,5,2,2,5,3,9,9,8,12,9,3,3,4,4,8,11,14,28,4,25,25,7,7,7,7,7,13,17,4,6,5,6,6,6,6,6,7,8,8,19,6,3,54,11,10,10,10,5,5,3,6,6,10,10,10,8,8,40,9,4,8,8,2,2,12,17,9,7,4,12,12,8,6,7,4,4,4,5,6,3,7,2,2,4,2,2,10,4,4,6,6,4,5,3,3,3,4,4,6,13,12,16,16,17,17,18,1,1,0,13,1,1,3,13,2,2,2,2,3,3,3,3,4,3,3,2,3,4,3,3,3,4,4,4,5,5,13,3,3,3,2,4,2,7,7,25,7,7,6,6,4,6,2,3,7,7,7,4,4,5,7,4,6,6,12,3,4,4,8,8,5,2,21,3,5,4,9,6,7,5,8,4,3,4,10,8,6,5
19,17,21,48,16,21,21,20,20,20,18,14,14,15,15,15,14,14,16,19,15,20,14,15,15,15,14,26,23,22,22,22,15,17,17,19,17,13,13,13,13,14,13,17,12,24,21,15,16,15,15,12,23,17,17,17,23,14,16,11,14,24,11,23,17,18,18,12,20,13,14,12,24,13,12,25,24,24,22,22,22,15,13,12,17,13,16,12,13,31,12,12,32,21,22,23,15,13,13,16,23,20,17,15,14,14,14,13,14,13,15,16,14,15,16,17,17,15,15,17,16,16,17,16,17,13,16,16,15,14,15,15,16,16,16,13,14,17,13,16,15,15,15,27,20,22,16,15,47,16,14,17,17,17,16,13,13,14,16,20,16,16,12,13,14,14,14,13,15,15,15,23,15,14,16,12,12,15,15,24,34,13,31,32,17,16,15,15,15,2,2,18,14,19,20,19,20,19,20,20,21,21,6,24,19,60,17,16,16,18,18,18,19,18,19,21,21,21,17,16,46,14,13,15,15,14,14,18,14,13,12,17,21,21,15,18,13,12,12,12,17,18,13,13,16,15,16,15,15,14,17,17,16,16,11,16,17,16,16,16,17,14,15,14,22,22,23,23,23,15,13,13,0,14,14,16,4,15,15,15,15,14,14,16,14,16,16,16,16,16,18,17,17,17,17,17,16,16,16,20,14,14,14,15,13,15,15,12,31,12,13,16,16,17,17,14,15,15,15,16,17,16,12,15,15,13,14,16,17,15,15,12,18,12,14,27,16,17,15,19,12,15,13,15,17,16,17,11,14,12,14
9,7,8,41,9,8,8,7,4,5,3,5,5,2,5,2,5,4,7,18,5,11,8,6,7,7,7,17,17,17,17,17,4,4,3,13,6,4,4,4,5,3,5,4,3,15,13,2,3,6,6,4,14,5,5,5,13,7,6,5,5,15,7,13,6,4,4,7,9,7,5,4,16,5,4,16,15,15,13,13,13,9,11,10,4,5,4,6,6,24,5,5,25,14,13,15,1,5,7,6,14,13,8,13,5,5,5,6,6,7,6,9,7,15,13,15,7,6,6,6,7,7,12,10,6,4,4,6,5,6,7,6,5,5,7,4,5,7,9,4,6,9,9,20,5,16,2,4,42,14,8,4,4,5,5,2,2,8,13,19,4,3,4,5,2,2,5,3,8,8,8,12,9,3,3,4,4,8,11,14,28,4,25,25,7,7,7,6,7,13,17,4,6,5,6,6,6,6,6,7,8,7,19,6,3,54,11,10,10,10,5,5,3,6,5,10,10,10,8,8,40,9,4,8,8,2,2,12,17,9,7,4,12,12,8,5,7,5,5,4,5,5,3,7,2,2,4,2,2,10,4,4,6,6,4,5,3,3,3,3,3,6,13,12,16,16,17,17,17,2,1,1,14,0,1,3,13,2,2,2,2,3,3,3,3,4,3,3,2,3,4,3,3,3,4,4,4,5,5,12,3,3,3,2,4,2,6,7,25,7,7,6,6,4,6,2,3,7,7,7,4,3,5,7,4,6,6,12,3,4,4,8,8,5,2,21,3,5,4,9,6,7,5,8,4,3,4,10,8,6,5
9,6,8,41,9,7,8,7,4,4,3,5,5,2,5,2,5,5,7,18,5,11,8,6,6,7,7,17,17,17,17,16,4,4,4,12,5,4,4,4,4,3,4,5,3,15,12,2,2,6,6,4,14,5,5,5,12,7,6,6,5,14,8,12,5,4,4,7,8,8,5,5,16,5,5,16,15,15,13,13,13,9,11,11,4,6,4,6,6,24,5,5,24,14,12,14,2,6,7,6,14,13,7,13,5,5,5,6,6,7,6,8,8,14,13,14,7,6,6,7,7,7,12,10,10,4,4,5,6,6,7,6,5,6,8,5,6,6,9,5,7,10,9,20,6,16,2,4,41,13,8,5,5,5,4,2,2,8,13,19,4,3,4,6,2,3,5,3,8,8,8,12,9,4,3,5,4,8,11,14,27,4,24,24,6,6,6,6,6,14,17,3,6,5,6,5,6,5,6,7,7,7,20,6,3,53,11,10,10,10,5,5,3,6,5,10,10,10,8,7,39,8,4,8,8,2,2,12,17,9,7,3,12,12,7,5,7,5,5,5,5,5,3,7,3,3,3,2,2,11,5,5,5,5,5,4,3,3,3,3,3,7,13,12,15,15,17,17,17,2,1,1,14,1,0,2,14,1,2,2,2,4,4,3,4,4,2,3,2,3,4,3,3,3,3,3,3,5,4,12,4,4,4,3,4,3,6,7,25,7,7,5,6,4,5,2,2,7,7,7,3,3,5,7,4,6,7,12,3,4,4,9,8,5,3,21,2,5,4,9,6,7,5,8,3,3,3,10,8,6,4
7,5,7,40,8,5,5,5,2,2,2,8,8,5,7,5,8,7,5,19,6,10,7,5,5,6,5,16,16,16,16,16,4,3,3,12,4,5,5,7,5,4,5,4,5,14,12,3,2,7,7,6,13,6,6,6,11,10,9,8,8,14,10,12,7,3,3,10,7,10,8,7,15,7,7,15,14,14,12,12,13,10,11,12,3,7,3,8,8,23,7,8,24,13,12,14,3,8,8,4,13,12,6,13,7,8,8,9,9,11,8,7,10,17,17,18,11,9,9,10,11,10,10,9,6,8,5,7,7,9,10,9,7,7,10,7,8,7,12,6,10,11,11,18,5,15,5,6,40,15,6,4,4,4,3,5,5,10,13,18,2,2,7,6,4,4,8,6,8,8,8,11,8,6,4,7,6,7,12,13,27,6,24,24,5,5,5,5,5,16,19,3,8,4,5,5,5,5,5,5,6,6,24,3,4,52,10,9,8,7,4,4,4,4,3,9,9,9,6,5,39,9,7,7,7,3,3,11,18,10,10,3,11,11,6,4,6,7,7,7,3,4,5,9,2,2,4,4,4,11,5,5,4,4,6,3,1,1,2,2,2,7,13,12,15,15,16,17,17,4,3,3,16,3,2,0,17,4,4,4,4,6,6,5,6,3,2,2,2,2,3,2,2,2,2,2,2,3,3,13,6,6,6,5,7,5,4,9,26,9,9,4,4,2,4,5,5,6,6,6,2,2,7,6,4,6,5,12,3,4,5,10,8,8,4,21,2,3,6,9,6,7,8,7,4,3,4,12,6,6,6
19,18,21,47,17,21,21,21,20,21,19,15,15,15,15,15,15,14,17,18,15,19,14,15,15,16,15,24,21,21,21,21,16,18,16,20,17,14,13,13,13,14,13,17,12,24,20,16,16,16,16,12,24,18,18,18,21,14,15,11,15,24,11,23,17,18,18,12,21,14,14,13,25,14,13,26,23,23,22,23,23,15,12,13,17,14,17,13,13,30,12,12,30,20,22,23,15,14,14,17,22,20,17,13,15,15,14,14,14,14,16,17,15,17,18,17,17,16,16,18,17,17,18,17,18,14,16,16,15,15,16,15,17,17,17,14,14,18,14,17,16,16,15,26,21,21,16,16,46,16,14,17,18,17,17,13,14,14,14,18,17,16,13,13,14,14,15,14,16,16,16,21,16,15,17,13,12,16,14,23,32,13,30,30,16,16,15,15,15,4,5,19,14,20,20,20,20,20,20,21,21,22,5,25,19,59,17,17,17,19,19,19,20,19,20,22,21,21,18,17,45,15,13,16,15,15,14,17,12,14,13,18,20,20,16,19,14,13,13,13,18,19,14,14,16,16,17,16,16,14,18,18,17,17,12,17,17,17,17,17,16,15,14,13,22,21,22,22,22,15,13,13,4,13,14,17,0,11,12,11,11,10,11,13,10,12,12,12,12,13,14,13,13,13,13,13,12,12,13,17,10,10,10,11,10,11,11,9,28,9,9,12,12,13,13,11,11,11,11,13,13,13,9,11,11,9,10,13,14,11,11,9,14,8,10,24,12,13,12,15,9,12,9,12,13,12,13,7,11,9,11
8,6,8,41,9,7,7,7,4,4,1,7,7,3,7,4,7,6,7,18,5,11,8,6,6,7,7,17,17,17,17,17,3,4,4,12,5,4,4,6,5,4,4,5,4,15,12,1,1,6,6,6,14,5,5,5,12,9,8,7,7,14,9,12,5,3,3,8,8,9,7,6,16,5,6,16,15,15,13,13,13,9,11,11,3,6,3,7,7,24,6,7,25,14,12,14,3,7,9,5,13,12,7,15,6,6,6,8,8,9,6,8,9,16,16,16,9,8,8,8,9,9,10,9,8,6,6,5,7,8,8,7,7,7,9,6,7,7,10,6,9,11,11,19,6,15,4,4,42,13,8,4,5,5,4,4,4,9,14,19,4,3,6,7,4,4,6,5,8,8,8,12,9,5,3,6,5,8,12,14,27,5,24,24,6,6,6,6,6,14,18,2,7,5,6,5,5,5,6,6,6,6,22,5,4,53,10,9,9,9,3,3,1,5,5,10,10,10,8,7,39,8,6,8,8,2,2,12,17,9,9,3,12,12,7,5,7,6,6,6,5,5,4,8,3,3,4,3,3,11,5,5,5,5,6,3,3,3,3,3,3,8,13,12,15,16,17,17,17,3,2,2,15,2,1,4,11,0,1,1,2,5,5,4,5,4,3,3,3,3,4,4,4,4,4,4,4,5,5,13,5,5,5,4,5,4,7,9,26,8,8,6,6,4,5,2,3,8,8,8,4,4,7,8,6,7,8,12,4,4,4,9,8,6,4,21,3,5,4,9,7,8,7,8,4,3,4,11,8,7,5
8,6,8,41,9,7,7,7,4,4,1,7,7,4,7,4,7,6,7,18,4,11,8,6,7,7,7,17,17,17,17,17,3,4,4,13,6,4,4,6,4,4,4,5,5,16,13,1,2,5,5,6,14,6,5,5,12,9,8,8,7,14,9,13,5,3,3,9,8,9,8,6,16,5,7,16,15,15,13,13,13,10,11,12,3,7,3,9,7,24,7,7,25,14,13,14,3,7,9,6,14,13,7,15,7,7,7,8,8,10,7,8,10,16,16,16,9,12,8,9,9,9,11,10,8,7,6,5,8,8,9,8,7,7,9,6,7,7,11,6,9,12,11,19,6,16,4,4,43,13,8,5,5,5,5,4,4,9,14,19,4,3,6,7,4,4,7,5,9,9,9,12,9,5,3,6,6,8,12,14,27,5,24,25,7,7,7,7,7,15,18,2,8,5,6,5,6,5,6,6,6,6,22,5,5,53,10,10,9,9,3,3,1,6,5,10,10,10,8,7,40,8,6,8,8,2,3,12,17,10,9,3,12,12,8,5,7,6,6,6,5,5,5,9,3,3,4,3,3,11,5,5,6,5,7,3,3,3,3,3,3,8,13,13,16,16,17,18,17,3,2,2,15,2,2,4,12,1,0,2,2,5,5,4,5,4,3,3,2,3,4,3,3,3,3,3,4,4,4,12,5,5,5,4,5,4,6,8,25,8,8,5,6,4,5,2,2,7,7,8,3,3,6,8,5,7,8,12,4,4,4,8,8,6,4,21,3,4,4,9,7,7,7,7,3,3,3,11,8,7,4
8,6,8,41,9,7,7,7,4,4,1,7,7,4,7,4,7,6,7,18,5,11,8,6,6,7,7,17,17,17,17,17,4,4,4,12,5,4,4,6,5,4,5,5,4,15,12,1,1,6,6,6,14,5,5,5,12,9,8,7,7,14,9,12,6,3,3,8,8,9,7,6,16,5,7,16,15,15,13,13,13,9,11,12,3,6,3,7,7,24,7,7,25,14,13,14,3,7,9,6,13,13,7,15,7,7,7,8,8,9,6,8,10,16,16,16,9,8,8,9,9,9,11,9,8,6,6,5,7,8,9,7,7,7,9,6,7,7,10,6,9,11,11,19,6,15,4,4,42,13,8,5,5,5,4,4,4,9,14,19,4,3,6,7,4,4,7,5,8,9,8,12,9,5,3,6,5,8,12,14,27,5,24,24,6,6,6,7,6,15,18,2,8,5,6,5,6,5,6,6,6,6,22,5,5,53,10,10,9,9,3,3,1,6,5,10,10,10,8,7,39,8,6,8,8,2,2,12,17,9,9,3,12,12,7,5,7,6,6,6,5,5,5,8,3,3,4,3,3,11,5,5,5,5,6,3,3,3,3,3,3,8,13,12,16,16,17,17,17,3,2,2,15,2,2,4,11,1,2,0,2,5,5,4,5,4,3,3,3,3,4,3,3,3,4,4,4,5,5,13,5,5,5,4,5,4,7,8,25,8,8,5,6,4,5,2,2,8,8,8,4,3,6,8,5,7,8,12,4,4,4,8,8,6,4,21,3,5,4,9,7,8,7,8,4,3,4,11,8,7,4
9,7,9,42,10,8,8,7,5,5,3,7,7,4,7,4,7,6,7,18,3,12,8,7,7,8,7,18,18,17,17,17,4,5,5,12,6,3,3,6,3,5,3,5,5,15,13,2,3,4,4,5,14,3,3,3,13,9,8,8,8,15,9,12,4,4,4,8,9,8,6,6,15,5,6,15,16,16,12,12,13,9,11,11,4,7,4,7,7,25,7,7,25,15,12,13,3,6,9,6,14,12,8,16,8,7,6,8,9,9,6,9,10,15,17,15,9,7,7,8,9,9,12,11,10,6,6,3,8,8,9,8,7,8,9,7,7,7,11,6,9,12,11,20,7,17,4,2,43,12,8,5,5,6,5,4,4,9,13,19,4,3,6,7,4,4,7,5,9,9,9,13,10,5,1,6,6,8,12,15,28,5,25,25,7,7,7,7,7,15,18,4,7,5,6,5,6,6,6,5,6,6,24,6,5,54,11,11,10,10,4,4,3,6,6,11,11,10,9,8,40,8,6,8,8,2,2,13,17,9,9,4,12,12,8,6,7,6,6,6,6,6,5,9,4,4,3,3,3,10,6,6,6,6,5,4,4,3,4,4,4,8,13,12,16,16,18,18,18,3,3,2,15,2,2,4,11,2,2,2,0,4,4,5,4,5,3,4,3,4,5,4,4,4,4,4,4,6,5,14,4,4,4,5,6,5,7,7,27,7,7,6,7,5,6,2,2,8,8,9,4,4,5,8,6,8,8,13,5,4,4,7,9,6,5,22,4,5,3,10,8,8,5,8,4,3,4,10,9,8,4
12,11,10,42,9,11,11,10,8,8,7,5,5,4,6,4,5,5,10,16,5,12,8,9,9,9,8,18,17,17,17,17,5,8,6,12,9,4,4,4,3,5,3,7,5,14,14,6,6,6,6,3,13,6,6,6,16,6,6,5,7,17,6,11,5,7,7,5,10,6,3,3,14,2,2,14,16,16,12,12,12,8,8,8,6,4,6,5,4,26,6,7,26,15,12,13,5,2,8,10,16,12,10,10,3,3,3,4,4,5,2,9,9,11,11,11,7,3,3,7,7,7,11,12,13,6,7,4,8,6,5,6,10,10,6,3,3,10,6,9,9,8,9,22,8,19,4,4,50,11,9,7,7,8,8,3,3,6,11,17,7,6,6,7,5,6,5,1,9,9,9,13,9,2,5,6,6,9,9,15,29,6,26,26,10,10,9,9,9,14,16,7,4,7,8,7,8,8,8,8,8,9,17,10,6,53,11,11,10,12,6,6,6,10,9,11,11,11,11,10,41,6,6,9,9,4,4,12,15,7,6,7,13,13,9,9,7,3,3,3,9,9,4,8,5,5,6,4,4,8,8,7,9,9,3,6,6,6,7,7,7,8,11,10,17,17,18,18,17,3,3,3,14,3,4,6,10,5,5,5,4,0,1,4,2,8,6,7,6,7,8,7,7,7,7,7,7,9,8,13,2,2,1,2,5,2,9,5,26,5,5,10,10,7,9,5,5,8,8,10,7,7,3,8,8,7,7,12,8,5,5,6,9,4,6,22,7,8,6,10,6,9,3,9,7,6,7,8,8,6,5
12,11,10,42,9,11,11,11,8,8,7,6,5,4,6,4,5,5,10,16,5,13,8,9,9,9,8,18,18,17,17,17,6,8,6,12,9,4,4,4,3,6,3,8,5,14,14,6,6,6,6,3,13,6,6,6,16,6,6,5,7,17,6,11,6,7,7,5,10,6,3,3,14,2,2,15,16,16,12,12,12,8,8,8,6,4,7,5,4,26,7,7,26,16,12,13,5,2,8,10,16,12,10,10,3,3,3,5,5,6,2,9,9,11,11,11,7,3,3,7,7,7,11,12,13,7,7,4,8,6,6,6,10,10,6,3,3,10,6,9,9,8,9,22,9,19,4,4,50,11,9,7,7,8,8,3,3,6,11,17,7,6,6,7,6,6,5,1,9,9,9,13,9,2,5,6,6,9,9,15,29,6,26,26,10,10,9,9,9,14,16,7,4,7,8,8,9,8,9,8,8,9,17,10,6,53,11,11,10,13,6,6,7,10,9,11,11,11,11,10,41,6,6,9,9,4,4,12,15,7,6,7,13,13,9,9,8,3,3,3,9,9,4,8,6,6,6,4,4,8,8,8,9,9,3,6,7,7,7,7,7,8,11,10,17,17,18,18,17,3,3,3,14,3,4,6,11,5,5,5,4,1,0,3,2,7,6,7,6,7,8,7,7,7,7,7,7,9,8,13,1,1,1,2,5,2,9,5,26,5,5,9,9,7,9,5,5,8,8,10,7,7,3,8,8,6,7,12,8,5,5,6,9,4,6,22,7,8,6,10,6,9,3,9,7,6,7,8,8,6,5
11,10,11,44,11,10,10,10,7,7,6,6,6,3,6,4,6,6,10,18,7,15,10,8,8,8,8,20,20,20,20,20,7,7,6,14,8,6,6,6,5,5,5,6,4,16,15,5,5,8,8,5,15,8,8,8,16,8,7,7,6,18,8,14,8,6,6,7,11,8,5,5,16,4,4,17,18,18,14,14,14,10,10,10,6,6,7,7,6,28,6,7,28,18,14,15,4,3,8,9,17,14,11,12,5,5,5,6,6,7,4,11,9,13,13,13,8,5,5,8,8,8,13,13,12,5,7,6,7,7,8,7,8,8,8,4,5,9,8,8,8,11,10,22,7,19,3,6,47,13,9,6,6,8,7,3,3,8,13,19,6,5,5,7,5,5,6,3,11,10,9,15,11,4,6,6,5,11,12,18,31,5,28,28,9,9,9,9,9,16,18,7,6,8,9,8,9,8,9,10,10,10,19,10,6,56,13,13,12,12,8,8,6,9,8,13,13,13,10,9,42,8,5,11,11,5,5,15,17,9,8,6,15,15,9,8,10,5,5,5,8,8,5,8,5,5,7,3,3,10,7,7,8,8,5,7,6,6,6,6,6,8,13,12,18,19,20,20,20,2,2,3,16,3,3,5,13,4,4,4,5,4,3,0,2,7,6,6,5,6,7,6,6,6,6,7,7,8,7,14,3,3,3,2,6,2,9,6,27,6,6,8,9,7,8,5,6,9,9,11,7,6,4,9,8,7,8,13,7,6,6,7,10,5,7,23,6,8,7,11,7,10,4,10,7,6,7,9,9,7,6
12,11,10,42,9,11,11,10,8,8,7,5,5,4,6,4,5,5,10,16,5,12,8,9,9,9,8,18,17,17,17,17,5,8,6,11,9,4,4,4,3,5,3,7,5,14,14,6,6,6,6,3,13,6,6,6,16,6,6,5,7,17,6,11,5,7,7,5,10,6,3,3,14,2,2,14,16,16,12,12,12,7,8,8,6,4,6,5,4,26,6,7,26,15,12,13,5,2,8,9,16,12,10,10,3,3,3,4,4,5,2,9,9,11,11,11,7,3,3,7,7,7,11,12,13,6,7,4,8,6,5,6,10,10,6,3,3,10,6,9,9,8,9,22,8,19,4,4,49,11,9,7,7,8,8,3,3,6,11,17,7,6,6,7,5,6,5,1,9,9,9,13,8,2,5,6,6,9,9,15,28,6,26,26,10,10,9,9,9,14,16,7,4,7,8,7,8,8,8,8,8,9,17,10,6,53,11,11,10,13,6,6,6,10,9,11,11,11,11,10,40,6,6,9,9,4,4,12,15,7,6,7,13,13,9,9,7,3,3,3,9,9,4,8,5,5,6,4,4,8,8,7,9,9,3,6,6,6,7,7,7,8,11,10,17,16,18,18,17,3,3,3,14,3,4,6,10,5,5,5,4,2,2,2,0,8,6,7,6,7,8,7,7,7,7,7,7,9,8,14,2,2,1,2,5,2,9,5,27,5,5,10,10,8,9,5,5,9,8,10,7,7,3,8,8,7,8,12,8,5,5,6,9,4,6,22,7,8,6,10,6,9,3,9,7,6,7,8,8,6,5
4,4,9,40,6,3,3,3,1,1,4,8,8,6,8,6,9,8,3,16,8,10,5,2,3,3,3,16,15,14,14,14,5,3,3,13,2,7,7,7,7,5,7,4,6,16,11,5,4,8,8,8,15,8,8,8,11,9,9,9,5,13,12,14,8,5,5,11,8,12,9,9,17,8,9,17,13,14,14,14,14,12,8,14,4,9,5,10,10,24,5,5,24,13,14,15,5,9,5,2,13,14,3,11,9,10,10,11,11,10,10,5,6,14,15,14,10,12,12,10,11,11,7,6,3,9,9,9,8,9,9,8,5,5,9,10,12,7,12,7,8,9,9,18,3,14,8,8,41,13,4,3,3,2,1,7,6,11,11,16,1,4,5,4,5,5,7,7,5,6,6,11,6,8,6,6,6,5,10,13,27,7,23,23,2,2,3,3,3,16,21,5,11,6,7,7,7,7,7,8,9,8,23,1,7,52,8,8,8,4,6,6,6,1,1,11,11,11,4,3,39,11,6,5,5,5,5,10,16,12,12,4,11,11,3,2,4,8,8,8,1,2,7,7,3,3,6,5,5,9,3,3,2,1,8,5,3,3,3,3,3,4,11,10,15,14,15,15,15,5,4,4,16,4,4,3,12,4,4,4,5,8,7,7,8,0,2,1,2,1,2,1,1,1,1,1,1,1,1,10,7,7,7,6,8,6,2,11,23,11,10,2,1,2,2,5,5,3,3,4,1,1,9,4,6,4,3,10,4,5,5,11,9,9,6,19,3,3,6,7,4,5,9,4,4,4,4,13,4,4,6
6,6,8,40,7,5,5,4,2,2,2,8,8,5,8,5,8,7,4,18,6,10,6,4,4,5,5,16,16,16,16,16,4,2,2,12,3,5,5,7,5,4,5,3,5,15,12,3,2,7,7,6,13,6,6,6,11,10,9,8,7,14,10,12,7,3,3,9,8,10,8,8,15,7,7,15,14,14,12,12,13,10,10,12,3,7,3,8,8,24,6,7,24,14,12,14,3,8,7,3,13,12,5,13,8,8,8,9,9,11,8,6,9,16,16,16,11,10,10,11,11,10,9,8,5,8,6,7,7,9,10,9,7,7,11,8,8,7,12,6,10,11,10,18,4,15,6,6,41,15,6,3,3,3,2,5,5,10,12,18,1,2,6,6,4,4,8,6,7,8,8,11,8,6,4,7,6,7,11,13,27,6,24,24,4,4,4,4,4,16,19,3,9,4,5,5,5,5,5,6,6,6,24,2,5,52,10,9,9,6,4,4,4,3,3,9,9,9,5,5,39,9,7,7,7,3,3,11,18,10,10,3,11,11,5,3,6,7,7,7,3,3,6,8,2,2,4,4,4,11,4,4,3,3,6,3,1,1,2,2,2,6,12,11,15,15,16,17,17,4,3,3,16,3,2,2,12,3,3,3,3,6,6,6,6,2,0,1,1,1,2,1,1,1,1,1,1,2,2,12,6,6,6,5,6,5,3,9,25,9,8,3,3,1,3,3,4,5,4,5,1,1,7,5,4,5,4,12,2,3,3,9,7,7,4,21,1,2,5,9,5,7,8,5,3,2,3,12,5,5,5
5,5,8,41,7,4,4,4,1,1,2,8,8,5,8,5,8,7,4,17,6,11,6,4,4,4,4,17,16,16,15,15,4,2,2,12,3,6,6,7,6,4,6,3,6,15,12,4,3,7,7,7,14,7,7,7,12,10,9,9,7,14,10,13,7,3,3,10,8,10,8,8,16,7,8,16,14,15,13,13,13,11,9,13,4,8,4,9,9,24,6,6,25,14,13,14,4,8,7,3,13,12,5,12,8,9,8,10,10,11,9,6,8,16,16,16,12,11,10,11,12,10,9,7,5,9,6,8,8,10,10,9,7,7,11,8,9,9,12,6,10,10,10,19,4,16,6,6,42,15,5,3,3,3,2,5,5,10,12,18,1,3,6,5,4,4,8,6,7,7,7,12,8,7,4,7,7,6,11,14,27,7,24,25,4,4,4,4,4,16,20,3,9,5,6,5,6,5,6,6,7,6,25,1,5,52,10,10,10,6,5,4,4,3,2,10,10,10,5,4,39,10,7,7,7,4,4,12,17,11,11,3,11,12,5,2,6,7,7,7,2,2,6,8,2,2,5,4,4,11,4,4,3,3,7,4,2,2,2,2,2,6,12,11,15,15,16,16,17,4,3,3,16,3,3,2,12,3,3,3,4,7,7,6,7,1,1,0,1,1,1,1,1,1,1,1,1,2,1,11,6,6,6,5,6,5,3,10,24,10,9,3,3,1,3,4,4,4,4,5,1,1,8,5,4,5,4,10,3,3,4,9,7,7,5,20,2,2,5,8,5,6,8,5,3,2,3,12,5,5,5
6,5,7,40,8,5,5,5,2,2,1,7,7,4,7,5,8,7,5,18,5,10,7,4,5,5,5,16,16,16,16,16,4,2,2,12,4,5,5,6,5,4,5,3,5,14,11,3,2,6,6,6,13,6,6,6,11,10,9,8,8,13,10,12,6,3,3,9,7,9,8,7,15,6,7,15,14,14,12,12,12,10,10,12,3,7,3,8,7,23,7,7,24,13,12,13,3,7,7,4,13,12,5,13,7,7,7,9,9,10,8,7,9,16,17,17,11,10,9,10,11,9,10,8,5,7,5,7,7,9,10,8,6,7,10,7,8,7,11,6,10,11,11,18,4,15,5,5,41,14,6,4,4,3,3,4,4,10,12,18,2,2,6,6,4,4,7,5,7,8,7,11,8,6,4,7,6,7,11,13,26,6,23,24,4,4,5,5,5,15,19,2,9,4,5,4,5,4,5,5,6,5,24,3,4,51,9,9,8,7,4,3,4,4,3,9,9,9,6,5,38,9,6,7,7,3,3,11,17,10,10,2,11,11,5,3,6,7,6,6,3,3,5,9,1,1,4,4,4,11,4,4,3,3,6,3,1,1,1,2,2,6,12,12,14,15,16,16,16,3,3,2,16,2,2,2,12,3,2,3,3,6,6,5,6,2,1,1,0,1,2,1,1,1,1,1,1,2,2,12,6,6,6,4,6,4,4,9,25,9,8,3,3,2,3,3,3,5,5,5,1,1,7,5,4,6,5,11,2,3,3,9,7,7,4,20,1,2,5,8,5,6,7,6,3,2,3,11,6,5,4
5,5,8,41,7,4,4,4,1,1,3,9,9,5,9,5,8,8,4,17,7,11,6,3,4,4,4,16,16,15,15,15,5,2,2,13,3,6,6,7,6,5,6,3,6,15,12,4,3,7,7,7,14,7,7,7,12,10,10,9,7,14,11,13,7,4,4,10,8,11,9,9,16,7,8,16,14,14,13,13,13,11,9,13,4,8,4,9,9,25,5,6,25,14,13,15,4,9,6,3,14,13,4,12,8,9,9,10,10,11,9,6,8,15,16,16,12,10,11,12,12,12,8,7,4,9,6,8,10,10,10,9,6,6,11,8,9,8,13,8,9,10,10,20,4,15,7,7,43,14,5,3,3,2,2,6,5,11,12,17,1,3,6,5,5,5,8,6,6,7,7,12,7,7,5,7,7,6,11,14,28,7,24,24,3,3,4,4,4,17,20,4,10,5,6,6,6,6,6,6,7,7,24,1,6,53,10,9,9,5,5,5,5,2,2,10,10,10,5,4,40,10,7,6,6,4,4,11,17,11,11,3,12,12,4,2,6,7,7,7,2,2,6,8,2,2,5,5,5,10,4,4,2,2,7,4,2,2,2,3,3,5,12,11,15,15,16,16,16,4,4,3,16,3,3,2,13,3,3,3,4,7,7,6,7,1,1,1,1,0,1,1,1,1,1,1,1,1,1,11,7,7,7,5,7,5,3,10,24,10,9,2,2,1,2,4,4,4,4,4,1,1,8,4,5,5,4,10,3,4,4,10,8,8,5,20,2,2,5,8,4,5,8,5,3,3,3,12,5,4,5
5,6,9,41,7,4,4,4,2,2,4,10,10,6,9,6,10,8,4,18,8,12,6,4,4,5,5,17,16,16,16,16,6,3,3,14,3,7,7,8,7,6,7,4,7,16,12,5,4,8,8,8,15,8,8,8,13,11,11,11,7,15,12,14,8,5,5,11,9,12,10,9,17,9,9,17,15,15,14,14,14,12,10,14,4,9,5,10,10,26,6,6,25,15,14,16,5,10,7,3,15,14,5,13,9,9,9,11,11,13,10,6,8,16,16,16,12,12,12,12,12,13,9,7,5,10,7,9,10,10,11,10,7,7,11,9,10,9,14,8,10,10,10,20,5,16,7,7,44,15,6,4,4,3,2,7,7,12,12,18,2,4,6,5,6,6,8,7,7,7,7,13,8,8,6,8,8,7,11,15,29,8,25,25,4,4,4,4,4,18,21,5,11,6,7,6,7,6,7,7,8,7,25,2,7,54,10,10,9,6,6,6,6,3,2,11,11,11,5,4,40,11,7,7,7,5,5,12,18,12,12,4,12,13,5,3,6,8,8,8,2,3,7,8,3,3,6,5,5,11,5,5,3,3,8,5,3,3,3,4,4,6,12,11,16,16,17,17,17,5,5,4,18,4,4,3,14,4,4,4,5,8,8,7,8,2,2,1,2,1,0,2,2,2,2,2,2,2,3,12,7,7,7,6,8,6,3,11,25,11,10,3,3,3,3,5,5,5,5,5,3,3,9,6,5,6,5,11,4,5,5,11,9,9,6,21,3,4,7,8,5,6,9,5,5,4,5,13,6,5,6
5,5,9,41,7,4,4,3,1,1,3,9,9,5,9,6,9,8,4,17,7,11,5,3,3,4,4,16,16,15,15,15,5,2,2,13,3,6,6,8,6,5,6,3,6,15,12,4,3,7,7,7,14,7,7,7,12,11,10,10,6,14,11,13,7,4,4,10,8,11,9,8,16,8,8,16,14,14,13,13,13,11,9,13,4,8,4,9,9,25,5,6,24,14,13,15,4,9,6,3,14,13,4,12,8,9,9,11,10,12,9,6,7,15,15,15,11,11,11,11,12,12,8,7,4,9,7,8,9,10,10,9,6,6,11,9,9,8,13,8,9,10,9,19,4,15,7,7,43,14,5,3,3,2,2,6,6,11,12,17,1,3,5,5,5,5,8,7,6,7,7,12,7,7,5,7,7,6,11,14,28,7,24,24,3,3,4,4,4,17,21,4,10,5,6,6,6,6,6,7,7,7,24,1,6,53,9,9,9,5,5,5,5,2,2,10,10,10,5,4,40,10,6,6,6,4,4,11,17,11,11,3,12,12,4,2,5,8,8,8,2,2,6,8,2,3,5,5,5,10,4,4,2,2,7,4,2,2,2,3,3,5,11,11,15,15,16,16,16,4,4,3,17,3,3,2,13,4,3,3,4,7,7,6,7,1,1,1,1,1,2,0,6,6,1,1,1,1,1,11,7,7,7,6,7,5,3,10,24,10,9,2,2,1,2,4,5,4,4,4,1,1,8,4,5,4,4,10,3,4,4,10,8,8,5,20,2,2,5,8,4,5,9,5,4,3,4,12,5,4,5
5,5,9,41,7,4,4,3,1,1,3,9,9,5,9,6,9,8,4,17,7,11,5,3,3,4,4,16,16,15,15,15,5,2,2,13,3,6,6,8,6,5,6,3,6,15,12,4,3,7,7,7,14,7,7,7,12,11,10,10,6,14,11,13,8,4,4,10,8,11,9,8,16,8,8,16,14,14,13,13,13,11,9,13,4,8,4,9,9,25,5,6,25,14,13,15,4,9,6,3,14,13,4,12,8,9,9,11,10,12,9,6,7,15,15,15,11,11,11,11,12,12,8,7,4,9,7,8,9,10,10,9,6,6,11,9,9,8,13,8,9,10,9,19,4,15,7,7,43,14,5,3,3,2,2,6,6,11,12,17,1,3,5,5,5,5,8,7,6,7,7,12,7,7,5,7,7,6,11,14,28,7,24,24,3,3,4,4,4,17,21,4,10,5,6,6,6,6,6,7,7,7,24,1,6,53,9,9,9,5,5,5,5,2,2,10,10,10,5,4,40,10,6,6,6,4,4,11,17,11,11,3,12,12,4,2,5,8,8,8,2,2,6,8,2,3,5,5,5,10,4,4,2,2,7,4,2,2,2,3,3,5,11,11,15,15,16,16,16,4,4,3,17,3,3,2,13,4,3,3,4,7,7,6,7,1,1,1,1,1,2,6,0,5,1,1,1,1,1,11,7,7,7,5,7,5,3,10,24,10,9,2,2,1,2,5,5,4,4,4,1,1,8,4,4,4,4,10,3,4,4,10,8,8,4,20,2,2,5,8,4,5,9,5,4,3,4,12,5,4,5
5,5,8,41,7,4,4,3,1,1,3,9,9,5,9,6,9,8,4,17,7,11,5,3,3,4,4,16,16,15,15,15,5,2,2,13,3,6,6,8,6,5,6,3,6,15,12,4,3,7,7,7,14,7,7,7,12,11,10,10,6,14,11,13,8,4,4,10,8,11,9,9,16,8,8,16,14,14,13,13,13,11,9,13,4,8,4,9,9,25,5,6,24,14,13,15,4,9,6,3,14,13,4,12,8,9,9,11,10,12,9,6,7,15,15,15,11,11,11,11,12,12,8,7,4,9,7,8,9,10,10,9,6,6,11,9,9,8,13,8,9,10,9,19,4,15,7,7,42,14,5,3,3,2,2,6,6,11,12,17,1,3,5,5,5,5,8,7,6,7,7,12,7,7,5,7,7,6,11,14,28,7,24,24,3,3,4,4,4,17,21,4,10,5,6,6,6,6,6,7,7,7,24,1,6,53,9,9,9,5,5,5,5,2,2,10,10,10,5,4,40,10,6,6,6,4,4,11,17,11,11,3,12,12,4,2,5,8,8,8,2,2,6,8,2,3,5,5,5,10,4,4,2,2,7,4,2,2,2,3,3,5,11,11,15,15,16,16,16,4,4,3,17,3,3,2,13,4,3,3,4,7,7,6,7,1,1,1,1,1,2,6,5,0,1,1,1,1,1,11,7,7,7,6,7,5,3,10,24,10,9,2,2,1,2,5,5,4,4,4,1,1,8,4,4,4,4,10,3,4,4,10,8,8,4,20,2,2,5,8,4,5,9,5,4,3,4,13,5,4,5
4,4,9,40,6,3,3,3,1,1,3,9,9,6,8,6,9,8,3,17,7,10,5,3,3,4,4,16,15,15,15,15,5,2,3,13,2,6,6,8,7,6,7,4,7,16,11,4,3,8,8,8,14,7,8,7,12,10,10,9,6,14,11,13,8,4,4,11,9,11,9,8,17,8,10,17,14,14,13,13,13,11,9,13,4,9,5,10,9,24,5,5,24,14,13,15,4,9,6,2,14,13,4,12,9,9,9,11,10,14,10,5,7,15,15,15,11,10,12,11,11,12,8,6,3,9,7,8,9,9,10,9,6,6,10,9,9,8,13,7,9,9,9,19,4,15,7,7,42,14,5,3,4,2,1,6,6,11,11,17,1,3,5,4,5,5,8,7,6,6,6,12,7,7,5,7,7,6,10,13,28,7,24,24,3,3,3,3,3,17,21,4,10,6,7,6,6,6,6,7,8,7,23,1,6,52,9,9,8,4,5,5,5,2,1,11,10,10,4,4,39,11,6,6,6,5,5,11,16,11,11,4,11,12,4,2,5,8,8,8,1,2,7,7,2,3,5,5,5,10,4,4,2,2,7,4,2,3,3,3,3,5,11,10,15,14,16,16,16,5,4,4,17,4,3,2,13,4,3,4,4,7,7,6,7,1,1,1,1,1,2,1,1,1,0,1,1,1,1,11,7,7,7,6,7,6,2,10,24,10,10,2,2,1,2,5,6,4,4,4,1,1,9,4,5,4,4,10,3,4,4,10,8,8,5,20,2,2,6,7,4,5,9,4,4,3,4,13,5,4,6
4,4,9,40,6,3,3,3,1,1,3,9,9,6,8,6,9,8,3,17,7,10,5,3,3,4,4,16,15,15,15,15,5,2,3,13,2,6,6,7,7,6,7,4,7,16,11,4,3,8,8,8,14,7,8,7,12,10,9,9,6,14,11,13,8,4,4,11,9,11,9,9,17,8,10,17,14,14,13,13,14,11,9,13,4,9,5,10,9,24,5,5,24,14,13,15,4,9,6,2,14,13,4,12,9,9,9,11,11,14,10,5,7,15,15,15,11,10,12,11,11,12,8,6,3,9,7,9,9,9,10,9,6,6,10,9,10,8,13,7,9,9,9,19,4,15,7,7,42,14,5,3,4,2,1,6,6,11,11,17,1,3,5,4,5,5,8,7,6,6,6,11,7,8,5,6,7,5,10,13,28,7,24,24,3,3,3,3,3,17,21,4,10,6,7,6,6,6,6,7,8,7,23,1,6,52,9,9,8,4,5,5,5,2,1,11,10,10,4,4,39,11,6,6,6,5,5,11,16,12,11,4,11,11,4,2,5,8,8,8,1,2,7,7,2,3,6,5,5,10,4,4,2,2,7,4,3,3,3,3,3,5,11,10,15,14,16,16,16,5,4,4,17,4,3,2,13,4,3,4,4,7,7,7,7,1,1,1,1,1,2,1,1,1,1,0,1,1,1,11,7,7,7,6,7,6,2,10,24,10,10,2,2,1,2,5,6,4,3,4,1,1,9,4,5,4,4,10,3,4,4,10,8,8,5,20,2,2,6,7,4,5,9,4,4,3,4,13,5,4,6
4,4,9,40,6,3,3,3,1,1,3,8,9,6,8,6,9,8,3,17,7,10,5,3,3,4,3,16,15,15,15,14,5,3,3,13,2,6,6,7,7,6,7,4,7,16,11,4,3,8,8,8,15,8,8,7,11,10,9,9,6,13,11,13,8,4,4,11,9,11,9,9,17,8,10,17,14,14,13,13,14,11,9,13,4,9,5,10,9,24,5,5,24,14,13,15,4,9,6,2,13,13,4,11,9,10,9,11,11,12,10,5,7,14,15,15,11,10,12,11,11,11,7,6,3,10,7,9,9,9,9,8,5,5,10,9,10,8,13,7,9,9,9,18,4,14,7,8,42,13,4,3,4,2,1,6,6,11,11,17,1,3,5,4,5,5,7,7,6,6,6,11,7,8,5,6,7,5,10,13,27,8,23,24,3,3,3,3,3,16,21,4,10,6,7,6,7,6,7,7,8,8,23,1,7,52,9,8,8,4,6,5,5,1,1,11,11,11,4,3,39,11,6,6,6,5,5,11,16,12,11,4,11,11,4,2,5,8,8,8,1,1,7,7,2,3,6,5,5,10,4,4,2,2,7,5,3,3,3,3,3,5,11,10,15,14,15,16,16,5,4,4,16,4,3,2,12,4,4,4,4,7,7,7,7,1,1,1,1,1,2,1,1,1,1,1,0,1,1,11,8,8,8,6,8,6,2,10,24,10,10,2,2,2,2,5,6,3,3,4,1,1,9,4,5,4,4,10,4,4,4,10,8,9,5,19,3,2,6,7,4,5,9,4,4,3,4,13,4,4,6
4,3,10,38,5,3,3,3,2,2,5,8,8,7,8,8,9,8,2,16,8,9,4,2,3,3,3,14,14,14,14,14,6,3,4,13,2,7,7,7,8,5,8,4,6,16,10,6,5,9,9,8,15,9,9,9,10,9,9,8,5,12,11,13,9,5,5,11,7,12,10,9,16,10,9,16,12,12,13,13,13,13,8,15,5,10,5,11,10,22,5,5,22,12,13,15,6,10,5,1,11,13,2,12,11,11,11,13,12,13,11,4,7,15,15,13,10,13,13,10,11,11,6,5,2,9,8,9,8,8,9,8,5,5,9,10,11,7,11,6,8,9,8,16,4,12,9,10,40,12,4,3,4,2,1,7,7,12,11,16,2,3,4,4,5,5,7,9,5,5,5,10,5,9,7,6,6,4,9,12,25,7,22,22,2,2,2,2,2,15,20,5,12,7,7,7,7,7,7,8,8,9,22,2,8,50,7,7,7,3,7,6,7,2,1,12,12,12,4,2,37,12,5,5,5,6,6,10,15,13,13,4,9,9,3,2,4,10,10,10,2,2,8,7,3,4,7,6,6,9,3,3,2,2,8,5,3,3,4,4,4,4,10,9,13,13,15,15,15,6,5,5,16,5,5,3,12,5,4,5,6,9,9,8,9,1,2,2,2,1,2,1,1,1,1,1,1,0,1,10,9,9,9,7,8,7,2,11,23,11,11,1,1,3,2,6,7,3,3,3,2,2,9,3,5,3,3,9,5,5,5,12,9,9,6,19,4,3,7,6,3,4,9,4,5,4,5,14,4,3,7
4,4,10,40,6,3,3,3,2,2,4,9,9,7,8,7,9,8,3,16,8,10,5,3,3,4,4,16,15,15,15,14,6,3,4,14,2,8,7,8,8,6,8,4,7,18,11,5,4,9,9,10,16,9,9,8,11,10,9,9,6,13,12,15,9,5,5,12,8,13,11,10,17,9,10,17,14,14,15,15,15,12,9,15,5,10,6,11,10,24,5,5,24,13,15,16,5,10,6,2,13,15,3,12,10,10,10,13,12,11,11,5,7,15,15,15,11,13,13,11,11,12,7,5,3,10,9,10,9,9,10,9,6,6,10,10,12,8,12,7,9,9,9,18,4,14,8,9,42,13,5,3,4,2,1,7,7,12,11,16,2,5,5,5,5,5,7,8,5,5,5,11,6,9,7,6,7,5,10,13,27,7,23,24,2,2,3,3,3,16,21,5,11,7,8,7,8,7,8,8,9,9,23,2,8,52,8,8,8,4,7,6,6,2,1,12,12,12,4,3,39,12,6,5,5,6,6,11,16,13,12,5,11,11,4,2,4,9,9,9,1,2,8,7,3,4,6,6,6,9,4,4,2,2,9,5,4,4,4,4,4,5,11,10,15,14,15,15,15,6,5,5,16,5,4,3,13,5,4,5,5,8,8,7,8,1,2,1,2,1,3,1,1,1,1,1,1,1,0,11,10,10,10,8,7,8,3,12,24,12,12,1,1,4,2,7,7,3,3,3,3,3,10,4,4,5,4,11,6,6,6,13,10,8,6,20,5,2,8,8,4,6,11,5,6,5,6,15,5,4,8
14,10,12,35,13,13,13,13,12,12,12,17,16,14,17,15,16,16,11,20,12,6,11,12,13,13,12,8,16,16,15,15,13,13,13,17,12,12,12,15,11,15,11,13,15,19,9,12,12,12,12,14,18,16,16,16,3,17,18,15,15,9,17,17,12,12,12,18,11,18,15,15,20,14,15,19,8,8,17,17,17,16,15,18,12,15,12,15,15,18,14,14,17,3,16,18,13,15,15,11,2,17,12,21,21,20,19,23,26,29,24,15,19,24,24,20,22,21,21,21,22,23,13,12,13,21,19,17,20,21,20,20,15,15,20,16,16,18,19,17,19,16,17,5,16,7,16,15,34,18,12,12,13,11,10,15,15,17,16,22,11,10,14,13,15,14,16,13,13,13,12,8,13,15,14,15,16,12,16,9,21,16,18,19,11,11,10,10,10,20,22,14,18,12,12,12,12,12,13,14,12,12,22,14,18,44,13,13,13,13,13,13,14,12,11,14,14,14,13,13,33,17,15,12,12,13,13,11,18,18,17,10,6,6,13,11,11,14,14,14,11,11,15,15,12,12,14,13,13,16,12,12,11,11,13,12,12,12,12,12,12,14,17,16,5,15,17,16,16,13,13,13,20,12,12,13,17,13,12,13,14,13,13,14,14,10,12,11,12,11,12,11,11,11,11,11,11,10,11,0,15,15,15,16,17,16,11,18,20,18,18,12,12,14,13,15,15,14,14,14,14,14,16,13,15,12,13,13,14,12,12,19,14,17,16,15,13,14,16,12,12,13,16,13,14,13,14,20,12,12,14
12,10,9,42,8,12,12,11,8,8,7,5,5,3,5,3,5,4,9,15,4,12,7,8,8,9,8,18,17,17,17,16,5,8,7,11,9,3,3,3,3,5,3,7,5,14,14,6,6,5,5,2,13,6,6,6,16,6,6,4,7,17,5,11,5,7,7,5,10,5,3,2,14,2,1,14,16,16,11,11,12,7,8,8,6,3,6,4,4,26,6,6,26,15,11,13,5,2,7,10,15,12,10,9,3,2,2,4,4,5,2,8,8,11,10,11,6,2,2,6,6,7,10,11,13,7,6,4,8,6,5,5,8,9,5,2,3,10,5,8,8,8,9,21,9,18,3,3,48,10,7,8,8,9,8,4,4,5,10,16,7,6,6,8,5,5,4,2,9,9,9,13,8,3,5,6,5,8,9,15,28,6,26,26,9,9,8,8,8,13,15,7,3,7,8,7,8,7,8,8,8,8,17,11,5,53,10,10,10,12,6,6,7,10,9,10,10,10,10,10,40,6,7,8,8,4,4,12,14,7,5,7,13,13,9,9,7,3,3,3,9,9,2,7,6,6,6,4,4,8,8,8,9,9,2,6,7,7,7,7,7,8,10,9,17,16,17,17,17,3,3,3,14,3,4,6,10,5,5,5,4,2,1,3,2,7,6,6,6,7,7,7,7,7,7,7,8,9,10,15,0,1,3,1,5,1,9,6,27,6,6,8,9,6,8,5,5,9,9,10,6,6,4,9,8,8,8,13,6,6,6,7,10,5,7,23,5,7,7,11,7,10,4,10,6,5,6,9,9,7,5
12,10,9,42,8,12,12,11,8,8,7,5,5,3,5,3,5,4,9,15,4,12,7,8,8,9,8,18,17,17,17,16,5,8,7,11,9,3,3,3,3,5,3,7,5,14,14,6,6,5,5,2,13,6,6,6,16,6,6,4,7,17,5,11,5,7,7,5,10,5,3,2,14,2,1,14,16,16,11,11,12,7,8,8,6,3,6,4,4,26,6,6,26,15,11,13,5,2,7,10,15,12,10,9,3,2,2,4,4,5,2,8,8,10,10,11,6,2,2,6,6,7,10,11,13,7,6,4,8,6,5,5,8,9,5,2,3,10,5,8,8,8,9,21,9,18,3,3,48,10,7,8,8,9,8,4,4,5,10,16,7,6,6,8,5,5,4,2,9,9,9,13,8,3,5,6,5,8,9,15,28,6,26,26,9,9,8,8,8,13,15,7,3,7,8,7,8,7,8,8,8,8,17,11,5,53,10,10,10,12,6,6,7,10,9,10,10,10,10,10,40,6,7,8,8,4,4,12,14,7,6,7,13,13,9,9,7,3,3,3,9,9,2,7,6,6,6,4,4,8,8,8,9,9,2,6,7,7,7,7,7,8,10,9,17,16,17,17,17,3,3,3,14,3,4,6,10,5,5,5,4,2,1,3,2,7,6,6,6,7,7,7,7,7,7,7,8,9,10,15,1,0,3,1,5,1,9,6,27,6,6,8,9,6,8,5,5,9,9,10,6,6,4,9,8,8,8,13,6,6,6,7,10,5,7,23,5,7,7,11,7,10,4,10,6,5,6,9,9,7,5
12,10,9,42,8,11,12,11,8,8,7,5,5,3,5,3,5,4,9,15,4,12,7,8,8,9,8,18,17,17,17,16,5,8,7,11,9,3,3,3,3,4,3,7,5,14,13,6,6,5,5,2,13,6,6,6,16,6,6,4,7,17,5,11,5,7,7,5,10,5,3,2,14,2,1,14,16,16,11,11,12,7,8,8,6,3,6,4,4,26,6,6,26,15,11,13,5,2,7,10,15,12,10,9,3,2,2,4,4,5,2,8,8,11,10,11,6,2,2,6,6,7,10,11,13,7,6,4,8,5,5,5,8,9,5,2,3,10,5,8,8,8,9,22,9,18,3,3,48,10,7,8,8,9,8,4,4,5,10,16,7,6,6,7,5,5,4,2,9,9,8,13,8,3,5,6,5,8,9,15,28,6,26,26,9,9,8,8,8,13,15,7,3,7,8,7,8,7,8,7,8,8,16,11,5,52,10,10,10,12,6,6,7,10,9,10,10,10,10,10,40,6,6,8,8,4,4,12,14,7,5,7,13,13,9,9,7,3,3,2,9,9,2,7,6,6,6,4,4,8,8,8,9,9,2,6,7,7,7,7,7,8,10,9,17,16,17,17,17,3,3,3,14,3,4,6,10,5,5,5,4,1,1,3,1,7,6,6,6,7,7,7,7,7,7,7,8,9,10,15,3,3,0,1,5,1,9,6,28,6,6,8,9,6,8,5,5,9,9,10,6,6,4,9,8,8,9,13,6,6,6,7,10,5,7,23,5,7,7,11,7,10,4,10,6,5,6,9,9,7,6
11,9,10,43,10,10,10,10,7,7,6,6,6,3,6,3,6,5,9,16,5,13,8,8,8,8,8,19,18,18,18,18,6,7,5,12,8,4,4,4,4,6,4,6,4,15,14,5,5,6,6,3,14,7,6,7,17,7,7,5,6,18,6,12,6,6,6,6,11,7,4,4,15,3,3,15,16,16,12,12,13,8,9,9,6,4,7,5,5,27,6,6,27,16,12,14,4,2,8,8,16,13,10,11,3,3,3,5,5,6,3,9,8,12,12,12,7,3,3,7,8,8,12,12,12,5,7,5,7,6,6,6,8,8,6,3,4,8,6,8,8,9,10,22,7,19,3,4,49,11,9,6,6,7,7,1,1,7,12,17,6,5,5,6,6,6,6,2,10,10,10,14,9,2,6,5,5,9,10,16,29,5,26,27,9,9,9,9,9,15,17,6,4,8,9,8,9,8,9,8,9,9,18,9,6,53,11,11,11,12,7,7,5,9,8,11,11,11,10,9,41,7,5,10,9,5,5,13,15,8,7,6,13,14,9,8,8,4,4,4,8,8,3,8,5,4,6,2,2,9,7,6,8,8,3,7,6,6,6,6,6,7,11,11,18,17,18,18,18,2,2,2,15,2,3,5,11,4,4,4,5,2,2,2,2,6,5,5,4,5,6,6,5,6,6,6,6,7,8,16,1,1,1,0,6,4,8,7,28,7,7,7,8,5,7,3,4,9,9,9,5,5,4,10,6,8,9,13,5,5,5,8,9,6,6,23,4,6,6,11,8,9,5,10,5,4,5,10,10,8,6
9,11,13,45,9,10,10,10,9,9,8,3,3,4,3,4,3,1,8,17,7,15,8,6,6,6,6,21,19,18,18,18,8,7,7,15,8,6,6,3,6,5,6,8,3,17,16,6,6,8,8,3,15,9,9,9,17,4,2,4,3,19,7,14,8,8,8,7,13,7,5,4,17,5,4,17,19,19,15,15,15,9,10,10,8,5,8,6,5,28,4,4,29,18,14,16,5,5,6,8,19,16,9,11,5,5,5,6,7,5,6,9,5,11,11,12,3,6,5,4,4,4,11,10,9,2,5,7,4,3,3,3,5,5,3,4,4,6,3,5,5,7,7,24,10,21,4,7,46,10,7,8,8,8,8,6,6,7,12,18,7,6,3,5,5,4,3,4,9,8,8,16,9,6,7,4,3,9,10,18,31,3,29,30,8,8,9,9,8,13,15,8,6,10,11,10,11,11,11,12,12,12,16,11,6,56,9,9,9,9,10,10,8,9,10,14,14,14,8,7,43,9,3,9,9,6,6,13,16,8,7,7,16,16,7,9,8,4,4,4,9,9,5,6,6,6,8,7,7,10,8,8,8,8,3,8,7,7,7,7,7,5,12,11,20,17,18,18,18,7,4,4,13,4,4,7,10,5,5,5,6,5,5,6,5,8,6,6,6,7,8,7,7,7,7,7,8,8,7,17,5,5,5,6,0,7,10,7,30,7,8,8,8,9,8,7,8,9,9,8,9,9,5,9,6,8,8,13,8,9,9,9,13,4,5,26,8,9,9,14,7,10,5,10,8,8,8,10,9,7,8
11,9,10,42,10,10,10,10,7,7,6,6,6,3,6,3,6,5,9,16,5,13,8,8,8,8,8,19,18,18,18,18,6,6,5,12,8,4,4,4,4,5,4,6,4,15,14,5,5,6,6,3,14,6,6,6,16,7,7,5,6,17,6,12,6,6,6,6,11,6,4,3,15,3,2,15,16,16,12,12,13,8,9,9,6,4,7,5,5,27,6,6,27,16,12,14,4,2,8,8,16,13,10,11,3,3,3,5,5,6,3,9,8,12,12,12,7,3,3,7,8,8,12,12,12,5,7,5,7,6,6,6,8,8,6,3,4,8,6,8,8,9,10,22,7,19,3,4,49,11,9,6,6,7,7,1,1,7,12,17,6,5,5,6,6,6,6,2,10,10,10,14,9,2,6,5,5,9,10,16,29,5,26,27,9,9,9,9,9,15,17,6,4,8,9,8,9,8,9,8,9,9,18,9,6,53,11,11,11,12,7,7,5,9,8,11,11,11,10,9,41,7,5,9,9,5,4,13,15,8,7,6,13,14,9,8,8,4,4,3,8,8,3,8,5,4,6,2,2,9,6,6,8,8,3,7,5,5,6,6,6,7,11,11,18,17,18,18,18,2,2,2,15,2,3,5,11,4,4,4,5,2,2,2,2,6,5,5,4,5,6,5,5,5,6,6,6,7,8,16,1,1,1,4,7,0,8,7,28,7,7,7,8,5,7,3,4,10,10,10,5,5,5,10,6,8,9,14,5,5,5,8,9,6,6,23,4,6,5,11,8,9,5,10,5,4,5,10,10,8,6
6,2,9,38,4,5,5,5,4,3,6,9,9,9,9,9,10,9,2,15,9,9,4,4,4,5,3,15,14,13,13,13,7,5,5,13,4,8,8,8,8,7,8,5,8,17,10,7,6,9,9,8,15,11,11,10,9,10,11,7,7,12,10,13,9,5,5,11,7,12,9,9,16,9,9,16,12,12,13,13,13,13,7,14,6,9,6,10,10,22,7,7,23,12,13,15,7,11,8,3,11,13,2,11,11,11,11,14,14,12,13,3,8,16,14,13,12,14,15,12,12,13,5,4,3,12,10,11,10,11,11,10,7,7,11,10,10,9,11,9,10,8,9,16,5,12,11,10,38,11,4,5,5,3,3,9,9,12,10,15,3,4,6,5,6,6,9,9,4,4,4,10,5,10,8,7,8,4,8,12,26,8,22,23,2,2,2,2,2,15,19,6,11,8,8,8,8,8,9,8,9,9,21,4,9,50,6,6,6,3,7,7,8,3,3,11,11,11,5,4,37,14,8,4,4,7,7,9,14,13,12,5,9,10,5,3,3,9,9,9,3,3,10,8,5,5,8,8,8,8,5,5,3,3,8,6,5,5,5,6,6,6,10,9,13,13,14,14,14,7,7,7,15,6,6,4,11,7,6,7,7,9,9,9,9,2,3,3,4,3,3,3,3,3,2,2,2,2,3,11,9,9,9,8,10,8,0,12,24,12,12,4,4,5,5,8,9,5,5,6,5,5,10,4,7,4,5,9,7,7,7,14,9,10,8,19,6,6,9,7,4,5,10,4,8,7,8,15,4,3,8
14,12,13,45,10,14,14,14,11,11,9,7,7,6,7,6,7,6,11,17,7,15,9,10,10,11,9,21,18,18,18,18,8,10,10,10,12,6,6,6,6,8,5,10,7,17,17,9,10,9,8,4,14,9,9,9,19,6,7,6,9,20,3,14,9,10,10,2,13,2,3,3,15,5,4,16,18,18,12,12,11,4,9,6,9,3,9,2,3,28,8,8,29,18,10,12,9,5,9,11,18,9,11,11,4,4,4,3,2,7,5,10,10,13,13,13,8,4,4,8,9,9,12,13,15,11,10,8,9,7,7,7,12,11,8,6,5,12,6,11,10,10,11,25,13,22,7,8,48,13,9,10,11,12,11,6,6,2,12,18,11,9,8,9,8,8,6,5,11,11,11,17,10,6,8,7,7,10,10,18,31,9,29,29,11,11,10,10,10,13,14,10,4,11,11,11,12,11,12,12,12,13,15,13,9,57,12,13,12,14,10,10,10,12,12,14,14,14,12,12,43,3,8,10,10,6,6,14,16,1,1,10,16,16,10,12,9,4,4,4,12,12,5,9,9,9,9,7,7,9,11,11,12,12,4,9,9,9,10,10,10,10,11,11,20,17,18,18,18,6,6,7,12,7,7,9,9,9,8,8,7,5,5,6,5,11,9,10,9,10,11,10,10,10,10,10,10,11,12,18,6,6,6,7,7,7,12,0,31,4,3,12,13,12,13,8,9,11,11,13,11,11,4,11,10,10,10,15,11,9,9,1,13,7,9,26,11,12,10,14,9,12,3,12,11,10,11,5,11,9,8
32,25,27,28,27,27,28,28,28,30,33,31,30,28,30,28,29,29,24,18,26,20,23,25,25,25,24,20,21,21,21,23,26,26,26,29,24,25,25,29,24,28,24,26,28,32,22,25,25,26,26,27,31,28,29,29,19,30,30,28,28,25,31,30,25,25,25,30,23,31,28,28,33,27,28,32,17,17,30,29,29,29,24,32,24,28,24,29,28,2,26,26,21,21,29,31,27,28,28,25,21,33,27,25,32,33,32,36,37,35,37,31,32,30,31,28,37,38,37,36,37,35,31,30,31,32,34,35,34,33,34,34,30,29,32,30,30,31,31,32,32,27,28,24,30,26,35,34,24,27,24,26,26,24,24,28,28,30,27,19,24,23,26,26,28,28,29,27,25,25,25,21,24,27,27,27,28,24,26,23,12,28,2,2,23,23,22,23,23,31,35,29,31,28,27,25,26,25,26,30,29,29,37,35,36,45,31,31,28,29,27,27,28,25,24,27,27,27,26,26,30,30,27,23,23,26,26,22,28,31,30,23,20,20,25,24,22,27,27,26,24,24,28,28,25,25,26,26,26,25,25,25,24,24,26,25,25,26,25,25,25,26,26,25,20,20,21,22,22,26,26,25,31,25,25,26,28,26,25,25,27,26,26,27,27,23,25,24,25,24,25,24,24,24,24,24,24,23,24,20,27,27,28,28,30,28,24,31,0,29,30,24,24,26,25,27,27,25,26,27,27,27,27,26,28,25,26,21,27,25,25,31,27,27,29,22,26,27,28,24,24,23,28,26,26,25,26,31,24,24,26
14,12,13,45,10,14,14,13,11,11,9,7,7,6,7,6,7,6,11,17,7,15,9,10,10,11,9,21,18,18,18,18,8,10,10,9,12,6,6,6,6,8,5,10,7,16,17,9,10,8,8,4,14,9,9,9,20,7,7,6,9,20,3,14,9,10,10,2,13,2,2,3,15,5,4,16,18,18,11,11,11,3,9,6,9,3,9,2,3,28,8,8,29,18,10,12,9,5,9,11,18,9,11,11,4,4,4,3,3,7,5,10,10,13,13,13,8,4,4,8,8,9,12,13,15,10,9,8,9,7,7,7,12,11,8,5,5,12,6,11,11,10,11,25,13,22,7,8,53,13,9,10,11,12,11,6,6,2,12,17,11,9,8,9,8,8,6,5,11,11,11,16,10,6,8,7,7,10,10,18,31,9,28,29,11,11,10,10,10,13,15,10,4,11,11,11,12,11,12,12,12,13,15,13,9,56,12,13,12,14,10,10,10,12,12,14,14,14,12,12,43,3,8,10,10,6,6,14,16,3,3,10,16,16,10,12,9,4,4,4,12,12,5,9,9,9,9,7,7,9,11,11,12,12,4,9,9,9,9,10,10,10,11,11,20,17,18,18,18,6,6,7,12,7,7,9,9,8,8,8,7,5,5,6,5,11,9,10,9,10,11,10,10,10,10,10,10,11,12,18,6,6,6,7,7,7,12,4,29,0,1,12,12,11,13,7,8,10,10,12,10,10,3,10,9,9,9,14,10,8,8,3,12,6,8,25,9,11,9,14,8,11,3,11,10,9,10,6,10,9,7
14,12,13,45,11,13,13,13,10,10,9,7,7,6,7,7,7,6,11,17,8,15,9,10,10,11,9,21,19,19,19,18,8,11,10,9,12,7,7,6,6,8,6,10,8,17,17,8,9,9,9,4,14,9,9,9,20,7,8,7,10,21,3,15,9,10,10,3,13,1,3,3,15,4,4,15,18,18,11,11,11,3,9,6,9,4,9,2,3,29,8,8,29,19,10,12,9,6,9,11,19,9,12,11,4,4,4,4,3,7,4,10,10,13,13,13,9,4,4,8,9,9,13,13,15,11,10,8,10,7,7,7,12,11,8,6,5,13,7,11,11,10,11,25,13,23,7,8,47,13,10,10,11,12,11,6,6,1,12,18,10,9,8,9,8,8,7,5,11,11,11,17,10,6,7,8,7,10,11,18,31,9,29,29,11,11,10,11,10,13,14,11,5,11,12,11,12,11,12,12,13,13,15,12,10,56,13,13,12,14,11,11,9,12,11,14,14,14,13,12,44,2,9,11,11,6,6,14,16,2,3,9,16,16,10,11,9,4,4,4,11,11,5,9,9,9,9,7,7,10,11,11,12,12,4,9,9,9,9,9,9,10,12,11,20,18,19,18,18,7,7,7,13,7,7,9,9,8,8,8,7,5,5,6,5,10,8,9,8,9,10,9,9,9,10,10,10,11,12,18,6,6,6,7,8,7,12,3,30,1,0,12,12,11,14,8,9,11,11,13,11,11,4,11,10,9,10,15,11,9,9,3,12,7,8,26,10,12,9,14,9,12,4,12,11,10,11,6,11,9,8
3,4,11,40,6,3,3,3,3,3,6,7,7,7,7,8,8,7,3,16,9,10,5,1,2,2,2,16,15,15,15,14,7,4,4,14,1,8,8,6,10,5,9,4,5,18,11,7,6,10,10,8,16,10,10,10,11,9,8,8,4,13,12,15,10,6,6,11,8,12,10,9,17,9,9,17,13,14,14,15,15,14,9,14,6,9,6,10,10,23,4,4,23,13,14,16,6,10,5,1,12,14,3,10,9,9,10,12,12,10,11,4,5,14,14,13,10,12,12,9,10,10,7,5,2,8,8,11,7,8,8,7,4,4,8,12,11,6,11,6,7,8,7,17,2,14,8,11,41,11,3,4,4,2,2,9,9,11,11,17,2,5,4,3,4,4,6,9,5,4,4,11,6,10,7,5,5,5,9,13,26,6,23,24,2,2,4,4,3,15,19,6,11,8,9,8,8,8,9,9,10,11,21,3,9,52,7,7,7,3,8,8,8,1,2,13,13,13,3,2,38,13,5,5,5,7,7,10,15,13,12,5,11,11,3,3,5,9,9,9,2,3,8,6,4,5,7,7,7,8,2,2,2,2,7,7,4,4,5,5,5,3,10,9,15,14,16,15,15,6,6,6,16,6,5,4,12,6,5,5,6,10,9,8,10,2,3,3,3,2,3,2,2,2,2,2,2,1,1,12,8,8,8,7,8,7,4,12,24,12,12,0,4,4,1,5,6,5,5,5,3,3,9,6,5,7,5,13,3,5,6,12,10,8,5,22,2,2,7,10,6,9,9,7,5,4,5,14,7,6,7
3,4,11,39,5,3,3,3,3,3,6,7,7,7,7,8,8,7,3,16,9,10,5,2,2,2,2,15,15,14,14,14,7,4,4,14,2,8,8,6,9,5,9,4,5,17,11,7,5,10,9,8,16,10,10,10,10,9,8,7,5,12,12,14,10,6,6,11,8,12,10,9,17,9,9,17,13,13,14,14,14,13,8,15,6,9,6,10,10,22,4,5,23,13,14,16,6,10,5,1,12,14,3,11,10,9,11,12,13,11,12,3,6,14,14,12,10,12,13,10,10,10,6,4,1,8,8,10,7,8,8,7,4,4,8,12,11,6,11,6,7,8,7,17,3,13,8,11,40,11,4,3,3,2,2,8,8,11,12,17,3,4,4,3,4,4,6,9,4,5,5,10,6,10,8,5,6,5,10,12,26,6,23,23,2,2,4,4,3,15,19,6,11,8,8,8,8,8,8,9,9,10,21,3,9,52,7,7,7,2,8,8,7,1,2,12,12,12,3,2,38,13,5,5,5,7,7,10,14,13,12,4,10,10,2,3,4,9,9,9,2,2,8,6,4,5,8,7,7,8,3,3,1,1,7,6,4,4,4,5,5,3,10,10,14,14,15,15,15,7,6,6,16,6,6,4,12,6,6,6,7,10,9,9,10,1,3,3,3,2,3,2,2,2,2,2,2,1,1,12,9,9,9,8,8,8,4,13,24,12,12,4,0,3,1,6,7,4,4,4,3,3,11,4,5,5,4,11,4,6,6,12,11,10,5,20,3,2,8,9,5,6,11,5,6,5,6,15,6,5,8
6,6,9,42,7,5,5,4,2,2,3,10,10,6,10,6,9,8,4,18,7,12,6,4,4,5,5,17,16,16,16,16,5,3,3,13,4,7,7,8,7,5,7,4,7,16,13,5,3,8,8,8,15,8,8,7,13,11,10,11,7,15,11,14,8,4,4,11,9,11,9,9,17,8,9,17,15,15,14,14,14,12,10,14,4,9,5,10,10,26,6,6,26,15,14,15,4,9,7,3,15,13,5,13,9,9,9,11,11,12,10,7,8,17,17,16,13,10,12,12,13,13,9,8,5,10,7,9,10,11,11,10,7,7,11,9,10,9,13,9,10,11,10,20,5,16,7,8,44,15,6,4,4,3,2,6,6,11,12,18,2,4,6,6,5,5,9,7,7,8,7,13,8,8,5,8,8,7,11,15,29,7,25,25,4,4,4,4,4,17,21,4,10,6,7,6,6,6,7,7,7,7,26,2,6,54,11,10,10,6,5,5,5,3,3,11,10,10,5,5,40,11,7,7,7,5,5,12,18,12,11,4,13,13,5,3,6,8,8,8,3,3,7,8,2,3,6,5,5,11,5,5,3,3,8,5,3,3,3,3,3,6,12,12,16,16,17,17,17,5,4,4,17,4,4,2,13,4,4,4,5,7,7,7,8,2,1,1,2,1,3,1,1,1,1,1,2,3,4,14,6,6,6,5,9,5,5,12,26,11,11,4,3,0,5,5,5,6,6,7,2,2,8,7,4,7,7,13,2,5,5,10,9,7,4,22,2,1,6,11,7,8,8,8,4,3,4,13,7,7,6
3,6,11,41,6,3,3,3,3,3,5,8,8,8,8,9,9,8,4,17,9,11,6,2,3,3,3,16,16,16,15,15,7,4,4,15,2,8,8,7,9,5,8,2,6,18,12,6,5,10,9,9,17,9,10,9,12,10,9,9,5,14,13,16,10,6,6,12,9,13,11,10,18,10,10,18,14,15,15,16,16,13,10,15,6,10,6,11,10,23,5,5,24,14,15,17,6,11,5,1,13,15,4,11,10,10,11,13,13,12,12,4,6,15,15,13,10,13,13,10,11,11,8,6,3,10,9,11,8,9,9,8,5,6,10,11,12,7,12,7,9,9,9,19,2,15,9,11,43,13,4,1,1,2,2,8,8,12,12,18,2,5,5,4,5,5,7,9,5,5,5,12,7,9,7,6,6,6,10,14,27,7,24,24,3,3,4,4,4,16,20,7,12,8,9,8,9,8,9,9,10,10,23,3,9,54,8,8,8,4,8,7,7,1,3,13,12,12,4,3,39,13,6,6,6,7,7,11,15,13,13,6,11,11,3,3,6,10,10,10,3,3,9,7,4,5,7,7,7,9,2,2,2,2,8,6,4,4,5,5,5,4,11,10,15,15,17,16,17,7,6,6,17,6,5,4,13,5,5,5,6,9,9,8,9,2,3,3,3,2,3,2,2,2,2,2,2,2,2,13,8,8,8,7,8,7,5,13,25,13,14,1,1,5,0,5,5,6,6,7,3,2,8,7,4,7,6,13,2,5,5,10,9,7,4,22,2,1,6,11,7,8,8,8,4,3,4,13,7,7,6
10,7,9,42,10,8,8,8,5,5,3,7,7,4,7,4,7,6,7,18,3,12,8,7,7,8,8,18,18,18,17,17,3,5,5,12,6,2,2,6,3,5,2,6,5,14,14,2,3,4,4,5,13,3,3,3,14,9,8,8,8,16,8,11,4,4,4,8,9,9,6,6,14,4,6,14,16,16,11,12,12,9,10,11,4,6,4,7,6,26,7,7,26,15,11,13,3,5,9,6,15,12,8,16,7,6,6,8,8,8,5,9,10,17,16,14,9,6,6,9,9,9,12,11,10,6,6,3,8,8,9,8,8,8,10,7,6,8,10,7,9,12,11,20,7,17,4,2,44,12,9,5,5,6,5,4,4,8,13,18,5,3,6,7,4,4,7,4,9,9,9,13,10,5,1,6,6,8,11,15,28,6,26,26,7,7,7,7,7,14,17,4,7,5,6,5,6,5,6,5,5,5,22,6,5,52,11,10,10,10,3,3,2,7,6,10,10,10,9,8,41,8,6,8,8,2,2,13,16,9,8,4,13,13,8,6,8,5,5,5,6,6,5,9,4,4,2,3,3,10,6,6,6,6,5,4,3,3,4,4,4,9,12,11,17,17,18,18,18,3,3,2,14,2,2,5,11,2,2,2,2,5,5,5,5,5,3,4,3,4,5,4,5,5,5,5,5,6,7,15,5,5,5,3,7,3,8,8,27,7,8,5,6,5,5,0,1,9,9,9,6,5,6,9,7,8,10,14,6,3,3,8,8,7,7,22,5,7,2,11,8,9,6,9,4,4,4,11,8,8,2
10,8,10,43,11,9,9,8,5,5,4,8,8,4,7,5,8,7,8,18,3,13,9,8,8,8,8,19,18,18,18,18,3,5,5,12,7,3,3,7,3,5,3,6,6,15,14,3,4,4,4,5,13,3,3,3,14,10,9,9,8,17,9,12,4,5,5,8,9,9,6,6,15,5,6,15,16,16,12,12,12,10,11,12,4,6,4,7,7,26,7,8,26,16,12,13,4,6,10,7,15,12,8,17,8,6,6,8,8,9,6,10,11,17,17,14,10,7,6,9,9,9,13,11,11,7,6,3,8,8,9,8,8,8,10,7,7,8,10,7,9,12,12,21,8,17,5,2,45,12,10,6,6,6,5,5,5,9,13,19,5,4,7,8,5,5,7,5,10,10,10,14,10,6,1,7,6,9,11,16,29,6,26,26,8,7,8,8,8,14,18,5,8,6,7,5,6,6,6,5,6,6,23,7,5,53,11,11,11,11,4,4,3,7,6,11,11,11,9,8,41,8,6,9,9,2,2,13,16,10,8,4,13,14,9,6,8,6,6,5,6,6,5,10,4,4,2,4,4,10,6,6,7,6,5,4,4,4,4,4,4,9,12,12,17,17,18,18,18,4,3,3,15,3,2,5,11,3,2,2,2,5,5,6,5,5,4,4,3,4,5,5,5,5,6,6,6,7,7,15,5,5,5,4,8,4,9,9,27,8,9,6,7,5,5,1,0,9,9,9,5,5,5,8,7,8,9,13,5,2,3,8,8,6,6,22,4,6,2,10,8,9,6,9,4,3,4,11,8,8,2
4,5,12,41,3,5,4,4,5,5,7,8,8,7,8,8,8,7,2,15,10,12,3,2,2,3,2,18,15,14,14,14,8,6,6,15,3,9,9,6,9,5,9,6,6,19,12,8,7,11,11,7,17,12,12,11,12,9,8,6,5,14,10,16,11,7,7,10,9,11,9,8,18,9,8,19,15,15,16,16,16,12,7,13,7,8,7,9,9,24,4,5,24,14,15,17,6,9,5,2,13,15,2,9,9,9,9,11,12,10,12,3,6,13,13,11,10,13,12,10,11,11,6,4,2,9,9,12,8,8,8,8,5,5,9,9,8,7,9,6,8,6,7,18,5,15,9,12,42,9,2,5,5,3,4,10,10,11,10,15,4,6,4,3,4,4,6,8,3,3,3,12,4,10,9,5,5,5,8,15,27,6,24,25,3,3,3,3,3,14,17,7,9,10,10,10,10,10,10,11,11,12,19,5,10,52,5,5,5,2,9,9,9,3,4,14,14,14,3,2,39,12,5,5,5,8,8,10,13,12,11,6,12,12,1,4,4,8,8,8,4,4,9,6,5,6,10,9,9,7,5,5,3,3,7,8,6,6,6,6,6,4,9,8,16,14,15,15,15,8,7,7,15,7,7,6,11,8,7,8,8,8,8,9,9,3,5,4,5,4,5,4,4,4,4,4,3,3,3,14,9,9,9,9,9,10,5,11,25,10,11,5,4,6,6,9,9,0,2,3,4,4,9,3,3,3,2,10,6,7,7,13,11,8,5,21,6,4,9,10,3,5,9,4,7,6,7,14,4,3,9
4,5,12,41,3,5,4,4,5,4,7,8,8,7,8,8,8,7,2,15,10,12,3,2,2,3,2,18,15,14,14,14,8,6,6,15,3,9,9,6,9,5,9,6,6,19,12,8,7,11,11,7,17,12,12,11,12,9,8,6,5,14,10,17,11,7,7,10,9,11,9,8,18,9,8,19,15,15,16,16,16,12,7,13,7,8,7,9,9,24,4,5,24,14,15,17,6,9,5,2,13,15,2,9,9,9,9,11,12,10,12,3,6,13,13,11,10,12,12,10,11,11,6,4,2,9,9,12,8,8,8,8,5,5,9,9,8,7,9,6,8,6,7,18,5,15,9,12,40,9,2,5,5,3,4,10,10,11,10,15,4,6,4,3,4,4,6,8,3,3,3,12,4,10,9,5,5,5,8,15,27,6,24,25,3,3,3,3,3,14,17,7,9,9,10,10,10,10,10,11,11,12,19,5,10,52,5,5,5,2,9,9,9,3,4,14,14,14,3,2,39,12,5,5,5,8,8,10,13,12,11,6,12,12,1,4,4,8,8,8,4,4,9,6,5,6,10,9,9,7,5,5,3,3,7,8,6,6,6,6,6,4,9,8,16,14,15,15,15,8,7,7,15,7,7,6,11,8,7,8,8,8,8,9,8,3,4,4,5,4,5,4,4,4,4,3,3,3,3,14,9,9,9,9,9,10,5,11,26,10,11,5,4,6,6,9,9,2,0,3,4,4,9,3,3,3,2,10,6,7,7,13,12,8,5,21,6,4,9,10,3,5,9,4,7,6,7,14,4,3,9
2,7,14,42,5,6,5,5,5,5,8,7,8,7,7,8,8,7,4,16,11,12,5,2,2,2,2,18,16,16,15,15,9,6,7,16,3,11,11,6,10,5,10,6,6,19,13,9,8,12,12,8,18,12,12,12,12,9,8,8,5,15,12,17,12,8,8,12,10,13,10,10,19,9,9,19,16,16,17,17,17,14,9,14,8,10,8,11,10,25,4,5,25,14,16,17,6,10,5,2,14,17,4,11,10,10,10,12,13,12,12,5,5,13,15,13,10,12,12,10,10,10,8,6,2,8,8,13,7,8,8,7,4,4,8,11,11,6,11,6,8,8,7,19,5,16,8,14,43,11,4,5,6,4,4,11,11,11,12,17,5,6,4,4,4,4,6,9,5,5,4,13,6,10,10,6,6,6,10,15,28,6,25,25,4,4,5,5,4,16,19,9,11,11,11,11,11,10,11,11,12,13,22,6,9,55,7,7,7,3,10,10,10,4,4,15,14,14,1,3,40,14,5,6,6,9,9,11,15,14,13,7,12,12,3,5,5,10,10,9,4,4,8,6,6,6,10,9,9,9,4,4,3,3,8,8,6,7,7,7,7,4,11,10,16,16,17,16,17,9,7,7,16,7,7,6,13,8,8,8,9,10,10,11,10,4,5,5,5,4,5,4,4,4,4,4,4,3,3,14,10,10,10,9,8,10,6,13,27,12,13,5,4,7,7,9,9,3,3,0,4,3,9,3,3,3,2,10,6,7,7,13,12,8,5,20,5,3,9,9,3,6,9,4,7,6,7,14,5,3,9
5,5,9,42,7,4,4,4,1,1,3,10,10,5,9,6,9,8,4,18,7,11,6,4,4,5,5,17,16,16,16,15,5,2,2,13,3,6,6,8,7,5,6,4,7,15,12,4,3,8,8,8,15,7,7,7,12,11,10,10,7,15,11,14,8,4,4,11,8,11,9,9,16,8,8,17,15,15,13,13,14,11,10,13,4,9,4,10,9,25,6,6,25,15,13,15,4,9,7,3,14,13,5,12,8,9,9,11,10,12,10,6,8,16,16,16,12,11,11,12,12,13,9,7,5,9,7,8,10,11,11,10,7,7,11,9,9,9,12,8,10,10,10,19,5,16,7,8,44,14,5,3,3,3,2,6,6,11,12,18,1,3,6,5,5,5,8,7,7,7,7,13,8,7,5,8,7,7,11,14,27,7,25,25,4,4,4,4,4,17,21,4,10,6,6,6,6,6,6,7,7,7,25,2,6,54,10,10,9,6,5,5,5,3,2,10,10,10,5,4,40,10,7,7,7,4,4,12,17,11,11,3,12,12,5,2,6,8,8,8,2,2,6,8,2,3,5,5,5,11,4,4,3,3,7,4,2,3,3,3,3,6,12,11,16,15,16,17,17,4,4,4,17,4,3,2,13,4,3,4,4,7,7,7,7,1,1,1,1,1,3,1,1,1,1,1,1,2,3,14,6,6,6,5,9,5,5,11,27,10,11,3,3,2,3,6,5,4,4,4,0,3,8,8,4,8,7,13,3,5,5,11,9,8,4,23,2,1,6,11,8,9,9,8,4,4,4,13,8,8,7
5,5,8,42,7,4,4,4,1,1,3,9,9,5,9,6,8,8,4,17,7,11,6,4,4,4,4,17,16,15,15,15,5,2,2,13,3,6,6,8,6,5,6,3,6,15,12,4,3,7,8,7,14,7,7,7,12,11,10,10,7,14,11,13,7,4,4,10,8,11,9,9,16,8,8,16,15,15,13,13,13,11,9,13,4,8,4,9,9,25,6,6,25,15,13,15,4,9,7,3,14,13,5,12,8,9,8,11,10,12,9,6,8,16,16,16,12,10,11,12,12,13,9,7,5,9,6,8,10,10,11,10,7,7,11,8,9,8,13,8,10,10,10,19,5,16,7,8,42,14,5,3,3,3,2,6,6,11,12,17,1,3,6,5,5,5,8,6,7,7,7,12,8,7,5,7,7,6,11,14,27,7,24,25,4,4,4,4,4,17,20,4,10,5,6,6,6,6,6,7,7,7,25,1,6,53,10,10,9,5,5,5,5,3,2,10,10,10,5,4,40,10,7,7,7,4,4,12,17,11,11,3,12,12,5,2,6,8,8,8,2,2,6,8,2,3,5,5,5,10,4,4,3,3,7,4,2,2,3,3,3,5,12,11,16,15,16,16,16,4,4,4,16,3,3,2,13,4,3,3,4,7,7,6,7,1,1,1,1,1,3,1,1,1,1,1,1,2,3,14,6,6,6,5,9,5,5,11,27,10,11,3,3,2,2,5,5,4,4,3,3,0,8,5,5,6,5,12,3,5,5,11,10,8,4,21,2,2,7,10,6,8,9,6,5,4,5,14,6,6,7
11,10,10,43,8,13,13,12,10,10,8,4,4,4,5,4,4,4,9,15,5,13,7,8,8,9,7,19,17,16,16,16,6,8,8,12,10,4,4,4,4,6,4,8,6,15,14,7,8,6,6,2,14,7,7,7,17,4,5,4,7,18,4,13,6,8,8,3,11,4,1,1,15,3,2,15,17,16,14,14,14,6,7,7,7,2,7,3,2,27,6,6,27,16,12,14,7,3,7,9,16,12,9,9,2,2,2,2,2,4,3,8,8,10,10,10,6,2,2,6,6,6,10,11,13,8,7,5,7,5,5,5,9,9,5,3,2,10,4,8,8,7,8,22,11,18,4,5,49,10,7,8,9,10,10,4,4,4,10,16,9,8,6,7,6,6,4,3,8,8,8,14,8,4,6,5,5,8,8,16,29,6,26,27,9,9,8,8,8,12,14,8,1,8,9,8,9,9,9,9,10,10,15,13,7,54,10,10,9,11,7,7,8,12,11,12,11,11,10,9,41,5,6,8,8,5,5,11,14,5,4,8,14,14,8,11,7,2,2,2,10,11,3,7,7,7,7,5,5,7,9,9,10,10,2,7,7,7,8,8,8,9,9,9,18,15,16,16,16,5,5,5,12,5,5,7,9,7,6,6,5,3,3,4,3,9,7,8,7,8,9,8,8,8,9,9,9,9,10,16,4,4,4,4,5,5,10,4,27,3,4,9,11,8,8,6,5,9,9,9,8,8,0,9,8,7,8,13,9,7,7,5,11,6,6,24,8,10,7,12,7,10,1,10,9,8,9,6,9,7,6
5,4,11,40,1,6,6,6,5,5,8,8,8,8,8,8,9,8,3,15,10,11,3,2,2,4,2,17,14,14,14,14,8,7,7,15,4,9,9,7,9,5,9,6,6,18,12,8,8,11,11,7,17,12,11,11,11,9,9,6,5,14,10,16,11,7,7,10,9,11,8,8,18,8,8,18,14,14,15,15,16,12,7,13,7,8,7,9,9,24,5,5,24,13,15,16,6,9,5,3,13,15,3,9,9,9,9,11,12,10,12,2,7,13,13,11,10,12,12,11,11,11,5,3,2,9,10,12,9,9,9,8,6,6,9,9,9,7,9,7,8,6,7,17,5,14,9,12,39,9,1,6,6,4,5,9,10,11,10,15,4,6,4,4,5,5,7,8,1,1,1,11,4,10,10,6,6,4,8,14,26,6,24,24,3,3,2,2,2,14,17,8,9,10,10,10,10,10,10,10,11,11,19,6,10,51,5,5,5,2,9,9,9,4,5,13,13,13,4,3,38,12,5,4,4,9,9,9,13,12,11,6,11,11,3,5,3,8,8,8,5,5,8,6,7,6,9,9,9,7,5,5,4,4,7,8,7,7,7,7,7,4,9,8,15,13,14,14,14,9,7,7,15,7,7,6,11,8,8,8,8,8,8,9,8,4,5,5,5,4,6,4,4,4,4,4,4,3,4,13,9,9,9,10,9,10,4,11,26,10,11,6,4,7,7,9,8,3,3,3,8,5,9,0,5,1,2,8,8,8,8,11,11,7,6,20,8,6,9,9,1,4,7,2,8,8,8,12,3,1,9
6,8,11,44,6,7,7,7,6,6,6,4,4,4,4,5,5,5,6,15,9,13,5,2,2,3,3,18,16,16,16,16,7,5,4,15,5,9,9,4,9,2,8,6,4,18,15,7,5,10,9,5,16,9,9,9,14,7,6,7,4,17,10,15,9,6,6,9,10,10,7,7,18,7,6,18,17,17,15,16,16,11,8,12,6,7,6,8,7,26,3,4,27,16,15,16,3,8,4,5,16,15,7,10,7,7,8,9,9,8,8,7,4,12,13,11,7,8,8,5,6,6,8,8,5,5,2,11,3,4,5,4,1,1,5,8,7,7,9,2,8,7,6,21,6,18,5,9,44,10,4,5,5,5,5,7,7,9,10,15,5,5,3,2,2,2,4,7,5,4,4,14,6,7,6,5,5,6,9,16,29,5,28,26,5,5,6,6,5,14,18,7,9,8,9,9,9,9,9,10,10,11,21,7,4,55,8,8,8,6,9,9,8,6,6,13,13,12,5,4,41,12,5,7,7,7,7,12,14,11,10,6,14,14,4,6,6,7,7,7,6,6,5,5,4,4,8,7,7,8,6,6,5,5,5,7,4,4,4,4,5,3,10,10,18,16,16,16,16,7,4,4,15,4,4,4,11,6,5,5,6,8,8,8,8,6,4,4,4,5,5,5,4,4,5,5,5,5,4,15,8,8,8,6,6,6,7,10,28,9,10,5,5,4,4,7,7,3,3,3,4,5,8,5,0,7,6,12,2,4,4,10,9,7,3,22,1,4,6,10,7,8,8,7,4,3,4,13,9,7,6
6,4,11,40,2,7,7,7,7,7,8,7,7,7,7,7,7,6,3,13,8,10,1,2,2,4,2,15,13,13,13,12,7,7,7,14,5,7,7,6,7,5,7,7,5,18,11,7,7,9,9,5,15,10,10,10,11,7,7,4,4,13,8,14,10,6,6,8,8,9,7,6,17,7,6,17,13,13,14,14,14,11,5,11,6,6,6,7,7,23,4,4,23,13,14,16,7,7,4,4,13,15,4,7,7,7,7,9,10,7,10,1,5,10,10,8,10,10,10,10,10,10,1,3,4,7,8,10,8,8,8,7,5,5,8,7,6,6,7,6,7,4,5,17,6,14,8,9,40,7,2,6,7,5,5,7,7,9,8,14,5,5,3,3,4,4,7,6,2,2,2,11,2,8,9,5,5,1,6,12,25,6,23,23,4,4,3,3,3,12,15,8,7,10,10,10,10,10,10,10,11,11,17,8,10,51,3,3,3,5,9,9,9,5,6,13,12,12,4,4,39,10,4,1,1,8,8,8,11,10,9,6,11,11,3,6,1,6,6,6,6,6,7,5,7,7,9,9,9,5,5,6,5,5,5,7,7,7,7,8,8,4,7,7,14,12,13,13,13,8,6,6,13,6,6,6,9,7,7,7,8,7,6,7,7,4,5,5,6,5,6,4,4,4,4,4,4,3,5,12,8,8,8,8,8,8,4,10,25,9,9,7,5,7,7,8,8,3,3,3,8,6,7,1,7,0,3,7,8,7,7,12,10,8,7,19,7,6,9,8,2,3,8,4,8,7,8,13,2,2,9
4,5,12,41,2,5,5,5,5,5,8,7,7,7,7,8,8,7,2,13,9,11,2,1,1,3,1,16,14,14,14,13,9,7,7,15,4,8,8,6,8,4,8,6,5,19,12,9,8,10,10,6,16,11,11,11,12,8,8,5,4,13,9,16,10,7,7,9,9,10,8,7,18,7,7,18,14,15,15,15,15,11,6,12,7,7,8,8,8,24,4,4,24,14,15,17,6,8,4,3,13,15,2,8,8,8,8,10,10,8,11,2,6,12,11,10,10,11,11,10,11,11,5,4,3,8,9,12,8,8,8,7,5,5,9,8,7,7,8,6,7,5,6,18,5,15,9,11,42,8,1,5,6,4,4,8,8,10,9,14,4,6,3,3,4,4,6,7,2,2,2,12,3,9,9,5,5,4,7,14,26,6,24,24,3,3,3,3,2,13,16,8,8,10,11,10,10,10,11,11,12,12,19,6,9,52,4,4,4,3,10,9,9,4,5,13,13,13,3,3,39,11,4,4,4,9,9,9,12,11,10,7,12,12,2,4,3,7,7,7,4,4,8,6,6,6,10,9,9,6,5,5,4,4,6,8,6,6,6,6,6,3,8,7,15,13,14,15,15,8,6,6,14,6,7,5,10,8,8,8,8,7,7,8,8,3,4,4,5,4,5,4,4,4,4,4,4,3,4,13,8,8,9,9,8,9,5,10,26,9,10,5,4,7,6,10,9,2,2,2,7,5,8,2,6,3,0,8,8,8,8,11,11,7,6,21,8,6,9,9,1,4,7,2,8,8,8,12,3,1,9
13,9,17,37,10,13,13,13,12,12,12,14,13,14,14,13,13,13,10,17,14,10,8,10,10,11,9,14,6,6,6,6,13,12,12,20,11,13,12,13,12,12,12,14,12,23,11,13,11,15,15,11,21,15,15,15,11,12,13,10,11,11,14,20,15,12,12,14,14,15,12,12,22,12,12,22,14,14,19,19,19,16,11,16,12,12,12,13,12,21,10,10,22,12,19,21,13,12,9,10,13,20,10,12,13,13,13,15,15,13,15,10,12,10,13,13,17,16,16,17,17,17,10,8,11,14,15,15,15,15,15,15,13,13,14,12,12,13,12,14,15,9,10,16,13,11,15,14,37,10,9,13,13,11,10,13,13,15,7,18,10,10,11,9,12,12,13,12,10,10,10,11,9,13,14,12,11,8,11,12,24,12,20,20,9,9,8,8,9,16,18,13,13,15,16,15,15,15,16,15,15,15,19,13,17,48,8,8,8,10,13,13,13,11,11,18,18,18,12,10,36,15,11,8,8,12,12,1,14,15,14,10,10,10,10,10,7,11,11,11,10,10,12,10,11,11,13,13,13,11,12,12,11,11,11,12,11,11,12,12,12,11,8,10,13,5,6,6,6,13,12,12,16,12,12,12,13,12,12,12,13,12,12,13,12,10,12,10,11,10,11,10,10,10,10,10,10,9,11,13,13,13,13,13,13,14,9,15,21,14,15,13,11,13,13,14,13,10,10,10,13,12,13,8,12,7,8,0,13,13,13,16,16,12,13,19,12,12,15,14,8,7,12,9,13,12,13,17,8,8,15
7,7,9,42,10,7,7,7,4,4,3,6,7,6,7,6,7,8,7,20,7,12,8,6,7,7,7,18,18,17,17,17,5,3,3,13,5,6,6,5,7,3,6,4,5,16,13,5,3,8,8,7,15,8,8,8,13,9,9,9,6,15,11,14,8,4,4,11,9,11,9,9,17,8,8,17,16,16,14,14,14,12,12,14,4,9,5,10,9,25,5,5,25,15,13,15,2,9,7,5,14,13,7,13,9,9,9,11,11,10,10,9,7,15,15,15,10,12,11,8,8,8,13,11,8,8,4,9,6,7,7,7,5,6,8,9,10,6,12,5,7,10,10,19,5,17,7,9,45,15,8,3,4,5,4,6,6,11,14,20,4,4,5,6,3,3,6,7,9,9,9,13,10,8,5,6,7,8,12,15,28,6,25,25,6,6,6,6,6,17,21,5,11,6,7,7,7,7,7,8,8,9,23,5,3,53,11,11,11,10,7,7,5,6,5,11,11,11,8,7,40,11,6,8,8,4,5,13,19,12,11,4,12,12,7,5,7,8,8,8,5,5,7,9,2,2,6,5,5,12,4,4,5,5,8,5,2,2,3,3,3,7,13,12,16,17,18,18,18,5,2,3,17,3,3,3,14,4,4,4,5,8,8,7,8,4,2,3,2,3,4,3,3,3,3,3,4,5,6,14,6,6,6,5,8,5,7,11,27,10,11,3,4,2,2,6,5,6,6,6,3,3,9,8,2,8,8,13,0,5,5,9,10,5,3,23,3,5,6,12,6,9,6,7,5,4,5,11,8,6,6
12,8,8,41,11,11,11,10,7,8,6,8,8,6,8,7,8,7,9,18,1,11,10,10,10,10,10,16,19,19,19,19,3,7,7,10,9,2,2,7,2,7,2,8,8,13,13,4,5,1,1,5,11,4,4,4,12,11,12,10,11,14,9,10,1,5,5,8,8,9,6,6,13,5,6,13,14,14,10,10,10,10,11,11,4,6,4,7,7,24,9,9,25,14,10,11,6,6,10,9,13,10,10,15,8,6,6,9,8,9,6,11,13,17,17,14,11,7,7,11,12,13,13,12,12,9,8,3,10,10,9,10,10,11,10,7,7,9,11,8,11,13,14,15,7,13,7,3,42,13,8,6,8,8,5,6,7,9,13,19,7,2,8,9,6,7,8,5,7,8,8,10,9,6,4,9,8,7,11,13,26,7,23,24,7,7,7,7,6,14,18,2,7,2,3,2,3,2,3,2,2,2,23,6,7,50,11,11,10,9,3,3,4,7,6,8,8,8,8,7,38,9,8,7,7,4,4,12,17,10,9,2,10,10,7,6,6,6,6,5,5,6,6,10,3,3,4,5,5,10,5,5,6,6,5,3,3,3,4,4,4,8,13,12,14,16,18,18,18,4,4,4,15,4,4,4,11,4,4,4,4,5,5,6,5,5,3,3,3,4,5,4,4,4,4,4,4,5,6,12,6,6,6,5,9,5,7,9,25,8,9,5,6,5,5,3,2,7,7,7,5,5,7,8,4,7,8,13,5,0,1,9,6,7,5,20,3,5,4,10,6,8,6,7,4,3,4,11,7,6,2
13,8,8,41,11,11,11,10,8,8,6,8,8,7,8,7,8,7,10,18,1,11,10,10,10,10,10,17,19,19,19,19,3,7,7,10,9,2,2,7,2,7,2,8,8,13,13,5,5,1,1,5,12,4,4,4,12,11,12,10,11,14,9,10,1,5,5,8,8,9,6,6,13,5,6,13,15,14,10,10,10,10,11,11,4,6,4,7,7,25,9,9,25,14,10,11,6,6,10,9,13,10,10,15,8,7,7,9,9,9,6,11,13,18,17,15,11,7,7,12,12,13,13,13,12,10,8,4,10,11,10,10,11,11,10,7,7,9,11,8,11,13,14,16,7,13,6,3,39,13,10,6,5,8,5,7,5,9,13,19,7,2,8,9,6,7,8,5,8,8,8,11,9,6,4,9,8,8,11,13,26,7,23,24,7,7,7,7,7,15,18,2,7,2,3,2,3,2,3,2,2,2,24,6,7,50,11,11,10,9,3,3,4,7,6,8,8,8,9,7,38,9,8,7,7,4,4,13,17,10,9,2,10,10,8,6,7,6,6,6,5,6,7,10,4,4,4,5,5,10,6,6,6,6,5,3,3,3,4,4,4,8,13,12,14,17,18,18,18,5,4,4,15,4,4,5,11,4,4,4,4,5,5,6,5,5,3,4,3,4,5,4,4,4,4,4,4,5,6,12,6,6,6,5,9,5,7,9,25,8,9,6,6,5,5,3,3,7,7,7,5,5,7,8,4,7,8,13,5,1,0,9,6,7,6,20,3,5,4,10,6,8,7,7,4,3,4,12,7,6,2
15,13,13,46,12,14,14,14,11,11,9,8,8,7,8,8,8,8,13,19,8,16,10,11,11,12,11,22,20,20,20,20,9,11,11,9,13,7,7,7,7,10,7,11,9,18,18,9,9,9,9,6,14,9,10,9,19,8,9,8,11,20,3,15,9,10,10,3,13,1,4,4,15,5,6,15,19,19,11,11,11,3,11,5,10,5,10,4,5,30,9,9,30,19,10,12,9,7,10,13,19,9,13,13,5,5,5,5,4,9,5,11,12,15,15,15,10,5,5,10,10,10,15,15,17,12,11,8,10,9,9,9,14,13,9,7,7,14,8,12,13,11,12,24,13,21,8,7,48,14,11,11,11,12,11,7,7,3,13,19,10,9,10,10,9,10,8,6,12,12,12,17,11,7,8,9,8,12,12,19,32,10,29,30,13,12,11,11,11,12,14,11,6,11,12,12,12,12,12,12,12,13,15,12,11,57,14,14,14,16,10,10,9,12,12,14,14,14,14,13,44,3,10,12,12,6,6,15,16,2,2,10,16,16,12,11,10,6,6,5,12,12,6,10,10,10,10,8,8,11,12,12,12,12,5,10,9,10,10,10,10,11,13,12,21,19,20,20,20,8,8,8,12,8,9,10,9,9,8,8,7,6,6,7,6,11,9,9,9,10,11,10,10,10,10,10,10,12,13,19,7,7,7,8,9,8,14,1,31,3,3,12,12,10,10,8,8,13,13,13,11,11,5,11,10,12,11,16,9,9,9,0,12,7,8,25,10,12,9,14,9,11,2,12,10,9,10,5,11,9,8
14,9,1,41,12,13,12,12,9,9,7,12,12,10,12,10,12,11,10,21,8,11,10,11,11,12,11,17,19,19,19,19,8,9,8,12,10,7,7,11,7,9,7,10,10,9,10,7,7,8,8,9,13,11,11,11,13,15,15,14,15,15,13,6,7,7,7,13,7,13,10,10,15,9,10,15,14,15,12,12,12,12,15,14,7,10,7,11,10,25,13,13,25,15,12,13,9,10,14,11,14,12,10,18,12,11,10,13,13,16,13,12,17,24,24,21,17,15,14,16,17,16,15,13,13,13,13,11,15,15,14,14,14,14,14,12,11,14,14,13,16,14,15,17,12,15,11,10,40,16,11,10,9,10,9,10,10,12,17,22,9,6,12,12,10,10,12,9,11,11,11,10,11,10,9,12,11,10,15,11,27,11,24,25,9,9,9,9,9,18,22,7,11,6,6,6,6,6,7,7,6,6,27,11,12,52,13,13,12,12,8,8,8,11,10,2,2,2,13,11,39,13,12,10,10,9,9,15,21,14,12,7,10,10,12,10,9,9,9,9,10,10,10,13,7,7,9,9,9,14,10,10,10,10,9,7,7,7,8,8,8,12,16,15,16,19,20,20,20,9,8,8,18,8,8,8,14,8,8,8,9,9,9,10,9,9,7,7,7,8,9,8,8,8,8,8,8,9,10,14,10,10,10,9,13,9,9,13,27,12,12,10,11,9,9,8,8,11,12,12,9,10,11,11,9,10,11,16,10,6,6,12,0,13,11,22,9,10,11,6,11,13,12,12,9,9,9,15,11,11,9
10,9,11,44,8,12,11,11,10,10,9,4,4,5,4,6,4,2,9,15,6,14,7,7,7,7,7,20,17,16,16,16,7,8,8,13,9,5,5,5,5,6,5,9,4,16,15,7,8,7,7,3,15,7,7,7,17,4,3,3,5,17,5,13,7,9,9,6,11,7,4,4,16,4,4,16,17,17,13,13,14,9,7,8,8,5,8,6,5,28,5,5,28,17,13,14,6,5,7,9,17,13,9,9,4,4,4,5,5,3,5,7,6,10,9,9,4,4,4,5,5,5,9,8,9,3,6,6,5,4,4,4,6,6,4,4,4,7,4,6,6,7,8,22,11,18,5,5,46,9,7,9,9,9,9,5,5,7,10,16,8,7,4,6,5,5,4,4,8,8,8,15,8,5,7,5,4,8,8,17,30,4,27,27,9,9,8,8,8,12,13,9,5,9,10,9,10,9,10,10,10,11,14,13,7,54,8,8,8,10,8,8,8,10,11,12,12,12,9,8,42,8,4,8,8,6,6,11,14,8,7,8,14,15,8,11,7,4,4,4,10,11,5,7,7,7,8,7,7,7,10,10,9,9,3,8,8,8,8,8,8,6,9,9,19,15,16,16,16,6,5,5,12,5,5,8,8,6,6,6,6,4,4,5,4,9,7,7,7,8,9,8,8,8,8,8,9,9,8,17,5,5,5,6,4,6,10,7,27,6,7,8,10,7,7,7,6,8,8,8,8,8,6,7,7,8,7,12,5,7,7,7,13,0,6,25,9,11,8,13,6,9,5,9,10,9,10,9,8,6,7
8,9,11,44,8,10,10,9,6,6,6,3,3,3,3,3,3,4,9,18,7,14,8,5,4,4,4,20,18,18,18,17,7,4,4,15,6,7,7,2,7,2,7,6,3,18,15,5,5,8,8,4,16,8,8,8,15,6,5,5,4,17,8,16,8,6,6,7,10,8,6,5,18,6,5,18,17,17,16,16,16,10,10,11,6,6,6,7,6,26,3,4,27,16,15,16,3,6,6,7,16,15,9,11,6,5,6,7,7,7,7,9,5,13,13,12,6,6,7,4,4,4,10,10,7,3,2,9,1,2,3,2,3,3,3,6,5,4,7,2,1,8,7,21,7,19,3,8,47,12,6,5,5,7,6,6,6,8,12,18,5,5,3,4,2,2,3,6,6,6,6,14,7,6,5,4,3,8,10,16,29,3,27,27,6,6,8,8,7,13,16,7,7,8,9,9,9,9,9,10,11,11,19,8,2,56,10,11,10,8,9,9,6,8,8,13,13,13,7,6,42,10,3,9,9,5,5,13,16,10,9,6,14,14,6,7,7,6,5,5,6,6,4,6,3,4,7,6,6,10,6,6,7,7,4,7,4,4,4,5,5,5,11,11,18,18,19,18,18,5,2,2,14,2,3,4,10,4,4,4,5,6,6,7,6,6,4,5,4,5,6,5,4,4,5,5,5,6,6,16,7,7,7,6,5,6,8,9,29,8,8,5,5,4,4,7,6,5,5,5,4,4,6,6,3,7,6,13,3,5,6,8,11,6,0,25,6,7,8,13,6,8,6,7,7,7,7,11,8,6,9
23,19,21,39,22,22,22,22,21,21,21,26,25,23,25,23,25,24,19,28,21,15,19,20,21,21,20,18,23,23,23,22,21,21,22,25,20,20,20,23,20,23,20,22,23,25,17,21,21,21,21,23,28,24,24,24,14,26,27,23,23,17,26,26,21,21,21,26,20,27,24,24,28,23,24,28,15,15,25,25,26,25,23,27,20,24,21,24,24,20,23,24,13,16,26,28,24,26,27,23,20,29,26,34,37,36,37,42,44,47,46,39,38,44,41,39,40,42,40,44,46,45,36,32,34,38,37,35,37,38,38,36,29,28,31,27,27,28,29,29,31,29,30,22,33,23,30,32,41,25,20,21,21,19,19,23,23,25,24,29,20,19,22,22,23,23,25,23,22,21,21,17,21,24,23,24,24,19,24,18,23,24,20,20,19,19,19,19,19,27,32,26,29,23,24,23,23,23,24,32,29,29,39,32,33,49,24,23,22,23,23,22,22,20,19,23,23,23,22,21,36,26,23,20,20,22,22,19,25,27,26,19,15,15,22,20,19,23,23,23,20,20,24,24,21,20,22,22,22,24,21,21,19,19,22,21,20,21,21,21,21,22,25,25,15,23,24,24,24,22,22,21,27,21,21,21,24,21,21,21,22,22,22,23,22,19,21,20,20,20,21,20,20,20,20,20,19,19,20,15,23,23,23,23,26,23,19,26,22,25,26,22,20,22,22,22,22,21,21,20,23,21,24,20,22,19,21,19,23,20,20,25,22,25,25,0,20,20,22,19,18,18,22,19,20,20,20,25,18,18,19
5,6,8,41,9,6,6,6,3,3,2,7,7,5,7,5,8,7,6,19,6,11,7,5,5,6,6,17,17,17,16,16,4,2,2,12,4,5,5,6,6,4,6,3,6,15,12,4,2,7,7,7,14,7,7,7,12,10,9,9,7,14,10,13,7,3,3,10,8,10,8,8,16,7,8,16,14,15,13,13,13,11,11,13,3,8,4,9,8,24,6,6,24,14,12,14,2,8,8,4,13,12,6,14,8,8,8,10,10,11,9,8,11,16,17,16,9,9,8,9,9,9,11,10,7,9,5,8,7,8,8,8,6,7,9,8,9,7,12,6,8,12,11,18,4,16,6,7,43,15,7,3,3,4,3,5,5,11,13,19,3,3,6,7,3,4,7,6,8,8,8,12,9,6,4,7,7,7,12,14,27,6,24,24,5,5,6,6,5,16,20,3,9,5,6,5,5,5,6,7,7,7,22,4,4,52,10,10,9,8,5,5,4,5,4,10,10,10,7,6,39,10,7,7,7,3,4,12,18,11,10,3,11,11,6,4,7,7,7,7,4,4,6,10,1,1,5,4,4,11,3,3,4,4,7,4,1,1,2,2,2,7,13,12,15,16,17,17,17,4,3,3,16,3,2,2,12,3,3,3,4,7,7,6,7,3,1,2,1,2,3,2,2,2,2,2,3,4,5,13,5,5,5,4,8,4,6,11,26,9,10,2,3,2,2,5,4,6,6,5,2,2,8,8,1,7,8,12,3,3,3,10,9,9,6,20,0,4,6,10,6,8,7,7,4,3,4,12,9,6,6
4,7,10,42,7,4,4,4,2,2,4,9,9,6,9,7,10,9,5,18,8,12,6,3,3,4,4,17,17,16,16,16,6,3,3,14,2,7,7,7,8,6,7,2,7,17,13,5,4,9,9,9,16,9,9,8,13,10,10,10,6,15,12,15,9,5,5,12,10,12,10,10,18,9,9,18,15,16,15,15,15,13,10,15,5,10,6,11,10,24,5,5,25,14,14,16,5,10,6,2,14,14,5,12,9,9,10,12,12,13,11,5,7,15,16,14,11,12,12,11,12,12,8,7,3,10,10,10,9,10,10,9,7,7,11,10,11,8,13,8,10,10,10,19,2,16,8,9,43,14,4,2,2,2,3,7,7,12,13,18,2,4,6,5,5,5,8,8,6,6,6,13,7,8,6,7,7,7,11,14,28,7,25,25,4,4,5,5,5,17,21,5,11,7,8,7,7,7,7,8,8,8,24,3,7,54,9,10,10,5,6,6,6,2,3,11,11,11,5,4,40,11,6,7,7,5,5,12,16,12,12,4,12,12,4,3,6,9,9,9,3,3,7,7,3,4,6,6,6,10,2,2,2,2,9,5,4,4,4,4,4,5,12,11,17,16,18,18,18,6,5,5,17,5,5,3,13,5,4,5,5,8,8,8,8,3,2,2,2,2,4,2,2,2,2,2,2,3,2,14,7,7,7,6,9,6,6,12,27,11,12,2,2,1,1,7,6,4,4,3,1,2,10,6,4,6,6,12,5,5,5,12,10,11,7,20,4,0,5,10,6,7,8,7,4,3,4,13,7,6,6
11,8,11,43,11,9,9,9,6,6,5,9,9,6,9,6,9,9,9,19,3,13,9,9,9,9,9,19,20,20,19,19,2,7,6,12,8,3,3,8,3,6,3,8,7,15,15,4,5,4,4,6,14,4,4,4,14,12,11,12,10,17,9,12,4,4,4,9,11,10,7,7,15,6,7,15,17,17,12,12,13,11,12,12,3,7,4,8,8,26,9,9,27,16,12,13,5,7,11,8,15,12,9,16,8,7,7,10,9,10,7,9,12,18,18,16,11,9,8,11,11,11,12,11,10,9,8,4,9,10,10,9,10,10,11,8,8,10,11,9,11,14,14,20,9,17,6,3,44,13,11,7,7,7,7,6,6,9,14,20,6,4,8,9,6,6,8,6,10,10,10,14,10,7,3,8,7,9,12,16,29,7,26,27,9,8,9,9,9,15,19,3,8,6,7,6,7,6,7,6,6,6,24,7,7,53,12,12,12,11,3,3,4,8,7,11,11,11,10,9,41,10,8,10,10,4,4,15,18,11,10,4,14,14,10,7,9,7,7,6,7,7,7,10,5,5,2,5,5,11,8,8,7,7,6,3,5,5,5,5,5,10,13,13,18,19,20,20,20,5,4,4,15,4,4,6,12,4,4,4,3,6,6,7,6,6,5,5,5,5,7,5,5,5,6,6,6,7,8,16,7,7,7,6,9,5,9,10,28,9,9,7,8,6,6,2,2,9,9,9,6,7,7,9,6,9,9,15,6,4,4,9,11,8,8,22,6,5,0,11,8,10,7,9,5,4,5,12,8,8,4
10,6,5,38,9,9,9,9,8,8,8,14,13,11,14,12,13,13,8,20,9,6,8,8,10,9,8,15,18,18,17,17,9,10,10,13,8,9,9,12,8,11,8,10,12,13,6,9,9,9,9,11,15,12,12,12,10,14,15,12,11,13,14,10,9,8,8,14,7,15,12,12,16,11,12,16,13,13,13,13,13,13,12,15,8,12,8,12,12,23,11,11,23,13,13,15,10,12,12,8,12,13,8,15,13,12,12,15,15,16,15,8,15,21,21,18,20,19,19,19,20,19,10,9,10,16,16,12,15,16,15,15,12,12,16,13,13,14,15,14,15,12,13,15,10,13,12,11,38,15,8,9,9,8,7,11,11,14,15,20,8,7,10,10,11,11,13,11,9,9,9,5,9,12,12,12,12,8,13,7,25,12,23,23,7,7,7,7,7,19,23,9,13,9,10,9,10,9,10,11,9,10,25,9,13,49,10,10,10,9,9,9,10,8,7,7,7,7,10,9,37,14,12,8,8,10,10,13,19,15,14,7,6,6,10,8,7,11,11,11,8,8,12,12,9,9,10,10,10,12,9,9,8,8,10,9,9,9,9,9,9,10,14,13,14,17,18,18,18,10,10,9,19,9,9,9,15,9,9,9,10,10,10,11,10,7,9,8,8,8,8,8,8,8,7,7,7,6,8,12,11,11,11,11,14,11,7,14,24,14,14,10,9,11,11,11,10,10,10,9,11,10,12,9,10,8,9,14,12,10,10,14,6,13,13,19,10,10,11,0,8,9,12,9,10,9,10,16,8,8,9
5,4,11,40,2,7,6,6,7,6,7,7,7,7,7,7,7,6,3,12,8,10,1,2,2,4,2,15,13,13,12,12,7,6,7,14,4,7,7,6,7,5,7,7,5,18,11,7,7,9,9,5,15,9,9,9,11,7,7,4,3,13,8,14,10,6,6,8,8,9,6,6,16,6,6,17,13,13,14,14,14,11,5,11,6,6,6,7,7,22,4,4,23,13,14,16,6,7,4,4,12,15,4,7,7,7,7,9,9,7,10,1,5,10,10,8,10,10,10,9,10,9,10,3,4,6,8,10,8,7,8,7,5,5,8,6,6,6,6,6,7,4,4,17,6,14,8,9,41,7,1,6,7,5,4,7,7,9,8,13,5,4,3,3,4,4,7,6,2,2,2,11,2,8,9,5,5,8,6,12,25,5,23,23,3,3,2,2,3,12,15,7,7,9,10,9,10,10,10,10,11,11,17,8,10,51,3,3,2,4,9,8,9,5,6,12,12,12,4,3,39,10,4,8,8,8,7,8,11,10,9,6,11,11,3,6,1,6,6,6,5,6,7,4,7,7,9,8,8,5,5,6,5,5,5,7,7,7,7,7,7,4,7,6,14,12,13,13,13,8,5,6,12,6,6,6,9,7,7,7,8,6,6,7,6,4,5,5,5,4,5,4,4,4,4,4,4,3,4,12,7,7,7,8,7,8,4,9,24,8,9,6,5,7,7,8,8,3,3,3,8,6,7,1,7,2,1,8,6,6,6,9,11,6,6,18,6,6,8,8,0,3,8,4,8,8,8,13,2,2,9
8,4,12,38,5,8,8,8,6,6,7,9,9,9,9,10,9,8,5,15,11,10,3,5,5,6,4,16,11,11,11,11,8,8,8,15,6,10,10,8,9,8,9,9,7,18,11,8,7,11,11,8,16,11,11,11,11,9,10,6,6,13,11,15,10,7,7,11,9,12,9,9,18,9,9,18,14,14,15,15,15,13,7,13,7,9,7,10,9,22,6,6,22,12,15,16,8,10,7,5,13,15,5,10,10,10,10,12,10,10,11,4,6,10,10,11,11,14,13,11,11,11,4,3,6,8,9,12,9,9,10,9,7,7,10,10,9,8,10,8,9,7,8,16,8,12,10,11,37,10,4,7,8,6,6,10,10,12,10,16,6,6,5,5,7,7,9,10,5,5,5,10,1,10,9,7,8,3,8,11,25,8,22,22,5,5,4,4,4,15,18,8,10,9,10,10,10,10,10,9,10,10,20,7,11,49,2,2,2,5,8,8,9,6,6,13,13,13,7,5,37,13,7,3,3,7,8,6,15,13,12,6,10,10,5,6,2,8,8,8,6,6,9,7,7,7,9,8,8,8,7,7,6,6,8,8,7,7,7,7,7,6,10,9,14,10,12,12,12,8,8,7,15,7,7,7,12,8,7,8,8,9,9,10,9,5,7,6,6,5,6,5,5,5,5,5,5,4,6,13,10,10,10,9,10,9,5,12,23,11,12,9,6,8,8,9,9,5,5,6,9,8,10,4,8,3,4,7,9,8,8,11,13,9,8,18,8,7,10,9,3,0,8,4,8,7,8,13,2,2,9
12,10,11,43,8,13,13,13,10,10,9,5,5,4,5,5,5,4,9,15,6,13,7,8,8,9,7,19,17,17,17,16,6,8,8,11,10,5,5,4,4,7,4,9,6,15,15,8,8,7,7,2,14,7,7,7,17,4,5,4,7,17,3,13,7,8,8,2,11,3,2,1,15,3,3,16,17,17,13,13,13,5,8,5,7,2,7,2,2,27,6,6,27,17,12,14,7,4,7,10,17,11,10,10,2,2,2,2,2,5,3,8,8,11,10,11,6,2,2,6,6,6,11,11,13,8,7,6,7,5,5,5,9,9,5,3,3,10,4,8,8,7,8,22,11,19,5,5,49,10,8,9,9,11,10,4,4,4,11,16,9,8,7,7,6,6,5,3,9,9,8,14,8,4,6,6,5,8,9,16,30,7,27,27,9,9,8,8,8,13,14,8,2,9,9,9,9,9,10,10,10,11,15,13,7,54,10,10,10,11,8,8,8,12,11,12,12,12,10,10,42,4,6,8,8,5,5,12,14,4,3,8,14,14,9,11,7,3,2,2,11,11,4,7,8,7,7,5,5,8,9,9,11,11,2,7,7,8,8,8,8,9,10,9,18,16,17,17,17,5,5,5,13,5,5,8,9,7,7,7,5,3,3,4,3,9,8,8,7,8,9,9,9,9,9,9,9,9,11,16,4,4,4,5,5,5,10,3,28,3,4,9,11,8,8,6,6,9,9,9,9,9,1,7,8,8,7,12,6,6,7,2,12,5,6,22,7,8,7,12,8,8,0,10,8,7,8,7,9,7,6
6,4,11,40,2,7,7,7,6,6,7,9,9,8,9,9,10,8,3,15,11,11,4,3,3,5,3,16,14,14,13,14,8,7,7,15,5,10,10,7,10,6,10,8,7,18,12,8,8,11,11,8,16,12,12,12,11,9,10,7,6,14,11,15,10,7,7,11,9,12,9,9,18,9,9,18,14,14,15,15,15,13,7,13,7,9,7,10,9,24,5,6,24,13,15,16,7,10,6,4,12,15,3,10,10,10,10,12,13,10,14,1,8,14,13,12,11,14,13,12,13,12,5,3,3,10,10,12,10,10,10,9,7,7,10,10,9,8,10,8,9,7,8,16,6,14,10,13,39,10,2,7,7,5,4,10,10,12,10,16,5,6,5,4,5,5,7,10,3,3,3,11,5,10,10,7,7,4,9,14,26,7,24,24,4,4,3,3,3,15,18,7,10,9,10,10,10,9,10,10,10,10,20,7,11,51,6,6,6,3,9,8,9,5,6,13,13,13,5,4,39,13,6,4,4,9,9,9,14,13,12,6,11,11,3,5,3,9,9,9,5,5,9,7,7,7,9,9,9,8,6,6,5,5,8,8,8,7,8,8,8,5,9,9,15,13,14,14,14,9,8,8,15,8,8,7,12,8,7,8,8,9,9,10,9,4,5,5,6,5,5,5,5,5,4,4,4,4,5,13,10,10,10,10,10,10,4,12,26,11,12,7,5,8,8,9,9,4,4,4,8,6,10,2,7,4,2,9,7,7,7,12,12,9,7,19,7,7,9,9,4,4,10,0,9,8,9,13,4,2,9
9,7,9,42,9,7,7,7,4,4,2,9,8,5,8,6,8,8,7,19,6,12,8,7,7,7,7,18,17,17,17,17,4,4,4,13,6,5,5,7,6,5,6,5,6,16,13,4,2,7,7,7,15,7,7,7,13,10,9,9,9,15,11,13,6,3,3,10,9,11,9,8,16,7,8,16,15,15,13,14,14,11,12,13,1,8,1,9,9,25,8,8,25,14,13,15,4,8,10,6,14,13,8,15,8,9,9,10,10,11,9,9,12,19,18,18,11,10,10,11,11,11,11,10,9,8,7,7,9,10,10,9,8,9,10,8,9,9,12,8,10,13,13,18,6,16,6,6,42,15,8,5,5,5,5,6,6,11,14,20,4,3,7,9,5,6,8,7,9,9,9,12,9,7,5,8,7,8,13,14,27,6,25,25,7,7,7,7,7,16,20,2,9,5,6,5,6,6,6,6,7,6,24,6,6,52,10,10,10,9,3,3,4,6,5,10,10,10,8,7,40,10,8,8,8,4,4,12,18,11,11,4,12,12,8,5,7,8,8,8,5,5,6,10,3,3,5,5,5,12,5,5,6,6,7,1,3,3,3,4,4,8,14,13,16,17,18,18,18,5,4,4,17,4,3,4,13,4,3,4,4,7,7,7,7,4,3,3,3,3,5,4,4,4,4,4,4,5,6,14,6,6,6,5,8,5,8,11,26,10,11,5,6,4,4,4,4,7,7,7,4,5,9,8,4,8,8,13,5,4,4,10,9,10,7,20,4,4,5,10,8,8,8,9,0,3,2,13,7,7,4
8,6,8,41,9,7,7,6,4,4,1,8,8,4,8,5,8,7,6,19,5,11,7,6,6,7,6,17,17,17,16,16,3,4,4,12,5,4,4,7,6,5,5,5,5,15,12,3,1,6,6,7,14,6,6,6,12,10,9,9,8,14,10,13,6,3,2,9,8,10,8,7,16,6,8,16,14,14,13,13,13,10,11,12,2,7,3,8,8,24,7,8,24,14,12,14,4,8,9,5,13,12,7,15,8,8,7,9,10,11,8,8,11,18,18,17,10,9,9,10,10,10,10,9,8,8,7,7,9,9,9,8,8,8,9,7,8,8,11,7,10,12,12,17,6,15,5,5,41,14,8,4,4,5,4,5,5,10,13,19,3,2,7,8,5,5,7,6,8,8,8,12,8,6,4,7,6,7,12,14,27,6,24,24,6,6,6,6,6,16,19,2,8,4,5,5,5,5,5,5,6,6,23,5,6,52,9,9,9,8,3,2,3,5,5,9,9,9,7,7,39,9,7,7,7,3,3,12,18,10,10,3,11,11,7,5,7,7,7,7,5,5,5,9,3,3,4,4,4,12,5,5,5,5,7,3,2,2,3,3,3,7,13,12,15,16,17,17,17,4,3,3,16,3,3,3,12,3,3,3,3,6,6,6,6,4,2,2,2,3,4,3,3,3,3,3,3,4,5,13,5,5,5,4,8,4,7,10,25,9,10,4,5,3,3,4,3,6,6,6,4,4,8,8,3,7,8,12,4,3,3,9,9,9,7,20,3,3,4,9,8,7,7,8,3,0,1,13,7,7,4
9,7,9,42,9,7,7,7,4,5,2,9,9,5,8,6,8,8,7,19,6,12,8,7,7,7,7,18,18,18,17,17,4,5,4,13,6,5,5,7,6,5,5,6,6,16,13,4,2,7,7,7,15,7,7,7,13,11,9,9,9,15,11,13,6,3,3,10,9,11,8,8,17,7,8,16,15,15,13,13,14,11,12,13,1,8,1,9,8,25,8,8,25,14,13,15,4,8,10,6,14,13,8,15,8,8,9,10,10,11,9,9,12,19,19,18,12,10,10,11,11,11,11,10,9,8,7,7,9,10,10,9,8,9,10,8,9,9,13,8,11,13,13,18,6,16,6,6,42,15,8,5,5,5,5,6,6,11,14,20,4,3,7,9,5,5,8,7,9,9,9,12,9,7,5,8,7,8,13,15,27,7,25,25,7,6,7,7,7,16,20,3,9,5,6,6,6,6,6,6,7,6,24,6,6,53,10,10,10,9,3,3,4,6,5,10,10,10,8,7,40,10,8,8,8,4,4,12,19,11,11,4,12,12,8,5,7,8,8,8,5,5,6,10,3,3,5,5,5,12,6,6,6,6,7,2,3,3,3,4,4,8,14,13,16,17,18,18,18,5,4,4,17,4,3,4,13,4,3,4,4,7,7,7,7,4,3,3,3,3,5,4,4,4,4,4,4,5,6,14,6,6,6,5,8,5,8,11,26,10,11,5,6,4,4,4,4,7,7,7,4,5,9,8,4,8,8,13,5,4,4,10,9,10,7,20,4,4,5,10,8,8,8,9,2,1,0,12,7,6,4
17,14,14,46,14,17,16,16,13,13,12,10,9,9,10,9,9,9,14,20,11,17,12,13,13,14,12,22,22,22,22,22,11,14,13,8,15,9,9,9,9,11,9,13,11,17,18,12,12,12,12,7,13,12,13,12,18,9,10,9,12,20,3,16,11,13,13,4,14,5,6,6,14,8,8,14,21,21,10,10,10,3,13,13,12,5,12,4,5,30,10,11,30,20,9,11,12,9,12,15,19,8,14,14,7,7,7,5,5,9,8,13,12,16,16,16,12,8,8,12,12,11,14,13,15,11,15,11,12,11,10,11,15,14,10,8,8,15,9,13,13,13,13,22,16,20,10,11,47,16,12,14,14,15,14,9,9,6,15,21,13,12,11,12,11,11,9,8,14,14,14,18,13,9,11,11,10,13,14,20,32,11,30,30,15,15,13,13,13,11,12,14,7,12,13,12,12,12,13,12,12,12,13,15,13,57,13,13,12,15,13,13,12,15,14,15,15,15,15,15,45,5,11,13,13,9,9,17,15,6,5,14,17,17,14,14,12,8,7,7,14,15,8,12,12,12,12,10,10,12,14,14,15,15,7,12,12,12,12,12,12,13,14,14,22,21,22,22,21,9,9,10,11,10,10,12,7,11,11,11,10,8,8,9,8,13,12,12,11,12,13,12,12,13,13,13,13,14,15,20,9,9,9,10,10,10,15,5,31,6,6,14,15,13,13,11,11,14,14,14,13,14,6,12,13,13,12,17,11,11,12,5,15,9,11,25,12,13,12,16,13,13,7,13,13,13,12,0,13,11,11
7,3,10,39,4,7,7,7,6,6,7,9,9,9,9,9,9,8,4,14,10,10,2,4,4,6,4,15,12,12,12,12,8,7,8,14,5,9,9,8,9,7,9,7,7,17,11,8,7,10,10,7,16,11,11,11,10,9,9,6,6,13,10,14,10,6,6,10,8,11,9,8,17,9,8,17,13,13,14,14,14,12,7,12,6,8,6,9,9,23,5,6,23,13,14,15,9,9,6,4,12,14,4,9,9,9,9,11,12,9,13,3,7,13,13,11,12,13,12,12,12,12,3,2,4,9,10,11,10,10,10,9,7,7,10,9,8,8,9,8,9,6,7,16,7,13,10,12,38,9,3,6,7,5,4,9,9,11,9,15,5,5,5,5,6,6,8,9,4,4,4,11,3,9,10,6,7,2,8,12,26,7,23,23,4,4,3,3,3,14,17,7,9,9,9,9,9,9,9,9,9,9,19,7,12,50,1,1,1,4,8,8,8,6,5,12,12,11,6,4,38,12,6,2,2,8,8,7,13,12,11,5,10,10,4,5,2,8,8,7,5,5,8,7,7,8,8,9,9,7,6,6,5,5,7,7,7,8,8,8,8,5,9,8,14,11,12,12,12,9,8,8,14,8,8,6,11,8,8,8,9,8,8,9,8,4,5,5,6,5,6,5,5,5,5,5,4,4,5,12,9,9,9,10,9,10,4,11,24,10,11,7,6,7,7,8,8,4,4,5,8,6,9,3,9,2,3,8,8,7,7,11,11,8,8,18,9,7,8,8,2,2,9,4,7,7,7,13,0,2,8
5,4,11,40,2,7,6,6,7,6,7,7,7,7,7,7,7,6,3,12,8,10,1,2,2,4,2,15,13,13,12,12,7,6,7,14,4,7,7,6,7,5,7,7,5,18,11,7,7,9,9,5,15,9,9,9,11,6,7,4,3,13,8,14,10,6,6,8,8,9,6,6,16,6,6,17,13,13,14,14,14,11,5,11,6,6,6,7,7,23,4,4,23,13,14,16,6,7,4,4,12,15,4,7,7,7,7,9,9,6,10,1,5,10,10,8,10,10,10,9,10,9,3,3,4,6,8,10,8,7,8,7,5,5,8,6,6,6,6,6,7,4,4,17,6,14,8,9,38,7,1,6,7,5,4,7,7,9,8,13,5,4,3,3,4,4,7,6,2,2,2,11,2,8,9,5,5,2,6,12,25,5,23,23,3,3,2,2,3,12,15,7,7,9,10,9,10,10,10,10,11,11,17,8,10,50,3,3,2,4,9,8,9,5,6,12,12,12,4,3,39,10,4,2,2,8,7,8,11,10,9,6,11,11,3,6,1,6,6,6,5,6,7,4,7,7,9,8,8,5,5,6,5,5,5,7,7,7,7,7,7,4,7,6,14,12,13,13,13,8,5,6,12,6,6,6,9,7,7,7,8,6,6,7,6,4,5,5,5,4,5,4,4,4,4,4,4,3,4,12,7,7,7,8,7,8,3,9,24,9,9,6,5,7,7,8,8,3,3,3,8,6,7,1,7,2,1,8,6,6,6,9,11,6,6,18,6,6,8,8,2,2,7,2,7,7,6,11,2,0,9
12,8,8,40,11,11,11,10,7,8,6,8,7,6,8,7,7,7,9,17,1,11,9,9,9,10,9,17,19,19,19,18,2,7,7,10,9,1,1,7,2,7,2,8,7,13,12,4,5,2,2,5,12,3,3,3,12,11,11,9,10,14,8,10,2,5,5,8,8,9,6,5,13,4,6,13,15,14,10,10,10,9,10,11,4,6,4,7,6,24,8,8,25,14,10,12,6,6,9,9,13,10,10,14,7,6,6,8,8,8,6,10,13,17,16,14,11,7,6,11,11,11,13,12,11,9,8,3,9,10,9,9,10,11,9,7,6,10,10,9,11,12,13,18,9,14,7,3,36,12,9,8,8,8,7,6,7,8,12,18,7,5,8,9,6,7,7,5,9,10,10,12,10,6,3,8,7,9,11,14,27,8,24,24,8,8,8,8,8,14,17,4,7,3,4,3,4,3,4,3,4,3,23,8,8,51,12,12,11,11,3,3,4,8,8,9,9,9,10,9,39,8,8,9,9,4,4,14,16,9,8,4,11,12,9,7,8,5,5,5,7,7,6,9,5,5,4,5,6,10,7,7,7,7,5,4,5,5,5,5,5,10,12,11,15,18,19,19,19,5,5,5,14,5,4,6,11,5,4,4,4,5,5,6,5,6,5,5,4,5,6,5,5,5,6,6,6,7,8,14,5,5,6,6,8,6,8,8,26,7,8,7,8,6,6,2,2,9,9,9,7,7,6,9,6,9,9,15,6,2,2,8,9,7,9,19,6,6,4,9,9,9,6,9,4,4,4,11,8,9,0
